연월	NO	monaCode	구분	소속	직위	이름	재산구분	본인과의 관계	재산의종류	소재지 면적 등 권리의 명세	종전가액	증가액	증가액실거래가격	감소액	감소액실거래가격	현재가액	변동사유
202603	1	XBT9550Q	국회의원	국회	국회의장	우원식	토지	본인	임야	경기도 양평군 단월면 봉상리 산 102-1번지 18,471.00㎡	45808	370		0		46178	가액변동
202603	2	XBT9550Q	국회의원	국회	국회의장	우원식	토지	본인	대지	충청남도 당진시 읍내동 1456번지 351.30㎡	357975	702		0		358677	가액변동
202603	3	XBT9550Q	국회의원	국회	국회의장	우원식	토지	본인	대지	충청남도 당진시 읍내동 1457번지 285.30㎡	293574	570		0		294144	가액변동
202603	4	XBT9550Q	국회의원	국회	국회의장	우원식	건물	본인	연립주택	서울특별시 노원구 하계1동 이코아빌 건물 146.69㎡	348000	4000		0		352000	가액변동
202603	5	XBT9550Q	국회의원	국회	국회의장	우원식	건물	본인	근린생활시설(전세(임차)권)	서울특별시 노원구 공릉동 무궁화빌딩 건물 109.90㎡	30000	0		0		30000	변동없음
202603	6	XBT9550Q	국회의원	국회	국회의장	우원식	건물	배우자	상가	서울특별시 노원구 중계동 건영아파트상가 대지 259.32㎡건물 370.60㎡	1332968	14903		0		1347871	가액변동
202603	7	XBT9550Q	국회의원	국회	국회의장	우원식	건물	배우자	사무실(전세(임차)권)	서울특별시 노원구 중계본동 유경백화점 건물 0.00㎡(건물 49.00㎡ 감소)	10000	0		10000		0	계약해지
202603	8	XBT9550Q	국회의원	국회	국회의장	우원식	건물	배우자	근린생활시설( 전세(임차)권)	서울특별시 노원구 공릉동 삼익아파트상가 대지 8.68㎡ 건물 19.44㎡ (대지 8.68㎡ 증가, 건물 19.44㎡ 증가)	0	5000		0		5000	신규계약
202603	9	XBT9550Q	국회의원	국회	국회의장	우원식	부동산에 관한 규정이 준용되는 권리와 자동차·건설기계·선박 및 항공기	본인	자동차	2016년식 올뉴카니발 R2.2 디젤9인승 프레스티지배기량(2,199cc) 감소	10370	0		10370	3000	0	자동차매도
202603	10	XBT9550Q	국회의원	국회	국회의장	우원식	부동산에 관한 규정이 준용되는 권리와 자동차·건설기계·선박 및 항공기	배우자	자동차	2016년식 투싼 TL디젤 1.7 Premium 2WD DCT배기량(1,685cc)	9200	0		930		8270	가액변동
202603	11	XBT9550Q	국회의원	국회	국회의장	우원식	예금	본인		AIA생명보험주식회사 20,129(873 증가), 국민은행 304,012(143,229 증가), 농협은행 13,622(4,576 증가),삼성생명보험 6,126, 스탠다드차타드은행 362	195573	151186		2508		344251	급여저축 및 임대수익, 생활비 지출
202603	12	XBT9550Q	국회의원	국회	국회의장	우원식	예금	배우자		(주)KB손해보험 22,065(2,361 증가), (주)KEB하나은행 3, AIA생명보험주식회사 22,293(1,053 증가), 국민은행 18,711(22,648 감소), 노란우산 14,800(1,200 증가),신한라이프생명보험 17,000(12,000 증가), 우리은행4,675(4,390 증가)	101191	21241		22885		99547	급여저축 및 임대수익, 생활비 지출
202603	13	XBT9550Q	국회의원	국회	국회의장	우원식	정치자금법에 따른 정치자금의 수입 및 지출을 위한 예금계좌의 예금	본인		농협은행 24,929(22,806 감소)	47735	0		22806		24929	의정활동 지출
202603	14	XBT9550Q	국회의원	국회	국회의장	우원식	채권	배우자		사인간채권	10000	0		0		10000	변동없음
202603	15	XBT9550Q	국회의원	국회	국회의장	우원식	채무	배우자	금융채무	국민은행 0(100,000 감소)	100000	0		100000		0	예금 등으로 상환
202603	16	XBT9550Q	국회의원	국회	국회의장	우원식	채무	배우자	건물임대채무	서울특별시 노원구 중계동 건영아파트상가 임대보증금	60000	0		0		60000	변동없음
202603	17	XBT9550Q	국회의원	국회	국회의장	우원식	고지거부 및 등록제외사항	장남		고지거부	0	0		0		0	독립생계유지
202603	18	K5F2023J	국회의원	국회	국회부의장	이학영	토지	본인	전	전북특별자치도 순창군 풍산면 유정리 447번지 1,841.00㎡	2835	0		0		2835	
202603	19	K5F2023J	국회의원	국회	국회부의장	이학영	토지	본인	대지	전라남도 구례군 토지면 내서리 466번지 407.00㎡	13065	285		0		13350	
202603	20	K5F2023J	국회의원	국회	국회부의장	이학영	토지	본인	답	전라남도 광양시 봉강면 지곡리 822번지 3,568.00㎡	155921	3569		0		159490	
202603	21	K5F2023J	국회의원	국회	국회부의장	이학영	토지	본인	대지	전라남도 구례군 토지면 내서리 467번지 271.00㎡	9160	217		0		9377	
202603	22	K5F2023J	국회의원	국회	국회부의장	이학영	토지	본인	대지	전라남도 구례군 토지면 내서리 943-6번지 23.00㎡	777	19		0		796	
202603	23	K5F2023J	국회의원	국회	국회부의장	이학영	토지	본인	대지	전라남도 구례군 토지면 내서리 968-1번지 108.00㎡	3650	87		0		3737	
202603	24	K5F2023J	국회의원	국회	국회부의장	이학영	토지	본인	전	전북특별자치도 순창군 풍산면 유정리 476-1번지 916.00㎡	5881	91		0		5972	
202603	25	K5F2023J	국회의원	국회	국회부의장	이학영	건물	본인	아파트	경기도 군포시 산본동 한양목련아파트 건물 126.00㎡ 중63.00㎡	211000	0		0		211000	
202603	26	K5F2023J	국회의원	국회	국회부의장	이학영	건물	본인	사무실(전세(임차)권)	경기도 군포시 산본동 제8층 건물 95.23㎡	10000	0		0		10000	
202603	27	K5F2023J	국회의원	국회	국회부의장	이학영	건물	본인	근린생활시설	전라남도 구례군 토지면 내서리 대지 367.00㎡ 건물107.08㎡	72262	0		2276		69986	
202603	28	K5F2023J	국회의원	국회	국회부의장	이학영	건물	본인	사무실(전세(임차)권)	경기도 군포시 산본동 군포상가 건물 95.33㎡	10000	0		0		10000	
202603	29	K5F2023J	국회의원	국회	국회부의장	이학영	건물	배우자	아파트	경기도 군포시 산본동 한양목련아파트 건물 126.00㎡ 중63.00㎡	211000	0		0		211000	
202603	30	K5F2023J	국회의원	국회	국회부의장	이학영	건물	배우자	근린생활시설	경기도 군포시 금정동 명산빌딩 대지 131.04㎡ 중 27.77㎡ 건물 769.00㎡ 중 131.04㎡ (대지 지분면적 0.08㎡ 증가)	252824	0		12479		240345	
202603	31	K5F2023J	국회의원	국회	국회부의장	이학영	건물	배우자	근린생활시설	전라남도 구례군 토지면 내서리 건물 52.89㎡	3067	106		0		3173	
202603	32	K5F2023J	국회의원	국회	국회부의장	이학영	부동산에 관한 규정이 준용되는 권리와 자동차·건설기계·선박 및 항공기	본인	자동차	2021년식 넥소FCEV 배기량(0cc)	44870	0		7090		37780	
202603	33	K5F2023J	국회의원	국회	국회부의장	이학영	부동산에 관한 규정이 준용되는 권리와 자동차·건설기계·선박 및 항공기	배우자	자동차	2016년식 모하비 배기량(2,959cc)	14920	0		1860		13060	
202603	34	K5F2023J	국회의원	국회	국회부의장	이학영	예금	본인		DB손해보험(주) 17,397(1,968 증가), 농협은행 86,468(74,912 증가), 농협중앙회 0(40,000 감소),메리츠종금증권 1,470(1,470 증가), 상호저축은행중앙회 50,000, 새마을금고중앙회 87,920(19,025 증가),스탠다드차타드은행 24, 신용협동조합중앙회 850(29 증가), 신한은행 69,170(30,644 증가), 현대해상화재보험401(166 증가)	225486	242752		154538		313700	급여저축 등
202603	35	K5F2023J	국회의원	국회	국회부의장	이학영	예금	배우자		DB손해보험(주) 3,633(120 증가), 교보생명보험 143,211,농협손해보험 4,500(1,200 증가), 농협은행 0(1,006 감소), 농협중앙회 33,007(12,392 증가), 삼성생명보험 11,868, 상호저축은행중앙회 50,000(3,000 증가),새마을금고중앙회 150,470(7,218 증가),신용협동조합중앙회 47,126(53 감소), 신한은행 3,현대해상화재보험 5,545(1,562 증가)	424930	231106		206673		449363	급여저축 등
202603	36	K5F2023J	국회의원	국회	국회부의장	이학영	정치자금법에 따른 정치자금의 수입 및 지출을 위한 예금계좌의 예금	본인		농협은행 158,376(24,288 증가)	134088	24288		0		158376	후원금 증가
202603	37	K5F2023J	국회의원	국회	국회부의장	이학영	채무	본인		사인간채무 감소	35000	0		35000		0	급여 등으로 상환
202603	38	K5F2023J	국회의원	국회	국회부의장	이학영	채무	본인	금융채무	농협은행 0(50,000 감소)	50000	0		50000		0	급여 등으로 상환
202603	39	K5F2023J	국회의원	국회	국회부의장	이학영	채무	배우자	건물임대채무	경기도 군포시 금정동 명산빌딩 임대보증금	20000	0		0		20000	
202603	40	8SV6917G	국회의원	국회	국회부의장	주호영	토지	본인	대지	경상북도 울진군 울진읍 읍남리 851번지 294.00㎡	7027	58		0		7085	가액변동
202603	41	8SV6917G	국회의원	국회	국회부의장	주호영	토지	본인	대지	경상북도 울진군 울진읍 읍남리 852번지 0.00㎡ (582.00㎡감소)	13386	0		13386		0	지번확인 후 반영
202603	42	8SV6917G	국회의원	국회	국회부의장	주호영	토지	본인	전	경상북도 울진군 울진읍 읍남리 861-1번지 436.00㎡	5145	43		0		5188	가액변동
202603	43	8SV6917G	국회의원	국회	국회부의장	주호영	건물	본인	아파트	서울특별시 서초구 반포동 반포아파트 건물 140.33㎡ 중93.55㎡	2275848	560818		0		2836666	재건축 진행 중
202603	44	8SV6917G	국회의원	국회	국회부의장	주호영	건물	본인	아파트(전세(임차)권)	대구광역시 수성구 노변동 수성 월드메르디앙 건물84.80㎡	270000	0		0		270000	변동없음
202603	45	8SV6917G	국회의원	국회	국회부의장	주호영	건물	본인	단독주택	경상북도 울진군 울진읍 읍내리 대지 0.00㎡ 건물 0.00㎡(대지 207.00㎡ 감소, 건물 93.96㎡ 감소)	16509	0		16509		0	지번확인 후 반영
202603	46	8SV6917G	국회의원	국회	국회부의장	주호영	건물	본인	사무실(전세(임차)권)	대구광역시 수성구 만촌동 2층 대지 646.00㎡ 건물273.15㎡	50000	0		0		50000	변동없음
202603	47	8SV6917G	국회의원	국회	국회부의장	주호영	건물	본인	복합건물(주택+ 상가)	경상북도 울진군 울진읍 읍남리 대지 582.00㎡ 건물 57.40㎡ (대지 582.00㎡ 증가, 건물 57.40㎡ 증가)	0	14963		0		14963	지번확인 후 반영
202603	48	8SV6917G	국회의원	국회	국회부의장	주호영	건물	배우자	아파트	서울특별시 서초구 반포동 반포아파트 건물 140.33㎡ 중46.78㎡	1138076	280258		0		1418334	재건축 진행 중
202603	49	8SV6917G	국회의원	국회	국회부의장	주호영	건물	배우자	아파트(전세(임차)권)	서울특별시 용산구 한강로1가 대우월드마크용산 건물114.68㎡	900000	0		0		900000	변동없음
202603	50	8SV6917G	국회의원	국회	국회부의장	주호영	부동산에 관한 규정이 준용되는 권리와 자동차·건설기계·선박 및 항공기	본인	자동차	2023년식 g80 배기량(2,500cc)	48600	4395		0		52995	가액변동
202603	51	8SV6917G	국회의원	국회	국회부의장	주호영	부동산에 관한 규정이 준용되는 권리와 자동차·건설기계·선박 및 항공기	본인	자동차	2019년식 카니발 배기량(3,500cc)	13505	435		0		13940	가액변동
202603	52	8SV6917G	국회의원	국회	국회부의장	주호영	부동산에 관한 규정이 준용되는 권리와 자동차·건설기계·선박 및 항공기	배우자	자동차	2023년식 g80 배기량(2,500cc)	490	45		0		535	가액변동
202603	53	8SV6917G	국회의원	국회	국회부의장	주호영	현금	본인		현금	22000	0		0		22000	변동없음
202603	54	8SV6917G	국회의원	국회	국회부의장	주호영	예금	본인		(주)KEB하나은행 4,791, NH투자증권 3, 국민은행11,794(221 증가), 농협은행 41,994(15,216 감소),미래에셋증권 21(1 증가), 삼성생명보험 91,974, 새마을금고중앙회 8,259(155 증가), 스탠다드차타드은행 356, 신용협동조합중앙회 2,733(87 증가), 신한은행 544(1 증가), 아이엠뱅크 4(4 증가)	177220	1531		16278		162473	급여저축
202603	55	8SV6917G	국회의원	국회	국회부의장	주호영	예금	배우자		AIA생명보험주식회사 7,990(430 증가), 농협은행 64,미래에셋증권 5, 삼성생명보험 15,030, 신한은행226,972(68,133 증가), 우리은행 0(100 감소), 하나증권0(10 감소)	181608	68563		110		250061	급여저축
202603	56	8SV6917G	국회의원	국회	국회부의장	주호영	정치자금법에 따른 정치자금의 수입 및 지출을 위한 예금계좌의 예금	본인		아이엠뱅크 156,410(143,973 증가)	12437	143973		0		156410	정치후원금액 증가
202603	57	8SV6917G	국회의원	국회	국회부의장	주호영	채무	배우자		사인간채무	200000	0		0		200000	변동없음
202603	58	8SV6917G	국회의원	국회	국회부의장	주호영	채무	배우자	금융채무	농협은행 730,000	730000	0		0		730000	변동없음
202603	59	8SV6917G	국회의원	국회	국회부의장	주호영	고지거부 및 등록제외사항	모		고지거부	0	0		0		0	독립생계유지
202603	60	8SV6917G	국회의원	국회	국회부의장	주호영	고지거부 및 등록제외사항	장남		고지거부	0	0		0		0	독립생계유지
202603	61	8SV6917G	국회의원	국회	국회부의장	주호영	고지거부 및 등록제외사항	차남		고지거부	0	0		0		0	독립생계유지
202603	62	T2T8225E	국회의원	국회	국회의원	강경숙	건물	본인	복합건물(주택+상가)	서울특별시 은평구 녹번동 대지 136.00㎡ 중 21.76㎡ 건물318.66㎡ 중 50.98㎡	139524	1946		0		141470	
202603	63	T2T8225E	국회의원	국회	국회의원	강경숙	건물	본인	아파트(전세(임차)권)	서울특별시 은평구 응암동 녹번역e편한세상캐슬 건물84.97㎡	730000	44000		0		774000	
202603	64	T2T8225E	국회의원	국회	국회의원	강경숙	부동산에 관한 규정이 준용되는 권리와 자동차·건설기계·선박 및 항공기	본인	자동차	2008년식 sm 배기량(1,596cc) 감소	1700	0		1700		0	
202603	65	T2T8225E	국회의원	국회	국회의원	강경숙	부동산에 관한 규정이 준용되는 권리와 자동차·건설기계·선박 및 항공기	본인	자동차	2016년식 쏘나타 배기량(1,999cc)	6330	0		1170		5160	
202603	66	T2T8225E	국회의원	국회	국회의원	강경숙	예금	본인		(주)KB손해보험 32,646(3,369 증가), (주)KEB하나은행 1,(주)카카오페이증권 0(101 감소), 국민은행 5,139(3,394 증가), 농협은행 7,954(2,402 증가), 에이비엘생명보험 0(6,528 감소), 우리은행 0(2,009 감소),한국교직원공제회 91,309(25,691 감소),한화생명보험주식회사 9,620, 한화손해보험 44,305(2,970 증가)	213168	12135		34329		190974	급여저축 등
202603	67	T2T8225E	국회의원	국회	국회의원	강경숙	예금	배우자		(주)KB손해보험 12,902(220 증가), DB금융투자 74,477(12,631 증가), DB손해보험(주) 0(1,044 감소),농협은행 6,000, 미래에셋증권 256,942(163,111 증가),삼성생명보험 21,463, 상호저축은행중앙회 0(50,000 감소), 새마을금고중앙회 11,781(1,229 증가), 신한은행 294(294 증가), 한국투자증권 266,696(135,170 증가)	388944	384521		122910		650555	급여저축 등
202603	68	T2T8225E	국회의원	국회	국회의원	강경숙	예금	모		MG손해보험(주) 0(9,450 감소), 농협은행 196(1 증가),새마을금고중앙회 10, 에이비엘생명보험 0(7,843 감소), 예별손해보험 9,990(9,990 증가), 우리은행 60,225(31,143 증가), 한화손해보험 4,600(600 증가)	50580	41734		17293		75021	급여저축 등
202603	69	T2T8225E	국회의원	국회	국회의원	강경숙	정치자금법에 따른 정치자금의 수입 및 지출을 위한 예금계좌의 예금	본인		농협은행 57,088(18,132 증가)	38956	18132		0		57088	후원금 증가
202603	70	T2T8225E	국회의원	국회	국회의원	강경숙	증권	본인	비상장주식	주식회사 엠디헬스케어 1,000주, 주식회사한국교육평가진흥원 4,500주	5000	0		0		5000	매도, 매수 등
202603	71	T2T8225E	국회의원	국회	국회의원	강경숙	증권	배우자	상장주식	GE베르노바 3주(3주 증가), SK하이닉스 14주(14주 증가), TSMC(ADR) 4주(4주 증가), 나이키B 10주(10주 증가), 두산 4주(4주 증가), 두산로보틱스 10주(10주 증가), 두산에너빌리티 65주(65주 증가), 로빈훗마케츠 15주(15주 증가), 루멘텀홀딩스 2주(2주 증가), 마이크론테크놀로지 10주(10주 증가), 머크 17주(17주 증가), 브로드컴 5주(5주 증가), 브이엠 17주(17주 증가), 빅토리어스시크릿앤드컴퍼니 10주(10주 증가), 삼성전자 95주(95주 증가), 세미파이브 11주(11주 증가), 슈어소프트테크 68주(68주 증가), 시스코시스템즈 25주(25주 증가), 시에나 9주(9주 증가), 씨엠티엑스5주(5주 증가), 아마존닷컴 6주(6주 증가), 알파벳C11주(11주 증가), 암페놀 11주(11주 증가), 에스티로더8주(8주 증가), 에이비엘바이오 2주(2주 증가), 엔비디아14.05242주(14주 증가), 주성코퍼레이션 0주(531주 감소), 코닝 20주(20주 증가), 코리아써키트 12주(12주 증가), 코오롱티슈진 4주(4주 증가), 코히어런트 13주(13주 증가), 테슬라 4주(4주 증가), 한라캐스트27주(27주 증가), 한미약품 1주(1주 증가), 해성디에스7주(7주 증가), 현대건설 17주(17주 증가), 현대로템4주(4주 증가), 현대차 7주(7주 증가)	2187	85054		2177		85064	매도, 매수 등
202603	72	T2T8225E	국회의원	국회	국회의원	강경숙	증권	배우자	국채	국고01500-5003(20-2) 0주	14336	0		14336		0	매도.매수 등
202603	73	T2T8225E	국회의원	국회	국회의원	강경숙	증권	배우자	기타(채권)	제이와이제일차20241218-62-1(단) 0주(281,829,264주 감소), T4.62505/15/54 32,900주(32,900주 증가), 환매체 0주	281037	49941		281037		49941	매도.매수 등
202603	74	T2T8225E	국회의원	국회	국회의원	강경숙	채권	본인		사인간채권	550000	0		0		550000	
202603	75	T2T8225E	국회의원	국회	국회의원	강경숙	채무	본인	금융채무	신한은행 1,786(4,039 감소)	5825	0		4039		1786	
202603	76	L2I9861C	국회의원	국회	국회의원	강대식	건물	본인	오피스텔(전세(임차)권)	서울특별시 강서구 가양동 가양글로벌퍼스트 대지 28.12㎡건물 2,630.30㎡	10000	0		0		10000	변동없음
202603	77	L2I9861C	국회의원	국회	국회의원	강대식	건물	본인	사무실(전세(임차)권)	대구광역시 동구 용계동 테바빌딩 3층 건물 247.56㎡	30000	0		0		30000	변동없음
202603	78	L2I9861C	국회의원	국회	국회의원	강대식	건물	본인	아파트	대구광역시 동구 신서동 신서화성파크드림 건물 84.87㎡	265000	0		0		265000	변동없음
202603	79	L2I9861C	국회의원	국회	국회의원	강대식	건물	본인	사무실(전세(임차)권)	대구광역시 군위군 군위읍 서부리 2층 건물 92.00㎡	10000	0		0		10000	변동없음
202603	80	L2I9861C	국회의원	국회	국회의원	강대식	건물	배우자	아파트	대구광역시 동구 신서동 신서 풍경마을 건물 72.74㎡	142000	0		0		142000	변동없음
202603	81	L2I9861C	국회의원	국회	국회의원	강대식	부동산에 관한 규정이 준용되는 권리와 자동차·건설기계·선박 및 항공기	배우자	자동차	2019년식 베뉴 배기량(1,598cc)	1126	9874		0		11000	가액변동
202603	82	L2I9861C	국회의원	국회	국회의원	강대식	예금	본인		농협은행 265,951(105,979 증가), 롯데손해보험 30,145(2,911 증가), 산림조합중앙회 14,새마을금고중앙회 39, 신한은행 79(1 증가), 아이엠뱅크71,505(21,321 감소), 우체국 27,000(18,000 증가),주식회사 카카오뱅크 10, 현대해상화재보험 316(316 증가)	289173	255685		149799		395059	급여 저축 등
202603	83	L2I9861C	국회의원	국회	국회의원	강대식	예금	배우자		(주)카카오페이증권 1(1 증가), DB손해보험(주) 111(111 증가), 농협은행 212(212 증가), 삼성증권 17(17 증가), 새마을금고중앙회 10(10 증가), 신용협동조합중앙회 220(220 증가), 신한라이프생명보험 1,583(1,583 증가),신한투자증권 8(8 증가), 아이엠뱅크 131(131 증가),우리은행 68,139(7,127 증가), 우체국 14,781(7,070증가), 주식회사 카카오뱅크 1,984(1,984 증가), 현대해상화재보험 2,669(422 증가)	70970	74256		55360		89866	급여 저축 등
202603	84	L2I9861C	국회의원	국회	국회의원	강대식	정치자금법에 따른 정치자금의 수입 및 지출을 위한 예금계좌의 예금	본인		농협은행 251,275(78,381 증가)	172894	78381		0		251275	후원금 증가
202603	85	L2I9861C	국회의원	국회	국회의원	강대식	채권	본인		사인간채권	30000	0		0		30000	변동없음
202603	86	L2I9861C	국회의원	국회	국회의원	강대식	채무	배우자	건물임대채무	대구광역시 동구 신서동 신서 풍경마을 임대보증금	110000	0		0		110000	
202603	87	8P37634C	국회의원	국회	국회의원	강득구	건물	본인	사무실(전세(임차)권)	경기도 안양시 만안구 안양동 PROJECT 240 TOWER 건물104.65㎡	10000	0		0		10000	변동 없음
202603	88	8P37634C	국회의원	국회	국회의원	강득구	건물	배우자	아파트	경기도 안양시만안구 만안구 석수동 코오롱하늘채 건물117.61㎡	392000	0		3000		389000	가액 변동
202603	89	8P37634C	국회의원	국회	국회의원	강득구	건물	장녀	다세대주택(전세(임차)권)	서울특별시 용산구 용문동 정원프라임빌 건물 0.00㎡(건물 44.70㎡ 감소)	143000	0		143000		0	계약기간 만료
202603	90	8P37634C	국회의원	국회	국회의원	강득구	건물	장녀	다세대주택(전세(임차)권)	서울특별시 용산구 청파동1가 건물 29.44㎡ (건물 29.44㎡증가)	0	230000		0		230000	신규 전세 임차
202603	91	8P37634C	국회의원	국회	국회의원	강득구	부동산에 관한 규정이 준용되는 권리와 자동차·건설기계·선박 및 항공기	배우자	자동차	2022년식 셀토스 1.6터보 배기량(1,600cc)	21800	0		6000		15800	가액 변동
202603	92	8P37634C	국회의원	국회	국회의원	강득구	예금	본인		(주)KB손해보험 3,253(3,253 증가), DB손해보험(주) 82,950(4,200 증가), 국민은행 3, 농협은행 2,786(597증가), 삼성생명보험 1,026(1,026 증가), 새마을금고중앙회 12,172(3 증가), 신한은행28,191(14,337 증가), 우리은행 41	107006	23656		240		130422	급여 소득 저축
202603	93	8P37634C	국회의원	국회	국회의원	강득구	예금	배우자		(주)KB손해보험 942(942 증가), DB생명보험(주) 0(11,200 감소), DB손해보험(주) 0(13,047 감소), 농협손해보험 8,606(1,111 증가), 농협중앙회 51,447(1,446 증가),동양생명보험 20,000, 메리츠화재해상보험(보험)0(11,092 감소), 미래에셋생명보험 6,864, 삼성생명보험153,348, 새마을금고중앙회 104,718(22,839 증가),수협은행 33,600(33,600 증가), 신한은행 145,889(108,376 증가), 에이비엘생명보험 10,000,우리은행 133,645(122,513 증가), 우체국 10,176,하나손해보험(주) 47,500(6,000 증가), 한국교직원공제회 94,277(200,013 감소), 한화생명보험주식회사 6,948	766485	390294		328819		827960	급여 소득 저축
202603	94	8P37634C	국회의원	국회	국회의원	강득구	예금	장남		(주)KB손해보험 1,360(1,360 증가), (주)KEB하나은행 2,국민은행 0(906 감소), 케이뱅크 933(933 증가)	908	2293		906		2295	급여 소득 저축
202603	95	8P37634C	국회의원	국회	국회의원	강득구	예금	장녀		(주)KB손해보험 457(457 증가), (주)KEB하나은행 900(56 증가), 경남은행 0(3 감소), 국민은행 0(8 감소), 농협중앙회 2, 신한은행 562(11,401 감소), 우리은행 3,주식회사 카카오뱅크 0(9 감소)	12832	557		11465		1924	급여 소득 저축
202603	96	8P37634C	국회의원	국회	국회의원	강득구	정치자금법에 따른 정치자금의 수입 및 지출을 위한 예금계좌의 예금	본인		농협은행 83,998(66,660 증가)	17338	66660		0		83998	후원금 증가
202603	97	8P37634C	국회의원	국회	국회의원	강득구	채권	배우자		사인간채권 증가	0	35000		0		35000	가족간 대여
202603	98	8P37634C	국회의원	국회	국회의원	강득구	채무	장녀		사인간채무 증가	0	35000		0		35000	가족간 차용
202603	99	8P37634C	국회의원	국회	국회의원	강득구	채무	장녀	금융채무	경남은행 0(7,000 감소), 신한은행 100,000	107000	100000		107000		100000	일부 상환
202603	100	8P37634C	국회의원	국회	국회의원	강득구	고지거부 및 등록제외사항	모		등록제외	0	0		0		0	사망
202603	101	9901388T	국회의원	국회	국회의원	강명구	토지	본인	임야	경상북도 상주시 공성면 산현리 산 26번지 4,886.00㎡	20000	0		0		20000	가액변동 없음
202603	102	9901388T	국회의원	국회	국회의원	강명구	건물	본인	아파트(전세(임차)권)	경상북도 구미시 산동읍 인덕리 중흥에스-클래스에코시티건물 99.23㎡	100000	0		0		100000	가액변동 없음
202603	103	9901388T	국회의원	국회	국회의원	강명구	건물	본인	상가(전세(임차)권)	경상북도 구미시 옥계동 3층 건물 369.00㎡ (건물 369.00㎡증가)	0	30000		0		30000	지역사무실 임차권(보증금) 발생으로 인하여 재산 내역 추가
202603	104	9901388T	국회의원	국회	국회의원	강명구	건물	본인	오피스텔(전세(임차)권)	서울특별시 영등포구 당산동 리오팰리스 건물 48.05㎡(건물 48.05㎡ 증가)	0	30000		0		30000	의정활동용 숙소 임차권(보증금) 발생으로 인하여 재산 내역 추가
202603	105	9901388T	국회의원	국회	국회의원	강명구	부동산에 관한 규정이 준용되는 권리와 자동차·건설기계·선박 및 항공기	본인	자동차	2018년식 카니발 배기량(2,199cc)	11030	0		370		10660	차량 가액 감가상각
202603	106	9901388T	국회의원	국회	국회의원	강명구	예금	본인		(주)KEB하나은행 13,792(601 증가), (주)카카오페이증권 167(3 증가), 국민은행 1,477(66 감소), 농협은행 353(605감소), 농협중앙회 33, 메리츠종금증권 648(7 증가), 미래에셋증권 45,411(18,197 증가), 신용협동조합중앙회 1,335(52 증가), 우리은행 10(2,500 감소), 우체국 6,300,주식회사 카카오뱅크 1,000(1,000 증가), 한화생명보험주식회사 19,200(2,400 증가),현대해상화재보험 13,227(1,142 증가)	82722	23919		3688		102953	급여저축 및 생활비 지출로 인한 변동
202603	107	9901388T	국회의원	국회	국회의원	강명구	예금	배우자		국민은행 9,086(410 증가), 농협은행 249(5,599 감소),메리츠화재해상보험(보험) 3,162(318 증가), 메트라이프생명보험 3,198(282 증가), 미래에셋증권 20,564(20,564 증가), 삼성생명보험 10,469(212 증가),신용협동조합중앙회 63, 한화생명보험주식회사 5,062(642 증가), 현대해상화재보험 7,845(779 증가)	42090	23397		5789		59698	급여저축 및 생활비 지출로 인한 변동
202603	108	9901388T	국회의원	국회	국회의원	강명구	예금	장녀		농협중앙회 1,150(3,070 감소), 미래에셋증권 2,175(2,175 증가)	4220	2175		3070		3325	급여저축 및 생활비 지출로 인한 변동
202603	109	9901388T	국회의원	국회	국회의원	강명구	예금	차녀		농협중앙회 837(4,074 감소), 미래에셋증권 2,070(2,070증가)	4911	2070		4074		2907	급여저축 및 생활비 지출로 인한 변동
202603	110	9901388T	국회의원	국회	국회의원	강명구	예금	삼녀		농협은행 1,601(4,822 감소), 미래에셋증권 2,069(2,069증가)	6423	2069		4822		3670	급여저축 및 생활비 지출로 인한 변동
202603	111	9901388T	국회의원	국회	국회의원	강명구	정치자금법에 따른 정치자금의 수입 및 지출을 위한 예금계좌의 예금	본인		농협은행 140,125(135,970 증가)	4155	135970		0		140125	국회의원강명구후원회로부터 후원금을 후원 받아 변동
202603	112	9901388T	국회의원	국회	국회의원	강명구	증권	본인	상장주식	엔비디아 7주(7주 증가), 조비에비에이션 343주(343주증가), 캡티비전 3,022주	3137	8369		1650		9856	주식취득
202603	113	9901388T	국회의원	국회	국회의원	강명구	증권	배우자	상장주식	엔비디아 7주(7주 증가), 조비에비에이션 140주(140주 증가), 템퍼스AI 1주(1주 증가), 팔란티어테크 30주(30주증가)	0	12259		0		12259	주식취득
202603	114	9901388T	국회의원	국회	국회의원	강명구	채무	본인	금융채무	우리은행 23,733(8,876 감소)	32609	0		8876		23733	채무 변제
202603	115	9901388T	국회의원	국회	국회의원	강명구	채무	배우자		사인간채무	50000	0		0		50000	변동 없음
202603	116	9901388T	국회의원	국회	국회의원	강명구	고지거부 및 등록제외사항	부		고지거부	0	0		0		0	독립생계유지
202603	117	9901388T	국회의원	국회	국회의원	강명구	고지거부 및 등록제외사항	모		고지거부	0	0		0		0	독립생계유지
202603	118	GX22581L	국회의원	국회	국회의원	강민국	토지	본인	임야	경상남도 진주시 금산면 용아리 산 136-22번지 848.00㎡	126861	847		0		127708	
202603	119	GX22581L	국회의원	국회	국회의원	강민국	건물	본인	아파트	경상남도 진주시 상평동 진주센트럴자이 건물 84.53㎡	211000	6000		0		217000	
202603	120	GX22581L	국회의원	국회	국회의원	강민국	건물	본인	상가(전세(임차)권)	경상남도 진주시 상대동 한보프라자 건물 214.30㎡	5000	0		0		5000	
202603	121	GX22581L	국회의원	국회	국회의원	강민국	건물	본인	아파트(전세(임차)권)	서울특별시 마포구 신수동 신촌숲아이파크 건물 84.90㎡	1050000	0		0		1050000	
202603	122	GX22581L	국회의원	국회	국회의원	강민국	부동산에 관한 규정이 준용되는 권리와 자동차·건설기계·선박 및 항공기	배우자	자동차	2018년식 G4 렉스턴 배기량(2,157cc)	13130	0		0		13130	
202603	123	GX22581L	국회의원	국회	국회의원	강민국	예금	본인		(주)KEB하나은행 9, 경남은행 142(142 증가), 국민은행300, 농협은행 21,661(18,893 증가), 농협중앙회 16,신용협동조합중앙회 77, 신한은행 33,933(5,647 증가),중소기업은행 50	31506	41752		17070		56188	예적금 증가 및 감소
202603	124	GX22581L	국회의원	국회	국회의원	강민국	예금	배우자		(주)KB손해보험 30,739(3,799 증가), 경남은행 450(1,375감소), 국민은행 18, 농협은행 1,618(1,618 증가),메리츠화재해상보험(보험) 1,893(295 증가),삼성화재해상보험 1,800(432 증가), 수협은행 9,신용협동조합중앙회 77, 신한은행 0(7 감소), 우체국5,796(819 증가), 주식회사 카카오뱅크 0(51 감소)	36870	6972		1442		42400	예적금 증가 및 감소
202603	125	GX22581L	국회의원	국회	국회의원	강민국	예금	장녀		NH투자증권 79,880(70,818 증가), 경남은행 6, 농협은행117(3 감소), 농협중앙회 14, 빗썸 0(10 감소),삼성화재해상보험 720, 어니스트에이아이 1,106, 업비트4,774(3,496 증가), 우리은행 73,533(56,182 감소),우체국 1,566(289 증가), 케이뱅크 10, 키움증권 370(108 감소)	143796	90525		72225		162096	예적금 증가 및 감소
202603	126	GX22581L	국회의원	국회	국회의원	강민국	예금	차녀		우체국 1,501(277 증가), 주식회사 카카오뱅크 718(1,524감소)	3466	964		2211		2219	예적금 증가 및 감소
202603	127	GX22581L	국회의원	국회	국회의원	강민국	정치자금법에 따른 정치자금의 수입 및 지출을 위한 예금계좌의 예금	본인		농협은행 350,027(35,751 증가)	314276	35751		0		350027	후원금 증가
202603	128	GX22581L	국회의원	국회	국회의원	강민국	증권	장녀	상장주식	AGNCINVESTMENT 44주(44주 증가), AT&T 28주, Airbnb0주(1주 감소), Coca-Cola 0주(1주 감소), JW생명과학0주(6주 감소), NICE평가정보 0주(6주 감소), REALTYINCOMEREITORD 14주(14주 증가), 기아 9주(9주증가), 다날 0주(5주 감소), 대동금속 0주(2주 감소), 동운아나텍 0주(10주 감소), 랩지노믹스 0주(6주 감소), 삼성제약 0주(27주 감소), 삼성증권 53주(53주 증가), 세코닉스 0주(14주 감소), 우리금융지주 30주(30주 증가), 카카오 0주(12주 감소), 코세스 0주(2주 감소), 핑거0주(8주 감소)	2227	7760		1297		8690	매도 및 매수
202603	129	GX22581L	국회의원	국회	국회의원	강민국	채무	본인	금융채무	신한은행 70,000(100,000 감소)	170000	0		100000		70000	
202603	130	GX22581L	국회의원	국회	국회의원	강민국	가상자산	장녀		Pundi X PURSE 10,517.19670805개, 게임빌드 0개(27,728.93792348개 감소), 누사이퍼 128.43347222개,디스체인 0.58905428개, 비트토렌트 8,379,833,717.151666개(7,874,826,441.5271878개증가), 솔로제닉 1.03312433개, 시아코인 112,833개(112,833개 증가), 에이피이앤에프티2,662,588.61028798개, 엑스코어 0.70682432개, 오브스315,471.86649412개(306,682.02076539개 증가), 오피셜 트럼프 51.38464421개(51.38464421개 증가), 이더리움클래식 422.32291879개(370.48205634개 증가),이더리움피오더블유 0.58905428개, 칠리즈 0개(1,522.22624716개 감소), 퀀텀1,598.93166192개(1,492.33642352개 증가), 테더22.68647795개, 펀디엑스4,250.2553935개(3,920.62907093개 증가), 페퍼685,001,811.222개	4203	17851		415		21639	매도 및 매입
202603	131	GX22581L	국회의원	국회	국회의원	강민국	고지거부 및 등록제외사항	부		고지거부	0	0		0		0	독립생계유지
202603	132	GX22581L	국회의원	국회	국회의원	강민국	고지거부 및 등록제외사항	모		고지거부	0	0		0		0	독립생계유지
202603	133	NQO7187X	국회의원	국회	국회의원	강선영	건물	본인	아파트	서울특별시 서대문구 홍제동 홍제원현대아파트 건물84.90㎡	585000	0		0		585000	변동 없음
202603	134	NQO7187X	국회의원	국회	국회의원	강선영	건물	본인	아파트	경기도 고양시 일산동구 장항동 호수마을2단지아파트 건물70.14㎡	398000	0		0		398000	변동 없음
202603	135	NQO7187X	국회의원	국회	국회의원	강선영	건물	본인	아파트(전세(임차)권)	서울특별시 마포구 대흥동 대흥동태영아파트 건물 59.40㎡	100000	0		0		100000	변동 없음
202603	136	NQO7187X	국회의원	국회	국회의원	강선영	부동산에 관한 규정이 준용되는 권리와 자동차·건설기계·선박 및 항공기	본인	자동차	2010년식 k5 배기량(1,993cc) 감소	2210	0		2210	2000	0	소유권 상실
202603	137	NQO7187X	국회의원	국회	국회의원	강선영	부동산에 관한 규정이 준용되는 권리와 자동차·건설기계·선박 및 항공기	모	자동차	2022년식 카니발 배기량(3,500cc)	20600	0		1540		19060	가액 변동
202603	138	NQO7187X	국회의원	국회	국회의원	강선영	예금	본인		MG손해보험(주) 0(8,306 감소), 국민은행 6,613(4,652 증가), 군인공제회 243,362(11,799 감소), 농협은행 12,232(2,197 증가), 동양생명보험 0(2,011 감소),메리츠화재해상보험(보험) 3,301(716 증가),삼성생명보험 3,384, 스탠다드차타드은행 28(6 증가),신한라이프생명보험 9,223, 신한은행 12,706(12,657증가), 예별손해보험 8,666(8,666 증가), 우리은행 43(43 증가), 주식회사 카카오뱅크 0(3,504 감소), 중소기업은행 21(324 감소), 토스뱅크(주) 26,104(26,104 증가)	296586	117996		88899		325683	급여 저축 및 생활비
202603	139	NQO7187X	국회의원	국회	국회의원	강선영	예금	부		농협중앙회 57, 신한은행 865(391 감소)	1313	0		391		922	급여 저축 및 생활비
202603	140	NQO7187X	국회의원	국회	국회의원	강선영	예금	모		농협중앙회 22, 새마을금고중앙회 1,220(1,200 증가),신한은행 874(790 감소)	1706	1200		790		2116	급여 저축 및 생활비
202603	141	NQO7187X	국회의원	국회	국회의원	강선영	정치자금법에 따른 정치자금의 수입 및 지출을 위한 예금계좌의 예금	본인		농협은행 70,859(22,419 증가)	48440	22419		0		70859	후원금 증가
202603	142	NQO7187X	국회의원	국회	국회의원	강선영	채권	본인		사인간채권	260000	0		0		260000	변동 없음
202603	143	NQO7187X	국회의원	국회	국회의원	강선영	채무	본인	금융채무	SC제일은행 236,366(5,314 감소)	241680	0		5314		236366	상환
202603	144	NQO7187X	국회의원	국회	국회의원	강선영	채무	본인	건물임대채무	경기도 고양시 일산동구 장항동 호수마을2단지아파트임대보증금	390000	0		0		390000	변동 없음
202603	145	MNZ4401T	국회의원	국회	국회의원	강선우	건물	본인	사무실(전세(임차)권)	서울특별시 강서구 화곡동 세종빌딩 대지 476.30㎡ 건물229.62㎡	40000	0		0		40000	변동없음
202603	146	MNZ4401T	국회의원	국회	국회의원	강선우	건물	본인	아파트(전세(임차)권)	서울특별시 강서구 화곡동 강서힐스테이트 건물 84.99㎡	750000	0		0		750000	변동없음
202603	147	MNZ4401T	국회의원	국회	국회의원	강선우	건물	배우자	오피스텔(전세(임차)권)	서울특별시 종로구 내수동 경희궁의아침 2단지 건물57.80㎡	20000	0		0		20000	변동없음
202603	148	MNZ4401T	국회의원	국회	국회의원	강선우	건물	배우자	아파트	서울특별시 강남구 대치동 은마아파트 건물 94.76㎡ 중33.17㎡	548100	76300		0		624400	가액변동
202603	149	MNZ4401T	국회의원	국회	국회의원	강선우	건물	배우자	아파트(전세(임차)권)	서울특별시 종로구 내수동 경희궁의아침 3단지 건물124.00㎡	50000	0		0		50000	변동없음
202603	150	MNZ4401T	국회의원	국회	국회의원	강선우	부동산에 관한 규정이 준용되는 권리와 자동차·건설기계·선박 및 항공기	배우자	자동차	2016년식 X5 xDrive30d 배기량(2,993cc)	19540	0		1500		18040	가액변동
202603	151	MNZ4401T	국회의원	국회	국회의원	강선우	예금	본인		농협은행 50,132(27,559 증가), 농협중앙회 147,신한라이프생명보험 600(600 증가), 신한은행 123(121 증가)	22722	37933		9653		51002	급여저축 및 생활비 지출 등
202603	152	MNZ4401T	국회의원	국회	국회의원	강선우	예금	배우자		(주)KEB하나은행 34,144(13,985 증가),(주)카카오페이증권 1,965(194 증가), 삼성증권 94(90 증가), 스탠다드차타드은행 51(51 증가), 신한은행 11,724(11,615 증가), 우리은행 0(19 감소), 주식회사카카오뱅크 29(11 감소), 현대해상화재보험 23,807(5,045증가)	40864	51154		20204		71814	급여저축 및 생활비 지출 등
202603	153	MNZ4401T	국회의원	국회	국회의원	강선우	예금	모		미래에셋증권 0(1,020 감소), 신한은행 821(567 증가),우리은행 2,675(2,034 증가)	1915	2601		1020		3496	급여저축 및 생활비 지출 등
202603	154	MNZ4401T	국회의원	국회	국회의원	강선우	예금	장녀		(주)KEB하나은행 2,686(28,648 감소), 미래에셋증권 1,신한은행 211	31546	0		28648		2898	급여저축 및 생활비 지출 등
202603	155	MNZ4401T	국회의원	국회	국회의원	강선우	정치자금법에 따른 정치자금의 수입 및 지출을 위한 예금계좌의 예금	본인		농협은행 156,948(123,180 증가)	33768	123180		0		156948	후원금 증가
202603	156	MNZ4401T	국회의원	국회	국회의원	강선우	채무	본인	금융채무	농협은행 410,000(40,000 증가)	370000	40000		0		410000	
202603	157	MNZ4401T	국회의원	국회	국회의원	강선우	채무	배우자	금융채무	(주)KEB하나은행 359,215(66,214 감소), JB우리캐피탈 0(51,619 감소), NH농협캐피탈 0(25,070 감소),SBI저축은행 91,663(91,663 증가), 비엔케이캐피탈(주) 28,049(15,230 감소), 상호저축은행중앙회153,803(48,180 증가), 스탠다드차타드은행 38,430(1,699감소), 신한은행 189,166(10,000 감소), 신한카드 0(1,793 감소), 주식회사 카카오뱅크 0(11,111 감소), 피에프씨테크놀로지스(주) 97,480(97,480 증가),하나캐피탈 56,301(56,301 증가)	903219	340870		229982		1014107	일부 상환 및 신규 채무
202603	158	42K7317Y	국회의원	국회	국회의원	강승규	토지	본인	답	충청남도 예산군 신암면 별리 206번지 1,919.00㎡ 중319.00㎡	5742	31		0		5773	
202603	159	42K7317Y	국회의원	국회	국회의원	강승규	토지	본인	도로	충청남도 예산군 덕산면 대치리 151-13번지 321.00㎡ 중11.00㎡	2415	0		815		1600	
202603	160	42K7317Y	국회의원	국회	국회의원	강승규	토지	본인	도로	충청남도 예산군 덕산면 대치리 151-15번지 284.00㎡ 중10.00㎡	1559	0		59		1500	
202603	161	42K7317Y	국회의원	국회	국회의원	강승규	토지	본인	임야	충청남도 예산군 덕산면 대치리 421-11번지 152.00㎡	2900	0		0		2900	
202603	162	42K7317Y	국회의원	국회	국회의원	강승규	건물	본인	아파트	서울특별시 서초구 서초동 현대슈퍼빌 건물 153.94㎡ 중76.97㎡	788500	123500		0		912000	
202603	163	42K7317Y	국회의원	국회	국회의원	강승규	건물	본인	단독주택	충청남도 예산군 덕산면 대치리 대지 654.00㎡ 건물195.00㎡	223493	0		0		223493	
202603	164	42K7317Y	국회의원	국회	국회의원	강승규	건물	배우자	아파트	서울특별시 서초구 서초동 현대슈퍼빌 건물 153.94㎡ 중76.97㎡	788500	123500		0		912000	
202603	165	42K7317Y	국회의원	국회	국회의원	강승규	부동산에 관한 규정이 준용되는 권리와 자동차·건설기계·선박 및 항공기	배우자	자동차	2024년식 E200 배기량(1,991cc)	73900	0		23400		50500	
202603	166	42K7317Y	국회의원	국회	국회의원	강승규	현금	본인		현금 증가	20000	15000		0		35000	급여저축
202603	167	42K7317Y	국회의원	국회	국회의원	강승규	예금	본인		(주)KEB하나은행 240, 국민은행 35,999(3,055 감소),농협은행 7,857(1,615 증가), 농협중앙회 1,200(1,200증가), 빗썸 0(10 감소), 삼성생명보험 7,704,새마을금고중앙회 500, 신용협동조합중앙회 201(6 증가),신한은행 0(1,055 감소), 신한투자증권 77(2 감소),우리은행 10,002(48 감소), 주식회사 카카오뱅크 134,한화투자증권 35	65298	2821		4170		63949	생활비 지출 등
202603	168	42K7317Y	국회의원	국회	국회의원	강승규	예금	배우자		(주)KEB하나은행 130, 농협은행 2, 삼성생명보험45,823(3,046 증가), 신한은행 1,058(1,769 감소),우리은행 528, 중소기업은행 52	46316	3046		1769		47593	생활비 지출 등
202603	169	42K7317Y	국회의원	국회	국회의원	강승규	예금	장녀		(주)KEB하나은행 9,497(5,340 감소), 신한은행 0(1 감소),우리은행 4	14842	240		5581		9501	생활비 지출 등
202603	170	42K7317Y	국회의원	국회	국회의원	강승규	정치자금법에 따른 정치자금의 수입 및 지출을 위한 예금계좌의 예금	본인		국민은행 116,279(87,780 증가)	28499	87780		0		116279	후원금 증가
202603	171	42K7317Y	국회의원	국회	국회의원	강승규	증권	본인	상장주식	유나이티드에어라인스홀딩스 0.32주, 유바이오로직스 0주(130주 감소), 한올바이오파마 0주(250주 감소)	11286	6		11241		51	주식매도
202603	172	42K7317Y	국회의원	국회	국회의원	강승규	채무	본인	금융채무	현대캐피탈 0(35,843 감소)	35843	0		35843		0	계약만료
202603	173	42K7317Y	국회의원	국회	국회의원	강승규	채무	배우자	금융채무	메르세데스벤츠파이낸셜서비스코리아(주) 18,101(11,618감소), 삼성생명보험 5,000(5,000 증가)	29719	5000		11618		23101	
202603	174	42K7317Y	국회의원	국회	국회의원	강승규	가상자산	본인		페이코인 0개(1개 감소)	0	0		0		0	탈퇴
202603	175	42K7317Y	국회의원	국회	국회의원	강승규	고지거부 및 등록제외사항	장남		고지거부	0	0		0		0	독립생계유지
202603	176	5KV96424	국회의원	국회	국회의원	강준현	토지	본인	임야	세종특별자치시 금남면 황용리 산 71번지 28,463.00㎡	190987	1423		0		192410	공시지가 반영
202603	177	5KV96424	국회의원	국회	국회의원	강준현	토지	모	대지	세종특별자치시 금남면 발산리 110-1번지 10.00㎡	635	17		0		652	공시지가 반영
202603	178	5KV96424	국회의원	국회	국회의원	강준현	토지	모	대지	세종특별자치시 금남면 발산리 110-2번지 383.00㎡	171546	4174		0		175720	공시지가 반영
202603	179	5KV96424	국회의원	국회	국회의원	강준현	토지	모	잡종지	세종특별자치시 금남면 발산리 110-4번지 271.00㎡	90812	2222		0		93034	공시지가 반영
202603	180	5KV96424	국회의원	국회	국회의원	강준현	토지	모	답	세종특별자치시 금남면 발산리 110-6번지 274.00㎡	95325	2301		0		97626	공시지가 반영
202603	181	5KV96424	국회의원	국회	국회의원	강준현	토지	모	대지	세종특별자치시 금남면 발산리 110-8번지 348.00㎡	155869	3793		0		159662	공시지가 반영
202603	182	5KV96424	국회의원	국회	국회의원	강준현	토지	모	대지	세종특별자치시 금남면 발산리 111-2번지 41.00㎡	15801	382		0		16183	공시지가 반영
202603	183	5KV96424	국회의원	국회	국회의원	강준현	토지	모	답	세종특별자치시 금남면 발산리 111-3번지 57.00㎡	19101	467		0		19568	공시지가 반영
202603	184	5KV96424	국회의원	국회	국회의원	강준현	토지	모	답	세종특별자치시 금남면 발산리 111-6번지 58.00㎡	21309	516		0		21825	공시지가 반영
202603	185	5KV96424	국회의원	국회	국회의원	강준현	건물	본인	근린생활시설(전세(임차)권)	세종특별자치시 조치원읍 죽림리 럭스스퀘어 건물110.50㎡	10000	0		0		10000	변동 없음
202603	186	5KV96424	국회의원	국회	국회의원	강준현	건물	배우자	아파트(전세(임차)권)	세종특별자치시 산울동 산울마을2단지 건물 101.42㎡	300000	0		0		300000	변동 없음
202603	187	5KV96424	국회의원	국회	국회의원	강준현	건물	모	창고	세종특별자치시 세종시 금남면 발산리 건물 27.00㎡	918	0		432		486	시가표준액 반영
202603	188	5KV96424	국회의원	국회	국회의원	강준현	건물	모	창고	세종특별자치시 세종시 금남면 발산리 건물 27.00㎡	918	0		432		486	시가표준액 반영
202603	189	5KV96424	국회의원	국회	국회의원	강준현	건물	모	아파트	세종특별자치시 세종시 금남면 용포리 두진리버빌 건물59.87㎡	161000	0		11000		150000	공시가격 반영
202603	190	5KV96424	국회의원	국회	국회의원	강준현	건물	모	창고	세종특별자치시 금남면 발산리 건물 18.00㎡ (건물18.00㎡ 증가)	0	1818	1818	0		1818	매입
202603	191	5KV96424	국회의원	국회	국회의원	강준현	부동산에 관한 규정이 준용되는 권리와 자동차·건설기계·선박 및 항공기	본인	자동차	2025년식 쏘렌토하이브리드 배기량(1,598cc) 증가	0	416	428	0		416	매입
202603	192	5KV96424	국회의원	국회	국회의원	강준현	부동산에 관한 규정이 준용되는 권리와 자동차·건설기계·선박 및 항공기	배우자	자동차	2020년식 투싼 하이브리드(4세대) 배기량(1,598cc) 감소	17650	0		17650	23000	0	매도
202603	193	5KV96424	국회의원	국회	국회의원	강준현	부동산에 관한 규정이 준용되는 권리와 자동차·건설기계·선박 및 항공기	배우자	자동차	2025년식 쏘렌토하이브리드 배기량(1,598cc) 증가	0	41164	42348	0		41164	매입
202603	194	5KV96424	국회의원	국회	국회의원	강준현	예금	본인		(주)KEB하나은행 5,699(181 감소), KB라이프생명보험 64,995, 국민은행 218, 농협은행 14,881(16,825 감소),농협중앙회 65, 삼성생명보험 5,306(48,312 감소),신한은행 13	156495	3		65321		91177	급여 저축 및 생활비 지출 등
202603	195	5KV96424	국회의원	국회	국회의원	강준현	예금	배우자		(주)KEB하나은행 177,970(52,201 증가),KB라이프생명보험 26,268, 국민은행 631(17 증가),농협은행 13, 미래에셋생명보험 32,015(526 증가),새마을금고중앙회 30,000, 신용협동조합중앙회 50,우체국 2,592, 한화손해보험 25,677(1,105 증가)	241367	147157		93308		295216	급여 저축 및 생활비 지출 등
202603	196	5KV96424	국회의원	국회	국회의원	강준현	예금	모		(주)KEB하나은행 443, 농협손해보험 6,280(1,140 감소),농협중앙회 1,442(8,581 감소), 새마을금고중앙회 177,신용협동조합중앙회 99, 우체국 1,053(781 증가)	18434	1741		10681		9494	급여 저축 및 생활비 지출 등
202603	197	5KV96424	국회의원	국회	국회의원	강준현	정치자금법에 따른 정치자금의 수입 및 지출을 위한 예금계좌의 예금	본인		농협은행 236,257(146,855 증가)	89402	146855		0		236257	정치후원금
202603	198	5KV96424	국회의원	국회	국회의원	강준현	채무	본인		사인간채무	100000	0		0		100000	변동 없음
202603	199	5KV96424	국회의원	국회	국회의원	강준현	채무	모	토지임대채무	세종특별자치시 금남면 발산리 110-8번지 임대보증금	20000	0		0		20000	변동 없음
202603	200	5KV96424	국회의원	국회	국회의원	강준현	고지거부 및 등록제외사항	장남		고지거부	0	0		0		0	독립생계유지
202603	201	5KV96424	국회의원	국회	국회의원	강준현	고지거부 및 등록제외사항	장녀		고지거부	0	0		0		0	독립생계유지
202603	202	HS39431V	국회의원	국회	국회의원	고동진	건물	본인	아파트	서울특별시 용산구 한남동 한남더힐 건물 240.23㎡	7247000	934000		0		8181000	가액변동
202603	203	HS39431V	국회의원	국회	국회의원	고동진	부동산에 관한 규정이 준용되는 권리와 자동차·건설기계·선박 및 항공기	본인	자동차	2021년식 페라리 배기량(3,900cc)	199296	0		27423		171873	차량가액 변동(공동소유)
202603	204	HS39431V	국회의원	국회	국회의원	고동진	부동산에 관한 규정이 준용되는 권리와 자동차·건설기계·선박 및 항공기	본인	자동차	2025년식 GV80 배기량(2,497cc) 증가	0	61132	61750	0		61132	매입(공동소유)
202603	205	HS39431V	국회의원	국회	국회의원	고동진	부동산에 관한 규정이 준용되는 권리와 자동차·건설기계·선박 및 항공기	배우자	자동차	2021년식 페라리 배기량(3,900cc)	22144	0		3047		19097	차량가액 변동(공동소유)
202603	206	HS39431V	국회의원	국회	국회의원	고동진	부동산에 관한 규정이 준용되는 권리와 자동차·건설기계·선박 및 항공기	배우자	자동차	2019년식 SL400 배기량(3,000cc)	57930	0		13340		44590	차량가액 변동
202603	207	HS39431V	국회의원	국회	국회의원	고동진	부동산에 관한 규정이 준용되는 권리와 자동차·건설기계·선박 및 항공기	배우자	자동차	2025년식 GV80 배기량(2,497cc) 증가	0	617	61750	0		617	매입(공동소유)
202603	208	HS39431V	국회의원	국회	국회의원	고동진	예금	본인		(주)KEB하나은행 7,953,148(19,569 증가),AIA생명보험주식회사 304,198(130,922 감소), 국민은행 37(1 증가), 농협은행 77,619(51,235 증가), 삼성생명보험136,165, 삼성증권 899,344(899,344 증가),새마을금고중앙회 2, 신한은행 10,210(47,195 감소),우리은행 97,495(14,052 감소), 하나증권 46(1 증가),한국투자증권 55(1 증가)	8700337	1839523		1061541		9478319	주식 일부 매도 금액, 급여소득 및 이자소득
202603	209	HS39431V	국회의원	국회	국회의원	고동진	예금	배우자		(주)KEB하나은행 2,023,771(102,535 증가),AIA생명보험주식회사 107,760(2,637 감소),DB손해보험(주) 9,464(1,124 증가), 국민은행 1,023(1증가), 농협은행 4, 삼성생명보험 40,000, 삼성증권 48(48 증가), 삼성화재해상보험 48(48 증가), 신한은행 46,928(84,833 감소), 하나증권 424(424 증가),한화투자증권 7	2212767	506999		490289		2229477	주식 일부 매도 금액, 급여소득 및 이자소득
202603	210	HS39431V	국회의원	국회	국회의원	고동진	예금	차남		(주)KEB하나은행 10,727(10,727 증가), 국민은행 110,삼성증권 102(64 증가), 신한은행 606(5,441 감소)	6195	10791		5441		11545	주식 일부 매도 금액, 급여소득 및 이자소득
202603	211	HS39431V	국회의원	국회	국회의원	고동진	정치자금법에 따른 정치자금의 수입 및 지출을 위한 예금계좌의 예금	본인		농협중앙회 20,753(22,015 감소)	42768	0		22015		20753	후원금 감소
202603	212	HS39431V	국회의원	국회	국회의원	고동진	증권	본인	상장주식	삼성전자 36,000주(12,500주 감소)	2580200	1736200		0		4316400	평가액 증가 등
202603	213	HS39431V	국회의원	국회	국회의원	고동진	증권	배우자	상장주식	브로드컴 194주(194주 증가), 삼성전자 13,683주(250주증가)	714635	1022300		0		1736935	평가액 증가 등
202603	214	HS39431V	국회의원	국회	국회의원	고동진	증권	차남	상장주식	삼성전자 12,073주(220주 증가)	630579	816973		0		1447552	평가액 증가 등
202603	215	HS39431V	국회의원	국회	국회의원	고동진	채권	본인		사인간채권 증가	8828069	380197		0		9208266	주식매도금액 일부 대여
202603	216	HS39431V	국회의원	국회	국회의원	고동진	골동품 및 예술품	본인		미술품(서양화) (맨드라미, 145.5*112Cm, 김지원, 2021)	25000	0		0		25000	변동 없음
202603	217	HS39431V	국회의원	국회	국회의원	고동진	골동품 및 예술품	본인		서양화 (아름다운세상, 162.2*130.3Cm, 권순욱, 2024년)	5000	0		0		5000	변동 없음
202603	218	HS39431V	국회의원	국회	국회의원	고동진	골동품 및 예술품	배우자		서양화 (, 182.0*138.0Cm, Tom Polo, 2024)	17100	0		0		17100	변동 없음
202603	219	HS39431V	국회의원	국회	국회의원	고동진	골동품 및 예술품	배우자		서양화 (, 182.0*138.0Cm, Tom Polo, 2024)	17100	0		0		17100	변동 없음
202603	220	HS39431V	국회의원	국회	국회의원	고동진	회원권	배우자	헬스	호텔신라휘트니스클럽	110000	0		0		110000	변동 없음
202603	221	HS39431V	국회의원	국회	국회의원	고동진	합명·합자·유한회사 출자지분	본인	출자	푸른 미디어컨텐츠 신기술투자조합, 출자가액: 200,000천원, 지분비율: 20%, 연간매출액: 0천원	200000	0		0		200000	변동 없음
202603	222	HS39431V	국회의원	국회	국회의원	고동진	합명·합자·유한회사 출자지분	본인	출자	유한책임회사 디제이케이, 출자가액: 39,000천원, 지분비율: 65%, 연간매출액: 0천원	39000	0		0		39000	변동 없음
202603	223	HS39431V	국회의원	국회	국회의원	고동진	합명·합자·유한회사 출자지분	본인	출자	디제이서니 유한회사, 출자가액: 1,000천원, 지분비율: 100%, 연간매출액: 12,314천원(81,691천원 감소)	1000	0		0		1000	변동 없음
202603	224	HS39431V	국회의원	국회	국회의원	고동진	합명·합자·유한회사 출자지분	배우자	출자	유한책임회사 디제이케이, 출자가액: 9,000천원, 지분비율: 15%, 연간매출액: 0천원	9000	0		0		9000	변동 없음
202603	225	HS39431V	국회의원	국회	국회의원	고동진	합명·합자·유한회사 출자지분	차남	출자	유한책임회사 디제이케이, 출자가액: 9,000천원, 지분비율: 15%, 연간매출액: 0천원	9000	0		0		9000	변동 없음
202603	226	WCD5518S	국회의원	국회	국회의원	고민정	건물	본인	아파트(전세(임차)권)	서울특별시 광진구 구의동 구의현대2단지아파트 건물84.91㎡	549000	0		0		549000	변동 없음
202603	227	WCD5518S	국회의원	국회	국회의원	고민정	부동산에 관한 규정이 준용되는 권리와 자동차·건설기계·선박 및 항공기	본인	자동차	2024년식 싼타페 하이브리드 배기량(1,598cc)	49820	0		17130		32690	가액 변동
202603	228	WCD5518S	국회의원	국회	국회의원	고민정	예금	본인		AIA생명보험주식회사 17,218(422 감소),KB라이프생명보험 37,797(2,881 증가), 농협은행 725(453 증가), 농협중앙회 9,102(1,483 감소), 메트라이프생명보험 10,454(482 증가), 새마을금고중앙회 100(100 증가), 스탠다드차타드은행 291(1 증가), 신한라이프생명보험 26,900(31 증가), 신한은행 50,837(19,261 감소), 우리은행 3,000, 주식회사카카오뱅크 143(181 감소), 현대해상화재보험 6,725(498증가)	180193	39609		56510		163292	급여 저축 및 생활비 사용 등
202603	229	WCD5518S	국회의원	국회	국회의원	고민정	예금	배우자		(주)KEB하나은행 1,630(506 증가), 국민은행 3,259,신한라이프생명보험 68,438(3,106 증가), 우리은행 8,하나손해보험(주) 20(20 증가)	69723	3632		0		73355	급여 저축 및 생활비 사용 등
202603	230	WCD5518S	국회의원	국회	국회의원	고민정	예금	장남		농협중앙회 290, 신한은행 15,144(482 증가)	14952	482		0		15434	급여 저축 및 생활비 사용 등
202603	231	WCD5518S	국회의원	국회	국회의원	고민정	예금	장녀		국민은행 278, 농협중앙회 15(81 감소), 신한은행9,144(1,388 증가)	8130	1388		81		9437	급여 저축 및 생활비 사용 등
202603	232	WCD5518S	국회의원	국회	국회의원	고민정	정치자금법에 따른 정치자금의 수입 및 지출을 위한 예금계좌의 예금	본인		농협중앙회 175,348(69,158 증가)	106190	69158		0		175348	후원금 증가
202603	233	WCD5518S	국회의원	국회	국회의원	고민정	고지거부 및 등록제외사항	부		고지거부	0	0		0		0	독립생계유지
202603	234	WCD5518S	국회의원	국회	국회의원	고민정	고지거부 및 등록제외사항	모		고지거부	0	0		0		0	독립생계유지
202603	235	REG96285	국회의원	국회	국회의원	곽규택	건물	본인	복합건물(주택+상가)	부산광역시 중구 대청동2가 대지 508.10㎡ 중 169.30㎡건물 2,014.10㎡ 중 671.30㎡	1212538	0		9867		1202671	
202603	236	REG96285	국회의원	국회	국회의원	곽규택	건물	본인	아파트	서울특별시 서초구 서초동 서초푸르지오써밋아파트 건물120.98㎡ 중 60.49㎡	1105000	151000		0		1256000	
202603	237	REG96285	국회의원	국회	국회의원	곽규택	건물	본인	사무실(전세(임차)권)	부산광역시 동구 초량동 석초원 4층 건물 148.87㎡	20000	0		0		20000	
202603	238	REG96285	국회의원	국회	국회의원	곽규택	건물	본인	사무실(전세(임차)권)	부산광역시 서구 충무동1가 신진빌딩 4층 건물 198.34㎡	10000	0		0		10000	
202603	239	REG96285	국회의원	국회	국회의원	곽규택	건물	배우자	아파트	서울특별시 서초구 서초동 서초푸르지오써밋아파트 건물120.98㎡ 중 60.49㎡	1105000	151000		0		1256000	
202603	240	REG96285	국회의원	국회	국회의원	곽규택	건물	배우자	아파트(전세(임 차)권)	부산광역시 서구 암남동 송도힐스테이트이진베이시티아파트 건물 0.00㎡ (건물138.86㎡ 감소)	720000	0		720000		0	
202603	241	REG96285	국회의원	국회	국회의원	곽규택	건물	배우자	아파트(전세(임 차)권)	부산광역시 서구 암남동 송도힐스테이트이진베이시티아파트 건물 105.47㎡ (건물105.47㎡ 증가)	0	500000		0		500000	
202603	242	REG96285	국회의원	국회	국회의원	곽규택	부동산에 관한 규정이 준용되는 권리와 자동차·건설기계·선박 및 항공기	배우자	자동차	2020년식 G70 배기량(1,998cc)	20230	0		1950		18280	
202603	243	REG96285	국회의원	국회	국회의원	곽규택	예금	본인		(주)카카오페이증권 13(1 증가), KB라이프생명보험 38,123(1,340 증가), KB증권 9, 국민은행 14,415(8,965증가), 농협은행 1,931(471 증가), 동양생명보험 4,198(1,072 증가), 부산은행 1,410(165 증가),삼성화재해상보험 1,924(537 증가), 상호저축은행중앙회 10, 새마을금고중앙회 1, 신용협동조합중앙회 1,557(19 증가), 신한은행 4,721(213 감소), 신한투자증권 26,079(8,850 증가), 우리은행 1, 우체국 38, 주식회사 아이엠라이프생명보험 33,941(3,482 증가), 주식회사카카오뱅크 4(1 증가)	103685	25207		517		128375	생활비 등으로 감소
202603	244	REG96285	국회의원	국회	국회의원	곽규택	예금	배우자		KB증권 4,784(4,784 증가), 국민은행 3,765(20,568 감소),삼성화재해상보험 21,840(2,520 증가), 주식회사 카카오뱅크 26,636(41,359 감소)	111648	27321		81944		57025	생활비 등으로 감소
202603	245	REG96285	국회의원	국회	국회의원	곽규택	예금	장녀		(주)KEB하나은행 64(50 감소), 미래에셋증권 2(1 증가),신한은행 63(2,837 감소), 주식회사 카카오뱅크 79(31감소), 중소기업은행 11,429(220 증가), 키움증권 31, 토스뱅크(주) 3,870(1,397 증가), 토스증권(주) 1,416(1,058 증가), 한국투자증권 13	17209	2847		3089		16967	생활비 등으로 감소
202603	246	REG96285	국회의원	국회	국회의원	곽규택	정치자금법에 따른 정치자금의 수입 및 지출을 위한 예금계좌의 예금	본인		우리은행 67,959(2,748 감소)	70707	0		2748		67959	잔액 감소
202603	247	REG96285	국회의원	국회	국회의원	곽규택	증권	배우자	비상장주식	주식회사 백상 5,600주	369460	0		24506		344954	비상장주식 평가액 변동
202603	248	REG96285	국회의원	국회	국회의원	곽규택	증권	장녀	상장주식	나이키 0주(2주 감소), 리게티컴퓨팅 0주(30주 감소), 리얼티인컴 18주(18주 증가), 버라이즌 1주(1주 증가), 삼양식품보통주 2주(2주 증가), 어도비 0주(0.428821주 감소), 에스케이하이닉스보통주 0주(2주 감소), 코카콜라 0주(4주 감소), 퀀텀컴퓨팅 0주(1주 감소), 한화시스템보통주 0주(10주 감소),한화에어로스페이스보통주 0주(1주 감소)	2466	3975		2466		3975	비상장주식 평가액 변동
202603	249	REG96285	국회의원	국회	국회의원	곽규택	증권	장녀	비상장주식	주식회사 백상 1,200주	79170	0		5252		73918	비상장주식 평가액 변동
202603	250	REG96285	국회의원	국회	국회의원	곽규택	증권	차녀	비상장주식	주식회사 백상 1,200주	79170	0		5252		73918	비상장주식 평가액 변동
202603	251	REG96285	국회의원	국회	국회의원	곽규택	채무	본인		사인간채무 감소	50000	0		50000		0	
202603	252	REG96285	국회의원	국회	국회의원	곽규택	채무	본인	금융채무	국민은행 1,382,000(100,000 증가), 부산은행 421,408(23,761 감소), 삼성화재해상보험 196,400(94,847감소), 현대캐피탈 21,775(7,897 감소)	2048088	100000		126505		2021583	
202603	253	REG96285	국회의원	국회	국회의원	곽규택	채무	본인	건물임대채무	서울특별시 서초구 서초동 서초푸르지오써밋아파트임대보증금 증가	900000	45000		0		945000	
202603	254	REG96285	국회의원	국회	국회의원	곽규택	채무	본인	건물임대채무	부산광역시 중구 대청동2가 임대보증금	46667	0		0		46667	
202603	255	REG96285	국회의원	국회	국회의원	곽규택	채무	배우자	건물임대채무	서울특별시 서초구 서초동 서초푸르지오써밋아파트임대보증금 증가	900000	45000		0		945000	
202603	256	FIE6569O	국회의원	국회	국회의원	곽상언	건물	배우자	아파트	서울특별시 마포구 서교동 메세나폴리스 건물 148.98㎡	1721000	72000		0		1793000	가액변동
202603	257	FIE6569O	국회의원	국회	국회의원	곽상언	건물	배우자	아파트(전세(임차)권)	서울특별시 종로구 무악동 경희궁 롯데캐슬 건물 110.85㎡	1186500	0		0		1186500	
202603	258	FIE6569O	국회의원	국회	국회의원	곽상언	건물	부	오피스텔	세종특별자치시 대평동 해피라움 페스타 건물 23.05㎡	146386	0		0		146386	
202603	259	FIE6569O	국회의원	국회	국회의원	곽상언	건물	부	다가구주택	서울특별시 은평구 갈현동 대지 159.30㎡ 중 26.55㎡ 건물236.22㎡ 중 39.37㎡	85667	0		0		85667	
202603	260	FIE6569O	국회의원	국회	국회의원	곽상언	건물	모	오피스텔	서울특별시 영등포구 여의도동 여의도아크로폴리스 건물37.34㎡	243000	0		0		243000	
202603	261	FIE6569O	국회의원	국회	국회의원	곽상언	건물	장녀	숙박시설(전세(임차)권)	서울특별시 관악구 신림동 건물 20.00㎡	5000	0		0		5000	
202603	262	FIE6569O	국회의원	국회	국회의원	곽상언	부동산에 관한 규정이 준용되는 권리와 자동차·건설기계·선박 및 항공기	본인	자동차	2018년식 G80 배기량(3,342cc)	23620	0		0		23620	
202603	263	FIE6569O	국회의원	국회	국회의원	곽상언	부동산에 관한 규정이 준용되는 권리와 자동차·건설기계·선박 및 항공기	본인	자동차	2024년식 더 뉴 카니발 G3.5(하이리무진) 배기량(3,500cc)	7136	0		0		7136	
202603	264	FIE6569O	국회의원	국회	국회의원	곽상언	예금	본인		(주)KEB하나은행 181, 국민은행 27,366(332 증가),농협은행 44(10,745 감소), 삼성증권 323(1 증가),신한은행 6,295(5,307 증가), 우리은행 87,681(15,476감소), 전북은행 0(884 감소), 주식회사 카카오뱅크 967(1 증가), 하나증권 194(3 증가)	144512	64758		86219		123051	급여저축 및 생활비 지출 등
202603	265	FIE6569O	국회의원	국회	국회의원	곽상언	예금	배우자		(주)KEB하나은행 1,405(913 증가), 국민은행 0(47 감소), 미래에셋증권 68,854(68,854 증가), 신한라이프생명보험 28,242(1,733 증가), 신한은행 30,996(14,085 증가),웰컴저축은행 2,703(2,703 증가), 유안타증권 5,중소기업은행 322, 한화손해보험 500(240 증가)	44546	103843		15362		133027	급여저축 및 생활비 지출 등
202603	266	FIE6569O	국회의원	국회	국회의원	곽상언	예금	부		(주)KB손해보험 2,400(360 증가), KB증권 206(9,005감소), 국민은행 4, 농협중앙회 3,466(1,488 감소),신용협동조합중앙회 3,073(9,672 감소), 우체국 105(101 증가), 유안타증권 165(144 증가), 처브라이프생명 0(4,129 감소), 한화투자증권 19	33127	2944		26633		9438	급여저축 및 생활비 지출 등
202603	267	FIE6569O	국회의원	국회	국회의원	곽상언	예금	모		국민은행 33,500(22,590 증가), 우리은행 1,625(86,450감소)	98985	32590		96450		35125	급여저축 및 생활비 지출 등
202603	268	FIE6569O	국회의원	국회	국회의원	곽상언	예금	장남		신한은행 16,210(14 증가), 중소기업은행 170(170 증가)	16196	184		0		16380	급여저축 및 생활비 지출 등
202603	269	FIE6569O	국회의원	국회	국회의원	곽상언	예금	장녀		국민은행 50, 미래에셋증권 422(313 증가), 신한은행1,370(1,924 감소), 우리은행 825(180 감소)	4458	659		2450		2667	급여저축 및 생활비 지출 등
202603	270	FIE6569O	국회의원	국회	국회의원	곽상언	예금	차녀		(주)KEB하나은행 1, 국민은행 563(563 증가), 미래에셋증권 52,948(52,948 증가), 신한은행2,326(5,166 감소)	7493	53855		5510		55838	급여저축 및 생활비 지출 등
202603	271	FIE6569O	국회의원	국회	국회의원	곽상언	정치자금법에 따른 정치자금의 수입 및 지출을 위한 예금계좌의 예금	본인		농협은행 162,580(86,297 증가)	76283	86297		0		162580	후원금 증가
202603	272	FIE6569O	국회의원	국회	국회의원	곽상언	증권	부	상장주식	NAVER 50주(50주 증가), SK하이닉스 3주(3주 증가), 두산에너빌리티 36주(36주 증가), 박셀바이오 125주(125주 증가), 삼성전자 0주(50주 감소), 켄코아에어로스페이스 0주(1,162주 감소), 태웅로직스4,700주(4,700주 증가)	14012	30538		14012		30538	주식의 매수/매도 등
202603	273	FIE6569O	국회의원	국회	국회의원	곽상언	증권	장녀	기타(채권)	개인투자용국채02980-3409 0주, 개인투자용국채03275-3407 0주	50000	0		0		50000	주식의 매수/매도 등
202603	274	FIE6569O	국회의원	국회	국회의원	곽상언	증권	차녀	국채	개인투자용국채02585-3010 0주	0	3000		0		3000	주식의 매수/매도 등
202603	275	FIE6569O	국회의원	국회	국회의원	곽상언	채무	본인	금융채무	우리은행 400,000, 전북은행 0(84,699 감소), 현대캐피탈32,247(8,066 감소)	525012	0		92765		432247	급여로 일부상환
202603	276	FIE6569O	국회의원	국회	국회의원	곽상언	채무	배우자	건물임대채무	서울특별시 마포구 서교동 메세나폴리스 임대보증금	1600000	0		0		1600000	
202603	277	FIE6569O	국회의원	국회	국회의원	곽상언	채무	모	금융채무	상호저축은행중앙회 0(1,131 감소)	1131	0		1131		0	전액상환
202603	278	FIE6569O	국회의원	국회	국회의원	곽상언	금 및 백금	본인		골드바 375g(375g 증가)	0	57900		0		57900	매입
202603	279	7469929V	국회의원	국회	국회의원	구자근	건물	본인	아파트	경상북도 구미시 비산동 강변코오롱하늘채 건물 70.99㎡	205800	0		0		205800	
202603	280	7469929V	국회의원	국회	국회의원	구자근	건물	본인	다세대주택(전세(임차)권)	서울특별시 동작구 흑석동 에버그린I 건물 51.28㎡ 중34.28㎡	20000	0		0		20000	
202603	281	7469929V	국회의원	국회	국회의원	구자근	건물	본인	사무실(전세(임차)권)	경상북도 구미시 송정동 2층 건물 175.76㎡	20000	0		0		20000	
202603	282	7469929V	국회의원	국회	국회의원	구자근	건물	본인	사무실(전세(임차)권)	경상북도 구미시 송정동 2층 건물 279.00㎡ (건물 279.00㎡증가)	0	50000		0		50000	
202603	283	7469929V	국회의원	국회	국회의원	구자근	건물	장남	다세대주택(전세(임차)권)	서울특별시 동작구 흑석동 에버그린I 건물 51.28㎡ 중17.00㎡	10000	0		0		10000	
202603	284	7469929V	국회의원	국회	국회의원	구자근	부동산에 관한 규정이 준용되는 권리와 자동차·건설기계·선박 및 항공기	본인	자동차	2021년식 제네시스 배기량(3,778cc)	43930	0		7040		36890	
202603	285	7469929V	국회의원	국회	국회의원	구자근	부동산에 관한 규정이 준용되는 권리와 자동차·건설기계·선박 및 항공기	배우자	자동차	2018년식 그랜저 배기량(2,999cc)	13300	0		1730		11570	
202603	286	7469929V	국회의원	국회	국회의원	구자근	예금	본인		NH투자증권 27, 교보생명보험 3,030, 농협은행275,166(43,760 증가), 농협중앙회 9,662(23,837 감소),미래에셋증권 9(1 증가), 새마을금고중앙회 13,892(659증가), 신용협동조합중앙회 1, 신한은행 20, 아이엠뱅크16, 우체국 3,948(1,974 증가)	283214	47602		25045		305771	급여 저축 및 생활비 지출로 인한 변동
202603	287	7469929V	국회의원	국회	국회의원	구자근	예금	배우자		(주)KEB하나은행 19,261(21,250 감소),(주)카카오페이증권 30(24 증가), 농협중앙회 3,579(1,418 감소), 삼성생명보험 0(6,267 감소),상호저축은행중앙회 37, 새마을금고중앙회 79(37 감소),아이엠뱅크 764(245 증가), 우체국 1,276(638 증가), 주식회사 카카오뱅크 820(820 증가), 흥국화재해상보험(주) 9,009(689 증가)	61411	2676		29232		34855	급여 저축 및 생활비 지출로 인한 변동
202603	288	7469929V	국회의원	국회	국회의원	구자근	예금	모		농협중앙회 22,430(20,011 감소), 삼성생명보험 622	43063	0		20011		23052	급여 저축 및 생활비 지출로 인한 변동
202603	289	7469929V	국회의원	국회	국회의원	구자근	예금	장남		(주)KEB하나은행 0(85 감소), KB증권 100, NH투자증권 31(1증가), 국민은행 1,326(781 증가), 농협중앙회 109(2,013감소), 빗썸 1(177 감소), 새마을금고중앙회 1,중소기업은행 1, 키움증권 0(427 감소), 토스증권(주)10(10 증가)	3489	792		2702		1579	급여 저축 및 생활비 지출로 인한 변동
202603	290	7469929V	국회의원	국회	국회의원	구자근	정치자금법에 따른 정치자금의 수입 및 지출을 위한 예금계좌의 예금	본인		농협은행 196,378(20,892 증가)	175486	20892		0		196378	후원금 모금으로 인한 증가
202603	291	7469929V	국회의원	국회	국회의원	구자근	채무	본인	금융채무	농협은행 128,068(3,504 감소)	131572	0		3504		128068	
202603	292	7469929V	국회의원	국회	국회의원	구자근	채무	장남	금융채무	주식회사 카카오뱅크 0(2,979 감소)	2979	0		2979		0	
202603	293	7469929V	국회의원	국회	국회의원	구자근	가상자산	장남		게임빌드 254.6767개(254.6767개 증가), 대시 0.00008115개, 디스체인 0.00001499개, 디카르고62.6629개(62.6629개 증가), 라이트코인 0.00002999개,리플 0.01295968개, 바나나톡 0.0000345개, 바스아이디 0.00002개, 볼타 0.00012508개(0.00012508개 증가), 비트코인 0.00009893개(0.00001468개 증가),비트코인에스브이 0.0000985개, 비트코인캐시 0.0000985개, 셀럽플러스 0.0000426개, 송버드0.00000528개, 어드벤쳐골드 0.385개(0.385개 증가), 에이다 0.0000124개, 에이피이앤에프티 0.00000088개, 이더리움 0.00001499개, 이더리움클래식 0.00007개, 이더리움피오더블유 0.00001499개, 이오스 0.00012508개, 이오스닥 0.00006235개, 이캐시 98.5개, 챌린지닥 0.0001개, 카이아 0.00640592개, 코박토큰3.7121개(3.7121개 증가), 퀀텀 0.0000983개, 테더0.00000059개, 톡큰 0.00007469개, 트론 0.00000096개,플레어 0.00000012개, 히포프로토콜 12.1671개(12.1671개 증가)	11	2		0		13	가액변동
202603	294	7469929V	국회의원	국회	국회의원	구자근	고지거부 및 등록제외사항	차남		고지거부	0	0		0		0	독립생계유지
202603	295	LG63087O	국회의원	국회	국회의원	권영세	건물	본인	연립주택	서울특별시 용산구 동빙고동 베네띠앙펠리스빌1 건물164.60㎡ 중 82.30㎡	588000	45000		0		633000	가액 증가
202603	296	LG63087O	국회의원	국회	국회의원	권영세	건물	본인	사무실(전세(임차)권)	서울특별시 용산구 한강로1가 세화빌딩 건물 105.00㎡	18000	0		0		18000	변동 없음
202603	297	LG63087O	국회의원	국회	국회의원	권영세	건물	본인	연립주택	서울특별시 용산구 동빙고동 베네띠앙펠리스빌2 건물243.75㎡ 중 121.87㎡	1350000	0		0		1350000	변동 없음
202603	298	LG63087O	국회의원	국회	국회의원	권영세	건물	배우자	연립주택	서울특별시 용산구 동빙고동 베네띠앙펠리스빌1 건물164.60㎡ 중 82.30㎡	588000	45000		0		633000	가액 증가
202603	299	LG63087O	국회의원	국회	국회의원	권영세	건물	배우자	연립주택	서울특별시 용산구 동빙고동 베네띠앙펠리스빌2 건물243.75㎡ 중 121.87㎡	1350000	0		0		1350000	변동 없음
202603	300	LG63087O	국회의원	국회	국회의원	권영세	건물	배우자	사무실(전세(임차)권)	서울특별시 강남구 신사동 홍익타워 건물 83.85㎡ (건물83.85㎡ 증가)	0	500000		0		500000	신규 임차
202603	301	LG63087O	국회의원	국회	국회의원	권영세	부동산에 관한 규정이 준용되는 권리와 자동차·건설기계·선박 및 항공기	본인	자동차	2025년식 더뉴카니발 배기량(3,470cc)	5000	0		0		5000	변동 없음
202603	302	LG63087O	국회의원	국회	국회의원	권영세	부동산에 관한 규정이 준용되는 권리와 자동차·건설기계·선박 및 항공기	배우자	자동차	2021년식 GV70 배기량(2,500cc)	39230	0		2650		36580	가액 감소
202603	303	LG63087O	국회의원	국회	국회의원	권영세	부동산에 관한 규정이 준용되는 권리와 자동차·건설기계·선박 및 항공기	차녀	자동차	2024년식 레인지로버이보크P250 배기량(1,997cc)	80300	0		21680		58620	가액 감소
202603	304	LG63087O	국회의원	국회	국회의원	권영세	현금	본인		현금	30000	0		0		30000	변동 없음
202603	305	LG63087O	국회의원	국회	국회의원	권영세	현금	배우자		현금	30000	0		0		30000	변동 없음
202603	306	LG63087O	국회의원	국회	국회의원	권영세	예금	본인		(주)카카오페이증권 81(2 증가), 국민은행 16,675(24,358 감소), 농협은행 11,521(3,953 증가), 신용협동조합중앙회 412, 씨티은행 127(3 감소),하우스협동조합 0(3,000 감소)	52222	3955		27361		28816	급여 저축 등
202603	307	LG63087O	국회의원	국회	국회의원	권영세	예금	배우자		국민은행 31,356(23,732 증가), 현대해상화재보험1,292(456 증가)	8460	24188		0		32648	급여 저축 등
202603	308	LG63087O	국회의원	국회	국회의원	권영세	예금	장녀		국민은행 25,072(5,955 증가), 뱅크오브아메리카997(2,423 감소), 삼성증권 39,655(293 증가)	61899	6248		2423		65724	급여 저축 등
202603	309	LG63087O	국회의원	국회	국회의원	권영세	예금	차녀		국민은행 43,932(10,442 증가), 삼성생명보험 8,223(2,680 증가), 삼성증권 28,144(208 증가)	66969	13436		106		80299	급여 저축 등
202603	310	LG63087O	국회의원	국회	국회의원	권영세	정치자금법에 따른 정치자금의 수입 및 지출을 위한 예금계좌의 예금	본인		농협은행 138,891(80,525 감소)	219416	0		80525		138891	의정 활동 지출
202603	311	LG63087O	국회의원	국회	국회의원	권영세	채권	본인		사인간채권 감소	850000	0		400000		450000	일부 환수
202603	312	LG63087O	국회의원	국회	국회의원	권영세	채무	본인	금융채무	국민은행 130,000(130,000 증가), 현대캐피탈6,758(3,731 감소)	10489	130000		3731		136758	신규 대출
202603	313	LG63087O	국회의원	국회	국회의원	권영세	채무	본인	건물임대채무	서울특별시 용산구 동빙고동 베네띠앙펠리스빌1임대보증금	550000	0		0		550000	변동 없음
202603	314	LG63087O	국회의원	국회	국회의원	권영세	채무	배우자	건물임대채무	서울특별시 용산구 동빙고동 베네띠앙펠리스빌1임대보증금	550000	0		0		550000	변동 없음
202603	315	LG63087O	국회의원	국회	국회의원	권영세	채무	차녀	금융채무	KB캐피탈 26,046(15,037 감소)	41083	0		15037		26046	차량 할부금 감소
202603	316	LG63087O	국회의원	국회	국회의원	권영세	골동품 및 예술품	배우자		악기(하프) (Lyon&Healy, 98*55*188Cm)	40000	0		0		40000	변동 없음
202603	317	LG63087O	국회의원	국회	국회의원	권영세	골동품 및 예술품	배우자		악기(하프) (Lyon&Healy, 98*55*187Cm)	80000	0		0		80000	변동 없음
202603	318	LG63087O	국회의원	국회	국회의원	권영세	골동품 및 예술품	배우자		악기(하프) (Lyon&Healy, 86*37*164Cm)	10000	0		0		10000	변동 없음
202603	319	LG63087O	국회의원	국회	국회의원	권영세	골동품 및 예술품	배우자		회화	30000	0		0		30000	변동 없음
202603	320	LG63087O	국회의원	국회	국회의원	권영세	회원권	본인	기타	에이블현대호텔앤리조트(주)	190000	0		0		190000	변동 없음
202603	321	LG63087O	국회의원	국회	국회의원	권영세	회원권	배우자	콘도미니엄	보광휘닉스파크	42000	0		0		42000	변동 없음
202603	322	LYY5513O	국회의원	국회	국회의원	권영진	토지	모	도로	경상북도 안동시 금곡동 131-41번지 5.00㎡	440	4		0		444	가액변동
202603	323	LYY5513O	국회의원	국회	국회의원	권영진	토지	모	대지	경상북도 안동시 남선면 원림리 426번지 549.00㎡	24266	549		0		24815	가액변동
202603	324	LYY5513O	국회의원	국회	국회의원	권영진	토지	모	대지	경상북도 안동시 남선면 원림리 430번지 245.00㎡	10829	245		0		11074	가액변동
202603	325	LYY5513O	국회의원	국회	국회의원	권영진	토지	모	답	경상북도 안동시 남선면 원림리 659-1번지 2,822.00㎡	79863	1693		0		81556	가액변동
202603	326	LYY5513O	국회의원	국회	국회의원	권영진	토지	모	답	경상북도 안동시 남선면 원림리 659-2번지 17.00㎡	471	10		0		481	가액변동
202603	327	LYY5513O	국회의원	국회	국회의원	권영진	토지	모	답	경상북도 안동시 남선면 원림리 786번지 545.00㎡	13462	0		0		13462	가액변동없음
202603	328	LYY5513O	국회의원	국회	국회의원	권영진	토지	모	답	경상북도 안동시 남선면 원림리 877번지 1,117.00㎡	12957	111		0		13068	가액변동
202603	329	LYY5513O	국회의원	국회	국회의원	권영진	토지	모	답	경상북도 안동시 남선면 원림리 879번지 3,413.00㎡	52902	1364		0		54266	가액변동
202603	330	LYY5513O	국회의원	국회	국회의원	권영진	토지	모	임야	경상북도 안동시 남선면 원림리 산 65번지 14,678.00㎡	8073	87		0		8160	가액변동
202603	331	LYY5513O	국회의원	국회	국회의원	권영진	토지	모	임야	경상북도 안동시 남후면 무릉리 산 66-6번지 81,521.00㎡	37337	570		0		37907	가액변동
202603	332	LYY5513O	국회의원	국회	국회의원	권영진	토지	모	전	경상북도 안동시 태화동 672-13번지 347.00㎡ 중 173.50㎡	20612	121		0		20733	가액변동
202603	333	LYY5513O	국회의원	국회	국회의원	권영진	건물	본인	아파트	서울특별시 노원구 중계동 건영3 건물 84.90㎡ 중 42.45㎡	346000	25000		0		371000	가액변동
202603	334	LYY5513O	국회의원	국회	국회의원	권영진	건물	본인	근린생활시설(전세(임차)권)	대구광역시 달서구 두류동 3층 건물 270.00㎡	20000	0		0		20000	변동없음
202603	335	LYY5513O	국회의원	국회	국회의원	권영진	건물	배우자	아파트	서울특별시 노원구 중계동 건영3 건물 84.90㎡ 중 42.45㎡	346000	25000		0		371000	가액변동
202603	336	LYY5513O	국회의원	국회	국회의원	권영진	건물	배우자	아파트(전세(임차)권)	대구광역시 달서구 본리동 성당 래미안 e-편한세상 건물151.47㎡	100000	0		0		100000	변동없음
202603	337	LYY5513O	국회의원	국회	국회의원	권영진	건물	모	단독주택	경상북도 안동시 금곡동 건물 183.60㎡	86700	1400		0		88100	가액변동
202603	338	LYY5513O	국회의원	국회	국회의원	권영진	부동산에 관한 규정이 준용되는 권리와 자동차·건설기계·선박 및 항공기	본인	자동차	2005년식 뉴소나타 배기량(2,000cc)	1500	0		0		1500	변동없음
202603	339	LYY5513O	국회의원	국회	국회의원	권영진	부동산에 관한 규정이 준용되는 권리와 자동차·건설기계·선박 및 항공기	본인	자동차	2023년식 카니발 리무진 차량 배기량(3,470cc)	15918	0		0		15918	변동없음
202603	340	LYY5513O	국회의원	국회	국회의원	권영진	예금	본인		(주)KEB하나은행 27,705(8,446 증가), KB증권 725,국민은행 37,046(7,668 감소), 농협은행 39,140(12,748증가), 삼성생명보험 60,623(4,392 감소), 새마을금고중앙회 50,503(50,003 증가),스탠다드차타드은행 454, 신용협동조합중앙회 114(4증가), 신한라이프생명보험 9,446, 신한은행 15,아이엠뱅크 31,493(57,378 감소), 우리은행 10, 키움증권10,765(10,684 증가)	255592	105796		93349		268039	급여저축 및 생활비 지출 등
202603	341	LYY5513O	국회의원	국회	국회의원	권영진	예금	배우자		(주)KEB하나은행 409,827(25,769 증가), 국민은행 50,624(3,455 증가), 삼성생명보험 29,580,삼성화재해상보험 37,632(1,119 증가), 신한라이프생명보험 20,764(1,074 증가), 우리은행50,044(4,505 증가), 키움증권 499(234 증가)	562814	495927		459771		598970	급여저축 및 생활비 지출 등
202603	342	LYY5513O	국회의원	국회	국회의원	권영진	예금	모		농협중앙회 27,818(8,244 감소), 새마을금고중앙회 71(3증가)	36130	3		8244		27889	급여저축 및 생활비 지출 등
202603	343	LYY5513O	국회의원	국회	국회의원	권영진	정치자금법에 따른 정치자금의 수입 및 지출을 위한 예금계좌의 예금	본인		농협중앙회 155,036(133,103 증가)	21933	133103		0		155036	후원금 증가
202603	344	LYY5513O	국회의원	국회	국회의원	권영진	증권	본인	상장주식	대창솔루션 16,000주(69,000주 감소), 모두투어네트워크0주(300주 감소)	29090	11180		2910		37360	매도 및 평가액 변동
202603	345	LYY5513O	국회의원	국회	국회의원	권영진	증권	배우자	상장주식	대한항공보통주 30주, 삼성전자보통주 100주(153주 감소), 씨아이에스 350주, 엘앤에프보통주 50주,하나투어보통주 40주	22949	710		1956		21703	매도 및 평가액 변동
202603	346	LYY5513O	국회의원	국회	국회의원	권영진	증권	배우자	회사채	엘앤에프7 0주	0	440		0		440	매도 및 평가액 변동
202603	347	LYY5513O	국회의원	국회	국회의원	권영진	채무	본인	금융채무	우리금융캐피탈 25,506(6,162 감소)	31668	0		6162		25506	월 리스료 납부
202603	348	LYY5513O	국회의원	국회	국회의원	권영진	고지거부 및 등록제외사항	장남		고지거부	0	0		0		0	독립생계유지
202603	349	LYY5513O	국회의원	국회	국회의원	권영진	고지거부 및 등록제외사항	차남		고지거부	58790	0		58790		0	독립생계유지
202603	350	C7E79345	국회의원	국회	국회의원	권칠승	건물	본인	아파트	경기도 화성시 병점동 정든마을신창비바페밀리 2차 건물 101.98㎡	285000	0		0		285000	변동없음
202603	351	C7E79345	국회의원	국회	국회의원	권칠승	건물	본인	사무실(전세(임차)권)	경기도 화성시 병점동 씨네샤르망 건물 274.00㎡	30000	0		0		30000	변동없음
202603	352	C7E79345	국회의원	국회	국회의원	권칠승	부동산에 관한 규정이 준용되는 권리와 자동차·건설기계·선박 및 항공기	본인	자동차	2018년식 쏘나타 배기량(1,999cc)	10000	0		1900		8100	가액변동
202603	353	C7E79345	국회의원	국회	국회의원	권칠승	현금	본인		현금 감소	10000	0		10000		0	생활자금 지출
202603	354	C7E79345	국회의원	국회	국회의원	권칠승	예금	본인		(주)KB손해보험 16,022(1,790 증가), KB라이프생명보험 9,900, KB증권 34, 국민은행 13,495(40,851 감소),농협은행 27,242(712 감소), 메트라이프생명보험 4,445, 미래에셋증권 15,026(15,026 증가), 신용협동조합중앙회 744(9 증가), 신한라이프생명보험 24,616(2,401 증가), 키움증권 66,919(34,580 증가), 흥국화재해상보험(주)17,123(1,693 증가)	181630	56006		42070		195566	급여 저축 및 생활비 지출
202603	355	C7E79345	국회의원	국회	국회의원	권칠승	예금	배우자		DB손해보험(주) 18,839(1,634 증가), 국민은행 1,079(633증가), 농협중앙회 73(67 증가), 동양생명보험 18,225(2,404 증가), 메리츠화재해상보험(보험)2,123(607 증가), 미래에셋증권 4,741(4,741 증가),새마을금고중앙회 51(1 증가), 신용협동조합중앙회 21,100(134 감소), 우리은행 6,620(700 증가), 우체국2,011(423 증가), 주식회사 카카오뱅크 5,526(3,024증가), 토스뱅크(주) 0(7 감소), 하나증권 5,222(5,135 증가), 한화생명보험주식회사 10,665(2,307 증가), 한화손해보험 14,811(1,515 증가)	88036	46379		23329		111086	급여 저축 및 생활비 지출
202603	356	C7E79345	국회의원	국회	국회의원	권칠승	예금	장남		국민은행 164(179 감소), 새마을금고중앙회 51(1 증가),신한은행 108(6,992 감소), 우리은행 6,510	14003	1		7171		6833	급여 저축 및 생활비 지출
202603	357	C7E79345	국회의원	국회	국회의원	권칠승	예금	장녀		(주)KEB하나은행 344(1 증가), 국민은행 0(546 감소),신한은행 22(744 감소), 우리은행 5,360, 주식회사카카오뱅크 2,346(8,574 감소), 토스뱅크(주) 2	17937	2137		12000		8074	급여 저축 및 생활비 지출
202603	358	C7E79345	국회의원	국회	국회의원	권칠승	정치자금법에 따른 정치자금의 수입 및 지출을 위한 예금계좌의 예금	본인		농협은행 247,716(122,023 증가)	125693	122023		0		247716	후원금 증가
202603	359	C7E79345	국회의원	국회	국회의원	권칠승	증권	본인	상장주식	BLOOMENERGYCORPORATION 20주(20주 증가), CIRCLEINTERNETGROUPINC. 25주(25주 증가), MODERNAINC 20주(20주 증가), ORACLECORP 40주(44주 감소), QUANTUMSCAPECORPORATION 10주(10주 증가), SOLIDPOWERINC 10주(10주 증가), SUPERMICROCOMPUTERINC 30주(30주 증가), UBERTECHNOLOGIESINC 50주(100주 감소)	33876	7651		16827		24700	매입 및 매도
202603	360	C7E79345	국회의원	국회	국회의원	권칠승	증권	본인	비상장주식	중앙디자인 400주	0	0		0		0	매입 및 매도
202603	361	C7E79345	국회의원	국회	국회의원	권칠승	증권	배우자	상장주식	NAVER 0주(7주 감소), SK텔레콤 5주(5주 증가), SK하이닉스 6주(6주 증가), 고영 8주(8주 증가), 데스티니테크100 50주(50주 증가), 삼성전자 25주(25주 증가), 아마존 3주(3주 증가), 아마존닷컴 4주(4주 증가), 어도비 0주(13주 감소), 엔비디아 15주(14.993366주 증가), 우버테크놀로지스 0주(21주 감소), 유한양행 0주(5주 감소), 제이앤티씨 16주(16주 증가), 코카콜라0주(0.010752주 감소), 쿠팡 0주(0.031124주 감소),팰로앨토네트웍스 5주(5주 증가), 현대차 1주(1주 증가), 현대차2우B 6주(6주 증가)	12350	19092		12349		19093	매입 및 매도
202603	362	C7E79345	국회의원	국회	국회의원	권칠승	채무	본인		사인간채무	15000	0		0		15000	변동없음
202603	363	C7E79345	국회의원	국회	국회의원	권칠승	채무	본인	금융채무	국민은행 19,070(20,922 감소)	39992	0		20922		19070	상환
202603	364	C7E79345	국회의원	국회	국회의원	권칠승	고지거부 및 등록제외사항	부		고지거부	0	0		0		0	독립생계유지
202603	365	EFU76868	국회의원	국회	국회의원	권향엽	건물	본인	아파트	서울특별시 영등포구 신길동 우성1 건물 83.64㎡ 중41.82㎡	298500	0		0		298500	변동 없음
202603	366	EFU76868	국회의원	국회	국회의원	권향엽	건물	본인	복합건물(주택+ 상가)(전세(임차)권)	전라남도 광양시 광양읍 인서리 3층 대지 330.00㎡ 건물 189.51㎡	5000	0		0		5000	변동 없음
202603	367	EFU76868	국회의원	국회	국회의원	권향엽	건물	배우자	아파트	서울특별시 영등포구 신길동 우성1 건물 83.64㎡ 중41.82㎡	298500	0		0		298500	변동 없음
202603	368	EFU76868	국회의원	국회	국회의원	권향엽	부동산에 관한 규정이 준용되는 권리와 자동차·건설기계·선박 및 항공기	배우자	자동차	2008년식 에쿠스 배기량(3,380cc) 감소	2200	0		2200	800	0	자동차 고장으로 폐차
202603	369	EFU76868	국회의원	국회	국회의원	권향엽	부동산에 관한 규정이 준용되는 권리와 자동차·건설기계·선박 및 항공기	배우자	자동차	2016년식 EQ900 배기량(5,038cc) 증가	0	22110	27000	0		22110	중고자동차 구입
202603	370	EFU76868	국회의원	국회	국회의원	권향엽	예금	본인		교보생명보험 92,120(4,489 증가), 국민은행 83,753(10,168 증가), 농협생명보험 42,000(3,150 증가),농협은행 67,149(23,440 증가), 농협중앙회 9,미래에셋생명보험 5,244, 삼성생명보험 14,256,새마을금고중앙회 10, 신한라이프생명보험 15,001(1,800 증가), 신한투자증권 3, 에이스아메리칸화재해상보험 448(3,802 감소), 우리은행 19,444(3,421 감소), 우체국8,075(675 증가), 주식회사 카카오뱅크 9,한화생명보험주식회사 21,922, 현대해상화재보험9,858(879 증가)	341923	57401		20023		379301	급여 저축 및 생활비 지출 등
202603	371	EFU76868	국회의원	국회	국회의원	권향엽	예금	배우자		(주)KB손해보험 756(252 증가), (주)KEB하나은행 939(418 감소), AIA생명보험주식회사 29,856(1,810 증가), 국민은행 6,120, 농협은행 843(262 증가), 농협중앙회654(1,314 감소), 라이나생명보험 0(5,180 감소),메리츠화재해상보험(보험) 6,309(1,807 증가),케이디비생명보험 1,012(199 증가), 한화생명보험주식회사 8,827(1,736 증가), 한화투자증권 46(45 증가), 현대해상화재보험 17,247(3,845 증가)	69565	10066		7022		72609	급여 저축 및 생활비 지출 등
202603	372	EFU76868	국회의원	국회	국회의원	권향엽	예금	장남		NH투자증권 2,195(2,188 증가), 국민은행 1(1 증가),농협은행 18,406(1,746 감소), 토스뱅크(주) 408(408증가), 한화손해보험 9(9 증가), 현대해상화재보험 35(35 증가)	20159	20895		20000		21054	급여 저축 및 생활비 지출 등
202603	373	EFU76868	국회의원	국회	국회의원	권향엽	예금	장녀		(주)KEB하나은행 0(5 감소), 농협은행 41,364(1,478 증가), 우리은행 1,014(767 증가), 주식회사 카카오뱅크0(649 감소)	40787	30378		28787		42378	급여 저축 및 생활비 지출 등
202603	374	EFU76868	국회의원	국회	국회의원	권향엽	정치자금법에 따른 정치자금의 수입 및 지출을 위한 예금계좌의 예금	본인		농협은행 4,240(672 감소)	4912	0		672		4240	정치자금 지출
202603	375	EFU76868	국회의원	국회	국회의원	권향엽	증권	배우자	상장주식	나라스페이스테크놀로지 191주(191주 증가), 위츠 0주(1주 감소), 이트론 0주(1주 감소), 이화전기 0주(1주 감소), 카스 0주(1,138주 감소), 투비소프트 1주(1주 증가), 티디에스팜 0주(1주 감소), 한송네오텍0주(6,754주 감소)	12778	5386		12778		5386	평가액 변동
202603	376	EFU76868	국회의원	국회	국회의원	권향엽	증권	장남	상장주식	AMRCNELCTRCORD 1주(1주 증가), BERKSHRECLB 2주(2주 증가), CNSTLNENRGYORD 3주(3주 증가), JPMORGANCHASEORD 2주(2주 증가), MICROSOFTORD 2주(2주 증가), NIKECLBORD10주(10주 증가), REALTYINCOMEREITORD 15주(15주 증가),UBSGROUPNORD 10주(10주 증가), 신한지주 1주(1주 증가), 한농화성 0주(20주 감소)	267	8322		267		8322	평가액 변동
202603	377	EFU76868	국회의원	국회	국회의원	권향엽	채무	본인		사인간채무 감소	300000	0		30000		270000	채무 일부 상환
202603	378	EFU76868	국회의원	국회	국회의원	권향엽	채무	본인	금융채무	농협은행 2,723(5,656 감소), 현대해상화재보험353,859(2,758 감소)	364996	0		8414		356582	
202603	379	EFU76868	국회의원	국회	국회의원	권향엽	채무	배우자	금융채무	(주)KEB하나은행 67,000, KB캐피탈 16,002(16,002 증가),농협중앙회 83,470(3,480 감소), 현대해상화재보험 60	154010	16002		3480		166532	
202603	380	EFU76868	국회의원	국회	국회의원	권향엽	가상자산	장남		비트코인 0.00008274개	11	0		1		10	평가액 변동
202603	381	TQP7167T	국회의원	국회	국회의원	김건	토지	본인	묘지	충청남도 당진시 순성면 성북리 14-11번지 283.00㎡	2563	9		0		2572	가액변동
202603	382	TQP7167T	국회의원	국회	국회의원	김건	토지	모	임야	부산광역시 북구 덕천동 산 18번지 39,225.00㎡ 중13,075.00㎡	243195	2615		0		245810	가액변동
202603	383	TQP7167T	국회의원	국회	국회의원	김건	건물	본인	아파트	서울특별시 성동구 옥수동 래미안옥수리버젠 건물134.00㎡ 중 67.00㎡	762500	117500		0		880000	가액변동
202603	384	TQP7167T	국회의원	국회	국회의원	김건	건물	배우자	아파트	서울특별시 성동구 옥수동 래미안옥수리버젠 건물134.00㎡ 중 67.00㎡	762500	117500		0		880000	가액변동
202603	385	TQP7167T	국회의원	국회	국회의원	김건	부동산에 관한 규정이 준용되는 권리와 자동차·건설기계·선박 및 항공기	본인	자동차	2017년식 제네시스 배기량(3,800cc)	19280	0		2740		16540	가액변동
202603	386	TQP7167T	국회의원	국회	국회의원	김건	예금	본인		교보생명보험 17,698, 국민은행 223,629(32,859 증가),농협은행 194,263(21,520 증가), 신한은행 15,788(5,110증가), 하나증권 3	391892	306419		246930		451381	급여저축 등
202603	387	TQP7167T	국회의원	국회	국회의원	김건	예금	배우자		(주)KEB하나은행 158,613(37,615 감소),KB라이프생명보험 29,875(2,534 증가), 국민은행 143,농협은행 10, 삼성생명보험 49,928, 삼성증권25,996(25,996 증가), 스탠다드차타드은행 203, 신한은행6, 우리은행 2, 우체국 4,836(5,388 감소), 중소기업은행20, 케이뱅크 29(29 증가), 한국교직원공제회19,445(2,277 증가), 한화투자증권 3	301276	113301		125468		289109	급여저축 등
202603	388	TQP7167T	국회의원	국회	국회의원	김건	예금	모		(주)KEB하나은행 360(322 증가), 국민은행 1,322(49감소), 우리은행 1	1410	322		49		1683	급여저축 등
202603	389	TQP7167T	국회의원	국회	국회의원	김건	예금	장남		(주)KEB하나은행 128(1,358 감소), 우리은행 22,230(600증가), 우리투자증권 5,759(1,320 증가), 주식회사 카카오뱅크 55(18 증가), 중소기업은행 4, 하나증권 1,한국산업은행 46,882(1,493 감소)	75972	1938		2851		75059	급여저축 등
202603	390	TQP7167T	국회의원	국회	국회의원	김건	예금	차남		우리은행 0(17,090 감소), 중소기업은행 1,340(712 증가),케이뱅크 99(93 증가), 키움증권 98(98 증가)	17724	903		17090		1537	급여저축 등
202603	391	TQP7167T	국회의원	국회	국회의원	김건	정치자금법에 따른 정치자금의 수입 및 지출을 위한 예금계좌의 예금	본인		농협은행 26,169(2,079 증가)	24090	2079		0		26169	의정활동 수입/지출
202603	392	TQP7167T	국회의원	국회	국회의원	김건	증권	배우자	상장주식	BYD 600주(600주 증가), ESS테크 246주(246주 증가), NAVER4주(4주 증가), SK하이닉스 5주(5주 증가), TSMCADR14주(14주 증가), 넷스코프 127주(127주 증가), 덱스컴9주(9주 증가), 두산에너빌리티 31주(31주 증가), 디웨이브퀀텀 11주(11주 증가), 리게티컴퓨팅 21주(21주 증가), 마이크로소프트 37주(37주 증가), 마이크론테크놀로지 2주(2주 증가), 메리츠금융지주 65주(65주 증가), 메타 4주(4주 증가), 미래에셋증권2우B50주(50주 증가), 밍크테라퓨틱스 50주(50주 증가), 브로드컴 20주(20주 증가), 삼성전자 46주(46주 증가), 삼성증권 22주(22주 증가), 써클인터넷그룹 10주(10주 증가), 아마존닷컴 25주(25주 증가), 아이온큐 50주(50주 증가), 알파벳ClassA 20주(20주 증가), 에어로바이런먼트 10주(10주 증가), 엔비디아 34주(34주 증가), 우리금융지주 10주(10주 증가), 유나이티드헬스그룹 5주(5주 증가), 코어위브 8주(8주 증가), 테슬라13주(13주 증가), 하나금융지주 87주(87주 증가)	0	140035		0		140035	매수 및 매도, 금액변동
202603	393	TQP7167T	국회의원	국회	국회의원	김건	채무	배우자	금융채무	(주)KEB하나은행 6,673(1,828 감소)	8501	0		1828		6673	상환, 생활비 등
202603	394	TQP7167T	국회의원	국회	국회의원	김건	가상자산	배우자		비트코인 0.00825682개(0.00825682개 증가), 이더리움0.07952689개(0.07952689개 증가)	0	1407		0		1407	매수
202603	395	X1K3667J	국회의원	국회	국회의원	김교흥	토지	본인	임야	경기도 여주시 대신면 옥촌리 산 53-3번지 31,140.00㎡ 중9,917.19㎡	132890	992		0		133882	2025 공시지가 변동에 따라 가액변동
202603	396	X1K3667J	국회의원	국회	국회의원	김교흥	건물	본인	아파트	인천광역시 서구 청라동 청라 한라비발디 건물 113.67㎡중 56.83㎡	219500	10500		0		230000	2025 공시가격 변동에 따라 가액변동
202603	397	X1K3667J	국회의원	국회	국회의원	김교흥	건물	본인	사무실(전세(임차)권)	인천광역시 서구 가정동 루원눈담봄빌딩 건물 53.55㎡	25000	0		0		25000	
202603	398	X1K3667J	국회의원	국회	국회의원	김교흥	건물	배우자	아파트	인천광역시 서구 청라동 청라 한라비발디 건물 113.67㎡중 56.83㎡	219500	10500		0		230000	2025 공시가격 변동에 따라 가액변동
202603	399	X1K3667J	국회의원	국회	국회의원	김교흥	부동산에 관한 규정이 준용되는 권리와 자동차·건설기계·선박 및 항공기	배우자	자동차	2020년식 NIRO EV 배기량(0cc)	19909	0		469		19440	감가상각에 의한 감소
202603	400	X1K3667J	국회의원	국회	국회의원	김교흥	예금	본인		(주)KEB하나은행 21,659(9,311 증가), MG손해보험(주) 0(19,120 감소), 국민은행 600(74 감소), 농협은행 373, 농협중앙회 106,189(93,344 증가), 새마을금고중앙회 0(18,696 감소), 신용협동조합중앙회 65, 신한은행 373,예별손해보험 20,715(20,715 증가), 중소기업은행 863	65357	123370		37890		150837	근로 소득 및 생활비 사용
202603	401	X1K3667J	국회의원	국회	국회의원	김교흥	예금	배우자		(주)KEB하나은행 48,707(1,470 증가), MG손해보험(주) 0(18,414 감소), 교보생명보험 81,876, 국민은행5,780(6,743 감소), 롯데손해보험 28,187(2,165 증가),미래에셋생명보험 22,579(1,772 증가), 삼성화재해상보험 36,160(3,728 증가), 신용협동조합중앙회 53, 신한은행144,292(43,787 증가), 예별손해보험 20,303(20,303증가), 우리은행 2,496(1,016 증가), 흥국화재해상보험(주) 3,752(644 증가)	344457	131098		81370		394185	근로 소득 및 생활비 사용
202603	402	X1K3667J	국회의원	국회	국회의원	김교흥	예금	장녀		국민은행 6,925(12,326 감소), 푸본현대생명보험주식회사30,000	49251	240		12566		36925	근로 소득 및 생활비 사용
202603	403	X1K3667J	국회의원	국회	국회의원	김교흥	정치자금법에 따른 정치자금의 수입 및 지출을 위한 예금계좌의 예금	본인		농협은행 87,623(86,737 증가)	886	86737		0		87623	후원회 기부금으로 인한 증가
202603	404	X1K3667J	국회의원	국회	국회의원	김교흥	채무	본인	금융채무	(주)KEB하나은행 14,578(50,676 감소)	65254	0		50676		14578	채무변제
202603	405	X1K3667J	국회의원	국회	국회의원	김교흥	고지거부 및 등록제외사항	장남		고지거부	40089	0		40089		0	독립생계유지
202603	406	HE08888N	국회의원	국회	국회의원	김기웅	토지	본인	대지	대구광역시 서구 평리동 616-22번지 272.60㎡ 중 36.34㎡ (총면적 272.60㎡ 증가, 지분면적 36.34㎡ 증가)	0	74061		0		74061	상속(진행중)
202603	407	HE08888N	국회의원	국회	국회의원	김기웅	건물	본인	단독주택	서울특별시 서대문구 연희동 대지 274.00㎡ 중 137.00㎡건물 185.62㎡ 중 92.80㎡	600000	0		0		600000	
202603	408	HE08888N	국회의원	국회	국회의원	김기웅	건물	본인	오피스텔	경기도 남양주시 다산동 다산안강럭스나인 대지 4.27㎡ 중2.14㎡ 건물 19.66㎡ 중 9.83㎡	75000	0		0		75000	
202603	409	HE08888N	국회의원	국회	국회의원	김기웅	건물	본인	사무실(전세(임차)권)	대구광역시 남구 대명동 남대구우체국 건물 223.62㎡	12970	0		0		12970	
202603	410	HE08888N	국회의원	국회	국회의원	김기웅	건물	본인	오피스텔(전세(임차)권)	대구광역시 중구 봉산동 반월당 클래시아2차 대지 3.41㎡건물 52.05㎡	5000	0		0		5000	
202603	411	HE08888N	국회의원	국회	국회의원	김기웅	건물	배우자	단독주택	서울특별시 서대문구 연희동 대지 274.00㎡ 중 137.00㎡건물 185.62㎡ 중 92.80㎡	600000	0		0		600000	
202603	412	HE08888N	국회의원	국회	국회의원	김기웅	건물	배우자	오피스텔	경기도 남양주시 다산동 다산안강럭스나인 대지 4.27㎡ 중2.13㎡ 건물 19.66㎡ 중 9.83㎡	75000	0		0		75000	
202603	413	HE08888N	국회의원	국회	국회의원	김기웅	건물	배우자	오피스텔(전세( 임차)권)	경기도 시흥시 배곧동 배곧헤리움 어반크로스2차 대지 0.00㎡ 건물 0.00㎡ (대지 265.60㎡ 감소, 건물 21.64㎡감소)	5000	0		5000		0	계약만료
202603	414	HE08888N	국회의원	국회	국회의원	김기웅	부동산에 관한 규정이 준용되는 권리와 자동차·건설기계·선박 및 항공기	본인	자동차	2006년식 SM7 배기량(2,349cc)	2020	0		220		1800	
202603	415	HE08888N	국회의원	국회	국회의원	김기웅	부동산에 관한 규정이 준용되는 권리와 자동차·건설기계·선박 및 항공기	본인	자동차	2012년식 레이 배기량(998cc)	2510	0		50		2460	
202603	416	HE08888N	국회의원	국회	국회의원	김기웅	예금	본인		농협은행 155,530(65,583 증가)	89947	125583		60000		155530	급여 등 저축
202603	417	HE08888N	국회의원	국회	국회의원	김기웅	예금	배우자		농협중앙회 11,275(1,687 증가)	9588	1687		0		11275	급여 등 저축
202603	418	HE08888N	국회의원	국회	국회의원	김기웅	예금	장남		NH투자증권 4,320(4,320 증가), 농협중앙회 20,763(1,934감소), 신한은행 2, 중소기업은행 82	22781	4320		1934		25167	급여 등 저축
202603	419	HE08888N	국회의원	국회	국회의원	김기웅	예금	차남		KB증권 418(418 증가), 국민은행 22,787(7,740 감소),우리은행 0(48 감소), 한국교직원공제회 3,282(1,908 증가)	31949	20426		25888		26487	급여 등 저축
202603	420	HE08888N	국회의원	국회	국회의원	김기웅	예금	장녀		(주)KEB하나은행 1,068(243 감소), 농협은행 19,944(4,932 증가), 농협중앙회 47,438(7,679 증가),한국교직원공제회 17,584(4,321 증가)	69345	18532		1843		86034	급여 등 저축
202603	421	HE08888N	국회의원	국회	국회의원	김기웅	정치자금법에 따른 정치자금의 수입 및 지출을 위한 예금계좌의 예금	본인		아이엠뱅크 60,703(6,094 증가)	54609	6094		0		60703	후원금 증가
202603	422	HE08888N	국회의원	국회	국회의원	김기웅	증권	차남	상장주식	데니슨마인스 5,257주(5,257주 증가), 록히드마틴 25주(25주 증가), 셰브론 23주(23주 증가), 울트라클린홀딩스 123주(123주 증가), 크리스퍼테라퓨틱스 91주(91주 증가), 포스코인터내셔널1주(1주 증가)	0	53810		0		53810	신규매수
202603	423	HE08888N	국회의원	국회	국회의원	김기웅	채무	본인		사인간채무	50000	0		0		50000	
202603	424	HE08888N	국회의원	국회	국회의원	김기웅	고지거부 및 등록제외사항	부		등록제외	0	0		0		0	사망
202603	425	HE08888N	국회의원	국회	국회의원	김기웅	고지거부 및 등록제외사항	모		고지거부	0	0		0		0	타인부양
202603	426	3CC88975	국회의원	국회	국회의원	김기표	토지	본인	임야	전라남도 고흥군 남양면 월정리 산 51번지 7,537.00㎡	5412	52		0		5464	
202603	427	3CC88975	국회의원	국회	국회의원	김기표	토지	본인	답	전라남도 보성군 득량면 예당리 3072-35번지 3,690.30㎡중 3,690.00㎡	41328	738		0		42066	
202603	428	3CC88975	국회의원	국회	국회의원	김기표	토지	본인	전	전라남도 보성군 득량면 예당리 815-31번지 119.00㎡ 중59.50㎡	421	9		0		430	
202603	429	3CC88975	국회의원	국회	국회의원	김기표	토지	본인	전	전라남도 보성군 득량면 예당리 815-32번지 327.00㎡ 중163.50㎡	1156	27		0		1183	
202603	430	3CC88975	국회의원	국회	국회의원	김기표	토지	본인	임야	전라남도 보성군 득량면 예당리 산 19-1번지 496.00㎡ 중248.00㎡	327	0		0		327	
202603	431	3CC88975	국회의원	국회	국회의원	김기표	토지	본인	임야	전라남도 보성군 득량면 예당리 산 47번지 694.00㎡ 중347.00㎡	207	5		0		212	
202603	432	3CC88975	국회의원	국회	국회의원	김기표	건물	본인	아파트	경기도 성남시 분당구 판교동 판교원마을 건물 118.60㎡중 11.86㎡	145000	0		0		145000	
202603	433	3CC88975	국회의원	국회	국회의원	김기표	건물	본인	상가	서울특별시 강서구 마곡동 열린엠타워2 대지 2,856.30㎡중 16.10㎡ 건물 32,726.11㎡ 중 84.55㎡	2947000	0		0		2947000	
202603	434	3CC88975	국회의원	국회	국회의원	김기표	건물	본인	상가	서울특별시 강서구 마곡동 열린엠타워2 대지 2,856.30㎡ 중 19.48㎡ 건물 3,276.11㎡ 중 102.31㎡	3601000	0		0		3601000	
202603	435	3CC88975	국회의원	국회	국회의원	김기표	건물	본인	아파트(전세(임차)권)	경기도 부천시 원미구 중동 그린타운 건물 84.96㎡	50000	0		0		50000	
202603	436	3CC88975	국회의원	국회	국회의원	김기표	건물	본인	사무실(전세(임차)권)	경기도 부천시 원미구 중동 대지 1,186.20㎡ 중 35.88㎡건물 7,408.45㎡	30000	0		0		30000	
202603	437	3CC88975	국회의원	국회	국회의원	김기표	건물	본인	단독주택	전라남도 보성군 득량면 예당리 대지 400.00㎡ 건물66.11㎡	18200	400		0		18600	
202603	438	3CC88975	국회의원	국회	국회의원	김기표	건물	배우자	아파트	경기도 성남시 분당구 판교동 판교원마을 건물 118.60㎡중 106.74㎡	1305000	0		0		1305000	
202603	439	3CC88975	국회의원	국회	국회의원	김기표	부동산에 관한 규정이 준용되는 권리와 자동차·건설기계·선박 및 항공기	배우자	자동차	2023년식 G70 배기량(3,300cc)	35280	0		2070		33210	
202603	440	3CC88975	국회의원	국회	국회의원	김기표	예금	본인		(주)KEB하나은행 22,484(1,311 증가), KB증권 216,NH투자증권 1, 국민은행 3,066(66 증가), 농협은행2,150(8,989 감소), 메리츠종금증권 7, 미래에셋증권 6,신한은행 438(37 감소), 우리은행 1,602(1,540 감소)	39159	1577		10766		29970	생활비 등으로 사용
202603	441	3CC88975	국회의원	국회	국회의원	김기표	예금	배우자		(주)KEB하나은행 31, NH투자증권 26, 농협중앙회 1,메리츠종금증권 7, 미래에셋증권 135(3 증가), 신한은행8,021(727 증가), 주식회사 카카오뱅크 21(23,211 감소)	30723	3085		25566		8242	생활비 등으로 사용
202603	442	3CC88975	국회의원	국회	국회의원	김기표	예금	모		농협중앙회 15,058(10,875 증가)	4183	10875		0		15058	생활비 등으로 사용
202603	443	3CC88975	국회의원	국회	국회의원	김기표	예금	장남		미래에셋증권 0(1 감소), 빗썸 0(10 감소), 신한은행265(255 증가), 케이뱅크 0(1 감소)	22	255		12		265	생활비 등으로 사용
202603	444	3CC88975	국회의원	국회	국회의원	김기표	예금	장녀		신한은행 5,175(1,999 증가)	3176	1999		0		5175	생활비 등으로 사용
202603	445	3CC88975	국회의원	국회	국회의원	김기표	정치자금법에 따른 정치자금의 수입 및 지출을 위한 예금계좌의 예금	본인		농협은행 113,386(99,280 증가)	14106	99280		0		113386	후원회 기부금 입금
202603	446	3CC88975	국회의원	국회	국회의원	김기표	증권	본인	비상장주식	(주)덕원발전 1,040주, 주)에프와이디 8,400주	18756	370		0		19126	주)에프와이디 평가액 변동
202603	447	3CC88975	국회의원	국회	국회의원	김기표	증권	장남	비상장주식	(주)덕원발전 480주	240	0		0		240	주)에프와이디 평가액 변동
202603	448	3CC88975	국회의원	국회	국회의원	김기표	증권	장녀	비상장주식	(주)덕원발전 480주	240	0		0		240	주)에프와이디 평가액 변동
202603	449	3CC88975	국회의원	국회	국회의원	김기표	채권	본인		사인간채권 감소	115644	0		28000		87644	
202603	450	3CC88975	국회의원	국회	국회의원	김기표	채무	본인		사인간채무	100000	0		0		100000	
202603	451	3CC88975	국회의원	국회	국회의원	김기표	채무	본인	금융채무	(주)KEB하나은행 5,059,105(43,827 감소),스탠다드차타드은행 36,312(49,489 감소)	5188733	0		93316		5095417	
202603	452	3CC88975	국회의원	국회	국회의원	김기표	채무	본인	건물임대채무	서울특별시 강서구 마곡동 열린엠타워2 임대보증금	150000	0		0		150000	
202603	453	3CC88975	국회의원	국회	국회의원	김기표	보석류	본인		손목시계 증가	0	10000		0		10000	
202603	454	3CC88975	국회의원	국회	국회의원	김기표	보석류	배우자		손목시계 증가	0	9000		0		9000	
202603	455	3CC88975	국회의원	국회	국회의원	김기표	가상자산	장남		리플 0.00000047개, 유에스디코인 0.0000019개(0.0000019개 증가), 테더0.0000005개(0.0000005개 증가), 트론0.00000146개(0.00000089개 증가)	0	0		0		0	
202603	456	X7I4680R	국회의원	국회	국회의원	김기현	토지	본인	임야	울산광역시 울주군 언양읍 구수리 산 293-4번지6,744.00㎡	7553	135		0		7688	가액변동
202603	457	X7I4680R	국회의원	국회	국회의원	김기현	토지	본인	임야	울산광역시 울주군 언양읍 구수리 산 295-1번지10,512.00㎡	20078	420		0		20498	가액변동
202603	458	X7I4680R	국회의원	국회	국회의원	김기현	토지	본인	임야	울산광역시 울주군 언양읍 구수리 산 295-2번지5,950.00㎡	6664	119		0		6783	가액변동
202603	459	X7I4680R	국회의원	국회	국회의원	김기현	토지	본인	목장용지	울산광역시 울주군 언양읍 구수리 산 295-3번지12,992.00㎡	27153	520		0		27673	가액변동
202603	460	X7I4680R	국회의원	국회	국회의원	김기현	토지	본인	목장용지	울산광역시 울주군 언양읍 구수리 산 295-4번지16,264.00㎡	33992	650		0		34642	가액변동
202603	461	X7I4680R	국회의원	국회	국회의원	김기현	토지	본인	목장용지	울산광역시 울주군 언양읍 구수리 산 295-5번지24,198.00㎡	49848	1210		0		51058	가액변동
202603	462	X7I4680R	국회의원	국회	국회의원	김기현	토지	본인	임야	울산광역시 울주군 언양읍 구수리 산 295-6번지10,612.00㎡	16342	425		0		16767	가액변동
202603	463	X7I4680R	국회의원	국회	국회의원	김기현	토지	본인	임야	울산광역시 울주군 언양읍 구수리 산 297-7번지18,050.00㎡	31046	722		0		31768	가액변동
202603	464	X7I4680R	국회의원	국회	국회의원	김기현	토지	본인	임야	울산광역시 울주군 언양읍 구수리 산 297-8번지9,917.00㎡	15570	396		0		15966	가액변동
202603	465	X7I4680R	국회의원	국회	국회의원	김기현	건물	본인	상가	울산광역시 남구 삼산동 대지 346.00㎡ 건물 1,599.77㎡	3399015	7428		0		3406443	가액변동
202603	466	X7I4680R	국회의원	국회	국회의원	김기현	건물	본인	아파트	울산광역시 남구 야음동 롯데캐슬2단지아파트 건물157.06㎡	470000	0		0		470000	가액변동없음
202603	467	X7I4680R	국회의원	국회	국회의원	김기현	건물	본인	상가	울산광역시 남구 달동 대지 379.00㎡ 중 322.85㎡ 건물954.80㎡ 중 813.35㎡	1150000	0		0		1150000	가액변동없음
202603	468	X7I4680R	국회의원	국회	국회의원	김기현	건물	본인	사무실(전세(임차)권)	울산광역시 남구 달동 2층 대지 294.80㎡ 중 0.00㎡ 건물599.29㎡ 중 165.75㎡	10000	0		0		10000	변동없음
202603	469	X7I4680R	국회의원	국회	국회의원	김기현	건물	본인	상가	울산광역시 동구 일산동 대지 1,163.40㎡ 중 581.70㎡ 건물671.90㎡ 중 335.95㎡	1175101	12610		0		1187711	가액변동
202603	470	X7I4680R	국회의원	국회	국회의원	김기현	건물	배우자	아파트(전세(임차)권)	서울특별시 성동구 옥수동 옥수하이츠아파트 건물139.00㎡	1030000	0		0		1030000	변동없음
202603	471	X7I4680R	국회의원	국회	국회의원	김기현	건물	배우자	상가	울산광역시 남구 달동 대지 379.00㎡ 중 56.15㎡ 건물954.80㎡ 중 141.45㎡	200000	0		0		200000	가액변동없음
202603	472	X7I4680R	국회의원	국회	국회의원	김기현	부동산에 관한 규정이 준용되는 권리와 자동차·건설기계·선박 및 항공기	본인	자동차	2012년식 제네시스 배기량(3,342cc)	7810	0		180		7630	가액변동
202603	473	X7I4680R	국회의원	국회	국회의원	김기현	부동산에 관한 규정이 준용되는 권리와 자동차·건설기계·선박 및 항공기	배우자	자동차	2014년식 그랜져 배기량(2,999cc) 감소	6950	0		6950		0	연식 수정
202603	474	X7I4680R	국회의원	국회	국회의원	김기현	부동산에 관한 규정이 준용되는 권리와 자동차·건설기계·선박 및 항공기	배우자	자동차	2013년식 그랜져 배기량(2,999cc) 증가	0	6370		0		6370	연식 수정
202603	475	X7I4680R	국회의원	국회	국회의원	김기현	현금	본인		현금	5000	0		0		5000	변동없음
202603	476	X7I4680R	국회의원	국회	국회의원	김기현	예금	본인		경남은행 2,707(2,208 감소), 농협은행 52,992(465 감소),메리츠화재해상보험(보험) 28,800(840 증가), 새마을금고중앙회 508(8 증가), 신용협동조합중앙회 1,332(4 증가), 신한은행 32,787(7,133 증가)	113814	17638		12326		119126	급여저축 및 생활비 지출 등
202603	477	X7I4680R	국회의원	국회	국회의원	김기현	예금	배우자		농협은행 3,446(1,585 증가), 메트라이프생명보험 92,867(92,867 증가), 신한은행 10,772(5,613 증가),주식회사 카카오뱅크 97(1 증가), 중소기업은행 4,518(3,373 증가), 한화생명보험주식회사 22,329(4,147 증가), 현대해상화재보험 35,099(3,901 증가),흥국생명보험 0(14,904 감소)	72545	111487		14904		169128	급여저축 및 생활비 지출 등
202603	478	X7I4680R	국회의원	국회	국회의원	김기현	예금	차녀		(주)KEB하나은행 4,251(2,176 증가), (주)카카오페이증권 7, 국민은행 416(416 증가), 신한은행 6,413(2,668 증가),우리은행 0(4 감소)	5831	7240		1984		11087	급여저축 및 생활비 지출 등
202603	479	X7I4680R	국회의원	국회	국회의원	김기현	정치자금법에 따른 정치자금의 수입 및 지출을 위한 예금계좌의 예금	본인		경남은행 2,087(5,617 감소)	7704	0		5617		2087	의정활동 지출
202603	480	X7I4680R	국회의원	국회	국회의원	김기현	채권	본인		사인간채권	185000	0		0		185000	변동없음
202603	481	X7I4680R	국회의원	국회	국회의원	김기현	채무	본인	금융채무	경남은행 921,726(43,383 감소)	965109	0		43383		921726	일부 상환
202603	482	X7I4680R	국회의원	국회	국회의원	김기현	채무	본인	건물임대채무	울산광역시 남구 삼산동 임대보증금 감소	130000	60000		80000		110000	계약만료상환 및 신규계약
202603	483	X7I4680R	국회의원	국회	국회의원	김기현	채무	본인	건물임대채무	울산광역시 동구 일산동 임대보증금	70000	20000		20000		70000	계약만료상환 및 신규계약
202603	484	X7I4680R	국회의원	국회	국회의원	김기현	채무	본인	건물임대채무	울산광역시 남구 달동 임대보증금 감소	25557	1703		8520		18740	계약만료상환 및 신규계약
202603	485	X7I4680R	국회의원	국회	국회의원	김기현	채무	배우자	건물임대채무	울산광역시 남구 달동 임대보증금 감소	4443	296		1480		3259	계약만료상환 및 신규계약
202603	486	X7I4680R	국회의원	국회	국회의원	김기현	회원권	본인	콘도미니엄	무주덕유산리조트	22860	0		0		22860	변동없음
202603	487	X7I4680R	국회의원	국회	국회의원	김기현	고지거부 및 등록제외사항	장남		고지거부	0	0		0		0	독립생계유지
202603	488	X7I4680R	국회의원	국회	국회의원	김기현	고지거부 및 등록제외사항	삼녀		고지거부	34541	0		34541		0	독립생계유지
202603	489	IUX1829H	국회의원	국회	국회의원	김남근	토지	배우자	답	전북특별자치도 익산시 월성동 201-1번지 3,388.00㎡ 중726.00㎡	15899	146		0		16045	
202603	490	IUX1829H	국회의원	국회	국회의원	김남근	건물	본인	근린생활시설(전세(임차)권)	서울특별시 성북구 하월곡동 건물 121.91㎡	10000	0		0		10000	
202603	491	IUX1829H	국회의원	국회	국회의원	김남근	건물	본인	아파트(전세(임차)권)	서울특별시 성북구 길음동 래미안길음센터피스 건물84.66㎡	790000	0		0		790000	
202603	492	IUX1829H	국회의원	국회	국회의원	김남근	건물	장녀	오피스텔(전세(임차)권)	서울특별시 성북구 삼선동4가 성신다빈치 건물 17.72㎡	50000	0		0		50000	
202603	493	IUX1829H	국회의원	국회	국회의원	김남근	부동산에 관한 규정이 준용되는 권리와 자동차·건설기계·선박 및 항공기	본인	자동차	2008년식 쏘나타 배기량(2,000cc)	2210	0		520		1690	
202603	494	IUX1829H	국회의원	국회	국회의원	김남근	예금	본인		AIA생명보험주식회사 300,766, KB증권 148,219(148,219증가), NH투자증권 752,039(85,853 증가), 농협손해보험 7,130(1,259 증가), 농협은행 11,420(3,395 증가),메리츠화재해상보험(보험) 6,057(1,189 증가),미래에셋증권 514,828(53,228 감소), 삼성증권 0(123,154 감소), 슈미트밸류업개인투자조합 150,000, 신한은행 15,496(1,737 감소), 우리은행 0(900 감소), 유안타증권146,094(5,836 증가), 한국투자증권 74,784(9,415 증가)	2050686	296611		220464		2126833	급여, 펀드 평가액 변동 등
202603	495	IUX1829H	국회의원	국회	국회의원	김남근	예금	배우자		(주)KB손해보험 370(120 증가), KB증권 943(5,376 감소),NH투자증권 174,699(31,230 증가), 농협손해보험 1,777(508 증가), 롯데손해보험 8,256(1,304 증가),미래에셋증권 145,008(176,146 감소), 삼성증권 233,982(88,491 증가), 삼성화재해상보험 110(240 감소), 신한은행 10,196(1,056 감소), 주식회사 카카오뱅크 133(133 증가), 토스뱅크(주) 41,720(41,720 증가),한국산업은행 485(10,895 감소), 한국투자증권 329,861(93,052 증가), 한화생명보험주식회사28,760(1,848 증가), 한화손해보험 13,474(1,533 증가)	923548	331032		264806		989774	급여, 펀드 평가액 변동 등
202603	496	IUX1829H	국회의원	국회	국회의원	김남근	예금	장남		NH투자증권 66,138(3,913 증가), 국민은행 45,농협손해보험 2,660(1,230 증가), 농협은행 693(693증가), 동양생명보험 10,000, 롯데손해보험 283(126 증가), 신한은행 3,563(1,063 증가), 주식회사 아이엠라이프생명보험 10,523(2,222 증가), 한화손해보험 1,479(20 증가)	86117	27312		18045		95384	급여, 펀드 평가액 변동 등
202603	497	IUX1829H	국회의원	국회	국회의원	김남근	예금	장녀		NH투자증권 6,731(785 증가), 동양생명보험 10,000, 메리츠화재해상보험(보험) 4,475(905 증가), 신한은행 18,220(2,827 증가), 신한투자증권 1,326(288 감소),주식회사 아이엠라이프생명보험 11,018(2,421 증가)	45120	6938		288		51770	급여, 펀드 평가액 변동 등
202603	498	IUX1829H	국회의원	국회	국회의원	김남근	정치자금법에 따른 정치자금의 수입 및 지출을 위한 예금계좌의 예금	본인		농협은행 248,342(196,069 증가)	52273	196069		0		248342	후원금액 증가
202603	499	IUX1829H	국회의원	국회	국회의원	김남근	증권	본인	상장주식	DB금융스팩12호 9,369주, KB제26호스팩 0주(7,779주 감소), KB제29호스팩 10,000주, KB제31호스팩 6,250주(1,630주 증가), KB제32호스팩 739주(739주증가), 교보16호스팩 3,824주, 교보17호스팩 5,000주,대신밸런스제16호스팩 5주(5주 증가), 디비금융제13호스팩 5,436주(2,200주 증가), 디비금융제14호스팩 2,006주(2,006주 증가), 미래에셋비전스팩8호 5주(5주 증가), 삼성스팩10호 16주(16주 증가), 삼성스팩11호 2,262주(2,262주 증가), 삼성스팩12호 5,630주(5,630주 증가), 신한제13호스팩 4,664주(72주 증가), 신한제14호스팩 5,837주, 신한제16호스팩 1,121주(1,121주 증가), 에이치엠씨제7호스팩 12,000주, 엔에이치스팩31호 10,000주(3,000주 감소), 엘에스스팩1호10,451주(10,451주 증가), 유안타제11호스팩 300주(300주 증가), 유안타제12호스팩 0주(3,600주 감소), 유안타제15호스팩 2,393주, 유안타제16호스팩 5,000주, 유안타제17호스팩 5,320주(5,320주 증가), 키움제11호스팩 6,401주(5,197주 증가), 키움제7호스팩 0주(940주 감소), 키움제8호스팩 0주(13,000주 감소), 하나34호스팩 1,089주, 하이제8호스팩 5,500주(5,500주감소)	235958	80902		68765		248095	매매 및 평가액 변동
202603	500	IUX1829H	국회의원	국회	국회의원	김남근	증권	배우자	상장주식	DB금융스팩12호 5,000주(2,624주 감소), DL 43주(43주 증가), ESR켄달스퀘어리츠 1,011주(592주 증가), F&F 23주(23주 증가), GS건설 144주(144주 증가), HDC현대산업개발 231주(231주 증가), HD한국조선해양 12주(1주 증가), HD현대중공업 27주(27주 증가), ISC50주(50주 증가), KB제30호스팩 11,812주, KB제32호스팩8,221주(8,221주 증가), LG전자 31주(31주 증가), LSELECTRIC 6주(6주 증가), NAVER 10주(10주 감소),SFA반도체 1,399주(1,399주 증가), SK바이오팜 22주(22주 증가), SK하이닉스 22주(22주 증가), SNT에너지 45주(45주 증가), TYM 491주(491주 증가), [002085]완펑오토휠0주(400주 감소), [002230]신비정보 0주(219주 감소),[002281]광신과기 0주(200주 감소), [002415]하이크비전 0주(106주 감소), [002466]천제리튬 0주(200주 감소), [002594]비야디 0주(116주 감소), [600276]항서제약 0주(129주 감소), [600584]강소장전테크놀로지 0주(200주 감소), [601138]폭스콘산업인터넷 0주(700주 감소), [603288]해천미업 0주(300주 감소), [603501]웨이얼반도체 0주(100주 감소), [603605]프로야화장품 0주(181주 감소), [603799]화우코발트 0주(300주 감소), 경동나비엔 6주(6주 증가), 고영 106주(106주 증가), 교보17호스팩873주, 금호타이어 1,281주(1,281주 증가), 기아22주(22주 증가), 네오팜 89주(89주 증가), 대덕전자62주(62주 증가), 대신밸런스제16호스팩 9주(9주 증가), 대신밸런스제19호스팩 4,000주(2,000주 증가), 대한전선 365주(365주 증가), 대한해운 941주(941주 증가), 덴티움35주(35주 증가), 동성화인텍 13주(13주 증가), 디비금융제13호스팩 5주, 디비금융제14호스팩 8주(8주 증가), 디어유 10주(10주 증가), 롯데케미칼 23주(23주 증가), 맥쿼리인프라 366주(179주 증가), 메이투안디앤핑 0주(30주 감소), 미래에셋비전스팩7호 14,997주(3주 감소), 미래에셋비전스팩8호 10주(10주 증가), 미코 135주(135주 증가), 브이티 16주(16주 증가), 삼성스팩10호 22주(22주 증가), 삼성스팩11호 7주(7주 증가), 삼성전자 79주(39주 증가), 서부T&D 27주(27주 증가), 선익시스템 138주(138주 증가), 세미파이브 1주(1주 증가), 세아제강지주 37주(37주 증가), 신세계 8주(8주 증가), 신한알파리츠852주(852주 증가), 신한제11호스팩 11,400주(600주 감소), 신한제13호스팩 7,100주, 신한제14호스팩 237주(237주 증가), 신한제15호스팩 13,000주, 신한제16호스팩 14,456주(14,456주 증가), 실리콘투 385주(385주 증가), 심텍 36주(36주 증가), 씨에스윈드127주(127주 증가), 아마존닷컴 0주(8주 감소), 애플 0주(7주 감소), 에스앤에스텍 6주(6주 증가), 에스케이증권제8호스팩 0주(10,205주 감소), 에이치엠씨제6호스팩 10,391주, 에이치엠씨제7호스팩 2,000주(646주 감소), 엔에이치스팩26호 0주(10,000주 감소), 엔에이치스팩30호 10,426주, 엘앤에프 17주(17주 증가), 와이지엔터테인먼트 5주(5주 증가), 원텍 44주(44주 증가), 유안타제11호스팩 5,015주(5,015주 증가), 유안타제17호스팩 37주(37주 증가), 유진스팩11호 13,000주, 이마트 21주(21주 증가), 인텔리안테크60주(60주 증가), 자화전자 258주(258주 증가), 징둥그룹0주(14주 감소), 코람코라이프인프라리츠 0주(508주 감소), 코리아써키트 390주(390주 증가), 코웨이 66주(66주 증가), 키움제11호스팩 3주(3주 증가), 티엘비5주(5주 증가), 하나34호스팩 10,488주, 하림지주199주(199주 증가), 하이브 21주(21주 증가), 한국가스공사 63주(63주 증가), 한국전력 175주(175주 증가), 한국제15호스팩 0주(11,189주 감소), 한국항공우주 48주(48주 증가) 등	348028	326467		119098		555397	매매 및 평가액 변동
202603	501	IUX1829H	국회의원	국회	국회의원	김남근	증권	배우자	회사채	동아에스티8CB 0주	940	0		0		940	매매 및 평가액 변동
202603	502	IUX1829H	국회의원	국회	국회의원	김남근	증권	배우자	기타(채권)	T1.12508/15/40 0주, 외화RP(USD)(개인수시형) 0주	3878	43160		3878		43160	매매 및 평가액 변동
202603	503	IUX1829H	국회의원	국회	국회의원	김남근	증권	장녀	상장주식	AES 18주(18주 증가)	0	370		0		370	매매 및 평가액 변동
202603	504	NXB3178C	국회의원	국회	국회의원	김남희	건물	본인	아파트	서울특별시 종로구 무악동 인왕산아이파크 건물 114.93㎡중 57.47㎡	675000	0		0		675000	
202603	505	NXB3178C	국회의원	국회	국회의원	김남희	건물	본인	아파트(전세(임차)권)	경기도 광명시 일직동 유-플래닛 광명역 데시앙 건물84.87㎡	350000	0		0		350000	
202603	506	NXB3178C	국회의원	국회	국회의원	김남희	건물	본인	상가(전세(임차)권)	경기도 광명시 하안동 성보빌딩 건물 140.92㎡	20000	0		0		20000	
202603	507	NXB3178C	국회의원	국회	국회의원	김남희	건물	배우자	아파트	서울특별시 종로구 무악동 인왕산아이파크 건물 114.93㎡중 57.46㎡	675000	0		0		675000	
202603	508	NXB3178C	국회의원	국회	국회의원	김남희	부동산에 관한 규정이 준용되는 권리와 자동차·건설기계·선박 및 항공기	본인	자동차	2016년식 ES300h 배기량(2,487cc)	4893	0		854		4039	
202603	509	NXB3178C	국회의원	국회	국회의원	김남희	부동산에 관한 규정이 준용되는 권리와 자동차·건설기계·선박 및 항공기	배우자	자동차	2016년식 ES300h 배기량(2,487cc)	4893	0		854		4039	
202603	510	NXB3178C	국회의원	국회	국회의원	김남희	예금	본인		(주)KEB하나은행 3, (주)카카오페이증권 14(93 감소),KB증권 0(3 감소), 농협은행 34,600(8,044 증가), 미래에셋증권 424,993(252,934 증가), 새마을금고중앙회 110(110 증가), 신용협동조합중앙회 100(100 증가), 신한라이프생명보험 80,872(447 증가), 신한은행 16,915(10,106 증가), 신한투자증권 9(9 증가), 씨티은행1, 유안타증권 0(23 감소), 주식회사 카카오뱅크 293(89 증가), 케이디비생명보험 37,000(6,600 증가), 토스뱅크(주) 152,676(152,667 증가), 토스증권(주) 65(53 감소), 한국투자증권 58,757(58,757 증가)	316717	547765		58074		806408	급여 저축 및 생활비 지출 등
202603	511	NXB3178C	국회의원	국회	국회의원	김남희	예금	배우자		(주)KEB하나은행 4,166(1,245 증가), KB라이프생명보험 144,251(17,824 증가), 메트라이프생명보험19,888(19,888 증가), 삼성생명보험 638,510(603,030증가), 삼성증권 6,644(2,627 증가), 신한은행 47,483(69,171 감소), 신한투자증권 135,738(33,586증가), 케이디비생명보험 26,000, 토스뱅크(주)1,901(1,901 증가), 한국투자증권 1	413652	709102		98172		1024582	급여 저축 및 생활비 지출 등
202603	512	NXB3178C	국회의원	국회	국회의원	김남희	예금	장남		미래에셋증권 29,792(68 감소), 신한은행 2,910(459 증가)	32311	459		68		32702	급여 저축 및 생활비 지출 등
202603	513	NXB3178C	국회의원	국회	국회의원	김남희	예금	장녀		미래에셋증권 19,304(418 증가), 신한은행 740,토스뱅크(주) 5,006(2,175 증가)	22457	4963		2370		25050	급여 저축 및 생활비 지출 등
202603	514	NXB3178C	국회의원	국회	국회의원	김남희	정치자금법에 따른 정치자금의 수입 및 지출을 위한 예금계좌의 예금	본인		농협은행 57,775(2,994 감소)	60769	0		2994		57775	후원금 감소
202603	515	NXB3178C	국회의원	국회	국회의원	김남희	증권	본인	상장주식	POSCO홀딩스 0주(45주 감소), 금호타이어 0주(1주 감소), 신일전자보통주 0주(1주 감소), 알파벳A 0주(0.000789주 감소), 엔비디아 0주(0.313439주 감소), 테슬라0주(0.005792주 감소)	11477	0		11477		0	상장주식 매도 및 기타채권 매입
202603	516	NXB3178C	국회의원	국회	국회의원	김남희	증권	본인	금융채	엠지캐피탈375-1 0주, 엠지캐피탈377-1 0주	0	97827		0		97827	상장주식 매도 및 기타채권 매입
202603	517	NXB3178C	국회의원	국회	국회의원	김남희	증권	본인	기타(채권)	온라인전용_수시RP(USD) 0주, 외화RP(USD)(토스뱅크제휴수시형) 0주, 키움캐피탈2032994주(994주 증가)	470	44586		0		45056	상장주식 매도 및 기타채권 매입
202603	518	NXB3178C	국회의원	국회	국회의원	김남희	채무	본인	건물임대채무	서울특별시 종로구 무악동 인왕산아이파크 임대보증금증가	0	500000		0		500000	신규 전세계약
202603	519	NXB3178C	국회의원	국회	국회의원	김남희	채무	배우자	건물임대채무	서울특별시 종로구 무악동 인왕산아이파크 임대보증금증가	0	500000		0		500000	신규 전세계약
202603	520	NXB3178C	국회의원	국회	국회의원	김남희	보석류	본인		다이아몬드반지 (1캐럿, 무색)	10000	0		0		10000	
202603	521	NXB3178C	국회의원	국회	국회의원	김남희	보석류	본인		다이아몬드목걸이 (0.32캐럿x8개, 무색)	7000	0		0		7000	
202603	522	NXB3178C	국회의원	국회	국회의원	김남희	가상자산	본인		디스체인 1.05개, 세이 1.92839264개, 아쿠아 2,495.8147878개(138.6563771개 증가),이더리움피오더블유 1.05개	1	1		1		1	평가액변동
202603	523	NXB3178C	국회의원	국회	국회의원	김남희	고지거부 및 등록제외사항	부		고지거부	0	0		0		0	독립생계유지
202603	524	NXB3178C	국회의원	국회	국회의원	김남희	고지거부 및 등록제외사항	모		고지거부	0	0		0		0	독립생계유지
202603	525	ANS8383S	국회의원	국회	국회의원	김대식	토지	본인	대지	전라남도 영광군 염산면 옥실리 570-1번지 214.10㎡	1477	28		0		1505	공시지가 변동
202603	526	ANS8383S	국회의원	국회	국회의원	김대식	토지	본인	대지	전라남도 영광군 염산면 옥실리 570-2번지 623.70㎡	7422	187		0		7609	공시지가 변동
202603	527	ANS8383S	국회의원	국회	국회의원	김대식	토지	본인	전	전라남도 영광군 염산면 옥실리 570-8번지 535.00㎡	3579	69		0		3648	공시지가 변동
202603	528	ANS8383S	국회의원	국회	국회의원	김대식	토지	본인	전	전라남도 영광군 염산면 옥실리 585번지 1,431.50㎡	9004	86		0		9090	공시지가 변동
202603	529	ANS8383S	국회의원	국회	국회의원	김대식	토지	본인	전	전라남도 영광군 염산면 옥실리 589번지 1,355.60㎡	9462	94		0		9556	공시지가 변동
202603	530	ANS8383S	국회의원	국회	국회의원	김대식	토지	본인	임야	전라남도 영광군 염산면 옥실리 854-3번지 2,937.00㎡ 중979.00㎡	1938	49		0		1987	공시지가 변동
202603	531	ANS8383S	국회의원	국회	국회의원	김대식	토지	본인	임야	전라남도 영광군 염산면 옥실리 854-4번지 132.00㎡ 중44.00㎡	82	2		0		84	공시지가 변동
202603	532	ANS8383S	국회의원	국회	국회의원	김대식	토지	배우자	대지	부산광역시 사상구 덕포동 422-7번지 1,139.10㎡ 중6.08㎡	10014	107		0		10121	공시지가 변동
202603	533	ANS8383S	국회의원	국회	국회의원	김대식	건물	본인	오피스텔	부산광역시 해운대구 우동 해운대아델리스 건물 298.93㎡	1296160	0		0		1296160	변동 없음
202603	534	ANS8383S	국회의원	국회	국회의원	김대식	건물	본인	아파트(전세(임차)권)	부산광역시 사상구 덕포동 사상중흥S-클래스그랜드센트럴건물 118.30㎡	30000	0		0		30000	변동 없음
202603	535	ANS8383S	국회의원	국회	국회의원	김대식	건물	배우자	오피스텔	서울특별시 영등포구 여의도동 여의도파라곤 건물146.79㎡	476920	14386		0		491306	공시가격 변동
202603	536	ANS8383S	국회의원	국회	국회의원	김대식	예금	본인		(주)KB손해보험 54,726(2,116 증가), (주)KEB하나은행 9,478(10,134 감소), (주)상상인증권 8, DB금융투자11(106,097 감소), KB라이프생명보험 57,189(12,040증가), SK증권 4, 교보생명보험 28,112(31,888 감소),국민은행 23, 농협은행 10,824(107,801 감소),메리츠화재해상보험(보험) 2,014(374 증가),미래에셋증권 730(12 증가), 부국증권 106, 부산은행2,230(3,025 감소), 삼성생명보험 2,328,새마을금고중앙회 351(122 증가), 신용협동조합중앙회 131, 신한라이프생명보험 69,305(2,203 증가), 우리은행1,938(12,983 감소), 주식회사 카카오뱅크 10, 한국교직원공제회 154,356(22,819 감소), 흥국생명보험0(41,720 감소)	713474	16874		336474		393874	보헙금 납입 및 예금 잔고 변동
202603	537	ANS8383S	국회의원	국회	국회의원	김대식	예금	배우자		(주)KB손해보험 14,014(876 증가), (주)KEB하나은행 59,교보생명보험 105,879(14,121 감소), 농협은행 76,미래에셋증권 13,609(13,590 증가), 부산은행 264,수협은행 1, 신한라이프생명보험 103,116(2,003 감소), 우리은행 108,944(31,881 증가), 주식회사 카카오뱅크 822(3,138 감소), 중소기업은행 13,719(13,140 감소)	346558	49309		35364		360503	보헙금 납입 및 예금 잔고 변동
202603	538	ANS8383S	국회의원	국회	국회의원	김대식	정치자금법에 따른 정치자금의 수입 및 지출을 위한 예금계좌의 예금	본인		부산은행 135,565(109,763 증가)	25802	109763		0		135565	후원금 증가
202603	539	ANS8383S	국회의원	국회	국회의원	김대식	증권	본인	상장주식	모두투어 0주(500주 감소), 한탑 0주(2,000주 감소)	6278	0		6278		0	매도 및 평가액 변동
202603	540	ANS8383S	국회의원	국회	국회의원	김대식	증권	본인	비상장주식	세신 0주(1,022주 감소)	511	0		511		0	매도 및 평가액 변동
202603	541	ANS8383S	국회의원	국회	국회의원	김대식	증권	배우자	상장주식	도화엔지니어링 3,113주(2,181주 감소), 신라젠 699주,포스코퓨처엠 31주	40781	2087		14762		28106	매도 및 평가액 변동
202603	542	ANS8383S	국회의원	국회	국회의원	김대식	채권	본인		사인간채권 증가	0	300000		0		300000	신규 채권 취득
202603	543	ANS8383S	국회의원	국회	국회의원	김대식	채무	본인		사인간채무 증가	200000	50000		0		250000	신규 채무 발생
202603	544	ANS8383S	국회의원	국회	국회의원	김대식	회원권	본인	콘도미니엄	켄싱턴리조트	7575	0		0		7575	변동 없음
202603	545	ANS8383S	국회의원	국회	국회의원	김대식	가상자산	배우자		메디블록 8,531.87403009개(0.87403009개 증가), 비트토렌트 210,454,189.56119개(0.56119개 증가), 에이피이앤에프티 3,188,667.9324539개(0.9324539개증가)	438	0		303		135	가액 변동
202603	546	ANS8383S	국회의원	국회	국회의원	김대식	고지거부 및 등록제외사항	장남		고지거부	184302	0		184302		0	독립생계유지
202603	547	ANS8383S	국회의원	국회	국회의원	김대식	고지거부 및 등록제외사항	장녀		고지거부	573970	0		573970		0	독립생계유지
202603	548	LH97552Q	국회의원	국회	국회의원	김도읍	토지	본인	전	경상남도 김해시 신문동 918번지 66.00㎡	4099	19		0		4118	가액변동
202603	549	LH97552Q	국회의원	국회	국회의원	김도읍	토지	본인	묘지	경상남도 김해시 신문동 918-2번지 99.00㎡	10999	59		0		11058	가액변동
202603	550	LH97552Q	국회의원	국회	국회의원	김도읍	토지	본인	대지	부산광역시 강서구 강동동 159-4번지 331.00㎡ 중 82.75㎡	75915	3451		0		79366	가액변동
202603	551	LH97552Q	국회의원	국회	국회의원	김도읍	건물	본인	아파트	서울특별시 송파구 신천동 잠실푸르지오월드마크아파트건물 124.98㎡ 중 62.49㎡	725000	23000		0		748000	가액변동
202603	552	LH97552Q	국회의원	국회	국회의원	김도읍	건물	본인	아파트	부산광역시 북구 화명동 대림쌍용강변타운 건물 0.00㎡(건물 84.92㎡ 감소)	289000	0		289000	450000	0	매도
202603	553	LH97552Q	국회의원	국회	국회의원	김도읍	건물	본인	근린생활시설	부산광역시 강서구 강동동 대지 1,514.00㎡ 건물 538.00㎡	2356655	88670		0		2445325	가액변동
202603	554	LH97552Q	국회의원	국회	국회의원	김도읍	건물	본인	사무실(전세(임차)권)	부산광역시 강서구 대저1동 건물 85.80㎡	20000	0		0		20000	변동없음
202603	555	LH97552Q	국회의원	국회	국회의원	김도읍	건물	본인	오피스텔(전세( 임차)권)	부산광역시 강서구 명지동 부산명지 대방디엠시티 센텀오션1차 건물 0.00㎡ 중 0.00㎡ (건물 총면적2,451.59㎡ 감소, 지분면적 35.49㎡ 감소)	10000	0		10000		0	계약 만료
202603	556	LH97552Q	국회의원	국회	국회의원	김도읍	건물	본인	아파트(전세(임차)권)	부산광역시 강서구 명지동 명지1차 금강펜테리움센트럴파크 건물 61.25㎡ (건물 61.25㎡ 증가)	0	225000		0		225000	신규 계약
202603	557	LH97552Q	국회의원	국회	국회의원	김도읍	건물	본인	근린생활시설	부산광역시 강서구 강동동 대지 557.00㎡ 건물 284.43㎡	1140668	50079		0		1190747	가액변동
202603	558	LH97552Q	국회의원	국회	국회의원	김도읍	건물	배우자	아파트	서울특별시 송파구 신천동 잠실푸르지오월드마크아파트건물 124.98㎡ 중 62.49㎡	725000	23000		0		748000	가액변동
202603	559	LH97552Q	국회의원	국회	국회의원	김도읍	부동산에 관한 규정이 준용되는 권리와 자동차·건설기계·선박 및 항공기	본인	자동차	2011년식 그랜져HG300 배기량(3,000cc)	4580	0		660		3920	가액변동
202603	560	LH97552Q	국회의원	국회	국회의원	김도읍	부동산에 관한 규정이 준용되는 권리와 자동차·건설기계·선박 및 항공기	차녀	자동차	2020년식 G70 배기량(1,998cc) 증가	0	17540	22800	0		17540	매입
202603	561	LH97552Q	국회의원	국회	국회의원	김도읍	예금	본인		DB손해보험(주) 10,220(1,308 증가), 교보생명보험 22,487(23,673 감소), 국민은행 6,508(6 증가), 농협은행1,910(563 감소), 스탠다드차타드은행 3, 신한은행4,746(2,904 증가), 한화생명보험주식회사 30,672	96564	4419		24437		76546	급여저축 및 생활비 지출 등
202603	562	LH97552Q	국회의원	국회	국회의원	김도읍	예금	배우자		(주)KB손해보험 128,411(11,776 증가), (주)KEB하나은행 17,520(2,520 증가), (주)카카오페이증권 9,662(9,142증가), KB증권 14,101(6,121 증가), 국민은행 227,486(122,668 증가), 농협은행 2,796(2,796 증가),농협중앙회 0(3,081 감소), 삼성증권 0(575 감소), 신한라이프생명보험 3,341(514 증가), 우체국 16,143(1,940 증가), 한화생명보험주식회사 96,711(8,980증가)	353370	194357		31556		516171	급여저축 및 생활비 지출 등
202603	563	LH97552Q	국회의원	국회	국회의원	김도읍	예금	모		농협중앙회 17(84 감소), 중소기업은행 1	102	0		84		18	급여저축 및 생활비 지출 등
202603	564	LH97552Q	국회의원	국회	국회의원	김도읍	예금	장남		국민은행 7,866(4,858 증가), 농협은행 2, 신한은행 200,주식회사 카카오뱅크 40	3250	5641		783		8108	급여저축 및 생활비 지출 등
202603	565	LH97552Q	국회의원	국회	국회의원	김도읍	예금	차녀		(주)KB손해보험 3,017(426 증가), (주)KEB하나은행 4,DB손해보험(주) 0(1,782 감소), KB증권 11, 국민은행426(182 증가), 신한은행 1,500(1,200 증가), 우리은행10,026(10,018 증가), 주식회사 카카오뱅크 37(37 증가),토스증권(주) 166(166 증가)	4940	12329		2082		15187	급여저축 및 생활비 지출 등
202603	566	LH97552Q	국회의원	국회	국회의원	김도읍	정치자금법에 따른 정치자금의 수입 및 지출을 위한 예금계좌의 예금	본인		농협중앙회 37,204(39,292 감소)	76496	0		39292		37204	의정활동 지출
202603	567	LH97552Q	국회의원	국회	국회의원	김도읍	증권	배우자	상장주식	에코프로 0주(121주 감소), 엔비디아 0주(0.113주 감소),테슬라 0주(0.039695주 감소)	7002	0		7002		0	주식매도
202603	568	LH97552Q	국회의원	국회	국회의원	김도읍	채무	본인	금융채무	농협은행 39,412(12,614 감소), 신한은행422,608(191,673 감소)	666307	0		204287		462020	일부 상환
202603	569	LH97552Q	국회의원	국회	국회의원	김도읍	채무	본인	건물임대채무	부산광역시 강서구 강동동 임대보증금	105000	0		0		105000	변동없음
202603	570	LH97552Q	국회의원	국회	국회의원	김도읍	채무	배우자	금융채무	(주)KEB하나은행 0(13,282 감소), 국민은행 17,473(1,207증가)	29548	1207		13282		17473	일부 상환
202603	571	LH97552Q	국회의원	국회	국회의원	김도읍	채무	차녀	금융채무	신한은행 50,897(17,825 증가)	33072	17825		0		50897	마이너스 통장
202603	572	MIS62075	국회의원	국회	국회의원	김동아	토지	배우자	임야	전라남도 완도군 완도읍 대신리 산 8-146번지 9,917.00㎡(9,917.00㎡ 증가)	0	8033		0		8033	증여
202603	573	MIS62075	국회의원	국회	국회의원	김동아	토지	배우자	도로	전라남도 완도군 완도읍 대신리 107-2번지 17.00㎡(17.00㎡ 증가)	0	128		0		128	증여
202603	574	MIS62075	국회의원	국회	국회의원	김동아	건물	본인	사무실(전세(임차)권)	서울특별시 서대문구 홍제동 3층 대지 281.00㎡ 건물165.02㎡	10000	0		0		10000	변동없음
202603	575	MIS62075	국회의원	국회	국회의원	김동아	건물	배우자	사무실(전세(임차)권)	서울특별시 서초구 서초동 3층 대지 224.70㎡ 건물134.31㎡	40000	0		0		40000	변동없음
202603	576	MIS62075	국회의원	국회	국회의원	김동아	건물	배우자	아파트(전세(임차)권)	서울특별시 서대문구 북아현동 이편한세상신촌 건물84.93㎡	700000	0		0		700000	변동없음
202603	577	MIS62075	국회의원	국회	국회의원	김동아	건물	배우자	단독주택	전라남도 완도군 완도읍 대신리 대지 493.00㎡ 건물62.37㎡ (대지 493.00㎡ 증가, 건물 62.37㎡ 증가)	0	30000	30000	0		30000	매입
202603	578	MIS62075	국회의원	국회	국회의원	김동아	부동산에 관한 규정이 준용되는 권리와 자동차·건설기계·선박 및 항공기	본인	자동차	2012년식 크루즈 2.0(디젤) 배기량(1,998cc)	3600	0		310		3290	가액변동
202603	579	MIS62075	국회의원	국회	국회의원	김동아	부동산에 관한 규정이 준용되는 권리와 자동차·건설기계·선박 및 항공기	배우자	자동차	2025년식 THE NEW 스포티지 가솔린 터보 1.6 배기량(1,598cc) 증가	0	39190	39190	0		39190	자동차 구매
202603	580	MIS62075	국회의원	국회	국회의원	김동아	예금	본인		(주)KEB하나은행 9,679(19,140 감소), 농협은행 59,626(88,667 감소), 농협중앙회 1, 미래에셋증권61,836(26,851 증가), 신한은행 183,897(71,579 감소),우리은행 2,554(242 증가), 주식회사 카카오뱅크 59,812(48,047 증가), 토스뱅크(주) 52,606(50,040증가), 토스증권(주) 0(2,034 감소), 한국투자증권 107,708(63,912 증가), 현대해상화재보험 350(1,827감소)	532224	410819		404974		538069	수입 저축 및 지출. 보험금 입금
202603	581	MIS62075	국회의원	국회	국회의원	김동아	예금	배우자		DB손해보험(주) 80(80 증가), 국민은행 14,336(28,164 감소), 동양생명보험 2,046(2,046 증가), 메리츠화재해상보험(보험) 953(953 증가), 메트라이프생명보험 6,952(31,048 감소), 미래에셋증권 40,625(38,548 감소), 신한은행 356,496(124,437 증가),우리은행 10,320, 주식회사 카카오뱅크 441(1,078 감소), 중소기업은행 1,744(14,979 감소), 키움증권 105,412(105,405 증가), 토스뱅크(주) 39(688 감소),한화손해보험 1,022(168 증가), 현대해상화재보험1,876(692 증가)	423066	273628		154352		542342	수입 저축 및 지출. 보험금 입금
202603	582	MIS62075	국회의원	국회	국회의원	김동아	예금	장녀		우리은행 1,270(1,270 증가)	0	1270		0		1270	수입 저축 및 지출. 보험금 입금
202603	583	MIS62075	국회의원	국회	국회의원	김동아	정치자금법에 따른 정치자금의 수입 및 지출을 위한 예금계좌의 예금	본인		농협은행 24,530(24,530 증가)	0	24530		0		24530	계좌개설
202603	584	MIS62075	국회의원	국회	국회의원	김동아	채무	배우자	금융채무	토스뱅크(주) 179,000(43,000 감소)	222000	0		43000		179000	대출 일부 상환
202603	585	MIS62075	국회의원	국회	국회의원	김동아	가상자산	배우자		페이코인 0.999개(0.999개 증가)	0	0		0		0	업무상 보관중인 타인 재산
202603	586	MIS62075	국회의원	국회	국회의원	김동아	고지거부 및 등록제외사항	모		고지거부	56946	0		56946		0	타인부양
202603	587	86R9476S	국회의원	국회	국회의원	김문수	건물	본인	아파트	서울특별시 성북구 길음동 길음뉴타운 건물 59.77㎡ 중29.88㎡	192000	13000		0		205000	가액 변동
202603	588	86R9476S	국회의원	국회	국회의원	김문수	건물	본인	사무실(전세(임차)권)	전라남도 순천시 조례동 그랜드파크 대지 55.00㎡ 건물55.00㎡	20000	0		0		20000	보증금 변동 없음
202603	589	86R9476S	국회의원	국회	국회의원	김문수	건물	배우자	아파트	서울특별시 성북구 길음동 길음뉴타운 건물 59.77㎡ 중29.88㎡	192000	13000		0		205000	가액 변동
202603	590	86R9476S	국회의원	국회	국회의원	김문수	건물	배우자	오피스텔(전세(임차)권)	충청북도 청주시 흥덕구 오송읍 만수리 미라클오피스텔건물 61.33㎡ (건물 61.33㎡ 증가)	0	3000		0		3000	신규 계약
202603	591	86R9476S	국회의원	국회	국회의원	김문수	건물	모	단독주택	전라남도 순천시 송광면 이읍리 대지 210.00㎡ 건물32.00㎡	9790	0		0		9790	가액 변동 없음
202603	592	86R9476S	국회의원	국회	국회의원	김문수	부동산에 관한 규정이 준용되는 권리와 자동차·건설기계·선박 및 항공기	배우자	자동차	2025년식 소렌토 하이브리드 배기량(1,598cc)	46073	0		5553		40520	가액 변동
202603	593	86R9476S	국회의원	국회	국회의원	김문수	예금	본인		(주)카카오페이증권 10, 국민은행 1,037(77 증가),농협은행 34,189(4,031 감소), 농협중앙회 7(7 증가),새마을금고중앙회 103(2 증가), 스탠다드차타드은행 16,신용협동조합중앙회 12, 신한라이프생명보험 7,483(592증가), 우리은행 3,033(33 증가), 유안타증권 49, 주식회사 카카오뱅크 76(130 감소), 키움증권 4(1 증가)	49468	712		4161		46019	급여 저축
202603	594	86R9476S	국회의원	국회	국회의원	김문수	예금	배우자		(주)KB손해보험 54,019(4,177 증가), (주)KEB하나은행 3,400(240 증가), BNP파리바카디프생명보험 10,322(3,922증가), NH투자증권 532(216 증가), 농협은행 2,036(2,036증가), 한화생명보험주식회사 4,752	64470	10591		0		75061	급여 저축
202603	595	86R9476S	국회의원	국회	국회의원	김문수	예금	모		농협중앙회 21,365(3,431 증가)	17934	15520		12089		21365	급여 저축
202603	596	86R9476S	국회의원	국회	국회의원	김문수	예금	장남		(주)KEB하나은행 3,220(640 증가), 국민은행 3,596(3,596증가), 신한은행 15, 우리은행 160(246 감소), 유안타증권 438(202 증가), 중소기업은행 1,750(1,750 증가),토스뱅크(주) 179(179 증가), 토스증권(주) 99(61 증가)	3275	6428		246		9457	급여 저축
202603	597	86R9476S	국회의원	국회	국회의원	김문수	예금	장녀		(주)KEB하나은행 5,806(3,246 증가), (주)카카오페이증권 93(90 감소), 신한은행 3(3 증가), 우리은행 203(115 증가), 유안타증권 465(44 증가), 주식회사 카카오뱅크 0(11 감소), 키움증권 26(17 증가), 토스뱅크(주) 5(1,371감소)	4648	3430		1477		6601	급여 저축
202603	598	86R9476S	국회의원	국회	국회의원	김문수	정치자금법에 따른 정치자금의 수입 및 지출을 위한 예금계좌의 예금	본인		농협은행 9,270(12,957 감소)	22227	0		12957		9270	의정활동 지출
202603	599	86R9476S	국회의원	국회	국회의원	김문수	증권	배우자	상장주식	남선알미늄 20주, 대한항공 93주, 삼성전자 100주, 센코 80주, 셀트리온 1주, 셀트리온제약 1주, 에이텍 20주,카카오 10주	8813	6915		401		15327	주가 상승
202603	600	86R9476S	국회의원	국회	국회의원	김문수	채무	본인	금융채무	(주)KEB하나은행 7,252(1,183 감소), 우리은행23,309(3,510 감소)	35254	0		4693		30561	근로소득으로 상환
202603	601	86R9476S	국회의원	국회	국회의원	김문수	채무	배우자	금융채무	공무원연금공단 24,704, 농협은행 200,427(42,186 감소)	267317	0		42186		225131	근로소득으로 상환
202603	602	86R9476S	국회의원	국회	국회의원	김문수	채무	배우자	기타	롯데카드 감소	38952	0		8730		30222	근로소득으로 상환
202603	603	3BC6890E	국회의원	국회	국회의원	김미애	건물	본인	근린생활시설	부산광역시 해운대구 재송동 지하~4층 대지 253.70㎡ 건물735.47㎡	952281	0		8169		944112	가액변동
202603	604	3BC6890E	국회의원	국회	국회의원	김미애	건물	본인	아파트	부산광역시 해운대구 반여동 아시아선수촌아파트 건물118.73㎡	740000	0		0		740000	가액변동없음
202603	605	3BC6890E	국회의원	국회	국회의원	김미애	건물	본인	근린생활시설(전세(임차)권)	부산광역시 해운대구 재송동 4층 건물 149.15㎡	10000	0		0		10000	변동없음
202603	606	3BC6890E	국회의원	국회	국회의원	김미애	건물	본인	아파트(전세(임차)권)	서울특별시 구로구 구로동 신구로자이나인스에비뉴 건물133.78㎡ (건물 133.78㎡ 증가)	0	720000		0		720000	전세
202603	607	3BC6890E	국회의원	국회	국회의원	김미애	건물	본인	근린생활시설(전세(임차)권)	부산광역시 해운대구 재송동 3층 건물 73.00㎡ (건물73.00㎡ 증가)	0	5000		0		5000	사무실 임차
202603	608	3BC6890E	국회의원	국회	국회의원	김미애	부동산에 관한 규정이 준용되는 권리와 자동차·건설기계·선박 및 항공기	본인	자동차	2019년식 그랜져 IG 배기량(2,400cc)	15140	0		1990		13150	가액변동
202603	609	3BC6890E	국회의원	국회	국회의원	김미애	예금	본인		KB저축은행 2, KB증권 68,562(58,856 증가), NH투자증권159,798(158,977 증가), SBI저축은행 101(98,749 감소),국민은행 5,994(44,947 감소), 농협은행 2,890(14,124감소), 메트라이프생명보험 32,964(32,964 증가), 미래에셋증권 174(3 증가), 부산은행 21,524(105,498 감소), 삼성생명보험 44,781, 삼성화재해상보험 1,872(864 증가), 상호저축은행중앙회 89(146,662 감소),새마을금고중앙회 24,977(18,932 감소),신용협동조합중앙회 2,101(1,600 증가), 신한라이프생명보험 6,337(7,763 감소), 신한은행 58,458(169,122 감소), 유안타증권 19, 주식회사카카오뱅크 1,005(1 증가), 키움증권 0(4,917 감소),토스뱅크(주) 95(3,711 감소), 한국투자증권 27(1 증가),한화생명보험주식회사 12,934(5,866 감소),현대해상화재보험 23,301(1,588 증가),흥국화재해상보험(주) 13,907(1,355 증가)	845994	301139		665221		481912	전세금 지급으로 인한 예금 감소
202603	610	3BC6890E	국회의원	국회	국회의원	김미애	예금	장녀		(주)KEB하나은행 1,550, KB증권 6,391(28,374 감소),국민은행 14,164(85 증가), 신한은행 3,916(3 증가),토스뱅크(주) 1,446(846 증가)	54907	12683		40123		27467	전세금 지급으로 인한 예금 감소
202603	611	3BC6890E	국회의원	국회	국회의원	김미애	정치자금법에 따른 정치자금의 수입 및 지출을 위한 예금계좌의 예금	본인		농협은행 76,836(40,609 감소)	117445	0		40609		76836	의정활동 지출
202603	612	3BC6890E	국회의원	국회	국회의원	김미애	증권	본인	상장주식	ALPHABETCLAORD 6주(6주 증가), KB금융 0주(216주 감소), NVIDIAORD 3주(3주 증가), TESLAORD 6주(6주 증가),삼성전자 0주(160주 감소), 엔비디아 6주(6주 증가),클로봇 20주(20주 증가)	26418	10286		26418		10286	평가액 변동
202603	613	3BC6890E	국회의원	국회	국회의원	김미애	증권	본인	기타(채권)	KB증권 BNTNF1001/01/33 0주	49354	0		0		49354	평가액 변동
202603	614	3BC6890E	국회의원	국회	국회의원	김미애	증권	장녀	국채	국고02750-5409(24-8) 0주	0	29041		0		29041	평가액 변동
202603	615	3BC6890E	국회의원	국회	국회의원	김미애	채권	본인		사인간채권 감소	72000	0		72000		0	전액환수(전세계약금)
202603	616	3BC6890E	국회의원	국회	국회의원	김미애	채무	본인	금융채무	부산은행 300,000(300,000 증가), 신한은행 0(200,000감소), 현대캐피탈 28,992(10,678 감소)	239670	300000		210678		328992	신규 채무 및 감소
202603	617	3BC6890E	국회의원	국회	국회의원	김미애	채무	본인	건물임대채무	부산광역시 해운대구 재송동 지하 ~ 3층 임대보증금 감소	84000	0		15000		69000	계약변동
202603	618	3BC6890E	국회의원	국회	국회의원	김미애	채무	본인	건물임대채무	부산광역시 해운대구 재송동 지하~4층 임대보증금 증가	30000	20000		0		50000	신규 임대
202603	619	3BC6890E	국회의원	국회	국회의원	김미애	채무	본인	건물임대채무	부산광역시 해운대구 재송동 4층 임대보증금	10000	0		0		10000	변동없음
202603	620	3BC6890E	국회의원	국회	국회의원	김미애	회원권	본인	콘도미니엄	에덴벨리리조트(콘도12차 23-개인-스키C)	14155	0		0		14155	변동없음
202603	621	3BC6890E	국회의원	국회	국회의원	김미애	회원권	본인	콘도미니엄	소노호텔 앤 리조트(리조트 회원)	42400	0		0		42400	변동없음
202603	622	TCP9838Y	국회의원	국회	국회의원	김민전	건물	본인	아파트	경기도 성남시 분당구 이매동 건물 117.12㎡ 중 58.56㎡	479000	20000		0		499000	가액변동
202603	623	TCP9838Y	국회의원	국회	국회의원	김민전	건물	본인	아파트	서울특별시 성동구 금호동1가 이편한세상 금호파크힐스 건물 84.95㎡ 중 42.48㎡	503500	59500		0		563000	가액변동
202603	624	TCP9838Y	국회의원	국회	국회의원	김민전	건물	본인	오피스텔(전세( 임차)권)	서울특별시 영등포구 여의도동 더하우스 소호 여의도 오피스텔 대지 2,750.00㎡ 중 12.98㎡ 건물 23.63㎡	20000	0		0		20000	변동없음
202603	625	TCP9838Y	국회의원	국회	국회의원	김민전	건물	배우자	아파트	경기도 성남시 분당구 이매동 건물 117.12㎡ 중 58.56㎡	479000	20000		0		499000	가액변동
202603	626	TCP9838Y	국회의원	국회	국회의원	김민전	건물	배우자	아파트	서울특별시 성동구 금호동1가 이편한세상 금호파크힐스 건물 84.95㎡ 중 42.48㎡	503500	59500		0		563000	가액변동
202603	627	TCP9838Y	국회의원	국회	국회의원	김민전	건물	부	다가구주택	부산광역시 기장군 기장읍 대라리 대지 193.80㎡ 건물240.59㎡	365000	0		0		365000	변동없음
202603	628	TCP9838Y	국회의원	국회	국회의원	김민전	건물	모	복합건물(주택+상가)	부산광역시 기장군 기장읍 대라리 대지 224.00㎡ 건물321.42㎡	436000	0		0		436000	변동없음
202603	629	TCP9838Y	국회의원	국회	국회의원	김민전	부동산에 관한 규정이 준용되는 권리와 자동차·건설기계·선박 및 항공기	본인	자동차	2016년식 캠리 배기량(2,494cc) 감소	8580	0		8580		0	지분 반영으로 인한 상실처리
202603	630	TCP9838Y	국회의원	국회	국회의원	김민전	부동산에 관한 규정이 준용되는 권리와 자동차·건설기계·선박 및 항공기	본인	자동차	2016년식 캠리 배기량(2,494cc) 증가	0	6662		0		6662	지분 반영 후 추가
202603	631	TCP9838Y	국회의원	국회	국회의원	김민전	부동산에 관한 규정이 준용되는 권리와 자동차·건설기계·선박 및 항공기	배우자	자동차	2020년식 GLC300 배기량(1,991cc)	35810	0		8010		27800	가액 변동
202603	632	TCP9838Y	국회의원	국회	국회의원	김민전	부동산에 관한 규정이 준용되는 권리와 자동차·건설기계·선박 및 항공기	배우자	자동차	2016년식 캠리 배기량(2,494cc) 증가	0	67		0		67	지분 반영 후 추가
202603	633	TCP9838Y	국회의원	국회	국회의원	김민전	부동산에 관한 규정이 준용되는 권리와 자동차·건설기계·선박 및 항공기	배우자	자동차	2021년식 C200 Coupe 배기량(1,991cc) 증가	0	268		0		268	지분 반영 후 추가
202603	634	TCP9838Y	국회의원	국회	국회의원	김민전	부동산에 관한 규정이 준용되는 권리와 자동차·건설기계·선박 및 항공기	장녀	자동차	2021년식 C200 Coupe 배기량(1,991cc) 감소	33900	0		33900		0	지분 반영으로 인한 상실처리
202603	635	TCP9838Y	국회의원	국회	국회의원	김민전	부동산에 관한 규정이 준용되는 권리와 자동차·건설기계·선박 및 항공기	장녀	자동차	2021년식 C200 Coupe 배기량(1,991cc) 증가	0	26551		0		26551	지분 반영 후 추가
202603	636	TCP9838Y	국회의원	국회	국회의원	김민전	예금	본인		(주)KEB하나은행 8,565(1,865 증가), 국민은행 1,501,농협은행 5,379(671 감소), 스탠다드차타드은행 595(226 증가), 신한은행 0(28 감소), 우리은행 2,343(139 증가)	16852	3038		1507		18383	급여 저축 및 생활비 지출 등
202603	637	TCP9838Y	국회의원	국회	국회의원	김민전	예금	배우자		광주은행 9, 부산은행 2, 삼성증권 89(1 증가),새마을금고중앙회 167, 신영증권 117(5 증가), 신한은행143(67 증가), 우리은행 29,096(17,191 증가)	12359	20073		2809		29623	급여 저축 및 생활비 지출 등
202603	638	TCP9838Y	국회의원	국회	국회의원	김민전	예금	부		농협은행 5,913(2,829 증가), 새마을금고중앙회 9,신한은행 1	3094	2829		0		5923	급여 저축 및 생활비 지출 등
202603	639	TCP9838Y	국회의원	국회	국회의원	김민전	예금	모		(주)KB손해보험 420(360 증가), 농협은행 3,161(28,217 감소), 농협중앙회 8, 메리츠화재해상보험(보험) 1,638(1,404 증가), 부산은행 285(417 감소),새마을금고중앙회 6, 신한은행 9	32397	3767		30637		5527	급여 저축 및 생활비 지출 등
202603	640	TCP9838Y	국회의원	국회	국회의원	김민전	예금	장남		(주)KEB하나은행 4, 국민은행 5, 농협중앙회 476,우리은행 3,220(240 증가), 주식회사 카카오뱅크 31(11 감소)	3507	240		11		3736	급여 저축 및 생활비 지출 등
202603	641	TCP9838Y	국회의원	국회	국회의원	김민전	예금	장녀		(주)KEB하나은행 23,666(16,048 증가), 신한은행3,506(3,489 증가), 우리은행 3,220(240 증가)	10615	19777		0		30392	급여 저축 및 생활비 지출 등
202603	642	TCP9838Y	국회의원	국회	국회의원	김민전	정치자금법에 따른 정치자금의 수입 및 지출을 위한 예금계좌의 예금	본인		농협은행 26,059(18,775 증가)	7284	18775		0		26059	후원금 증가
202603	643	TCP9838Y	국회의원	국회	국회의원	김민전	채무	본인	금융채무	(주)KEB하나은행 48,948(210 증가), 농협은행 7,274(7,274 증가), 스탠다드차타드은행 206,442(3,901감소)	259081	7484		3901		262664	
202603	644	TCP9838Y	국회의원	국회	국회의원	김민전	채무	본인	건물임대채무	경기도 성남시 분당구 이매동 임대보증금	310000	0		0		310000	
202603	645	TCP9838Y	국회의원	국회	국회의원	김민전	채무	배우자	금융채무	신한은행 0(1,999 감소)	1999	0		1999		0	
202603	646	TCP9838Y	국회의원	국회	국회의원	김민전	채무	배우자	건물임대채무	경기도 성남시 분당구 이매동 임대보증금	310000	0		0		310000	
202603	647	TCP9838Y	국회의원	국회	국회의원	김민전	채무	부	건물임대채무	부산광역시 기장군 기장읍 대라리 임대보증금	330000	0		0		330000	
202603	648	TCP9838Y	국회의원	국회	국회의원	김민전	채무	모	건물임대채무	부산광역시 기장군 기장읍 대라리 임대보증금	120000	0		0		120000	
202603	649	8Q88373R	국회의원	국회	국회의원	김병기	토지	배우자	묘지	경기도 파주시 적성면 자장리 산 100번지 19,743.00㎡ 중33.02㎡	479	3		0		482	가액변동
202603	650	8Q88373R	국회의원	국회	국회의원	김병기	토지	배우자	묘지	경기도 파주시 적성면 자장리 산 100-3번지 19,743.00㎡중 33.00㎡	142	1		0		143	가액변동
202603	651	8Q88373R	국회의원	국회	국회의원	김병기	건물	본인	아파트	서울특별시 송파구 신천동 장미아파트 건물 120.00㎡ 중74.40㎡	1031680	143840		0		1175520	가액변동
202603	652	8Q88373R	국회의원	국회	국회의원	김병기	건물	본인	사무실(전세(임차)권)	서울특별시 동작구 상도동 대경빌딩 4층 건물 178.27㎡	30000	0		0		30000	
202603	653	8Q88373R	국회의원	국회	국회의원	김병기	건물	본인	아파트(전세(임차)권)	서울특별시 동작구 대방동 대방2차 e-편한세상 건물131,637.00㎡	1100000	0		100000		1000000	전세 재계약
202603	654	8Q88373R	국회의원	국회	국회의원	김병기	건물	배우자	아파트	서울특별시 송파구 신천동 장미아파트 건물 120.00㎡ 중45.60㎡	632320	88160		0		720480	가액변동
202603	655	8Q88373R	국회의원	국회	국회의원	김병기	예금	본인		(주)KEB하나은행 5,129(1,557 감소), DB손해보험(주) 242(242 증가), 농협은행 37,055(29,515 증가),동양생명보험 9,732, 메리츠화재해상보험(보험) 518(444 증가), 우리은행 301,246(1 증가), 현대해상화재보험1,295(95 증가)	326477	331347		302607		355217	급여저축 및 생활비지출 등
202603	656	8Q88373R	국회의원	국회	국회의원	김병기	예금	배우자		(주)KEB하나은행 706,584(6,185 감소),AIA생명보험주식회사 19,914(1,419 증가),DB손해보험(주) 400(120 증가), SK증권 22,666(22,479증가), 국민은행 58,180(58,180 증가), 동양생명보험 19,907(257 증가), 메리츠화재해상보험(보험) 620(532 증가), 신한라이프생명보험 43,005(1,052 감소), 에이비엘생명보험 66,000(66,000 증가), 우리은행 300,037(37 증가), 케이디비생명보험 12,721(655 증가),한화생명보험주식회사 19,286(472 증가),현대해상화재보험 1,040(528 증가)	1126918	664790		521348		1270360	급여저축 및 생활비지출 등
202603	657	8Q88373R	국회의원	국회	국회의원	김병기	정치자금법에 따른 정치자금의 수입 및 지출을 위한 예금계좌의 예금	본인		농협은행 211,761(120,640 증가)	91121	120640		0		211761	후원금 증가
202603	658	8Q88373R	국회의원	국회	국회의원	김병기	증권	배우자	상장주식	SK아이이테크놀로지 139주, 미투젠 200주	4892	347		20		5219	평가액 변동
202603	659	8Q88373R	국회의원	국회	국회의원	김병기	채무	본인	건물임대채무	서울특별시 송파구 신천동 장미아파트 임대보증금	496000	0		0		496000	
202603	660	8Q88373R	국회의원	국회	국회의원	김병기	채무	배우자	건물임대채무	서울특별시 송파구 신천동 장미아파트 임대보증금	304000	0		0		304000	
202603	661	8Q88373R	국회의원	국회	국회의원	김병기	고지거부 및 등록제외사항	모		고지거부	0	0		0		0	독립생계유지
202603	662	8Q88373R	국회의원	국회	국회의원	김병기	고지거부 및 등록제외사항	장남		고지거부	0	0		0		0	독립생계유지
202603	663	8Q88373R	국회의원	국회	국회의원	김병기	고지거부 및 등록제외사항	차남		고지거부	0	0		0		0	독립생계유지
202603	664	GF286398	국회의원	국회	국회의원	김병주	건물	본인	아파트	서울특별시 노원구 공릉동 건물 114.88㎡	442000	33000		0		475000	가액변동
202603	665	GF286398	국회의원	국회	국회의원	김병주	건물	본인	아파트(전세(임 차)권)	경기도 남양주시 진접읍 금곡리 금강펜테리움아파트 건물 0.00㎡ 중 0.00㎡ (건물 총면적 50,196.80㎡ 감소,지분면적 84.94㎡ 감소)	50000	0		50000		0	계약만료
202603	666	GF286398	국회의원	국회	국회의원	김병주	건물	본인	사무실(전세(임차)권)	경기도 남양주시 진접읍 금곡리 엠타워 601,602호 건물0.00㎡ (건물 244.73㎡ 감소)	70000	0		70000		0	계약만료
202603	667	GF286398	국회의원	국회	국회의원	김병주	건물	본인	사무실(전세(임차)권)	경기도 남양주시 오남읍 양지리 건물 173.28㎡ (건물173.28㎡ 증가)	0	50000		0		50000	지역사무실
202603	668	GF286398	국회의원	국회	국회의원	김병주	건물	배우자	아파트(전세(임차)권)	경기도 남양주시 별내동 남양주 별내 아이파크 건물107.03㎡ (건물 107.03㎡ 증가)	0	100000		0		100000	임차
202603	669	GF286398	국회의원	국회	국회의원	김병주	부동산에 관한 규정이 준용되는 권리와 자동차·건설기계·선박 및 항공기	배우자	자동차	2011년식 SM3 배기량(1,596cc)	1485	0		237		1248	가액변동
202603	670	GF286398	국회의원	국회	국회의원	김병주	부동산에 관한 규정이 준용되는 권리와 자동차·건설기계·선박 및 항공기	배우자	자동차	2015년식 K3 배기량(1,591cc)	2970	0		463		2507	가액변동
202603	671	GF286398	국회의원	국회	국회의원	김병주	예금	본인		KB라이프생명보험 34,800, 국민은행 163,380(61,672증가), 농협은행 4,397(7,330 감소), 미래에셋증권 8, 삼성증권 364,595(204,983 증가), 새마을금고중앙회 20,000(20,000 증가), 하나증권 18,225	326080	286655		7330		605405	급여 저축으로 등으로 인한 예금 증가
202603	672	GF286398	국회의원	국회	국회의원	김병주	예금	배우자		DB손해보험(주) 702(281 증가), 국민은행 26,697(8,425 감소), 농협중앙회 21,949(18 증가), 동양생명보험 15,920(1,518 증가), 메리츠화재해상보험(보험) 28,188(2,929 증가), 새마을금고중앙회 12, 토스뱅크(주) 15,283(2,284 증가),한화생명보험주식회사 9,604(1,067 증가)	118683	8097		8425		118355	급여 저축으로 등으로 인한 예금 증가
202603	673	GF286398	국회의원	국회	국회의원	김병주	예금	장남		(주)KEB하나은행 3,000, KB라이프생명보험 23,901,국민은행 155(921 감소), 농협중앙회 4, 케이뱅크111,934(376 증가), 한화투자증권 5	139544	376		921		138999	급여 저축으로 등으로 인한 예금 증가
202603	674	GF286398	국회의원	국회	국회의원	김병주	예금	장녀		(주)KEB하나은행 3,000, KB라이프생명보험 31,919,국민은행 6,467(49,170 감소), 농협은행 55, 신한은행 74,애큐온저축은행 30,000(30,000 증가)	90685	31195		50365		71515	급여 저축으로 등으로 인한 예금 증가
202603	675	GF286398	국회의원	국회	국회의원	김병주	정치자금법에 따른 정치자금의 수입 및 지출을 위한 예금계좌의 예금	본인		농협은행 124,282(121,389 증가)	2893	121389		0		124282	후원금으로 인한 정치자금 증가
202603	676	GF286398	국회의원	국회	국회의원	김병주	채무	본인	건물임대채무	서울특별시 노원구 공릉동 임대보증금 증가	0	150000		0		150000	건물임대채무
202603	677	GF286398	국회의원	국회	국회의원	김병주	지식재산권	본인	저작재산권	9791187822523	-	-		-		-	판매부수 변동
202603	678	GF286398	국회의원	국회	국회의원	김병주	지식재산권	본인	저작재산권	9791187822370 (소득금액: 57천원)	-	-		-		-	판매부수 변동
202603	679	GF286398	국회의원	국회	국회의원	김병주	지식재산권	본인	저작재산권	지금다시 손자병법 저작재산권	-	-		-		-	판매부수 변동
202603	680	GF286398	국회의원	국회	국회의원	김병주	지식재산권	본인	저작재산권	9791157064557 (소득금액: 2,820천원)	-	-		-		-	출판
202603	681	GF286398	국회의원	국회	국회의원	김병주	지식재산권	장녀	저작재산권	9791187822523	-	-		-		-	판매부수 변동
202603	682	GF286398	국회의원	국회	국회의원	김병주	지식재산권	장녀	저작재산권	9791187822370 (소득금액: 57천원)	-	-		-		-	판매부수 변동
202603	683	VDN5593C	국회의원	국회	국회의원	김상욱	토지	본인	대지	경상북도 영덕군 강구면 오포리 843번지 267.00㎡	103803	0		0		103803	가액변동 없음
202603	684	VDN5593C	국회의원	국회	국회의원	김상욱	건물	본인	아파트	울산광역시 울주군 범서읍 구영리 건물 0.00㎡ (건물120.36㎡ 감소)	390000	0		390000		0	소유권 상실
202603	685	VDN5593C	국회의원	국회	국회의원	김상욱	건물	본인	오피스텔(전세(임차)권)	서울특별시 영등포구 영등포동8가 리마크빌 영등포 건물52.74㎡ (건물 52.74㎡ 증가)	0	10000		0		10000	신규 월세
202603	686	VDN5593C	국회의원	국회	국회의원	김상욱	현금	본인		현금	10000	0		0		10000	변동 없음
202603	687	VDN5593C	국회의원	국회	국회의원	김상욱	예금	본인		(주)KEB하나은행 5,285(1,200 증가), DB손해보험(주) 3,150(600 증가), 경남은행 81,741(261,065 감소),국민은행 120(10 감소), 농협은행 9,918(6,407 감소),농협중앙회 7, 부산은행 19, 산림조합중앙회 10,새마을금고중앙회 1,281(11 증가), 신한은행 2,289(226 증가), 신한투자증권 94,391(94,339 증가), 우리은행 1,351,131(817,444 증가), 주식회사 카카오뱅크 1,661(10감소)	904675	1453128		806800		1551003	급여 저축 및 생활비지출
202603	688	VDN5593C	국회의원	국회	국회의원	김상욱	예금	장남		농협중앙회 9(9 증가), 신한은행 12,637(860 증가)	11777	869		0		12646	급여 저축 및 생활비지출
202603	689	VDN5593C	국회의원	국회	국회의원	김상욱	예금	차남		우리은행 7,030(605 증가)	6425	605		0		7030	급여 저축 및 생활비지출
202603	690	VDN5593C	국회의원	국회	국회의원	김상욱	예금	장녀		농협중앙회 10(5 증가), 우리은행 20,914(2,744 증가)	18175	2749		0		20924	급여 저축 및 생활비지출
202603	691	VDN5593C	국회의원	국회	국회의원	김상욱	정치자금법에 따른 정치자금의 수입 및 지출을 위한 예금계좌의 예금	본인		농협은행 215,712(141,852 증가)	73860	141852		0		215712	정치후원금 모금
202603	692	VDN5593C	국회의원	국회	국회의원	김상욱	채권	본인		사인간채권 감소	305000	0		305000		0	전액환수
202603	693	VDN5593C	국회의원	국회	국회의원	김상욱	채무	본인	기타	법무법인 더정성 감소	200000	0		16300		183700	일부상환
202603	694	VDN5593C	국회의원	국회	국회의원	김상욱	합명·합자·유한회사 출자지분	본인	출자	법무법인 더정성, 출자가액: 198,000천원, 지분비율: 99%,연간매출액: 1,197,615천원	198000	0		0		198000	변동 없음
202603	695	VDN5593C	국회의원	국회	국회의원	김상욱	고지거부 및 등록제외사항	배우자		등록제외	3103	0		3103		0	이혼
202603	696	VDN5593C	국회의원	국회	국회의원	김상욱	고지거부 및 등록제외사항	부		고지거부	0	0		0		0	독립생계유지
202603	697	VDN5593C	국회의원	국회	국회의원	김상욱	고지거부 및 등록제외사항	모		고지거부	0	0		0		0	독립생계유지
202603	698	1Y73132H	국회의원	국회	국회의원	김상훈	건물	본인	아파트	대구광역시 수성구 범물동 한라아파트 건물 132.02㎡	252000	0		9000		243000	가액 변동
202603	699	1Y73132H	국회의원	국회	국회의원	김상훈	건물	본인	사무실(전세(임차)권)	대구광역시 서구 평리동 경총회관 3층 건물 109.18㎡ 중53.77㎡	30000	0		0		30000	
202603	700	1Y73132H	국회의원	국회	국회의원	김상훈	건물	본인	아파트(전세(임차)권)	서울특별시 용산구 이촌동 우성아파트 건물 80.88㎡	300000	0		0		300000	
202603	701	1Y73132H	국회의원	국회	국회의원	김상훈	건물	본인	아파트	대구광역시 서구 내당동 황제맨션 건물 131.45㎡	392000	0		0		392000	
202603	702	1Y73132H	국회의원	국회	국회의원	김상훈	건물	장남	아파트	경기도 안양시 동안구 평촌동 초원대림아파트 건물59.74㎡	790000	0		0		790000	
202603	703	1Y73132H	국회의원	국회	국회의원	김상훈	부동산에 관한 규정이 준용되는 권리와 자동차·건설기계·선박 및 항공기	본인	자동차	2020년식 카니발 리무진 배기량(2,151cc)	23610	0		1210		22400	
202603	704	1Y73132H	국회의원	국회	국회의원	김상훈	부동산에 관한 규정이 준용되는 권리와 자동차·건설기계·선박 및 항공기	배우자	자동차	2015년식 소나타 배기량(1,999cc)	7500	0		790		6710	
202603	705	1Y73132H	국회의원	국회	국회의원	김상훈	부동산에 관한 규정이 준용되는 권리와 자동차·건설기계·선박 및 항공기	장남	자동차	2017년식 티볼리 에어 1.6(가솔린) 배기량(1,597cc) 감소	6630	0		6630	8800	0	매도
202603	706	1Y73132H	국회의원	국회	국회의원	김상훈	부동산에 관한 규정이 준용되는 권리와 자동차·건설기계·선박 및 항공기	장남	자동차	2024년식 gv70 가솔린 2.5터보 배기량(2,497cc) 증가	0	49790	70797	0		49790	신규 구입
202603	707	1Y73132H	국회의원	국회	국회의원	김상훈	예금	본인		(주)KEB하나은행 10, 대신증권 96(7 증가),신용협동조합중앙회 61, 신한은행 41, 아이엠뱅크9,052(16,104 감소), 우체국 16,000(12,000 증가),중소기업은행 290(5 증가), 한화생명보험주식회사 4,932,현대해상화재보험 1,749(132 증가)	36191	12145		16105		32231	급여 저축 및 채무 상환
202603	708	1Y73132H	국회의원	국회	국회의원	김상훈	예금	배우자		(주)KB손해보험 4,119(1,740 증가), 농협생명보험 5,112(3,609 증가), 삼성생명보험 92,431(11,861 증가),아이엠뱅크 3,299(54,405 감소), 에이비엘생명보험 57,866(6,378 증가), 주식회사 카카오뱅크 1,074(5,110 감소), 케이뱅크 31(31 증가), 토스뱅크(주) 5(368 감소), 현대해상화재보험 1,766(724 증가)	201243	26493		62033		165703	급여 저축 및 채무 상환
202603	709	1Y73132H	국회의원	국회	국회의원	김상훈	예금	장남		(주)KEB하나은행 3,200(3,186 증가), SK증권 435(435증가), 농협은행 773(947 감소), 메리츠화재해상보험(보험) 526(144 증가), 삼성증권 2,203(2,080 증가), 신한은행 5,621, 아이엠뱅크 1, 우리은행 4,465(1,046 감소), 주식회사 카카오뱅크 1,634(1,134 증가), 한화생명보험주식회사 2,948(2,104 증가), 현대해상화재보험 1,834(276 증가)	16274	10573		3207		23640	급여 저축 및 채무 상환
202603	710	1Y73132H	국회의원	국회	국회의원	김상훈	예금	삼남		메트라이프생명보험 10,700(1,200 증가), 아이엠뱅크3,004(5,705 감소)	18209	1200		5705		13704	급여 저축 및 채무 상환
202603	711	1Y73132H	국회의원	국회	국회의원	김상훈	증권	본인	상장주식	DGB금융지주 11주	89	82		0		171	주식 매매 및 가액 변동
202603	712	1Y73132H	국회의원	국회	국회의원	김상훈	증권	장남	상장주식	AMD(어드밴스드마이크로디바이시스) 0주(1주 감소), 브이투엑스(V2X) 6주(6주 증가), 인텔 2주(21주 감소), 크리스피크림 26주(26주 증가), 포티넷 6주(6주 증가)	849	1316		742		1423	주식 매매 및 가액 변동
202603	713	1Y73132H	국회의원	국회	국회의원	김상훈	채권	본인		사인간채권 감소	210000	0		20000		190000	일부 환수
202603	714	1Y73132H	국회의원	국회	국회의원	김상훈	채무	본인	금융채무	아이엠뱅크 51,697(97,112 감소)	148809	0		97112		51697	일부 상환
202603	715	1Y73132H	국회의원	국회	국회의원	김상훈	채무	본인	건물임대채무	대구광역시 수성구 범물동 한라아파트 임대보증금 감소	310000	0		10000		300000	전세금 상환
202603	716	1Y73132H	국회의원	국회	국회의원	김상훈	채무	배우자		사인간채무	60000	0		0		60000	
202603	717	1Y73132H	국회의원	국회	국회의원	김상훈	채무	장남		사인간채무 감소	140000	0		20000		120000	일부 상환
202603	718	1Y73132H	국회의원	국회	국회의원	김상훈	채무	장남	금융채무	우리은행 354,435(10,360 감소)	364795	0		10360		354435	일부 상환
202603	719	1Y73132H	국회의원	국회	국회의원	김상훈	가상자산	배우자		디스체인 0.36492051개, 솔로제닉 5.73889407개, 엑스알피(리플) 2,465.72414425개(2,465.72414425개증가), 엑스코어 5.45745815개, 이더리움피오더블유0.36492051개	0	6708		0		6708	
202603	720	1Y73132H	국회의원	국회	국회의원	김상훈	고지거부 및 등록제외사항	차남		고지거부	0	0		0		0	독립생계유지
202603	721	ZYP7962W	국회의원	국회	국회의원	김석기	토지	본인	임야	강원특별자치도 평창군 대관령면 횡계리 산 101-1번지317.20㎡	29246	761		0		30007	가액변동
202603	722	ZYP7962W	국회의원	국회	국회의원	김석기	건물	본인	아파트	경기도 광명시 하안1동 이편한세상 센트레빌아파트 건물123.70㎡	596000	35000		0		631000	가액변동
202603	723	ZYP7962W	국회의원	국회	국회의원	김석기	건물	본인	사무실(전세(임차)권)	경상북도 경주시 용강동 죽우빌딩3층 건물 369.20㎡ 중213.35㎡	10000	0		0		10000	
202603	724	ZYP7962W	국회의원	국회	국회의원	김석기	건물	모	단독주택	대구광역시 수성구 범물동 대지 0.00㎡ 건물 0.00㎡ (대지194.00㎡ 감소, 건물 181.30㎡ 감소)	137000	0		137000		0	용도 변경을 위한 상실
202603	725	ZYP7962W	국회의원	국회	국회의원	김석기	건물	모	아파트(전세(임차)권)	경상북도 경주시 황성동 건물 105.12㎡	40000	0		0		40000	
202603	726	ZYP7962W	국회의원	국회	국회의원	김석기	건물	모	복합건물(주택+상가)	대구광역시 수성구 범물동 대지 194.00㎡ 건물 181.30㎡(대지 194.00㎡ 증가, 건물 181.30㎡ 증가)	0	348396		0		348396	용도 변경 후 추가
202603	727	ZYP7962W	국회의원	국회	국회의원	김석기	부동산에 관한 규정이 준용되는 권리와 자동차·건설기계·선박 및 항공기	배우자	자동차	2014년식 제네시스 330 배기량(3,342cc)	8500	0		1000		7500	가액변동
202603	728	ZYP7962W	국회의원	국회	국회의원	김석기	현금	배우자		현금 증가	80000	10000		0		90000	봉급 저축
202603	729	ZYP7962W	국회의원	국회	국회의원	김석기	예금	본인		국민은행 10,278(1 증가), 농협은행 57,699(24,653 증가),농협중앙회 149, 삼성생명보험 119,461, 신한은행 237,우리은행 1,342(1 증가)	164511	24655		0		189166	봉급 저축 및 생활비 사용
202603	730	ZYP7962W	국회의원	국회	국회의원	김석기	예금	배우자		(주)KEB하나은행 15,170(13,290 증가), MG손해보험(주) 0(1,825 감소), 교보생명보험 4,452(25,948 감소),국민은행 401,364(27,804 증가), 농협은행 185(140 증가), 롯데손해보험 3,588(783 증가), 삼성화재해상보험 1,308(262 증가), 새마을금고중앙회 1,100(1,100 증가),예별손해보험 2,334(2,334 증가), 우리은행 1,531(921 증가), 주식회사 카카오뱅크 10,940(193 감소)	423304	378992		360324		441972	봉급 저축 및 생활비 사용
202603	731	ZYP7962W	국회의원	국회	국회의원	김석기	예금	모		농협은행 2,499(2 증가), 삼성화재해상보험 2,450(600증가), 아이엠뱅크 36,237(112 증가), 중소기업은행 13	40485	1697		983		41199	봉급 저축 및 생활비 사용
202603	732	ZYP7962W	국회의원	국회	국회의원	김석기	예금	차녀		국민은행 2,000(48,800 감소), 새마을금고중앙회51,480(51,480 증가), 우리은행 31(15 증가)	50816	52695		50000		53511	봉급 저축 및 생활비 사용
202603	733	ZYP7962W	국회의원	국회	국회의원	김석기	정치자금법에 따른 정치자금의 수입 및 지출을 위한 예금계좌의 예금	본인		농협중앙회 95,136(76,443 증가)	18693	76443		0		95136	후원금 증가
202603	734	ZYP7962W	국회의원	국회	국회의원	김석기	채권	본인		사인간채권 감소	176640	0		15000		161640	일부환수
202603	735	ZYP7962W	국회의원	국회	국회의원	김석기	채무	본인	금융채무	농협은행 0(121 감소)	121	0		121		0	
202603	736	ZYP7962W	국회의원	국회	국회의원	김석기	채무	모	건물임대채무	대구광역시 수성구 범물동 임대보증금	15000	0		0		15000	
202603	737	ZYP7962W	국회의원	국회	국회의원	김석기	고지거부 및 등록제외사항	장남		고지거부	28355	0		28355		0	독립생계유지
202603	738	ZYP7962W	국회의원	국회	국회의원	김석기	고지거부 및 등록제외사항	손자1		고지거부	0	0		0		0	독립생계유지
202603	739	JNL7001A	국회의원	국회	국회의원	김선교	토지	본인	전	경기도 양평군 옥천면 신복리 1026-4번지 44.00㎡	6860	197		0		7057	가액변동
202603	740	JNL7001A	국회의원	국회	국회의원	김선교	토지	본인	답	경기도 양평군 옥천면 신복리 1069번지 1,921.00㎡ 중49.00㎡	2867	92		0		2959	가액변동
202603	741	JNL7001A	국회의원	국회	국회의원	김선교	토지	본인	전	경기도 양평군 옥천면 신복리 1026-5번지 285.00㎡	46626	1368		0		47994	가액변동
202603	742	JNL7001A	국회의원	국회	국회의원	김선교	토지	본인	답	경기도 양평군 옥천면 신복리 1059-2번지 3,554.00㎡ 중91.00㎡	5324	172		0		5496	가액변동
202603	743	JNL7001A	국회의원	국회	국회의원	김선교	토지	본인	답	경기도 양평군 옥천면 신복리 1060-2번지 1,772.00㎡ 중44.00㎡	2574	83		0		2657	가액변동
202603	744	JNL7001A	국회의원	국회	국회의원	김선교	토지	모	답	경기도 양평군 옥천면 신복리 1069번지 1,921.00㎡ 중74.00㎡	4329	140		0		4469	가액변동
202603	745	JNL7001A	국회의원	국회	국회의원	김선교	토지	모	답	경기도 양평군 옥천면 신복리 1059-2번지 3,554.00㎡ 중136.00㎡	7956	258		0		8214	가액변동
202603	746	JNL7001A	국회의원	국회	국회의원	김선교	토지	모	답	경기도 양평군 옥천면 신복리 1060-2번지 1,722.00㎡ 중66.00㎡	3861	125		0		3986	가액변동
202603	747	JNL7001A	국회의원	국회	국회의원	김선교	건물	본인	단독주택	경기도 양평군 옥천면 신복리 건물 297.00㎡ 중 136.21㎡	108000	2000		0		110000	가액변동
202603	748	JNL7001A	국회의원	국회	국회의원	김선교	건물	본인	단독주택	경기도 양평군 옥천면 신복리 건물 306.00㎡ 중 70.90㎡	100000	1000		0		101000	가액변동
202603	749	JNL7001A	국회의원	국회	국회의원	김선교	건물	본인	사무실(전세(임차)권)	경기도 여주시 상동 대지 409.40㎡ 건물 193.30㎡	10000	0		0		10000	변동없음
202603	750	JNL7001A	국회의원	국회	국회의원	김선교	건물	장남	아파트	경기도 양평군 양평읍 양근리 더샵양평리버포레 건물 84.96㎡	485000	0		0		485000	독립생계 유지 중인 자녀임에도 불구하고 고지거부 신청 미비로 신고
202603	751	JNL7001A	국회의원	국회	국회의원	김선교	건물	차남	아파트(전세(임차)권)	경기도 남양주시 퇴계원읍 퇴계원리 퇴계원힐스테이트건물 84.99㎡ (건물 84.99㎡ 증가)	0	450000		0		450000	전세보증금
202603	752	JNL7001A	국회의원	국회	국회의원	김선교	부동산에 관한 규정이 준용되는 권리와 자동차·건설기계·선박 및 항공기	본인	자동차	2024년식 스타리아 배기량(2,199cc) 증가	0	24520	24520	0		24520	국민의힘 경기도당 차량
202603	753	JNL7001A	국회의원	국회	국회의원	김선교	부동산에 관한 규정이 준용되는 권리와 자동차·건설기계·선박 및 항공기	장남	자동차	2019년식 올뉴쏘렌토r 배기량(1,995cc)	15500	0		7560		7940	가액변동
202603	754	JNL7001A	국회의원	국회	국회의원	김선교	부동산에 관한 규정이 준용되는 권리와 자동차·건설기계·선박 및 항공기	차남	자동차	2024년식 싼타페 배기량(2,497cc)	35040	0		2260		32780	가액변동
202603	755	JNL7001A	국회의원	국회	국회의원	김선교	예금	본인		(주)KB손해보험 9,509(5,706 증가), DB생명보험(주) 2,761(1,657 증가), 농협손해보험 10,200(720 증가),농협은행 81,780(31,864 증가), 농협중앙회 199(21,300감소), 산림조합중앙회 1,180, 새마을금고중앙회 2,856(3 증가), 신용협동조합중앙회 2,328(67 증가), 우체국 78,528(63,685 증가), 한화생명보험주식회사 5,331(1,143 증가), 한화손해보험 366(259 증가)	111234	125104		41300		195038	본인 및 자녀의 급여저축 등   장남, 손자1은 독립생계 유지 중임에도 불구하고 고지거부 신청 미비로 재산 증가
202603	756	JNL7001A	국회의원	국회	국회의원	김선교	예금	배우자		(주)KB손해보험 14,516(2,305 증가), DB손해보험(주) 7,365(1,781 증가), 교보생명보험 20,468, 농협중앙회17,913(838 감소), 메리츠화재해상보험(보험)3,406(2,044 증가), 신용협동조합중앙회 2,535(1,207 증가), 우체국 3,600(7,200 감소), 한화생명보험주식회사 7,530(1,613 증가)	76421	12550		11638		77333	본인 및 자녀의 급여저축 등   장남, 손자1은 독립생계 유지 중임에도 불구하고 고지거부 신청 미비로 재산 증가
202603	757	JNL7001A	국회의원	국회	국회의원	김선교	예금	모		농협중앙회 43,070(2,210 증가)	40860	34210		32000		43070	본인 및 자녀의 급여저축 등   장남, 손자1은 독립생계 유지 중임에도 불구하고 고지거부 신청 미비로 재산 증가
202603	758	JNL7001A	국회의원	국회	국회의원	김선교	예금	장남		(주)KB손해보험 7,697(1,373 증가), (주)KEB하나은행 2,477(2,477 증가), 농협생명보험 314(314 증가),농협손해보험 1,050(600 증가), 농협은행 4,017(959 증가), 메리츠화재해상보험(보험) 4,434(795 증가), 삼성화재해상보험 845(147 증가), 신용협동조합중앙회 127(5 증가), 신한은행 101(3,313 감소), 우리은행 18,중국은행 4, 키움증권 26(1 증가)	17752	6671		3313		21110	본인 및 자녀의 급여저축 등   장남, 손자1은 독립생계 유지 중임에도 불구하고 고지거부 신청 미비로 재산 증가
202603	759	JNL7001A	국회의원	국회	국회의원	김선교	예금	차남		(주)KB손해보험 631(631 증가), 국민은행 1, 농협은행6,235(5,135 증가), 농협중앙회 0(2,505 감소),삼성화재해상보험 3,438(1,266 감소), 신한은행 0(3,000 감소), 우리은행 1, 우체국 2,295(306 증가), 주식회사 카카오뱅크 1,799(307 증가), 중소기업은행 1	14793	8293		8685		14401	본인 및 자녀의 급여저축 등   장남, 손자1은 독립생계 유지 중임에도 불구하고 고지거부 신청 미비로 재산 증가
202603	760	JNL7001A	국회의원	국회	국회의원	김선교	예금	손자1		농협중앙회 19,024(6,627 증가)	12397	17377		10750		19024	본인 및 자녀의 급여저축 등   장남, 손자1은 독립생계 유지 중임에도 불구하고 고지거부 신청 미비로 재산 증가
202603	761	JNL7001A	국회의원	국회	국회의원	김선교	정치자금법에 따른 정치자금의 수입 및 지출을 위한 예금계좌의 예금	본인		농협은행 150,736(64,923 증가)	85813	64923		0		150736	후원금 증가
202603	762	JNL7001A	국회의원	국회	국회의원	김선교	채무	본인	금융채무	농협은행 0(3,681 감소)	3681	0		3681		0	급여저축으로 상환
202603	763	JNL7001A	국회의원	국회	국회의원	김선교	채무	장남	금융채무	신용협동조합중앙회 16,964(169 감소), 신한은행 404,346(13,654 감소)	435133	0		13823		421310	독립생계 유지 중인 자녀임에도 불구하고 고지거부 신청 미비로 재산 증가
202603	764	JNL7001A	국회의원	국회	국회의원	김선교	채무	차남	금융채무	(주)KEB하나은행 2,800(2,800 증가), 농협은행 200,000(200,000 증가), 웰컴저축은행 0(35,670 감소),하나카드 0(9,300 감소), 현대카드(주) 10,000(10,000 증가)	44970	212800		44970		212800	전세자금 등
202603	765	JNL7001A	국회의원	국회	국회의원	김선교	가상자산	장남		리플 0.00000029개, 비토르토큰 6.02089002개	0	0		0		0	변동 없음
202603	766	7GW5372Y	국회의원	국회	국회의원	김선민	건물	배우자	아파트(전세(임차)권)	서울특별시 서초구 반포동 반포자이아파트 건물 84.98㎡	450040	22500		0		472540	보증금 인상
202603	767	7GW5372Y	국회의원	국회	국회의원	김선민	부동산에 관한 규정이 준용되는 권리와 자동차·건설기계·선박 및 항공기	배우자	자동차	2021년식 쏘렌토 배기량(1,598cc)	24500	0		3250		21250	가액변동
202603	768	7GW5372Y	국회의원	국회	국회의원	김선민	예금	본인		(주)KEB하나은행 234,580(15,781 증가), 농협은행 12,969(11,557 증가), 신한은행 4(32 감소), 신한투자증권547,852(238,341 증가), 에이비엘생명보험 50,000,우리은행 5,807(832 감소), 주식회사 카카오뱅크 139(101 증가), 현대해상화재보험 20,914(2,527 증가)	604822	436746		169303		872265	급여저축, 상속금 수령, 생활비 지출
202603	769	7GW5372Y	국회의원	국회	국회의원	김선민	예금	배우자		(주)KEB하나은행 116,829(146 증가), (주)카카오페이증권 16,235(16,175 증가), KB증권 37, 국민은행 14,416(363감소), 농협은행 100(100 증가), 메트라이프생명보험 64,962(64,962 증가), 미래에셋증권 4, 삼성생명보험41,482(11,262 증가), 신한은행 4,634(3,631 증가),신한투자증권 170,356(24,677 증가), 에이비엘생명보험 0(5,376 감소), 우리은행 68,776(4,519 증가), 주식회사 카카오뱅크 7,448(629 증가), 현대해상화재보험 12,605(1,608 증가)	395914	139925		17955		517884	급여저축, 상속금 수령, 생활비 지출
202603	770	7GW5372Y	국회의원	국회	국회의원	김선민	정치자금법에 따른 정치자금의 수입 및 지출을 위한 예금계좌의 예금	본인		농협은행 64,364(24,843 감소)	89207	0		24843		64364	정책 및 의정활동 지출
202603	771	7GW5372Y	국회의원	국회	국회의원	김선민	증권	본인	기타(채권)	브라질국채(2029년만기) 128,000주(128,000주 증가), 브라질국채(2031년만기) 45,000주(24,000주 증가)	4225	39422		0		43647	평가액 및 보유량 변동
202603	772	7GW5372Y	국회의원	국회	국회의원	김선민	증권	배우자	상장주식	마이크로소프트 0주(1.578주 감소), 알파벳ClassA0주(10주 감소), 엔비디아 0주(10.5422주 감소)	5840	0		5840		0	평가액 및 보유량 변동
202603	773	7GW5372Y	국회의원	국회	국회의원	김선민	채무	본인	금융채무	(주)KEB하나은행 0(11,636 감소)	11636	0		11636		0	급여 등으로 상환
202603	774	7GW5372Y	국회의원	국회	국회의원	김선민	고지거부 및 등록제외사항	부		등록제외	0	0		0		0	사망
202603	775	9D939735	국회의원	국회	국회의원	김성원	건물	본인	사무실(전세(임차)권)	경기도 연천군 전곡읍 전곡리 건물 105.88㎡	5000	0		0		5000	변동없음
202603	776	9D939735	국회의원	국회	국회의원	김성원	건물	본인	사무실(전세(임차)권)	경기도 동두천시 지행동 건물 225.00㎡	10000	0		0		10000	변동없음
202603	777	9D939735	국회의원	국회	국회의원	김성원	건물	배우자	아파트	경기도 성남시 수정구 단대동 푸르지오 건물 114.88㎡	613000	48000		0		661000	가액변동
202603	778	9D939735	국회의원	국회	국회의원	김성원	부동산에 관한 규정이 준용되는 권리와 자동차·건설기계·선박 및 항공기	배우자	자동차	2014년식 K5 2.0(하이브리드) 배기량(2,000cc)	6950	0		880		6070	가액변동
202603	779	9D939735	국회의원	국회	국회의원	김성원	예금	본인		(주)KB손해보험 29,313(4,635 증가), 교보생명보험 8,590(3,682 증가), 농협은행 34,035(4,184 감소),농협중앙회 28, 삼성화재해상보험 34,283(2,400 증가),새마을금고중앙회 7,156(741 증가), 우리은행 29,한화생명보험주식회사 3,564	109724	15639		8365		116998	급여 저축
202603	780	9D939735	국회의원	국회	국회의원	김성원	예금	배우자		(주)KB손해보험 17,721(1,381 증가), 국민은행 1,186(592증가), 농협은행 15,643(10,244 증가), 동양생명보험 13,143, 삼성생명보험 89,460(2,880 증가),삼성화재해상보험 11,881, 신한은행 8,121(1,591 증가),씨티은행 15,334(9,302 증가), 한국교직원공제회 154,039(17,653 증가)	282885	43643		0		326528	급여 저축
202603	781	9D939735	국회의원	국회	국회의원	김성원	예금	장녀		국민은행 7(189 감소), 동양생명보험 12,000, 씨티은행330, 우리은행 1,623(1,623 증가), 토스증권(주) 576(576증가)	12526	2199		189		14536	급여 저축
202603	782	9D939735	국회의원	국회	국회의원	김성원	정치자금법에 따른 정치자금의 수입 및 지출을 위한 예금계좌의 예금	본인		농협은행 67,145(52,797 증가)	14348	52797		0		67145	정치후원금 이체
202603	783	9D939735	국회의원	국회	국회의원	김성원	채권	본인		사인간채권 감소	78000	0		10000		68000	사인간채권 감소
202603	784	9D939735	국회의원	국회	국회의원	김성원	채무	본인		사인간채무 감소	78000	0		10000		68000	사인간채무 감소
202603	785	9D939735	국회의원	국회	국회의원	김성원	채무	배우자	금융채무	농협은행 57,500(27,690 감소)	85190	0		27690		57500	급여 등으로 상환
202603	786	9D939735	국회의원	국회	국회의원	김성원	고지거부 및 등록제외사항	부		고지거부	0	0		0		0	독립생계유지
202603	787	9D939735	국회의원	국회	국회의원	김성원	고지거부 및 등록제외사항	모		고지거부	0	0		0		0	독립생계유지
202603	788	88O1334C	국회의원	국회	국회의원	김성회	건물	본인	아파트(전세(임차)권)	경기도 고양시 덕양구 화정동 은빛마을11단지아파트 건물0.00㎡ (건물 50.00㎡ 감소)	210000	0		210000		0	계약해지
202603	789	88O1334C	국회의원	국회	국회의원	김성회	건물	본인	상가(전세(임차)권)	경기도 고양시 덕양구 화정동 화정씨네마플러스 대지 1,949.40㎡ 건물 105.57㎡ (대지 1,949.40㎡ 증가)	10000	0		0		10000	변동없음
202603	790	88O1334C	국회의원	국회	국회의원	김성회	건물	배우자	아파트	서울특별시 성동구 하왕십리동 극동미라주 아파트 건물59.40㎡	462000	42000		0		504000	가액변동
202603	791	88O1334C	국회의원	국회	국회의원	김성회	건물	배우자	아파트(전세(임차)권)	경기도 고양시 덕양구 화정동 별빛마을7단지아파트 건물84.95㎡ (건물 84.95㎡ 증가)	0	500000		0		500000	신규계약
202603	792	88O1334C	국회의원	국회	국회의원	김성회	부동산에 관한 규정이 준용되는 권리와 자동차·건설기계·선박 및 항공기	본인	자동차	2015년식 g330 배기량(3,342cc)	9564	0		1492		8072	가액변동
202603	793	88O1334C	국회의원	국회	국회의원	김성회	부동산에 관한 규정이 준용되는 권리와 자동차·건설기계·선박 및 항공기	본인	자동차	2014년식 스파크1.0DOHC 배기량(995cc) 감소	1945	0		1945	1800	0	매도
202603	794	88O1334C	국회의원	국회	국회의원	김성회	예금	본인		AIA생명보험주식회사 0(3,308 감소), 국민은행 6,000, 농협은행 24,647(4,643 감소), 메리츠화재해상보험(보험) 4,956(444 증가), 신한은행 6(984 감소), 신한투자증권12,817(12,817 증가), 우리은행 12,895(12,895 증가)	44100	47961		30740		61321	급여저축 등
202603	795	88O1334C	국회의원	국회	국회의원	김성회	예금	배우자		(주)KEB하나은행 4,707(3,391 감소), 동양생명보험 2,009(243 증가), 삼성증권 3(3 증가), 신한은행 21(5 증가), 신한투자증권 22,261(18,067 증가),현대해상화재보험 5,413(992 증가)	18495	19327		3408		34414	급여저축 등
202603	796	88O1334C	국회의원	국회	국회의원	김성회	예금	장남		(주)KEB하나은행 8,041(333 감소), 우리은행 12(12 증가),토스뱅크(주) 254(17 감소)	8645	8053		8391		8307	급여저축 등
202603	797	88O1334C	국회의원	국회	국회의원	김성회	예금	장녀		(주)KEB하나은행 3,356(2,866 감소), 미래에셋증권6,533(6,533 증가)	6222	6941		3274		9889	급여저축 등
202603	798	88O1334C	국회의원	국회	국회의원	김성회	정치자금법에 따른 정치자금의 수입 및 지출을 위한 예금계좌의 예금	본인		농협은행 172,022(161,076 증가)	10946	161076		0		172022	후원금 모금 등
202603	799	88O1334C	국회의원	국회	국회의원	김성회	증권	배우자	상장주식	OPENDOORTECHNOLOSRSAEQYWARRANT 1주(1주 증가), OPENDOORTECHNOLOSRSKEQYWARRANT 1주(1주 증가), OPENDOORTECHNOLOSRSZEQYWARRANT 1주(1주 증가),소파이테크놀로지스 0주(16주 감소), 알파벳A 11주, 오픈도어테크놀로지스 50주(50주 감소), 테슬라118.46379주(1.46379주 증가)	74009	26979		18881		82107	평가액 변동 등
202603	800	88O1334C	국회의원	국회	국회의원	김성회	채무	본인	금융채무	농협은행 130,000(30,000 감소), 한국주택금융공사0(194,455 감소)	354455	0		224455		130000	전세보증금 등으로 상환
202603	801	88O1334C	국회의원	국회	국회의원	김성회	채무	배우자	건물임대채무	서울특별시 성동구 하왕십리동 극동미라주 아파트임대보증금 증가	0	520000		0		520000	신규계약
202603	802	1SR94244	국회의원	국회	국회의원	김소희	토지	본인	임야	제주특별자치도 제주시 조천읍 조천리 3036-1번지512.00㎡	80077	0		563		79514	공시지가 변동
202603	803	1SR94244	국회의원	국회	국회의원	김소희	건물	본인	오피스텔(전세( 임차)권)	서울특별시 종로구 사직동 광화문 스페이스본 대지 0.00㎡ 건물 0.00㎡ (대지 20,480.10㎡ 감소, 건물 820.56㎡ 감소)	10000	0		10000		0	전세 계약 만료
202603	804	1SR94244	국회의원	국회	국회의원	김소희	건물	본인	아파트(전세(임 차)권)	제주특별자치도 제주시 노형동 세방아파트 건물 0.00㎡ (건물 50.94㎡ 감소)	118000	0		118000		0	전세 계약 만료
202603	805	1SR94244	국회의원	국회	국회의원	김소희	건물	본인	오피스텔(전세( 임차)권)	서울특별시 종로구 내수동 경희궁의 아침 4단지 건물56.48㎡ (건물 56.48㎡ 증가)	0	480000		0		480000	신규 전세 계약
202603	806	1SR94244	국회의원	국회	국회의원	김소희	예금	본인		(유)인비저닝파트너스 100,000,BNP파리바카디프생명보험 63,561(32,061 증가),KB저축은행 32,360(16,601 증가), 교보생명보험 5,128,국민은행 17(17 증가), 농협은행 24,868(19,237 증가),대신증권 4(467 감소), 동양생명보험 55,236(8,652 증가), 미래에셋생명보험 63,000(8,000 증가), 미래에셋증권 41,399(4,424 증가), 삼성생명보험 30,000(10,000 감소),스탠다드차타드은행 1, 신한라이프생명보험 0(7,030 감소), 신한은행 8, 씨티은행 92(2,724 감소), 업비트 0(336 감소), 우리은행 282,470(34,415 증가),웰컴저축은행 1, 유안타증권 128,098(5,937 증가),케이뱅크 0(100 감소), 한화손해보험 0(3,365 감소),흥국생명보험 0(23,603 감소)	744524	149144		67425		826243	급여 저축 등
202603	807	1SR94244	국회의원	국회	국회의원	김소희	예금	장남		국민은행 15(15 증가), 농협생명보험 20,000,신한라이프생명보험 0(60,000 감소), 신한은행 235(43 증가), 우리은행 7,350(850 증가)	86692	1100		60192		27600	급여저축 등
202603	808	1SR94244	국회의원	국회	국회의원	김소희	정치자금법에 따른 정치자금의 수입 및 지출을 위한 예금계좌의 예금	본인		농협은행 147,515(98,736 증가)	48779	98736		0		147515	후원회 정치기부금 증가
202603	809	1SR94244	국회의원	국회	국회의원	김소희	증권	본인	상장주식	LIG넥스원보통주 0주(3주 감소), POSCO홀딩스 3주, 두산에너빌리티보통주 13주(13주 증가), 루미르 0주(48주 감소), 브이티 0주(29주 감소), 삼성물산보통주 4주(4주 증가), 삼성전기보통주 8주(8주 증가), 삼성전자보통주 16주(16주 증가), 서진시스템 0주(75주 감소), 성우0주(22주 감소), 소파이테크놀로지스 120주(120주 증가), 스마트레이더시스템 0주(62주 감소), 아이온큐 80주(80주 증가), 애플 90주, 에스케이하이닉스보통주 5주(5주 감소), 에이비엘바이오 17주(2주 증가), 에이치브이엠 0주(25주 감소), 에이피알보통주 0주(25주 감소), 엔비디아 30주(30주 증가), 이랜텍 155주(155주 증가), 일진전기보통주 0주(57주 감소), 자화전자보통주 46주(46주 증가), 지리자동차 2,000주, 카카오 40주, 팔란티어테크 43주(43주 증가), 프록터앤드갬블 0주(25주 감소), 한국전력 0주(350주 감소), 한국투자금융지주보통주 6주(6주 증가), 한미약품보통주 2주(2주 증가), 한온시스템 210주, 현대글로비스 2주, 현대모비스보통주 3주(3주 증가), 현대오토에버보통주 4주(4주 증가), 현대자동차보통주 4주(4주 증가), 환인제약 200주(100주 감소)	70024	51235		23687		97572	매매 및 평가액 변동
202603	810	1SR94244	국회의원	국회	국회의원	김소희	증권	본인	비상장주식	(주)제이디테크 4,000주	11080	0		1144		9936	매매 및 평가액 변동
202603	811	1SR94244	국회의원	국회	국회의원	김소희	채무	본인	금융채무	미래에셋생명보험 22,000(22,000 증가), 우리은행187,200(187,200 증가)	0	209200		0		209200	주택임차대출 발생
202603	812	1SR94244	국회의원	국회	국회의원	김소희	가상자산	본인		디스체인 0.2개, 솔라나 0개(1.36762543개 감소), 아쿠아 2,495.8147878개(138.6563771개 증가), 이더리움0개(0.2개 감소), 이더리움피오더블유 0.2개	1389	1		1389		1	매매 및 거래가격 변동
202603	813	5K93695T	국회의원	국회	국회의원	김승수	토지	본인	답	경상북도 상주시 모서면 삼포리 340번지 2,320.00㎡	45472	464		0		45936	가액 변동
202603	814	5K93695T	국회의원	국회	국회의원	김승수	토지	본인	임야	경상북도 상주시 모서면 화현리 산 46-34번지 1.00㎡	0	0		0		0	
202603	815	5K93695T	국회의원	국회	국회의원	김승수	토지	배우자	대지	경상북도 구미시 장천면 상장리 879-8번지 14.00㎡	9071	93		0		9164	가액 변동
202603	816	5K93695T	국회의원	국회	국회의원	김승수	토지	배우자	임야	경상북도 구미시 장천면 묵어리 산 168번지 1,289.25㎡	4757	116		0		4873	가액 변동
202603	817	5K93695T	국회의원	국회	국회의원	김승수	건물	본인	아파트	경기도 고양시 일산동구 마두2동 강촌마을 동아아파트건물 77.01㎡	293500	0		21500		272000	가액 변동
202603	818	5K93695T	국회의원	국회	국회의원	김승수	건물	배우자	아파트	경기도 고양시 일산동구 마두동 강촌마을 동아아파트 건물154.02㎡ 중 77.01㎡	293500	0		21500		272000	가액 변동
202603	819	5K93695T	국회의원	국회	국회의원	김승수	건물	배우자	아파트(전세(임차)권)	대구광역시 북구 국우동 부영아파트 건물 81.15㎡	280000	0		0		280000	
202603	820	5K93695T	국회의원	국회	국회의원	김승수	부동산에 관한 규정이 준용되는 권리와 자동차·건설기계·선박 및 항공기	본인	자동차	2004년식 중형 승용 배기량(1,991cc) 감소	1000	0		1000	1360	0	매도
202603	821	5K93695T	국회의원	국회	국회의원	김승수	부동산에 관한 규정이 준용되는 권리와 자동차·건설기계·선박 및 항공기	본인	자동차	2022년식 싼타페 하이브리드 배기량(1,598cc)	20538	3072		0		23610	가액 변동
202603	822	5K93695T	국회의원	국회	국회의원	김승수	부동산에 관한 규정이 준용되는 권리와 자동차·건설기계·선박 및 항공기	본인	자동차	2023년식 싼타페 하이브리드 배기량(1,598cc) 증가	0	29400	36800	0		29400	중고차 매입
202603	823	5K93695T	국회의원	국회	국회의원	김승수	현금	본인		현금 증가	140000	10000		0		150000	축의금 등
202603	824	5K93695T	국회의원	국회	국회의원	김승수	현금	배우자		현금 증가	35000	5000		0		40000	축의금 등
202603	825	5K93695T	국회의원	국회	국회의원	김승수	현금	장남		현금	3000	0		0		3000	
202603	826	5K93695T	국회의원	국회	국회의원	김승수	예금	본인		국민은행 19,205(9,200 증가), 농협은행 12,283(3,740감소), 상호저축은행중앙회 2,029(30,035 감소), 새마을금고중앙회 38,623(1,911 증가), 신한은행 5,091(5,091 증가), 아이엠뱅크 370, 우리은행57,867(9,992 증가), 케이디비생명보험 55,233(5,277감소)	203559	75043		87901		190701	급여 저축, 현금 입금, 이자, 축의금, 생활비 사용, 장녀 혼사 관련 비용, 학자금 지출 등
202603	827	5K93695T	국회의원	국회	국회의원	김승수	예금	배우자		(주)KEB하나은행 935(935 증가), SBI저축은행 7,306(41,973 감소), 국민은행 5,212(1,073 증가),동양생명보험 14,472, 미래에셋생명보험 14,868(124 증가), 상호저축은행중앙회 45,868(12 증가), 새마을금고중앙회 202,721(45,684 증가), 신한은행 3,162(4,312 감소), 악사(AXA)손해보험 1,526(206 증가),우리은행 3,678(2,800 증가), 우리투자증권 26,251(844감소), 우체국 211(1 증가), 한국산업은행 1,123(497 감소), 흥국생명보험 7,848(33 증가)	331939	200516		197274		335181	급여 저축, 현금 입금, 이자, 축의금, 생활비 사용, 장녀 혼사 관련 비용, 학자금 지출 등
202603	828	5K93695T	국회의원	국회	국회의원	김승수	예금	장남		미래에셋증권 0(10 감소), 삼성증권 0(5 감소), 새마을금고중앙회 25,053(5,003 증가), 우리은행10,001(9 감소)	30075	35003		30024		35054	급여 저축, 현금 입금, 이자, 축의금, 생활비 사용, 장녀 혼사 관련 비용, 학자금 지출 등
202603	829	5K93695T	국회의원	국회	국회의원	김승수	예금	차녀		새마을금고중앙회 80,375(17,615 증가), 신한은행 50, 우리은행 10,134(134 증가), 주식회사 카카오뱅크1,181(3,409 감소), 한국산업은행 50	77450	90242		75902		91790	급여 저축, 현금 입금, 이자, 축의금, 생활비 사용, 장녀 혼사 관련 비용, 학자금 지출 등
202603	830	5K93695T	국회의원	국회	국회의원	김승수	정치자금법에 따른 정치자금의 수입 및 지출을 위한 예금계좌의 예금	본인		농협은행 288,152(5,936 증가)	282216	5936		0		288152	정치 후원금 증가
202603	831	5K93695T	국회의원	국회	국회의원	김승수	증권	장남	상장주식	ASML홀딩ADR 0주(0.002주 감소)	2	0		2		0	
202603	832	5K93695T	국회의원	국회	국회의원	김승수	채무	본인	금융채무	우리은행 25,462(1,960 감소)	27422	0		1960		25462	일부 상환
202603	833	5K93695T	국회의원	국회	국회의원	김승수	고지거부 및 등록제외사항	장녀		등록제외	113142	0		113142		0	혼인
202603	834	ATB59635	국회의원	국회	국회의원	김승원	건물	본인	사무실(전세(임차)권)	경기도 수원시 장안구 송죽동 농협 건물 205.92㎡	30000	0		0		30000	
202603	835	ATB59635	국회의원	국회	국회의원	김승원	건물	배우자	아파트(전세(임차)권)	경기도 수원시 장안구 파장동 포레나 북수원 건물 84.00㎡	340000	17000		0		357000	
202603	836	ATB59635	국회의원	국회	국회의원	김승원	건물	배우자	아파트(분양권)	경기도 수원시 장안구 이목동 디에트르더리체1차아파트건물 84.97㎡ (건물 84.97㎡ 증가)	0	386584		0		386584	
202603	837	ATB59635	국회의원	국회	국회의원	김승원	건물	부	아파트	경기도 수원시 장안구 정자동 동남타운아파트 건물84.86㎡	181000	8000		0		189000	
202603	838	ATB59635	국회의원	국회	국회의원	김승원	부동산에 관한 규정이 준용되는 권리와 자동차·건설기계·선박 및 항공기	본인	자동차	2025년식 YN카니발하이리무진 배기량(1,598cc) 증가	0	83020	83020	0		83020	
202603	839	ATB59635	국회의원	국회	국회의원	김승원	부동산에 관한 규정이 준용되는 권리와 자동차·건설기계·선박 및 항공기	배우자	자동차	2020년식 그랜저 배기량(2,497cc)	22810	0		1730		21080	
202603	840	ATB59635	국회의원	국회	국회의원	김승원	부동산에 관한 규정이 준용되는 권리와 자동차·건설기계·선박 및 항공기	부	자동차	2014년식 그랜드스타랙스 배기량(2,497cc)	472	3768		0		4240	
202603	841	ATB59635	국회의원	국회	국회의원	김승원	예금	본인		(주)KEB하나은행 4, (주)카카오페이증권 421(7 증가),DB손해보험(주) 0(3,020 감소), 농협은행 26,015(23,351증가), 농협중앙회 336(103 증가), 메리츠화재해상보험(보험) 4,041(808 증가), 삼성생명보험 57,664(4,233 증가), 새마을금고중앙회 10,947(1,262 증가), 신용협동조합중앙회 163(6 증가), 신한은행 383(1,349 감소)	74573	30421		5020		99974	급여 저축 및 생활비 지출 등
202603	842	ATB59635	국회의원	국회	국회의원	김승원	예금	배우자		(주)KEB하나은행 315(315 증가), DB손해보험(주) 4,176(826 증가), NH투자증권 1,778(761 증가), 국민은행3, 농협중앙회 97(97 증가), 동양생명보험 2,132(449 증가), 라이나생명보험 4,905(550 증가), 메리츠화재해상보험(보험) 10,551(4,150 감소), 미래에셋생명보험 11,269(403 증가), 새마을금고중앙회 50, 신용협동조합중앙회 30, 신한라이프생명보험27,766(345 증가), 신한은행 2,810(2,407 증가),신한투자증권 0(346 감소), 전북은행 1, 주식회사카카오뱅크 213(201 증가), 토스뱅크(주) 200(200 증가), 한국투자증권 0(6 감소), 한화생명보험주식회사 60,170(6,000 증가), 현대해상화재보험 21,823(835 증가)	139402	15687		6800		148289	급여 저축 및 생활비 지출 등
202603	843	ATB59635	국회의원	국회	국회의원	김승원	예금	부		(주)KEB하나은행 226(179 증가), 농협은행 1,288(1,150 증가), 새마을금고중앙회 6,176(94 감소),스탠다드차타드은행 62, 씨티은행 95	6612	1329		94		7847	급여 저축 및 생활비 지출 등
202603	844	ATB59635	국회의원	국회	국회의원	김승원	예금	장남		(주)KEB하나은행 23,328(10,491 증가),(주)카카오페이증권 0(242 감소), 국민은행 851(478 증가), 메리츠화재해상보험(보험) 8,707(1,148 증가), 신한은행 15,039(1,651 증가), 토스뱅크(주) 1,200(300 감소)	35899	15015		1789		49125	급여 저축 및 생활비 지출 등
202603	845	ATB59635	국회의원	국회	국회의원	김승원	예금	장녀		국민은행 14,095(14,091 증가),메리츠화재해상보험(보험) 7,093(7,093 증가),신용협동조합중앙회 30, 신한은행 10,220(1,200 증가), 우리은행 0(1 감소), 케이뱅크 1(1 증가), 토스뱅크(주) 607(607 증가)	9055	22992		1		32046	급여 저축 및 생활비 지출 등
202603	846	ATB59635	국회의원	국회	국회의원	김승원	예금	차녀		신용협동조합중앙회 30, 신한은행 2,222(462 증가)	1790	2200		1738		2252	급여 저축 및 생활비 지출 등
202603	847	ATB59635	국회의원	국회	국회의원	김승원	정치자금법에 따른 정치자금의 수입 및 지출을 위한 예금계좌의 예금	본인		농협은행 122,655(113,246 증가)	9409	113246		0		122655	후원금 증가
202603	848	ATB59635	국회의원	국회	국회의원	김승원	증권	배우자	상장주식	남선알미늄 0주(2주 감소), 신한지주 0주(1주 감소)	49	0		49		0	매도
202603	849	ATB59635	국회의원	국회	국회의원	김승원	채권	본인		사인간채권	250000	0		0		250000	
202603	850	ATB59635	국회의원	국회	국회의원	김승원	채무	본인	금융채무	KB국민카드 72,120(72,120 증가), 농협은행 150,000,농협중앙회 60,000, 삼성생명보험 5,390, 삼성카드3,280(5,755 감소)	224425	72120		5755		290790	
202603	851	ATB59635	국회의원	국회	국회의원	김승원	채무	배우자	금융채무	DB손해보험(주) 610, 농협중앙회 289,938(289,938 증가), 라이나생명보험 0(720 감소), 미래에셋생명보험 450(1,500 감소), 삼성카드 0(4,202 감소),신한라이프생명보험 0(1,965 감소), 신한은행 145,000(60,800 감소), 한화생명보험주식회사25,000(6,800 감소), 현대해상화재보험 3,850(6,870감소)	257767	434938		227857		464848	
202603	852	ATB59635	국회의원	국회	국회의원	김승원	채무	부	금융채무	(주)KEB하나은행 73,063(3,000 감소), 새마을금고중앙회21,087(132 증가)	97018	132		3000		94150	
202603	853	B7D7534L	국회의원	국회	국회의원	김영배	건물	본인	사무실(전세(임차)권)	서울특별시 성북구 삼선동5가 광남 제니텔 건물 27.69㎡	35000	0		0		35000	
202603	854	B7D7534L	국회의원	국회	국회의원	김영배	건물	배우자	아파트(전세(임차)권)	서울특별시 성북구 삼선동3가 삼선 SK VIEW 아파트 건물84.94㎡	650000	30000		0		680000	계약연장
202603	855	B7D7534L	국회의원	국회	국회의원	김영배	건물	부	아파트	경상남도 양산시 덕계동 대승하이아트아파트 건물 83.45㎡	73200	0		4100		69100	가액변동
202603	856	B7D7534L	국회의원	국회	국회의원	김영배	건물	장남	아파트(전세(임차)권)	인천광역시 연수구 송도동 송도 더 프라우 3단지 건물28.09㎡ (건물 28.09㎡ 증가)	0	10000		0		10000	신규계약
202603	857	B7D7534L	국회의원	국회	국회의원	김영배	부동산에 관한 규정이 준용되는 권리와 자동차·건설기계·선박 및 항공기	본인	자동차	2007년식 소나타 NF2.0 배기량(2,000cc) 감소	1171	0		1171	1000	0	폐차
202603	858	B7D7534L	국회의원	국회	국회의원	김영배	부동산에 관한 규정이 준용되는 권리와 자동차·건설기계·선박 및 항공기	배우자	자동차	2022년식 EV6 배기량(111cc)	27086	0		4236		22850	가액변동
202603	859	B7D7534L	국회의원	국회	국회의원	김영배	부동산에 관한 규정이 준용되는 권리와 자동차·건설기계·선박 및 항공기	부	자동차	2007년식 쏘나타 배기량(1,998cc)	1113	0		78		1035	가액변동
202603	860	B7D7534L	국회의원	국회	국회의원	김영배	예금	본인		(주)KEB하나은행 42,815(6,796 증가), DB손해보험(주) 3,000(1,254 증가), KB라이프생명보험 19,800(675 증가),국민은행 8, 농협은행 8,010(6,574 증가),새마을금고중앙회 12,831(1,302 증가), 신용협동조합중앙회 397(10 증가), 신한라이프생명보험 12,000, 신한은행 6, 우리은행 8,121(155 감소),하나손해보험(주) 38(38 증가)	90532	17754		1260		107026	급여저축 등
202603	861	B7D7534L	국회의원	국회	국회의원	김영배	예금	배우자		(주)KEB하나은행 262,976(108,753 증가), DB금융투자 53,DB손해보험(주) 637(1,236 감소), 국민은행 20, 농협은행599(296 감소), 메리츠종금증권 35, 새마을금고중앙회4,164(235 증가), 신한라이프생명보험 44,715(8,368증가), 하나손해보험(주) 26(26 증가), 하나증권 6,현대해상화재보험 39,030(3,765 증가)	232646	121495		1880		352261	급여저축 등
202603	862	B7D7534L	국회의원	국회	국회의원	김영배	예금	부		농협중앙회 133,395(21,156 증가)	112239	109475		88319		133395	급여저축 등
202603	863	B7D7534L	국회의원	국회	국회의원	김영배	예금	장남		(주)KEB하나은행 16,785(5,910 증가), 신한은행60,567(28,363 증가)	43079	40273		6000		77352	급여저축 등
202603	864	B7D7534L	국회의원	국회	국회의원	김영배	예금	장녀		(주)KEB하나은행 29,944(21,463 증가), 신한은행 3,000(2,687 증가), 주식회사 카카오뱅크 104(104 증가)	8794	32391		8137		33048	급여저축 등
202603	865	B7D7534L	국회의원	국회	국회의원	김영배	정치자금법에 따른 정치자금의 수입 및 지출을 위한 예금계좌의 예금	본인		농협은행 73,854(16,851 감소)	90705	0		16851		73854	의정활동 지출
202603	866	B7D7534L	국회의원	국회	국회의원	김영배	채무	본인	금융채무	아이엠캐피탈 19,098(19,098 증가), 우리은행 0(5,691감소)	5691	19098		5691		19098	리스계약
202603	867	B7D7534L	국회의원	국회	국회의원	김영배	채무	배우자		사인간채무 감소	125000	30000		55000		100000	일부상환
202603	868	B7D7534L	국회의원	국회	국회의원	김영배	채무	배우자	금융채무	농협은행 100,000	100000	0		0		100000	
202603	869	B7D7534L	국회의원	국회	국회의원	김영배	채무	장남	금융채무	신한은행 28,965(16,842 증가)	12123	16842		0		28965	생활비 등
202603	870	5765663F	국회의원	국회	국회의원	김영진	건물	본인	아파트(전세(임차)권)	경기도 수원시 팔달구 화서동 꽃뫼버들마을 코오롱아파트건물 84.72㎡	350000	0		0		350000	변동없음
202603	871	5765663F	국회의원	국회	국회의원	김영진	건물	본인	사무실(전세(임차)권)	경기도 수원시 팔달구 구천동 녹산문고 7층 건물 218.00㎡	5000	0		0		5000	변동없음
202603	872	5765663F	국회의원	국회	국회의원	김영진	건물	모	연립주택	경기도 용인시 기흥구 구갈동 성화빌라 건물 45.50㎡	71700	0		1300		70400	가액변동
202603	873	5765663F	국회의원	국회	국회의원	김영진	부동산에 관한 규정이 준용되는 권리와 자동차·건설기계·선박 및 항공기	본인	자동차	2009년식 쏘나타 배기량(1,999cc)	1500	0		200		1300	가액변동
202603	874	5765663F	국회의원	국회	국회의원	김영진	현금	본인		현금	10000	0		0		10000	변동없음
202603	875	5765663F	국회의원	국회	국회의원	김영진	예금	본인		(주)KB손해보험 10,194(1,111 증가), 국민은행 15,712(371 감소), 농협은행 14,265(12,772 증가),신한라이프생명보험 43,864(2,012 증가)	68511	16055		531		84035	생활비 지출 및 급여 저축 증가
202603	876	5765663F	국회의원	국회	국회의원	김영진	예금	배우자		KB라이프생명보험 24,000, 국민은행 33,626(50,629 감소), 농협은행 24,646(19,881 증가), 농협중앙회 343,600(103,000 증가), 동양생명보험 36,000,삼성생명보험 37,704, 신용협동조합중앙회 37(1 증가), 신용협동조합중앙회 신용공제사업부 11,660(1,320 증가), 신한은행 47, 유안타증권 3,407(71 증가)	441083	184473		110829		514727	생활비 지출 및 급여 저축 증가
202603	877	5765663F	국회의원	국회	국회의원	김영진	예금	모		농협은행 4,880, 농협중앙회 16,715(7,089 증가),신한은행 1,200	15706	7463		374		22795	생활비 지출 및 급여 저축 증가
202603	878	5765663F	국회의원	국회	국회의원	김영진	예금	장남		국민은행 1,596(632 증가), 농협중앙회 1, 메리츠종금증권3,836(3,836 증가), 주식회사 카카오뱅크 230(788 감소),한국투자증권 9(290 감소)	2282	4516		1126		5672	생활비 지출 및 급여 저축 증가
202603	879	5765663F	국회의원	국회	국회의원	김영진	정치자금법에 따른 정치자금의 수입 및 지출을 위한 예금계좌의 예금	본인		농협은행 155,083(4,459 증가)	150624	4459		0		155083	후원금 증가
202603	880	5765663F	국회의원	국회	국회의원	김영진	증권	배우자	상장주식	에이치엠엠보통주 50주, 현대건설보통주 50주	2153	2377		0		4530	평가액 변동
202603	881	5765663F	국회의원	국회	국회의원	김영진	가상자산	장남		비토르토큰 0.11043953개, 아크 3.56883169개	2	0		1		1	평가액 변동
202603	882	5765663F	국회의원	국회	국회의원	김영진	고지거부 및 등록제외사항	장녀		고지거부	64292	0		64292		0	독립생계유지
202603	883	7BM2933Y	국회의원	국회	국회의원	김영호	토지	본인	임야	인천광역시 중구 무의동 산 91-8번지 4,301.00㎡ 중646.00㎡	70026	1098		0		71124	가액변동
202603	884	7BM2933Y	국회의원	국회	국회의원	김영호	토지	본인	임야	인천광역시 중구 무의동 산 91-9번지 4,300.00㎡ 중645.00㎡	37216	581		0		37797	가액변동
202603	885	7BM2933Y	국회의원	국회	국회의원	김영호	토지	본인	임야	인천광역시 중구 무의동 산 91-11번지 24,462.00㎡ 중3,669.00㎡	90257	1468		0		91725	가액변동
202603	886	7BM2933Y	국회의원	국회	국회의원	김영호	토지	모	임야	경기도 화성시 팔탄면 율암리 산 56-25번지 8,926.00㎡ 중3,306.00㎡	136207	2314		0		138521	가액변동
202603	887	7BM2933Y	국회의원	국회	국회의원	김영호	건물	본인	아파트	서울특별시 서대문구 남가좌동 DMC파크뷰자이 건물84.96㎡ 중 42.48㎡	488500	0		0		488500	
202603	888	7BM2933Y	국회의원	국회	국회의원	김영호	건물	본인	근린생활시설(전세(임차)권)	서울특별시 서대문구 남가좌동 2층 김영호 국회의원사무실 건물 98.26㎡	30000	0		0		30000	
202603	889	7BM2933Y	국회의원	국회	국회의원	김영호	건물	배우자	아파트	서울특별시 서대문구 남가좌동 DMC파크뷰자이 건물84.96㎡ 중 42.48㎡	488500	0		0		488500	
202603	890	7BM2933Y	국회의원	국회	국회의원	김영호	건물	모	단독주택	경기도 화성시 송산면 용포리 대지 154.00㎡ 건물 88.98㎡	66500	1300		0		67800	
202603	891	7BM2933Y	국회의원	국회	국회의원	김영호	건물	모	단독주택	경기도 화성시 남양읍 남양리 건물 0.00㎡ (건물 61.52㎡감소)	5413	0		5413		0	소유권 상실
202603	892	7BM2933Y	국회의원	국회	국회의원	김영호	예금	본인		(주)KEB하나은행 2,061(454 증가), DB손해보험(주) 15,431(1,180 증가), KB라이프생명보험 37,626(2,071증가), 국민은행 34,449(6,256 감소), 농협은행 97,444(8,072 증가), 새마을금고중앙회 11,217, 신한은행11, 우리은행 33,785(23,499 증가),흥국화재해상보험(주) 19,660(1,042 증가)	221622	36601		6539		251684	급여저축 및 생활비 지출 등
202603	893	7BM2933Y	국회의원	국회	국회의원	김영호	예금	배우자		(주)KEB하나은행 5,873(2,616 감소), KB라이프생명보험 30,311(1,371 증가), 동양생명보험 23,329(1,871 감소),신한은행 967, 우리은행 45, 현대해상화재보험16,354(1,935 증가)	78060	3306		4487		76879	급여저축 및 생활비 지출 등
202603	894	7BM2933Y	국회의원	국회	국회의원	김영호	예금	모		국민은행 31,807(85,323 감소), 새마을금고중앙회 47,신용협동조합중앙회 675(29 증가), 신한은행 0(127 감소),우리은행 1, 토스뱅크(주) 10(10 증가)	117951	39		85450		32540	급여저축 및 생활비 지출 등
202603	895	7BM2933Y	국회의원	국회	국회의원	김영호	예금	장남		농협은행 573(202 증가)	371	202		0		573	급여저축 및 생활비 지출 등
202603	896	7BM2933Y	국회의원	국회	국회의원	김영호	정치자금법에 따른 정치자금의 수입 및 지출을 위한 예금계좌의 예금	본인		국민은행 54,920(38,078 증가)	16842	38078		0		54920	후원금 증가
202603	897	7BM2933Y	국회의원	국회	국회의원	김영호	증권	배우자	비상장주식	주식회사 땡큐인터내셔널 10,000주	50000	0		0		50000	변동없음
202603	898	7BM2933Y	국회의원	국회	국회의원	김영호	채무	본인	금융채무	우리은행 516,623(6,648 감소)	523271	0		6648		516623	일부상환
202603	899	7BM2933Y	국회의원	국회	국회의원	김영호	채무	모	금융채무	새마을금고중앙회 60,000	60000	0		0		60000	
202603	900	8O34202I	국회의원	국회	국회의원	김영환	건물	배우자	아파트	경기도 고양시 일산서구 일산동 동문굿모닝힐2차아파트건물 84.96㎡	222000	0		12000		210000	
202603	901	8O34202I	국회의원	국회	국회의원	김영환	건물	배우자	아파트	대구광역시 달서구 상인동 상인역 e-편한세상 2단지 건물101.97㎡	371000	0		5000		366000	
202603	902	8O34202I	국회의원	국회	국회의원	김영환	부동산에 관한 규정이 준용되는 권리와 자동차·건설기계·선박 및 항공기	본인	자동차	2022년식 펠리세이드 배기량(3,778cc)	12930	0		2255		10675	
202603	903	8O34202I	국회의원	국회	국회의원	김영환	부동산에 관한 규정이 준용되는 권리와 자동차·건설기계·선박 및 항공기	배우자	자동차	2022년식 펠리세이드 배기량(3,778cc)	12930	0		2255		10675	
202603	904	8O34202I	국회의원	국회	국회의원	김영환	예금	본인		(주)KEB하나은행 22,442(1,979 증가), KB라이프생명보험 0(137 감소), 국민은행 2,565(1,276 증가), 농협은행7,928(7,928 증가), 삼성화재해상보험 71,602(6,109증가), 우리은행 300, 유안타증권 3, 전북은행 2,874(2,113증가), 중소기업은행 312, 한화생명보험주식회사 0(9,431 감소), 현대해상화재보험 653(2,732 감소)	101574	19558		12453		108679	급여저축 및 생활비 지출 등
202603	905	8O34202I	국회의원	국회	국회의원	김영환	예금	배우자		(주)KEB하나은행 281(174 감소), AIA생명보험주식회사 38,311(38,311 증가), KB라이프생명보험 50,598(2,011증가), KB증권 802(736 증가), 교보생명보험 30,000(18,000 증가), 국민은행 4,311(67 증가),농협중앙회 8, 메리츠화재해상보험(보험) 11,952(1,519 증가), 미래에셋증권 26,520(7,697 증가), 부국증권 16(107 감소), 새마을금고중앙회 35,977(4,084 감소), 수협은행 60,010(10,010 증가), 신용협동조합중앙회 64,141(1,148 증가), 신한라이프생명보험 50,000, 신한은행 537,653(105,945 감소), 신한투자증권 102,077(70,780 증가), 에이비엘생명보험 100,000,토스뱅크(주) 2,203(872 증가), 한화생명보험주식회사140,000(140,000 증가)	1074019	716956		536115		1254860	급여 저축 및 생활비 지출 등
202603	906	8O34202I	국회의원	국회	국회의원	김영환	예금	모		(주)KB손해보험 720(720 증가), DB손해보험(주) 5,671(769 증가), 국민은행 2,418(1,100 증가),롯데손해보험 1,171(1,171 증가), 메리츠화재해상보험(보험) 2,984(494 증가), 수협중앙회 639(34 감소), 신용협동조합중앙회 0(1 감소),에이비엘생명보험 40,900(5,804 증가), 우체국 7(1 감소),한화생명보험주식회사 391(11,299 감소)	56178	10449		11726		54901	급여 저축 및 생활비 지출 등
202603	907	8O34202I	국회의원	국회	국회의원	김영환	예금	장남		신한은행 15,524(1,614 증가)	13910	1614		0		15524	급여 저축 및 생활비 지출 등
202603	908	8O34202I	국회의원	국회	국회의원	김영환	예금	장녀		신한은행 15,832(1,940 증가)	13892	1940		0		15832	급여 저축 및 생활비 지출 등
202603	909	8O34202I	국회의원	국회	국회의원	김영환	정치자금법에 따른 정치자금의 수입 및 지출을 위한 예금계좌의 예금	본인		(주)KEB하나은행 83,099(51,254 증가)	31845	51254		0		83099	후원금 증가
202603	910	8O34202I	국회의원	국회	국회의원	김영환	증권	배우자	상장주식	LG에너지솔루션 4주, 세중 5주, 신성통상 0주(180주 감소), 애플 0.006742주, 테슬라 0.027835주(0.002822주 증가)	1806	84		391		1499	백지신탁 계약 체결
202603	911	8O34202I	국회의원	국회	국회의원	김영환	증권	배우자	비상장주식	(주)한국거래소 0주(217주 감소)	34072	0		34072		0	백지신탁 계약 체결
202603	912	8O34202I	국회의원	국회	국회의원	김영환	채무	본인	금융채무	(주)KEB하나은행 20,336(17,869 감소), 국민은행157,473(2,648 감소), 농협은행 63,000(8,185 감소)	269511	0		28702		240809	
202603	913	8O34202I	국회의원	국회	국회의원	김영환	가상자산	배우자		비트코인 0.00028993개	40	0		3		37	가액 변동
202603	914	CNZ51556	국회의원	국회	국회의원	김예지	건물	본인	다세대주택	서울특별시 용산구 청파동3가 백산빌라트B 건물 0.00㎡(건물 101.41㎡ 감소)	449000	0		449000	800000	0	소유권 상실
202603	915	CNZ51556	국회의원	국회	국회의원	김예지	건물	본인	아파트	서울특별시 영등포구 신길동 보라매두산위브 건물136.74㎡ (건물 136.74㎡ 증가)	0	1180000	1180000	0		1180000	거주용 신규주택 매입
202603	916	CNZ51556	국회의원	국회	국회의원	김예지	예금	본인		KB라이프생명보험 47,744(4,703 증가), SBI저축은행 0(45,000 감소), 교보생명보험 6,948, 국민은행 4(10 감소), 농협은행 12,965(16,171 감소), 신한은행 115,175(166,390 감소), 우리은행 280, 주식회사카카오뱅크 148(35,708 감소)	441840	31838		290414		183264	신규주택 매입 및 급여 저축 등
202603	917	CNZ51556	국회의원	국회	국회의원	김예지	정치자금법에 따른 정치자금의 수입 및 지출을 위한 예금계좌의 예금	본인		농협은행 190,756(130,808 증가)	59948	130808		0		190756	후원금 증가
202603	918	CNZ51556	국회의원	국회	국회의원	김예지	채무	본인	금융채무	농협은행 246,640(246,640 증가)	0	246640		0		246640	
202603	919	CNZ51556	국회의원	국회	국회의원	김예지	고지거부 및 등록제외사항	모		고지거부	0	0		0		0	독립생계유지
202603	920	NB64509Z	국회의원	국회	국회의원	김용만	건물	본인	오피스텔(전세( 임차)권)	경기도 하남시 망월동 하남미사 롯데캐슬 스타 대지 0.00㎡ 건물 0.00㎡ (대지 6.80㎡ 감소, 건물 34.57㎡ 감소)	100000	0		100000		0	전세권 만료
202603	921	NB64509Z	국회의원	국회	국회의원	김용만	건물	본인	근린생활시설(전세(임차)권)	경기도 하남시 망월동 힐스테이트 미사역 그랑파사쥬 건물66.49㎡	50000	0		0		50000	변동 없음
202603	922	NB64509Z	국회의원	국회	국회의원	김용만	건물	본인	아파트(전세(임차)권)	경기도 하남시 망월동 미사강변도시8단지 건물 59.80㎡	490000	0		0		490000	변동 없음
202603	923	NB64509Z	국회의원	국회	국회의원	김용만	부동산에 관한 규정이 준용되는 권리와 자동차·건설기계·선박 및 항공기	본인	자동차	2023년식 넥쏘(NEXO) 수소전기차 배기량(0cc)	10000	0		0		10000	변동 없음
202603	924	NB64509Z	국회의원	국회	국회의원	김용만	부동산에 관한 규정이 준용되는 권리와 자동차·건설기계·선박 및 항공기	본인	자동차	2025년식 카니발 하이리무진 배기량(3,470cc)	30000	0		0		30000	변동 없음
202603	925	NB64509Z	국회의원	국회	국회의원	김용만	예금	본인		농협은행 3,844(1,253 증가), 새마을금고중앙회 316(194 증가), 신한은행 12,599(2,013 증가), 주식회사카카오뱅크 0(34,347 감소), 키움증권 37	47683	3460		34347		16796	급여 저축 및 생활비 지출
202603	926	NB64509Z	국회의원	국회	국회의원	김용만	정치자금법에 따른 정치자금의 수입 및 지출을 위한 예금계좌의 예금	본인		농협중앙회 53,617(9,460 감소)	63077	0		9460		53617	의정활동
202603	927	NB64509Z	국회의원	국회	국회의원	김용만	증권	본인	상장주식	코난테크놀로지 424주	8255	102		0		8357	평가액 변동
202603	928	NB64509Z	국회의원	국회	국회의원	김용만	증권	본인	비상장주식	주식회사 범부 50,000주, 주식회사 와이엠아이 10,000주	1000	0		0		1000	평가액 변동
202603	929	NB64509Z	국회의원	국회	국회의원	김용만	채무	본인		사인간채무	250000	0		0		250000	변동 없음
202603	930	NB64509Z	국회의원	국회	국회의원	김용만	채무	본인	금융채무	스탠다드차타드은행 125,000(125,000 감소)	250000	0		125000		125000	채무 일부 상환
202603	931	NB64509Z	국회의원	국회	국회의원	김용만	고지거부 및 등록제외사항	부		고지거부	0	0		0		0	독립생계유지
202603	932	NB64509Z	국회의원	국회	국회의원	김용만	고지거부 및 등록제외사항	모		고지거부	0	0		0		0	독립생계유지
202603	933	OFE45081	국회의원	국회	국회의원	김용민	건물	본인	단독주택	서울특별시 서대문구 연희동 대지 175.90㎡ 중 87.90㎡건물 81.99㎡ 중 40.95㎡	449950	0		0		449950	변동없음
202603	934	OFE45081	국회의원	국회	국회의원	김용민	건물	본인	근린생활시설(전세(임차)권)	경기도 남양주시 다산동 강산타워 건물 1,148.90㎡ 중266.83㎡	51000	0		0		51000	변동없음
202603	935	OFE45081	국회의원	국회	국회의원	김용민	건물	배우자	단독주택	서울특별시 서대문구 연희동 대지 175.90㎡ 중 87.90㎡건물 81.99㎡ 중 40.95㎡	449950	0		0		449950	변동없음
202603	936	OFE45081	국회의원	국회	국회의원	김용민	건물	배우자	아파트(전세(임차)권)	경기도 남양주시 다산동 플루리움 건물 0.00㎡ (건물162.45㎡ 감소)	460000	0		460000		0	전세 계약 종료
202603	937	OFE45081	국회의원	국회	국회의원	김용민	건물	배우자	아파트	경기도 남양주시 다산동 플루리움 건물 162.45㎡ (건물162.45㎡ 증가)	0	795000	795000	0		795000	매입
202603	938	OFE45081	국회의원	국회	국회의원	김용민	부동산에 관한 규정이 준용되는 권리와 자동차·건설기계·선박 및 항공기	본인	자동차	2024년식 카니발하이리무진 배기량(3,470cc)	64900	0		10810		54090	가액변동
202603	939	OFE45081	국회의원	국회	국회의원	김용민	부동산에 관한 규정이 준용되는 권리와 자동차·건설기계·선박 및 항공기	배우자	자동차	2015년식 티구안 배기량(1,968cc)	12490	0		1520		10970	가액변동
202603	940	OFE45081	국회의원	국회	국회의원	김용민	예금	본인		(주)KEB하나은행 15,803(22,859 감소), (주)상상인증권 41, DB손해보험(주) 76,440(4,618 증가), KB증권 18,국민은행 32, 농협은행 3,393(12,666 감소), 농협중앙회25, 상호저축은행중앙회 0(2 감소), 신한은행 62(1,030감소), 신한투자증권 1, 우리은행 5, 중소기업은행5,892(972 증가)	132679	7520		38487		101712	급여 저축 및 생활비 지출
202603	941	OFE45081	국회의원	국회	국회의원	김용민	예금	배우자		(주)KEB하나은행 0(520 감소), (주)카카오페이증권 8(7 감소), AIA생명보험주식회사 6,513, DB손해보험(주) 155(144 증가), NH투자증권 17,055(2,498 증가), 국민은행540(2,634 감소), 농협은행 3(21 감소), 새마을금고중앙회28(1 증가), 업비트 0(1 감소), 우리은행 393(42 감소),주식회사 카카오뱅크 523(2,580 감소), 케이뱅크 0(1,000감소), 키움증권 100(100 증가), 토스뱅크(주) 223(34 증가), 한국교직원공제회 69,909(10,749 증가), 한국산업은행 7	88736	13666		6945		95457	급여 저축 및 생활비 지출
202603	942	OFE45081	국회의원	국회	국회의원	김용민	예금	장녀		국민은행 0(29 감소), 농협은행 3, 수협중앙회 478,중소기업은행 1,640(240 증가)	1910	240		29		2121	급여 저축 및 생활비 지출
202603	943	OFE45081	국회의원	국회	국회의원	김용민	예금	차녀		국민은행 1, 중소기업은행 1,620(240 증가)	1381	240		0		1621	급여 저축 및 생활비 지출
202603	944	OFE45081	국회의원	국회	국회의원	김용민	정치자금법에 따른 정치자금의 수입 및 지출을 위한 예금계좌의 예금	본인		농협은행 120,933(106,808 증가)	14125	106808		0		120933	후원금 모금 및 의정활동에 사용
202603	945	OFE45081	국회의원	국회	국회의원	김용민	채무	본인		사인간채무	50000	0		0		50000	변동없음
202603	946	OFE45081	국회의원	국회	국회의원	김용민	채무	본인	금융채무	(주)KEB하나은행 0(100,000 감소), 중소기업은행205,658(3,344 감소)	309002	0		103344		205658	일부상환
202603	947	OFE45081	국회의원	국회	국회의원	김용민	채무	본인	건물임대채무	서울특별시 서대문구 연희동 임대보증금	175000	0		0		175000	변동없음
202603	948	OFE45081	국회의원	국회	국회의원	김용민	채무	배우자	금융채무	국민은행 0(40,000 감소), 우리은행 476,487(476,487증가), 한국교직원공제회 44,557(1,725 감소)	86282	476487		41725		521044	상환 및 신규 채무 발생
202603	949	OFE45081	국회의원	국회	국회의원	김용민	채무	배우자	건물임대채무	서울특별시 서대문구 연희동 임대보증금	175000	0		0		175000	변동없음
202603	950	OFE45081	국회의원	국회	국회의원	김용민	가상자산	배우자		비트코인 0개(0.21275156개 감소)	29609	0		29609		0	전량매도
202603	951	OFE45081	국회의원	국회	국회의원	김용민	고지거부 및 등록제외사항	부		고지거부	0	0		0		0	독립생계유지
202603	952	OFE45081	국회의원	국회	국회의원	김용민	고지거부 및 등록제외사항	모		고지거부	0	0		0		0	독립생계유지
202603	953	EPI69383	국회의원	국회	국회의원	김용태	토지	부	임야	경기도 포천시 관인면 중리 산 347번지 8,132.00㎡	26429	163		0		26592	가액 변동
202603	954	EPI69383	국회의원	국회	국회의원	김용태	건물	본인	아파트(전세(임차)권)	경기도 포천시 군내면 구읍리 포천 금호어울림 센트럴 건물84.90㎡	20000	0		0		20000	변동 없음
202603	955	EPI69383	국회의원	국회	국회의원	김용태	건물	본인	사무실(전세(임차)권)	경기도 가평군 가평읍 읍내리 2층 건물 143.64㎡ (건물143.64㎡ 증가)	0	10000		0		10000	지역 연락소
202603	956	EPI69383	국회의원	국회	국회의원	김용태	건물	본인	근린생활시설(전세(임차)권)	경기도 포천시 신읍동 신용빌딩 6층 건물 190.73㎡ (건물190.73㎡ 증가)	0	10000		0		10000	지역 사무실
202603	957	EPI69383	국회의원	국회	국회의원	김용태	건물	부	아파트	서울특별시 송파구 잠실동 건물 76.50㎡	1701000	346000		0		2047000	가액 변동
202603	958	EPI69383	국회의원	국회	국회의원	김용태	현금	본인		현금	37000	0		0		37000	변동 없음
202603	959	EPI69383	국회의원	국회	국회의원	김용태	예금	본인		(주)KB손해보험 100, (주)KEB하나은행 1,020(47 증가),AIA생명보험주식회사 6,451(437 증가), KB증권 9,국민은행 87,516(50,523 증가), 농협중앙회 3(4,418감소), 신한은행 104, 우리은행 1,417(877 감소)	50908	51007		5295		96620	저축 및 예금 사용
202603	960	EPI69383	국회의원	국회	국회의원	김용태	예금	부		AIA생명보험주식회사 19,461(1,024 증가), 국민은행 3,560(3,027 감소), 농협은행 159(405 감소), 농협중앙회20,983(5,439 감소), 빗썸 12(12 증가), 삼성생명보험0(10,022 감소), 스탠다드차타드은행 5,신용협동조합중앙회 51, 신한은행 322(81 감소),에이비엘생명보험 4,464, 코인원 0(1 감소)	66956	1344		19283		49017	저축 및 예금 사용
202603	961	EPI69383	국회의원	국회	국회의원	김용태	예금	모		DB손해보험(주) 7,531(684 증가), 국민은행 50,931(9,985증가), 메리츠화재해상보험(보험) 6,308(996 증가), 미래에셋증권 4,027(8 증가), 삼성생명보험 3,707(9,482감소), 우리은행 12,762(5,459 증가), 유안타증권 10(6증가)	77620	63339		55683		85276	저축 및 예금 사용
202603	962	EPI69383	국회의원	국회	국회의원	김용태	예금	조모		농협중앙회 115,515(3,244 감소)	118759	103800		107044		115515	저축 및 예금 사용
202603	963	EPI69383	국회의원	국회	국회의원	김용태	정치자금법에 따른 정치자금의 수입 및 지출을 위한 예금계좌의 예금	본인		우리은행 94,027(92,670 증가)	1357	92670		0		94027	후원 기부금
202603	964	EPI69383	국회의원	국회	국회의원	김용태	증권	모	상장주식	GS건설 50주, LB루셈 0주(60주 감소), LB세미콘 68주(68주 증가), NAVER 15주, 넥스틴 32주, 루시드그룹 3주(32주 감소), 모더나 60주, 비유테크놀러지 300주, 아이티엠반도체 63주, 에스앤에스텍 30주, 코오롱인더 7주, 파라다이스보통주 41주, 호텔신라 20주	12496	2975		1655		13816	평가액 변동 및 매입 매도
202603	965	EPI69383	국회의원	국회	국회의원	김용태	채무	본인		사인간채무 감소	18800	0		500		18300	22대 총선 펀드 상환
202603	966	EPI69383	국회의원	국회	국회의원	김용태	채무	본인	금융채무	신한카드 8,018(15,809 감소), 하나캐피탈 30,713(12,644감소), 현대캐피탈 31,312(28,607 증가)	69889	31312		31158		70043	상환, 자동차 렌탈
202603	967	EPI69383	국회의원	국회	국회의원	김용태	채무	본인	기타	한국장학재단 감소	17370	0		1986		15384	상환
202603	968	EPI69383	국회의원	국회	국회의원	김용태	채무	부	금융채무	국민은행 195,301(1,922 감소)	197223	0		1922		195301	상환
202603	969	EPI69383	국회의원	국회	국회의원	김용태	가상자산	부		비트코인 0개(0.00002298개 감소), 아스타 0개(170개감소), 페이코인 0개(1개 감소)	12	0		12		0	전량 매도
202603	970	3UI95829	국회의원	국회	국회의원	김우영	건물	배우자	아파트(전세(임차)권)	서울특별시 은평구 진관동 은평뉴타운 제각말 건물 0.00㎡(건물 101.90㎡ 감소)	350000	0		350000		0	이사로 인한 소유권 상실
202603	971	3UI95829	국회의원	국회	국회의원	김우영	건물	배우자	아파트(전세(임차)권)	서울특별시 은평구 진관동 서울은평뉴타운 디에트르 더퍼스트 건물 84.00㎡ (건물 84.00㎡ 증가)	0	670225		0		670225	이사로 인한 소유권 취득
202603	972	3UI95829	국회의원	국회	국회의원	김우영	부동산에 관한 규정이 준용되는 권리와 자동차·건설기계·선박 및 항공기	본인	자동차	2019년식 카니발 배기량(2,199cc) 감소	13000	0		13000		0	소유권 상실
202603	973	3UI95829	국회의원	국회	국회의원	김우영	예금	본인		국민은행 433, 농협은행 19,664(14,583 증가),신용협동조합중앙회 272(6 증가), 신한은행 11, 씨티은행86, 우리은행 3,562, 하나증권 100	9539	14589		0		24128	배우자 퇴직금 및 소득, 본인 소득에 의한 증액
202603	974	3UI95829	국회의원	국회	국회의원	김우영	예금	배우자		(주)카카오페이증권 31(21 감소), 국민은행 214,781(151,750 증가), 농협은행 509(1 증가),새마을금고중앙회 1,691(18,694 감소), 신한은행 34,392(19,541 증가), 씨티은행 853(1 증가), 우리은행10,020, 키움증권 40	109739	179872		27294		262317	배우자 퇴직금 및 소득, 본인 소득에 의한 증액
202603	975	3UI95829	국회의원	국회	국회의원	김우영	정치자금법에 따른 정치자금의 수입 및 지출을 위한 예금계좌의 예금	본인		농협중앙회 164,918(111,854 증가)	53064	111854		0		164918	후원금 - 정치자금 입금에 의한 증액
202603	976	3UI95829	국회의원	국회	국회의원	김우영	채무	본인		사인간채무	158400	0		0		158400	변동없음
202603	977	3UI95829	국회의원	국회	국회의원	김우영	채무	배우자		사인간채무 증가	20000	300000		0		320000	전세임차금 증액에 의한 채무
202603	978	4L695580	국회의원	국회	국회의원	김원이	건물	본인	아파트	경기도 안양시 만안구 석수동 석수아이파크 건물 0.00㎡ 중 0.00㎡ (건물 총면적 84.94㎡ 감소, 지분면적 42.47㎡감소)	185000	0		185000	305000	0	매도
202603	979	4L695580	국회의원	국회	국회의원	김원이	건물	본인	사무실(전세(임차)권)	전라남도 목포시 상동 쇼핑천국포르모 건물 299.00㎡	30000	0		0		30000	
202603	980	4L695580	국회의원	국회	국회의원	김원이	건물	본인	아파트	경기도 안양시 동안구 비산동 평촌자이아이파크 건물84.98㎡ 중 42.49㎡ (건물 총면적 84.98㎡ 증가, 지분면적42.49㎡ 증가)	0	527500	527500	0		527500	
202603	981	4L695580	국회의원	국회	국회의원	김원이	건물	배우자	아파트	경기도 안양시 만안구 석수동 석수아이파크 건물 0.00㎡ 중 0.00㎡ (건물 총면적 84.94㎡ 감소, 지분면적 42.47㎡감소)	185000	0		185000	305000	0	매도
202603	982	4L695580	국회의원	국회	국회의원	김원이	건물	배우자	아파트(전세(임차)권)	전라남도 목포시 석현동목포석현동라송센트럴카운티3차아파트 건물 75.83㎡	187530	0		0		187530	
202603	983	4L695580	국회의원	국회	국회의원	김원이	건물	배우자	아파트	경기도 안양시 동안구 비산동 평촌자이아이파크 건물84.98㎡ 중 42.49㎡ (건물 총면적 84.98㎡ 증가, 지분면적42.49㎡ 증가)	0	527500	527500	0		527500	
202603	984	4L695580	국회의원	국회	국회의원	김원이	건물	부	아파트	전라남도 목포시 산정동 중앙하이츠아파트 건물 84.93㎡	62200	1000		0		63200	가액변동
202603	985	4L695580	국회의원	국회	국회의원	김원이	부동산에 관한 규정이 준용되는 권리와 자동차·건설기계·선박 및 항공기	본인	자동차	2018년식 그랜저 배기량(2,359cc)	14840	0		3630		11210	가액변동
202603	986	4L695580	국회의원	국회	국회의원	김원이	부동산에 관한 규정이 준용되는 권리와 자동차·건설기계·선박 및 항공기	배우자	자동차	2023년식 G70슈팅브레이크 배기량(1,990cc)	45770	0		12420		33350	가액변동
202603	987	4L695580	국회의원	국회	국회의원	김원이	예금	본인		(주)KB손해보험 4,378(2,502 증가), 국민은행 4,643(67 증가), 농협은행 1,077(355 감소), 신용협동조합중앙회 879(10 증가), 우리은행 17,222(186,841 감소), 주식회사아이엠라이프생명보험 12,000, 한화생명보험주식회사62,748(2,760 증가), 한화손해보험 34,725(3,956 증가)	315573	9295		187196		137672	생활비 등 지출
202603	988	4L695580	국회의원	국회	국회의원	김원이	예금	배우자		농협은행 3,681(99,307 감소), 신한은행 0(50,020 감소),우리은행 6,267(49,994 감소), 토스뱅크(주) 61(13 증가)	209317	712		200020		10009	생활비 등 지출
202603	989	4L695580	국회의원	국회	국회의원	김원이	예금	부		(주)KEB하나은행 202, 새마을금고중앙회 9,779(2,504증가), 신용협동조합중앙회 24,735(1,443 증가)	30769	31809		27862		34716	생활비 등 지출
202603	990	4L695580	국회의원	국회	국회의원	김원이	예금	모		새마을금고중앙회 0(274 감소), 신용협동조합중앙회7,298(5,000 감소)	12572	7000		12274		7298	생활비 등 지출
202603	991	4L695580	국회의원	국회	국회의원	김원이	예금	장남		수협중앙회 10,358(64 감소)	10422	10358		10422		10358	생활비 등 지출
202603	992	4L695580	국회의원	국회	국회의원	김원이	정치자금법에 따른 정치자금의 수입 및 지출을 위한 예금계좌의 예금	본인		농협은행 183,472(126,568 증가)	56904	126568		0		183472	후원금 증가
202603	993	4L695580	국회의원	국회	국회의원	김원이	채무	본인	금융채무	우리은행 26,044(26,044 증가)	0	26044		0		26044	생활비 등 지출
202603	994	4L695580	국회의원	국회	국회의원	김원이	채무	부	금융채무	신용협동조합중앙회 68,907(43,727 증가)	25180	49727		6000		68907	생활비 등 지출
202603	995	4L695580	국회의원	국회	국회의원	김원이	고지거부 및 등록제외사항	차남		고지거부	182603	0		182603		0	독립생계유지
202603	996	LCZ1711I	국회의원	국회	국회의원	김위상	토지	본인	대지	경상북도 청송군 주왕산면 라리 652-10번지 271.00㎡	4309	27		0		4336	가액 변동
202603	997	LCZ1711I	국회의원	국회	국회의원	김위상	토지	배우자	전	경상북도 청송군 주왕산면 라리 554-1번지 3,322.00㎡	23420	166		0		23586	가액 변동
202603	998	LCZ1711I	국회의원	국회	국회의원	김위상	토지	배우자	전	경상북도 청송군 주왕산면 라리 555번지 3,383.00㎡	23850	169		0		24019	가액 변동
202603	999	LCZ1711I	국회의원	국회	국회의원	김위상	토지	배우자	도로	대구광역시 달성군 유가읍 음리 65-1번지 29.00㎡	10500	0		0		10500	변동 없음
202603	1000	LCZ1711I	국회의원	국회	국회의원	김위상	건물	배우자	아파트	대구광역시 달서구 상인동 상인화성파크드림2단지아파트건물 119.22㎡	398700	0		0		398700	변동 없음
202603	1001	LCZ1711I	국회의원	국회	국회의원	김위상	건물	배우자	근린생활시설	대구광역시 달성군 다사읍 세천리 대지 887.00㎡ 중443.50㎡ 건물 394.00㎡ 중 197.00㎡	526878	1094		0		527972	가액 변동
202603	1002	LCZ1711I	국회의원	국회	국회의원	김위상	건물	배우자	근린생활시설	대구광역시 달성군 유가읍 음리 대지 4,506.00㎡ 중2,253.00㎡ 건물 572.67㎡ 중 286.33㎡	913723	3006		0		916729	가액 변동
202603	1003	LCZ1711I	국회의원	국회	국회의원	김위상	예금	본인		DB손해보험(주) 0(290 감소), 교보생명보험 22,990,국민은행 333, 농협은행 24,760(10,878 증가),롯데손해보험 300(120 증가), 삼성생명보험 5,244(7,583감소), 삼성증권 11, 새마을금고중앙회 55, 아이엠뱅크322(432 감소), 우리은행 12, 현대해상화재보험 3,378(603 증가)	54109	11609		8313		57405	급여 저축 및 생활비 지출 등
202603	1004	LCZ1711I	국회의원	국회	국회의원	김위상	예금	배우자		DB손해보험(주) 960(52 증가), 농협은행 349(17,690 감소), 농협중앙회 2,077, 메리츠화재해상보험(보험) 20,477(1,904 증가), 삼성생명보험 251,587(3,797 증가),삼성증권 186(4 증가), 신용협동조합중앙회 65(3 증가), 신한라이프생명보험 1,065(1,065 증가), 아이엠뱅크 493(453 증가), 유안타증권 3, 주식회사아이엠라이프생명보험 11,839(6,177 증가)	293336	13710		17945		289101	급여 저축 및 생활비 지출 등
202603	1005	LCZ1711I	국회의원	국회	국회의원	김위상	정치자금법에 따른 정치자금의 수입 및 지출을 위한 예금계좌의 예금	본인		농협은행 76,033(26,482 증가)	49551	26482		0		76033	후원금 증가
202603	1006	LCZ1711I	국회의원	국회	국회의원	김위상	채무	본인	금융채무	교보생명보험 20,000, 삼성생명보험 9,000, 아이엠뱅크100,000(4,546 감소)	133546	0		4546		129000	일부 상환
202603	1007	LCZ1711I	국회의원	국회	국회의원	김위상	채무	배우자	금융채무	삼성생명보험 127,270(1,497 감소), 아이엠뱅크188,561(11,917 감소)	329245	0		13414		315831	일부 상환
202603	1008	LCZ1711I	국회의원	국회	국회의원	김위상	고지거부 및 등록제외사항	장남		고지거부	0	0		0		0	독립생계유지
202603	1009	LCZ1711I	국회의원	국회	국회의원	김위상	고지거부 및 등록제외사항	차남		고지거부	0	0		0		0	독립생계유지
202603	1010	LCZ1711I	국회의원	국회	국회의원	김위상	고지거부 및 등록제외사항	손자1		고지거부	0	0		0		0	독립생계유지
202603	1011	LCZ1711I	국회의원	국회	국회의원	김위상	고지거부 및 등록제외사항	손자2		고지거부	0	0		0		0	독립생계유지
202603	1012	LCZ1711I	국회의원	국회	국회의원	김위상	고지거부 및 등록제외사항	손녀1		고지거부	0	0		0		0	독립생계유지
202603	1013	LCZ1711I	국회의원	국회	국회의원	김위상	고지거부 및 등록제외사항	손녀2		고지거부	0	0		0		0	독립생계유지
202603	1014	5N65159P	국회의원	국회	국회의원	김윤	건물	본인	아파트	서울특별시 서초구 서초동 삼풍아파트 건물 130.23㎡	2230000	256000		0		2486000	
202603	1015	5N65159P	국회의원	국회	국회의원	김윤	건물	부	아파트	광주광역시 동구 운림동 라인광명 건물 84.87㎡ 중 42.44㎡	66508	492		0		67000	
202603	1016	5N65159P	국회의원	국회	국회의원	김윤	부동산에 관한 규정이 준용되는 권리와 자동차·건설기계·선박 및 항공기	배우자	자동차	2021년식 G80 2.5T(3세대) 배기량(2,497cc)	46420	0		15010		31410	
202603	1017	5N65159P	국회의원	국회	국회의원	김윤	예금	본인		(주)KEB하나은행 65, (주)카카오페이증권 8(8 증가),KB라이프생명보험 24,383(1,389 증가), KB증권 1,NH투자증권 1, 농협은행 2,503(585 증가), 대신증권77,311(41,216 증가), 새마을금고중앙회 271(12 증가), 신한라이프생명보험 3,662(202 증가), 신한은행 39,923(1,244 감소), 우리은행 111,090(26,243 증가),하나증권 9, 한국교직원공제회 92,730(6,105 감소),한국투자증권 0(3 감소)	289654	71347		9044		351957	급여 저축 및 생활비 지출 등
202603	1018	5N65159P	국회의원	국회	국회의원	김윤	예금	배우자		(주)KB손해보험 2,262(799 증가), (주)KEB하나은행 9, KB라이프생명보험 83,717(1,288 증가), 대신증권 21,808(21,542 증가), 미래에셋증권 60,090(21,985증가), 신한라이프생명보험 25,200, 신한투자증권 2(1,106 감소), 우리은행 53,617(49,853 증가), 우체국23,675(1,438 증가), 한국투자증권 341(291 증가)	174631	99569		3479		270721	급여 저축 및 생활비 지출 등
202603	1019	5N65159P	국회의원	국회	국회의원	김윤	예금	부		광주은행 47,965(15,874 감소), 농협중앙회 275,235(364증가), 새마을금고중앙회 162(102,186 감소), 신용협동조합중앙회 0(52 감소)	441110	39527		157275		323362	급여 저축 및 생활비 지출 등
202603	1020	5N65159P	국회의원	국회	국회의원	김윤	예금	장녀		(주)KEB하나은행 0(884 감소), KB라이프생명보험 17,144(799 증가), 농협은행 983(4 증가), 대신증권35,059(35,019 증가), 신한은행 0(301 감소),신한투자증권 0(1,347 감소), 우리은행 4,031(241 증가),토스뱅크(주) 253(185 증가)	23754	36248		2532		57470	급여 저축 및 생활비 지출 등
202603	1021	5N65159P	국회의원	국회	국회의원	김윤	정치자금법에 따른 정치자금의 수입 및 지출을 위한 예금계좌의 예금	본인		농협은행 132,972(51,632 증가)	81340	51632		0		132972	후원금 증가
202603	1022	5N65159P	국회의원	국회	국회의원	김윤	증권	본인	상장주식	BGF에코머티리얼즈 4,000주(1,943주 증가), CJ프레시웨이 0주(100주 감소), 대한전선 0주(200주 감소), 로블록스61주(61주 증가), 메타플랫폼스(페이스북) 3주(3주  증가), 삼성SDI 5주, 삼성전자 0주(500주 감소), 신세계인터내셔날 0주(350주 감소), 아이온큐 12주(12주 증가), 엔비디아 35.004주(35.004주 증가), 오라클 10주(10주 증가), 팔란티어테크 11주(11주 증가)	41169	41660		41169		41660	평가액 변동 및 매도
202603	1023	5N65159P	국회의원	국회	국회의원	김윤	증권	배우자	상장주식	BGF에코머티리얼즈 38,420주(17,873주 증가), CJENM 118주, CJ프레시웨이 0주(200주 감소), E1 0주(290주 감소), NAVER 0주(140주 감소), SK 0주(70주 감소), 메타플랫폼스(페이스북) 1주(1주 증가), 삼성전자 0주(315주 감소), 서진시스템 130주, 신세계인터내셔날1,000주, 원준 150주, 제이오 143주, 카카오 0주(76주감소)	161614	103982		100017		165579	평가액 변동 및 매도
202603	1024	5N65159P	국회의원	국회	국회의원	김윤	증권	배우자	비상장주식	SK에코플랜트 300주, 주식회사 윕스 0주(28,350주 감소)	96861	735		84171		13425	평가액 변동 및 매도
202603	1025	5N65159P	국회의원	국회	국회의원	김윤	증권	장녀	상장주식	BGF에코머티리얼즈 14,037주(3,099주 증가), CJ프레시웨이 0주(650주 감소), E1 0주(100주 감소), NAVER 0주(29주 감소), S-Oil우 0주(10주 감소), SK 0주(41주 감소), 로블록스 19주(19주 증가), 메타플랫폼스(페이스북) 3주(3주 증가), 삼성전자  0주(7주 감소), 엔비디아 20주(20주 증가), 카카오 47주,호텔신라 10주	63248	31930		30131		65047	평가액 변동 및 매도
202603	1026	5N65159P	국회의원	국회	국회의원	김윤	채무	본인	금융채무	신한은행 48,072(22,377 증가)	25695	22377		0		48072	
202603	1027	5N65159P	국회의원	국회	국회의원	김윤	채무	배우자	금융채무	우리은행 0(669 감소)	669	0		669		0	
202603	1028	5N65159P	국회의원	국회	국회의원	김윤	보석류	배우자		다이아몬드반지 1캐럿	5000	0		0		5000	
202603	1029	5N65159P	국회의원	국회	국회의원	김윤	고지거부 및 등록제외사항	장남		고지거부	0	0		0		0	독립생계유지
202603	1030	L5P27909	국회의원	국회	국회의원	김은혜	건물	본인	사무실(전세(임차)권)	경기도 성남시 분당구 구미동 분당프라자 건물 0.00㎡(건물 125.82㎡ 감소)	40000	0		40000		0	계약만료
202603	1031	L5P27909	국회의원	국회	국회의원	김은혜	건물	본인	오피스텔(전세(임차)권)	경기도 성남시 분당구 정자동 더샵 분당파크리버 건물84.96㎡	50000	0		0		50000	변동없음
202603	1032	L5P27909	국회의원	국회	국회의원	김은혜	건물	본인	상가(전세(임차)권)	경기도 성남시 분당구 구미동 분당프라자 건물 46.50㎡(건물 46.50㎡ 증가)	0	20000		0		20000	신규계약(사무실 이전)
202603	1033	L5P27909	국회의원	국회	국회의원	김은혜	건물	배우자	연립주택	서울특별시 강남구 논현동 한우리빌라 건물 212.74㎡	1295000	38000		0		1333000	가액변동
202603	1034	L5P27909	국회의원	국회	국회의원	김은혜	건물	배우자	빌딩	서울특별시 강남구 대치동 대지 1,142.00㎡ 중 268.20㎡건물 14,027.58㎡ 중 3,294.38㎡	18792369	677059		0		19469428	가액변동
202603	1035	L5P27909	국회의원	국회	국회의원	김은혜	부동산에 관한 규정이 준용되는 권리와 자동차·건설기계·선박 및 항공기	본인	자동차	2017년식 S90T5 배기량(1,969cc)	18970	0		2550		16420	차량가액 감가상각
202603	1036	L5P27909	국회의원	국회	국회의원	김은혜	예금	본인		(주)KEB하나은행 101,509(11,484 감소),KB라이프생명보험 72,000, 국민은행 293,299(70,173증가), 농협은행 671(354 증가), 농협중앙회 861(7,995 감소), 동양생명보험 5,422, 미래에셋증권 322,130(99,937 증가), 삼성생명보험 43,000, 삼성증권 2,신용협동조합중앙회 121(5 증가), 씨티은행 183(1,543감소), 우리은행 163, 유안타증권 4, 중소기업은행3,691(408 감소), 한화투자증권 4	694021	188985		39946		843060	금융상품 평가액 변동
202603	1037	L5P27909	국회의원	국회	국회의원	김은혜	예금	배우자		(주)KEB하나은행 2,018,743(253,498 증가), KB증권1,004,532(287,442 감소), NH투자증권 1, 교보생명보험17,400, 국민은행 2,478,577(257,330 증가),미래에셋증권 1,372,397(130,887 증가), 신한투자증권 109, 에이비엘생명보험 240,000, 한화생명보험주식회사433,877(50,244 증가)	7161119	2584942		2180425		7565636	금융상품 평가액 변동
202603	1038	L5P27909	국회의원	국회	국회의원	김은혜	예금	장남		(주)KEB하나은행 22(22 증가), 국민은행 24,458(5,929 증가), 미래에셋증권 64,808(8,703 증가), 삼성생명보험8,300(1,200 증가), 우리은행 3	81737	15854		0		97591	금융상품 평가액 변동
202603	1039	L5P27909	국회의원	국회	국회의원	김은혜	정치자금법에 따른 정치자금의 수입 및 지출을 위한 예금계좌의 예금	본인		농협은행 24,356(20,599 감소)	44955	0		20599		24356	의정활동 지출
202603	1040	L5P27909	국회의원	국회	국회의원	김은혜	증권	배우자	상장주식	GE베르노바 0주(3주 감소), HD현대일렉트릭 0주(3주 감소), ISC 0주(20주 감소), LG씨엔에스 216주(216주 증가), LSELECTRIC 0주(8주 감소), MP머티리얼스 50주(50주 증가), SK하이닉스 0주(37주 감소), 그라인더0주(22주 감소), 넥스트바이오메디컬 0주(20주 감소), 뉴스케일파워 500주, 대주전자재료 0주(24주 감소), 더존비즈온 0주(21주 감소), 데이터도그 0주(15주 감소), 두산 0주(11주 감소), 로블록스 0주(12주 감소), 루닛 0주(6주 감소), 리가켐바이오 300주(300주 증가), 메타플랫폼스(페이스 0주(3주 감소), 몽고DB 0주(2주 감소), 바디텍메드 0주(21주 감소), 보로노이 1,775주(1,775주 증가), 브로드컴 200주(136주 증가), 브이티 0주(31주 감소), 삼양식품 0주(3주 감소), 서비스나우 0주(1주 감소), 서클인터넷그룹 100주(100주 증가), 세일스포스 92주(4주 감소), 솔브레인홀딩스 0주(19주 감소), 쇼피파이 0주(10주 감소), 스노우플레이크 0주(5주 감소), 아스테라랩스 0주(18주 감소), 아이온큐 200주(535주 감소), 알리바바그룹홀딩(A 100주(100주 증가), 알테오젠 450주(450주 증가), 애플0주(4주 감소), 에이비엘바이오 1주(1주 증가), 에코프로머티 0주(5주 감소), 엔비디아 300주(700주 감소), 엘앤에프 0주(8주 감소), 오클로 100주(100주 증가), 온홀딩 0주(13주 감소), 일진전기 0주(31주 감소), 코스메카코리아 0주(40주 감소), 크라토스디펜스앤드시큐리티솔루션스 100주(100주 증가), 태광 1,864주(1,864주 증가), 태피스트리 0주(25주 감소), 테슬라 85주(12주 감소), 테크윙 0주(176주 감소), 템퍼스AI 200주(200주 증가), 트레이드데스크 0주(9주 감소), 팔란티어테크 200주(189주 증가), 포티넷 0주(15주 감소), 한글과컴퓨터 0주(32주 감소), 한화인더스트리얼솔루션즈 0주(57주 감소), 효성중공업 0주(13주 감소)	449689	906209		243896		1112002	금융기관 일임형 상품 가입 및 매매
202603	1041	L5P27909	국회의원	국회	국회의원	김은혜	증권	배우자	기타(채권)	BNTNF 10/01/29 NTNF 321,000주, KORELE702/01/27 71,000주, T1.12508/15/40 235,700주, T1.2505/15/50198,000주(198,000주 증가), 국고채권 03375-3206(22-5)100,000,000주	627227	153041		10767		769501	금융기관 일임형 상품 가입 및 매매
202603	1042	L5P27909	국회의원	국회	국회의원	김은혜	채무	본인	금융채무	농협은행 60,000, 씨티은행 47,296(3,804 감소), 우리은행56,316(3,390 감소)	170806	0		7194		163612	일부상환
202603	1043	L5P27909	국회의원	국회	국회의원	김은혜	채무	배우자	건물임대채무	서울특별시 강남구 대치동 임대보증금 증가	1881890	56544		47120		1891314	임대보증금 반환
202603	1044	L5P27909	국회의원	국회	국회의원	김은혜	회원권	배우자	기타	반얀트리 클럽 앤 스파	190000	0		0		190000	변동없음
202603	1045	L5P27909	국회의원	국회	국회의원	김은혜	고지거부 및 등록제외사항	모		고지거부	0	0		0		0	타인부양
202603	1046	X7E7893P	국회의원	국회	국회의원	김장겸	건물	배우자	오피스텔	경기도 하남시 망월동 효성헤링턴타워더퍼스트 건물46.11㎡	976847	0		0		976847	
202603	1047	X7E7893P	국회의원	국회	국회의원	김장겸	건물	장남	오피스텔(분양 권)	서울특별시 마포구 아현동 마포 에피트 어바닉 대지  10.27㎡ 건물 80.42㎡ (대지 10.27㎡ 증가, 건물 80.42㎡증가)	0	265450		0		265450	매입
202603	1048	X7E7893P	국회의원	국회	국회의원	김장겸	부동산에 관한 규정이 준용되는 권리와 자동차·건설기계·선박 및 항공기	본인	자동차	2022년식 렉서스뉴 배기량(2,487cc)	41570	0		5820		35750	가액변동
202603	1049	X7E7893P	국회의원	국회	국회의원	김장겸	예금	본인		KB라이프생명보험 35,620, KB부동산신탁 836,500,SBI저축은행 47,000, 교보생명보험 3,552(24,524 감소),농협은행 4,979(1,546 감소), 메리츠종금증권 34, 상호저축은행중앙회 0(47,000 감소), 중소기업은행 25,883(9,227 증가)	1017411	9562		73405		953568	생활비 지출 및 급여저축
202603	1050	X7E7893P	국회의원	국회	국회의원	김장겸	예금	배우자		(주)KB손해보험 710(402 증가), (주)KEB하나은행 51,KB라이프생명보험 8,623, KB부동산신탁 836,500, KB증권 2,미래에셋증권 624,624(203,337 증가), 삼성증권 0(16 감소), 상호저축은행중앙회 48,000, 새마을금고중앙회 56(2 증가), 스탠다드차타드은행 2,736(1,338 감소),신한라이프생명보험 10,170(649 증가), 신한은행 219(147 증가), 웰컴저축은행 0(48,000 감소), 주식회사 카카오뱅크 2,565(4,525 감소), 중소기업은행 16,569(67 감소)	1400234	254968		104377		1550825	생활비 지출 및 급여저축
202603	1051	X7E7893P	국회의원	국회	국회의원	김장겸	예금	장남		NH투자증권 0(58,363 감소), 미래에셋증권 17,137(17,123증가), 빗썸 10(10 증가), 삼성생명보험 32,380(5,295증가), 신한은행 20,689(4,921 감소), 업비트 64(1,053감소), 웰컴저축은행 3, 중소기업은행 5,870(4,551 증가),케이뱅크 0(9 감소), 한국투자증권 55,269(55,269 증가)	113520	82262		64360		131422	생활비 지출 및 급여저축
202603	1052	X7E7893P	국회의원	국회	국회의원	김장겸	정치자금법에 따른 정치자금의 수입 및 지출을 위한 예금계좌의 예금	본인		농협은행 33,696(17,014 감소)	50710	0		17014		33696	의정활동 지출
202603	1053	X7E7893P	국회의원	국회	국회의원	김장겸	증권	배우자	상장주식	유안타증권 0주(5주 감소), 팔란티어테크 0주(500주 감소)	55601	0		55601		0	매도
202603	1054	X7E7893P	국회의원	국회	국회의원	김장겸	채무	배우자	금융채무	중소기업은행 250,000	250000	0		0		250000	
202603	1055	X7E7893P	국회의원	국회	국회의원	김장겸	채무	배우자	건물임대채무	경기도 하남시 망월동 효성헤링턴타워더퍼스트임대보증금 증가	0	50000		0		50000	월세보증금
202603	1056	X7E7893P	국회의원	국회	국회의원	김장겸	채무	장남	금융채무	아이엠뱅크 212,360(212,360 증가)	0	212360		0		212360	분양권 취득
202603	1057	X7E7893P	국회의원	국회	국회의원	김장겸	금 및 백금	배우자		금 24K 93g	12226	6949		0		19175	가액변동
202603	1058	X7E7893P	국회의원	국회	국회의원	김장겸	회원권	본인	헬스	펄스8	42500	0		0		42500	
202603	1059	X7E7893P	국회의원	국회	국회의원	김장겸	가상자산	장남		Pundi X PURSE 0.00000024개, 가스 0.03815921개,비토르토큰 284.1766182개, 비트토렌트 0.00008743개, 아발란체 0개(82.2506743개 감소), 아카시네트워크 0개(639.98315065개 감소), 에이다 0개(6,483.35853593개감소), 에이피이앤에프티 23,516,283.50475606개, 웨이브 0개(716.19742482개 감소), 주피터 0개(3,734.28724787개감소), 트론 0.000017개	21507	0		21507		0	매도 등
202603	1060	57B28032	국회의원	국회	국회의원	김재섭	건물	본인	근린생활시설(전세(임차)권)	서울특별시 도봉구 쌍문동 3층 건물 136.16㎡ (건물136.16㎡ 증가)	0	30000		0		30000	지역사무실
202603	1061	57B28032	국회의원	국회	국회의원	김재섭	건물	배우자	아파트(전세(임차)권)	서울특별시 도봉구 창동 북한산 아이파크 건물 101.91㎡	300000	0		0		300000	
202603	1062	57B28032	국회의원	국회	국회의원	김재섭	건물	배우자	아파트	서울특별시 용산구 동빙고동 현대플라티앙Ⅰ 건물 12.41㎡(건물 12.41㎡ 증가)	0	98000		0		98000	상속(협의중)
202603	1063	57B28032	국회의원	국회	국회의원	김재섭	건물	부	다세대주택(전세(임차)권)	서울특별시 도봉구 쌍문동 부흥해피빌 건물 52.98㎡	14170	0		0		14170	
202603	1064	57B28032	국회의원	국회	국회의원	김재섭	부동산에 관한 규정이 준용되는 권리와 자동차·건설기계·선박 및 항공기	본인	자동차	2023년식 디올뉴싼타페1.6터보 배기량(1,598cc)	40860	0		5820		35040	가액변동
202603	1065	57B28032	국회의원	국회	국회의원	김재섭	부동산에 관한 규정이 준용되는 권리와 자동차·건설기계·선박 및 항공기	모	자동차	2014년식 싼타페2.0(2WD) 배기량(2,000cc)	8080	0		1170		6910	가액변동
202603	1066	57B28032	국회의원	국회	국회의원	김재섭	예금	본인		국민은행 5,865(2,014 증가), 농협은행 4,784(2 증가), 메리츠화재해상보험(보험) 2,328(454 증가), 우리은행 11, 주식회사 카카오뱅크 5,858(5,532 증가), 키움증권4,689(2,284 증가), 한국투자증권 1, 현대해상화재보험1,040(260 증가)	14030	10546		0		24576	급여저축 등
202603	1067	57B28032	국회의원	국회	국회의원	김재섭	예금	배우자		(주)카카오페이증권 3(3 증가), KB증권 7,896(4,925 증가), 삼성생명보험 12,888(1,001 증가), 새마을금고중앙회 8,823(662 증가), 신한은행 14,358(13,347 증가), 우리은행 3,269(2,166 증가),주식회사 카카오뱅크 200(191 증가), 한화생명보험주식회사 0(890 감소), 현대해상화재보험 4,050(1,722 증가), 흥국화재해상보험(주) 6,095(636증가)	33819	24653		890		57582	급여저축 등
202603	1068	57B28032	국회의원	국회	국회의원	김재섭	예금	부		(주)KEB하나은행 288(93 증가), DB손해보험(주) 2,033(314 증가), 국민은행 7, 신한은행 7,785(1,509 감소)	11215	407		1509		10113	급여저축 등
202603	1069	57B28032	국회의원	국회	국회의원	김재섭	예금	모		(주)KEB하나은행 22, DB손해보험(주) 2,500(300 증가),국민은행 210(110 증가), 농협은행 36(603 감소),메리츠화재해상보험(보험) 3,343(528 증가),새마을금고중앙회 10, 신한은행 5,006(3,156 증가),신한투자증권 1, 우리은행 6(81 감소), 주식회사카카오뱅크 728(728 증가), 중소기업은행 10,한화생명보험주식회사 20,030(819 증가),현대해상화재보험 34,332(1,857 증가),흥국화재해상보험(주) 3,118(374 증가)	62164	7872		684		69352	급여저축 등
202603	1070	57B28032	국회의원	국회	국회의원	김재섭	예금	장녀		KB증권 537(537 증가), 새마을금고중앙회 167(2,934 감소)	3101	537		2934		704	급여저축 등
202603	1071	57B28032	국회의원	국회	국회의원	김재섭	정치자금법에 따른 정치자금의 수입 및 지출을 위한 예금계좌의 예금	본인		농협은행 69,507(7,394 증가)	62113	7394		0		69507	후원금 증가
202603	1072	57B28032	국회의원	국회	국회의원	김재섭	증권	본인	상장주식	ALLBIRDSINC 0주(2주 감소), ALPHABETINC 24주(24주 증가), AMAZONCOMINC 2주(2주 증가), APPLEINC 10주, GENERACHLDGSINC 2주(2주 증가), HDC 1주, LG에너지솔루션1주, LG에너지솔루션보통주 22주, MATCHGROUPINC0주(45주 감소), PALANTIRTECHINC 15주(15주 증가),TESLAINC 1주(1주 증가), 나이키B 0.009991주, 대동보통주 6주, 두산로보틱스보통주 2주, 삼성전자보통주 25주, 엔씨소프트보통주 2주, 웹젠 30주	16146	18775		2208		32713	매수 및 매도
202603	1073	57B28032	국회의원	국회	국회의원	김재섭	증권	모	상장주식	인바이오젠 15주, 플럭스파워홀딩스 271주	769	17		136		650	매수 및 매도
202603	1074	57B28032	국회의원	국회	국회의원	김재섭	증권	모	비상장주식	주식회사 지앤엘 0주(25,000주 감소)	12500	0		12500		0	매수 및 매도
202603	1075	57B28032	국회의원	국회	국회의원	김재섭	채무	배우자		사인간채무	50000	0		0		50000	
202603	1076	57B28032	국회의원	국회	국회의원	김재섭	채무	모	금융채무	신한은행 0(3,814 감소), 신한카드 2,411(2,411 증가),한화생명보험주식회사 2,660, 현대해상화재보험 6,160	12634	2411		3814		11231	일부상환
202603	1077	57B28032	국회의원	국회	국회의원	김재섭	가상자산	본인		유에스디코인 434.15340087개(434.15340087개 증가),테더 1,011.0557076개(1,011.0557076개 증가)	0	2096		0		2096	매수
202603	1078	DMP1439I	국회의원	국회	국회의원	김재원	건물	본인	아파트	서울특별시 은평구 갈현동 수정럭스아파트 건물 68.64㎡	265000	0		0		265000	
202603	1079	DMP1439I	국회의원	국회	국회의원	김재원	건물	모	아파트	서울특별시 은평구 응암동 서강스카이빌 건물 149.99㎡ 중74.99㎡	290000	0		0		290000	
202603	1080	DMP1439I	국회의원	국회	국회의원	김재원	예금	본인		국민은행 1, 농협은행 41,463(35,761 증가), 농협중앙회12, 삼성화재해상보험 25,696(1,531 증가),새마을금고중앙회 9, 신용협동조합중앙회 10, 우리은행22,435(13,329 증가)	39005	50631		10		89626	급여저축 등
202603	1081	DMP1439I	국회의원	국회	국회의원	김재원	예금	모		국민은행 11,409(2,952 증가), 새마을금고중앙회33,913(22,521 증가), 우리은행 10,916(5,694 증가)	25071	31167		0		56238	급여저축 등
202603	1082	DMP1439I	국회의원	국회	국회의원	김재원	정치자금법에 따른 정치자금의 수입 및 지출을 위한 예금계좌의 예금	본인		농협은행 12,286(5,473 감소)	17759	0		5473		12286	정치자금
202603	1083	DMP1439I	국회의원	국회	국회의원	김재원	채권	본인		기타 감소	4500	0		4500		0	
202603	1084	DMP1439I	국회의원	국회	국회의원	김재원	채무	본인	금융채무	농협은행 28,568(6,432 감소), 삼성카드 12,985(12,985증가), 삼성화재해상보험 9,000, 우리은행 129,463(2,613 감소)	176076	12985		9045		180016	
202603	1085	DMP1439I	국회의원	국회	국회의원	김재원	금 및 백금	본인		금 24K 150g	21080	11780		0		32860	
202603	1086	DMP1439I	국회의원	국회	국회의원	김재원	지식재산권	본인	저작재산권	눈물-001000059085(1998.09.25.)외 59곡 (소득금액:5,869천원)	-	-		-		-	
202603	1087	E1J8836Y	국회의원	국회	국회의원	김정재	토지	모	임야	경상북도 포항시 남구 장기면 읍내리 산 17-1번지153,760.00㎡ 중 14,237.00㎡	22494	142		0		22636	가액 변동
202603	1088	E1J8836Y	국회의원	국회	국회의원	김정재	건물	본인	아파트	서울특별시 은평구 진관동 은평뉴타운기자촌11단지 건물84.78㎡	439000	25000		0		464000	가액 변동
202603	1089	E1J8836Y	국회의원	국회	국회의원	김정재	건물	본인	사무실(전세(임차)권)	경상북도 포항시 북구 장성동 이레빌딩3층 건물 301.80㎡	30000	0		0		30000	변동없음
202603	1090	E1J8836Y	국회의원	국회	국회의원	김정재	부동산에 관한 규정이 준용되는 권리와 자동차·건설기계·선박 및 항공기	본인	자동차	2015년식 THE SUV 스포티지2WD 배기량(1,998cc) 감소	7680	0		7680	6000	0	매도
202603	1091	E1J8836Y	국회의원	국회	국회의원	김정재	부동산에 관한 규정이 준용되는 권리와 자동차·건설기계·선박 및 항공기	본인	자동차	2024년식 디올뉴그랜저 2.5 배기량(2,497cc)	40250	0		8460		31790	가액 변동
202603	1092	E1J8836Y	국회의원	국회	국회의원	김정재	예금	본인		(주)KB손해보험 30,450(1,800 증가), 국민은행 57,000(57,000 증가), 농협은행 2,316(10 증가),농협중앙회 1, 삼성생명보험 3,432, 신용협동조합중앙회119, 신한은행 250,684(13,451 증가), 아이엠뱅크 2,우리은행 14,200	285943	305800		233539		358204	급여저축 및 생활비 지출
202603	1093	E1J8836Y	국회의원	국회	국회의원	김정재	예금	모		(주)KEB하나은행 11,257(10,176 증가), 새마을금고중앙회 16,064(34,998 감소), 신용협동조합중앙회 50,133	102276	76178		101000		77454	급여저축 및 생활비 지출
202603	1094	E1J8836Y	국회의원	국회	국회의원	김정재	정치자금법에 따른 정치자금의 수입 및 지출을 위한 예금계좌의 예금	본인		농협중앙회 152,854(70,535 증가)	82319	70535		0		152854	후원금 증가
202603	1095	9LD2641Q	국회의원	국회	국회의원	김정호	토지	배우자	답	부산광역시 기장군 기장읍 청강리 650번지 0.00㎡ 중 0.00㎡ (총면적 3,920.00㎡ 감소, 지분면적 653.00㎡ 감소)	180424	0		180424	363048	0	토지 수용(수목 등 포함)
202603	1096	9LD2641Q	국회의원	국회	국회의원	김정호	토지	배우자	답	부산광역시 기장군 기장읍 청강리 650-1번지 0.00㎡ 중 0.00㎡ (총면적 341.00㎡ 감소, 지분면적 57.00㎡ 감소)	22316	0		22316	32702	0	토지 수용(수목 등 포함)
202603	1097	9LD2641Q	국회의원	국회	국회의원	김정호	건물	본인	아파트	경상남도 김해시 부곡동 월산마을부영4단지19차아파트 건물 80.88㎡	105000	0		0		105000	변동사항 없음
202603	1098	9LD2641Q	국회의원	국회	국회의원	김정호	건물	본인	사무실(전세(임차)권)	경상남도 김해시 대청동 유토피아 건물 198.63㎡	20000	0		0		20000	변동사항 없음
202603	1099	9LD2641Q	국회의원	국회	국회의원	김정호	건물	장남	다가구주택(전세(임차)권)	서울특별시 중구 예장동 건물 25.00㎡	20000	0		0		20000	변동사항 없음
202603	1100	9LD2641Q	국회의원	국회	국회의원	김정호	부동산에 관한 규정이 준용되는 권리와 자동차·건설기계·선박 및 항공기	본인	자동차	2024년식 CN더뉴카니발하이리무진 배기량(3,470cc) 증가	0	20000	20000	0		20000	신규 계약
202603	1101	9LD2641Q	국회의원	국회	국회의원	김정호	부동산에 관한 규정이 준용되는 권리와 자동차·건설기계·선박 및 항공기	배우자	자동차	2018년식 니로 하이브리드 배기량(1,580cc)	9590	0		880		8710	가액변동
202603	1102	9LD2641Q	국회의원	국회	국회의원	김정호	예금	본인		(주)KB손해보험 135(135 증가), 경남은행 30,004(29,941증가), 국민은행 29(1,263 감소), 농협은행 24,838(117,483 감소), 농협중앙회 48,257(48,000 증가),메리츠화재해상보험(보험) 0(1,705 감소), 부산은행 18,새마을금고중앙회 95,100(95,100 증가), 신한은행 405, 우리은행 48,500(48,500 증가), 주식회사 카카오뱅크 30,037(30,037 증가)	146061	272489		141227		277323	급여저축, 토지 수용비 및 생활비 지출 등
202603	1103	9LD2641Q	국회의원	국회	국회의원	김정호	예금	배우자		(주)KB손해보험 190(134 증가), (주)KEB하나은행 19, 경남은행 48,024(1,679 감소), 교보생명보험 167,301(5,051 증가), 국민은행 48,003(44,471 증가),농협중앙회 201(50,191 감소), 새마을금고중앙회 66,우리은행 48,008(48,008 증가), 우체국 307,660(303,760증가), 주식회사 카카오뱅크 129(12,624 감소), 한화생명보험주식회사 12,002(970 증가)	293703	453999		116099		631603	급여저축, 토지 수용비 및 생활비 지출 등
202603	1104	9LD2641Q	국회의원	국회	국회의원	김정호	예금	장남		(주)KEB하나은행 441(4 증가), (주)카카오페이증권 11(11증가), 우리은행 3	440	15		0		455	급여저축, 토지 수용비 및 생활비 지출 등
202603	1105	9LD2641Q	국회의원	국회	국회의원	김정호	정치자금법에 따른 정치자금의 수입 및 지출을 위한 예금계좌의 예금	본인		농협은행 102,172(49,763 증가)	52409	49763		0		102172	후원금 변동
202603	1106	9LD2641Q	국회의원	국회	국회의원	김정호	지식재산권	본인	저작재산권	가덕도신공항(출판)	-	-		-		-	
202603	1107	M2Q9024I	국회의원	국회	국회의원	김종민	건물	본인	아파트(전세(임차)권)	세종특별자치시 대평동 해들마을3단지 건물 50.34㎡	200000	0		0		200000	변동 없음
202603	1108	M2Q9024I	국회의원	국회	국회의원	김종민	건물	본인	사무실(전세(임차)권)	세종특별자치시 대평동 판타지타워 건물 133.60㎡	15000	0		0		15000	변동 없음
202603	1109	M2Q9024I	국회의원	국회	국회의원	김종민	건물	배우자	오피스텔(전세(임차)권)	서울특별시 마포구 성산동 이안상암Ⅱ 건물 0.00㎡ (건물79.40㎡ 감소)	470000	0		470000		0	전세권 상실
202603	1110	M2Q9024I	국회의원	국회	국회의원	김종민	건물	배우자	아파트(전세(임차)권)	서울특별시 영등포구 당산동5가 당산 삼성 래미안 건물115.78㎡ (건물 115.78㎡ 증가)	0	300000		0		300000	신규 계약
202603	1111	M2Q9024I	국회의원	국회	국회의원	김종민	예금	본인		(주)카카오페이증권 0(80 감소), 국민은행 15,191(796증가), 기타 7,341(7,341 증가), 농협은행 18,470(14,311증가), 대신증권 63, 신용협동조합중앙회 188(69 감소),신한은행 52(1 증가), 우리은행 20, 유안타증권 4,주식회사 카카오뱅크 36(879 감소), 중소기업은행 0(71 감소), 토스뱅크(주) 60(60 증가)	20015	22509		1099		41425	급여 저축, 가계생활비 지출 등
202603	1112	M2Q9024I	국회의원	국회	국회의원	김종민	예금	배우자		DB손해보험(주) 35,927(3,745 증가), 국민은행 1,975(1,975 증가), 농협은행 3,647(3,646 증가),리딩투자증권 1, 삼성생명보험 4,116, 신한은행 320(145증가), 우리은행 20,257(15,910 증가), 우체국 502,한화손해보험 23,691(2,113 증가), 한화투자증권 2	62904	27534		0		90438	급여 저축, 가계생활비 지출 등
202603	1113	M2Q9024I	국회의원	국회	국회의원	김종민	예금	장남		농협은행 519(169 증가), 신한은행 21(21 증가), 우리은행590(92 감소), 중소기업은행 18	1050	190		92		1148	급여 저축, 가계생활비 지출 등
202603	1114	M2Q9024I	국회의원	국회	국회의원	김종민	예금	장녀		(주)KEB하나은행 3,225(425 증가), 농협중앙회 3,새마을금고중앙회 8, 신한은행 1(1 증가), 우리은행424(137 증가), 주식회사 카카오뱅크 309(798 감소),중소기업은행 4,000(4,000 증가)	4205	5045		1280		7970	급여 저축, 가계생활비 지출 등
202603	1115	M2Q9024I	국회의원	국회	국회의원	김종민	정치자금법에 따른 정치자금의 수입 및 지출을 위한 예금계좌의 예금	본인		농협은행 17,193(5,678 감소)	22871	0		5678		17193	의정활동 지출
202603	1116	M2Q9024I	국회의원	국회	국회의원	김종민	채권	본인		사인간채권 증가	0	160000		0		160000	사인간채권 생성
202603	1117	M2Q9024I	국회의원	국회	국회의원	김종민	채권	배우자		사인간채권	208000	0		0		208000	변동 없음
202603	1118	M2Q9024I	국회의원	국회	국회의원	김종민	채무	본인		사인간채무	115000	0		0		115000	변동 없음
202603	1119	M2Q9024I	국회의원	국회	국회의원	김종민	채무	본인	금융채무	농협은행 261,920(28,560 감소)	290480	0		28560		261920	일부 상환
202603	1120	M2Q9024I	국회의원	국회	국회의원	김종민	채무	배우자	금융채무	국민은행 100,000(100,000 증가), 우리은행 0(153,000감소), 우리카드 0(9,630 감소)	162630	100000		162630		100000	대출금 상환 및 신규 전세자금 대출
202603	1121	M2Q9024I	국회의원	국회	국회의원	김종민	고지거부 및 등록제외사항	모		등록제외	10698	0		10698		0	사망
202603	1122	N378078V	국회의원	국회	국회의원	김종양	토지	배우자	답	경상남도 창원시 마산합포구 진전면 곡안리 414-9번지1,927.00㎡	124292	1155		0		125447	가액변동
202603	1123	N378078V	국회의원	국회	국회의원	김종양	토지	배우자	답	경상남도 창원시 마산합포구 진전면 곡안리 423-1번지2,483.00㎡	151960	1489		0		153449	가액변동
202603	1124	N378078V	국회의원	국회	국회의원	김종양	토지	배우자	답	경상남도 창원시 마산합포구 진전면 곡안리 423-2번지545.00㎡	33354	327		0		33681	가액변동
202603	1125	N378078V	국회의원	국회	국회의원	김종양	토지	배우자	임야	경상남도 창원시 마산합포구 진전면 곡안리 산 52번지143,405.00㎡	263865	7170		0		271035	가액변동
202603	1126	N378078V	국회의원	국회	국회의원	김종양	토지	배우자	전	경상남도 창원시 마산합포구 진전면 시락리 240번지1,015.00㎡	58363	2029		0		60392	가액변동
202603	1127	N378078V	국회의원	국회	국회의원	김종양	토지	배우자	전	경상남도 창원시 마산합포구 진전면 시락리 253번지714.00㎡	36557	1213		0		37770	가액변동
202603	1128	N378078V	국회의원	국회	국회의원	김종양	토지	장남	하천	경상남도 창원시 마산합포구 진전면 곡안리 456번지3,001.00㎡	70824	899		0		71723	가액변동
202603	1129	N378078V	국회의원	국회	국회의원	김종양	건물	본인	아파트	서울특별시 강남구 도곡동 도곡지웰카운티 건물 110.68㎡중 55.34㎡	900000	0		0		900000	변동없음
202603	1130	N378078V	국회의원	국회	국회의원	김종양	건물	본인	아파트(전세(임차)권)	경상남도 창원시 의창구 중동 창원중동유니시티4단지 건물115.00㎡	150000	0		0		150000	변동없음
202603	1131	N378078V	국회의원	국회	국회의원	김종양	건물	배우자	아파트	서울특별시 강남구 도곡동 도곡지웰카운티 건물 110.68㎡중 55.34㎡	900000	0		0		900000	변동없음
202603	1132	N378078V	국회의원	국회	국회의원	김종양	건물	배우자	단독주택	경상남도 창원시 마산합포구 진전면 곡안리 대지 258.00㎡건물 94.00㎡	62100	0		1000		61100	가액변동
202603	1133	N378078V	국회의원	국회	국회의원	김종양	건물	배우자	아파트	부산광역시 동래구 낙민동 동래한양아파트 건물 89.00㎡	310000	0		17000		293000	가액변동
202603	1134	N378078V	국회의원	국회	국회의원	김종양	건물	배우자	오피스텔	서울특별시 강남구 도곡동 우성캐릭터199 대지10,690.50㎡ 건물 29.75㎡	200000	0		0		200000	변동없음(비주거용)
202603	1135	N378078V	국회의원	국회	국회의원	김종양	부동산에 관한 규정이 준용되는 권리와 자동차·건설기계·선박 및 항공기	본인	자동차	2021년식 Benz 배기량(3,000cc)	69840	0		8230		61610	평가액변동
202603	1136	N378078V	국회의원	국회	국회의원	김종양	예금	본인		국민은행 10,057(7,003 감소), 농협손해보험 2,898(493 증가), 농협은행 848(429 증가), 미래에셋증권 183,930(2,640 증가), 삼성증권 4, 새마을금고중앙회 8(24 감소), 신용협동조합중앙회 124(2 증가), 신한은행 168(453 감소), 전북은행 0(13 감소), 한화투자증권 6	201972	3565		7494		198043	급여저축 및 생활비 지출
202603	1137	N378078V	국회의원	국회	국회의원	김종양	예금	배우자		AIA생명보험주식회사 2,966(335 증가), 국민은행 3,000,농협생명보험 2,772(317 증가), 우리은행 144,204(15,800 감소)	168090	144852		160000		152942	급여저축 및 생활비 지출
202603	1138	N378078V	국회의원	국회	국회의원	김종양	예금	장남		국민은행 1, 농협손해보험 1,319(232 증가), 미래에셋증권11, 아이엠뱅크 0(27 감소), 우리은행 8,230(1,200 증가),중소기업은행 3	8159	1432		27		9564	급여저축 및 생활비 지출
202603	1139	N378078V	국회의원	국회	국회의원	김종양	정치자금법에 따른 정치자금의 수입 및 지출을 위한 예금계좌의 예금	본인		농협중앙회 140,293(87,763 증가)	52530	87763		0		140293	후원금 증가
202603	1140	N378078V	국회의원	국회	국회의원	김종양	증권	본인	비상장주식	로웸 17,000주, 이뮤노바이오텍 154,706주(35,000주증가)	128206	35000		0		163206	증권매입
202603	1141	N378078V	국회의원	국회	국회의원	김종양	증권	장남	비상장주식	로웸 20,000주, 이뮤노바이오텍 47,963주(25,000주 증가)	32963	25000		0		57963	증권매입
202603	1142	N378078V	국회의원	국회	국회의원	김종양	채권	본인		사인간채권 증가	300000	60000		0		360000	
202603	1143	N378078V	국회의원	국회	국회의원	김종양	채무	본인	금융채무	국민은행 6,059(6,059 증가), 농협은행 50,000, 미래에셋증권 110,986(110,986 증가), 새마을금고중앙회100,000, 신한은행 263,218(13,793 감소)	427011	117045		13793		530263	증권매입에 사용
202603	1144	N378078V	국회의원	국회	국회의원	김종양	채무	배우자	금융채무	국민은행 26,540(8,852 증가)	17688	9000		148		26540	생활비지출
202603	1145	N378078V	국회의원	국회	국회의원	김종양	채무	배우자	건물임대채무	부산광역시 동래구 낙민동 동래한양아파트 임대보증금	50000	50000		50000		50000	
202603	1146	N378078V	국회의원	국회	국회의원	김종양	채무	장남	금융채무	(주)KEB하나은행 14,400(3,599 감소), 아이엠뱅크 3,000, 우리은행 7,100(1,200 증가), 주식회사 카카오뱅크3,000(2 증가)	29897	1202		3599		27500	일부상환
202603	1147	N378078V	국회의원	국회	국회의원	김종양	골동품 및 예술품	본인		회화 (아이스캡슐수박, 140*70Cm, 박성민, 2017)	20000	0		0		20000	
202603	1148	N378078V	국회의원	국회	국회의원	김종양	골동품 및 예술품	본인		회화 (아이스캡슐딸기, 140*70Cm, 박성민, 2018)	20000	0		0		20000	
202603	1149	N378078V	국회의원	국회	국회의원	김종양	고지거부 및 등록제외사항	장녀		고지거부	246973	0		246973		0	독립생계유지
202603	1150	D6U6678O	국회의원	국회	국회의원	김주영	토지	본인	대지	경상북도 상주시 이안면 442번지 1,819.00㎡	38380	910		0		39290	가액변동
202603	1151	D6U6678O	국회의원	국회	국회의원	김주영	토지	본인	답	경상북도 상주시 이안면 466-1번지 791.00㎡	11628	158		0		11786	가액변동
202603	1152	D6U6678O	국회의원	국회	국회의원	김주영	토지	본인	대지	경상북도 상주시 이안면 466-2번지 426.00㎡	8989	213		0		9202	가액변동
202603	1153	D6U6678O	국회의원	국회	국회의원	김주영	토지	본인	임야	경상북도 상주시 함창읍 신흥리 66번지 0.00㎡ 중 0.00㎡ (총면적 0.00㎡ 감소, 지분면적 0.00㎡ 감소)	0	0		0	0	0	오기정정
202603	1154	D6U6678O	국회의원	국회	국회의원	김주영	토지	본인	임야	경상북도 상주시 함창읍 신흥리 산 66-2번지 28,517.00㎡중 4,074.49㎡	6071	40		0		6111	가액변동
202603	1155	D6U6678O	국회의원	국회	국회의원	김주영	토지	본인	임야	경상북도 상주시 함창읍 신흥리 산 66-4번지 22,258.00㎡중 3,180.21㎡	4739	31		0		4770	가액변동
202603	1156	D6U6678O	국회의원	국회	국회의원	김주영	토지	본인	임야	경상북도 상주시 함창읍 신흥리 산 66번지 10,774.00㎡ 중1,539.38㎡	2309	31		0		2340	가액변동
202603	1157	D6U6678O	국회의원	국회	국회의원	김주영	건물	본인	아파트	서울특별시 강서구 염창동 롯데캐슬아파트 건물 134.57㎡중 67.29㎡	434032	11968		0		446000	가액변동
202603	1158	D6U6678O	국회의원	국회	국회의원	김주영	건물	본인	사무실(전세(임차)권)	경기도 김포시 사우동 보보스프라자 대지 1,053.00㎡ 건물102.32㎡	10000	0		0		10000	변동없음
202603	1159	D6U6678O	국회의원	국회	국회의원	김주영	건물	본인	아파트(전세(임차)권)	경기도 김포시 장기동 한강센트럴자이1단지 건물 70.86㎡	300000	0		0		300000	변동없음
202603	1160	D6U6678O	국회의원	국회	국회의원	김주영	건물	배우자	아파트	서울특별시 강서구 염창동 롯데캐슬아파트 건물 134.57㎡중 67.29㎡	434032	11968		0		446000	가액변동
202603	1161	D6U6678O	국회의원	국회	국회의원	김주영	부동산에 관한 규정이 준용되는 권리와 자동차·건설기계·선박 및 항공기	본인	자동차	2013년식 싼타페 배기량(2,199cc)	7420	0		510		6910	가액변동
202603	1162	D6U6678O	국회의원	국회	국회의원	김주영	예금	본인		국민은행 45,779(4,881 증가), 농협은행 68,737(52,488증가), 삼성생명보험 155,699(8,227 증가), 수협은행 0(4,516 감소), 신용협동조합중앙회 72(1 증가), 신한은행322,891(8,960 감소), 한화투자증권 6, 흥국생명보험45,256(33,564 감소)	619883	119809		101252		638440	급여 저축 및 생활비, 금융상품 변동
202603	1163	D6U6678O	국회의원	국회	국회의원	김주영	예금	배우자		(주)KB손해보험 924(924 증가), (주)KEB하나은행 0(100,000 감소), AIA생명보험주식회사 7,633(465 증가),DB손해보험(주) 0(3,378 감소), 농협은행 104,577(312 감소), 삼성생명보험 44,222(2,578 감소), 삼성화재해상보험 2,340(360 증가), 스탠다드차타드은행 100,001(100,001 증가), 우체국 6,552, 주식회사카카오뱅크 22,512(1,748 감소), 중소기업은행 24,771(63,570 감소), 한국교직원공제회 500,000,한화생명보험주식회사 22,803(1,153 감소)	907324	201750		272739		836335	급여 저축 및 생활비, 금융상품 변동
202603	1164	D6U6678O	국회의원	국회	국회의원	김주영	예금	차남		삼성증권 329(329 증가), 중소기업은행 0(8,200 감소)	8200	329		8200		329	급여 저축 및 생활비, 금융상품 변동
202603	1165	D6U6678O	국회의원	국회	국회의원	김주영	정치자금법에 따른 정치자금의 수입 및 지출을 위한 예금계좌의 예금	본인		국민은행 38,439(20,940 감소)	59379	0		20940		38439	의정활동 지출
202603	1166	D6U6678O	국회의원	국회	국회의원	김주영	증권	배우자	금융채	복리맞춤채권 0주	400000	0		0		400000	주식 구매
202603	1167	D6U6678O	국회의원	국회	국회의원	김주영	증권	차남	상장주식	아이렌 39주(39주 증가), 알파벳ClassA 9주(9주 증가),엔비디아 16주(16주 증가)	0	10501		0		10501	주식 구매
202603	1168	D6U6678O	국회의원	국회	국회의원	김주영	채권	배우자		기타 증가	155000	95000		0		250000	이사
202603	1169	D6U6678O	국회의원	국회	국회의원	김주영	채권	배우자		사인간채권	150000	0		0		150000	변동없음
202603	1170	D6U6678O	국회의원	국회	국회의원	김주영	고지거부 및 등록제외사항	장남		고지거부	0	0		0		0	독립생계 유지
202603	1171	YM42715P	국회의원	국회	국회의원	김준혁	토지	본인	답	경기도 여주시 점동면 도리 196번지 1,365.00㎡	80000	0		0		80000	
202603	1172	YM42715P	국회의원	국회	국회의원	김준혁	토지	배우자	답	강원특별자치도 강릉시 주문진읍 향호리 1111-2번지761.00㎡	5791	46		0		5837	
202603	1173	YM42715P	국회의원	국회	국회의원	김준혁	토지	배우자	답	강원특별자치도 강릉시 주문진읍 향호리 1112번지1,051.00㎡	7998	63		0		8061	
202603	1174	YM42715P	국회의원	국회	국회의원	김준혁	토지	배우자	대지	경기도 수원시 팔달구 우만동 503-12번지 112.67㎡(56.67㎡ 증가)	111160	118236		0		229396	
202603	1175	YM42715P	국회의원	국회	국회의원	김준혁	토지	배우자	도로	경기도 수원시 팔달구 지동 169-28번지 89.00㎡	41527	1060		0		42587	
202603	1176	YM42715P	국회의원	국회	국회의원	김준혁	토지	배우자	대지	경기도 수원시 팔달구 지동 170-3번지 30.00㎡	13998	357		0		14355	
202603	1177	YM42715P	국회의원	국회	국회의원	김준혁	토지	배우자	대지	경기도 수원시 팔달구 지동 135-8번지 3.24㎡	4176	98		0		4274	
202603	1178	YM42715P	국회의원	국회	국회의원	김준혁	토지	배우자	전	경기도 수원시 팔달구 지동 135-14번지 14.75㎡	7490	171		0		7661	
202603	1179	YM42715P	국회의원	국회	국회의원	김준혁	토지	배우자	전	경기도 수원시 팔달구 지동 365-33번지 0.08㎡ (0.92㎡감소)	359	0		0		359	
202603	1180	YM42715P	국회의원	국회	국회의원	김준혁	토지	모	전	충청남도 당진시 송악읍 기지시리 15번지 1,723.00㎡	293427	1723		0		295150	
202603	1181	YM42715P	국회의원	국회	국회의원	김준혁	건물	본인	아파트	경기도 수원시 장안구 정자동 동남타운 건물 0.00㎡ (건물132.93㎡ 감소)	259000	0		259000	480000	0	
202603	1182	YM42715P	국회의원	국회	국회의원	김준혁	건물	본인	상가(전세(임차)권)	경기도 수원시 영통구 원천동 대지 99.00㎡ 건물 261.40㎡ (대지 99.00㎡ 증가, 건물 261.40㎡ 증가)	0	30000		0		30000	
202603	1183	YM42715P	국회의원	국회	국회의원	김준혁	건물	배우자	아파트(전세(임 차)권)	경기도 수원시 영통구 이의동 광교 호반베르디움 건물 117,643.00㎡	380000	300000		0		680000	
202603	1184	YM42715P	국회의원	국회	국회의원	김준혁	건물	차남	근린생활시설( 전세(임차)권)	서울특별시 관악구 신림동 성민 대지 403.65㎡ 건물 1,597.98㎡ (대지 403.65㎡ 증가, 건물 1,597.98㎡ 증가)	0	30000		0		30000	
202603	1185	YM42715P	국회의원	국회	국회의원	김준혁	부동산에 관한 규정이 준용되는 권리와 자동차·건설기계·선박 및 항공기	본인	자동차	2009년식 싼타페 2.0VGT(2WD) 배기량(1,995cc)	348	0		50		298	
202603	1186	YM42715P	국회의원	국회	국회의원	김준혁	부동산에 관한 규정이 준용되는 권리와 자동차·건설기계·선박 및 항공기	본인	자동차	2019년식 그랜저하이브리드 배기량(2,359cc)	787	6123		0		6910	
202603	1187	YM42715P	국회의원	국회	국회의원	김준혁	부동산에 관한 규정이 준용되는 권리와 자동차·건설기계·선박 및 항공기	배우자	자동차	2019년식 그랜저하이브리드 배기량(2,359cc)	787	6123		0		6910	
202603	1188	YM42715P	국회의원	국회	국회의원	김준혁	예금	본인		(주)KEB하나은행 8, (주)카카오페이증권 896(781 감소), KB라이프생명보험 47,013(9,306 감소), NH투자증권 265(265 증가), 국민은행 19,445(3,623 감소), 농협은행144,081(107,428 증가), 농협중앙회 1,489(1,000 증가),새마을금고중앙회 519(11 증가), 신한은행 19, 우리은행103(2 증가), 우체국 29, 중소기업은행 1,866(495 증가),케이뱅크 2	120244	109201		13710		215735	급여 저축 및 생활비 지출 등
202603	1189	YM42715P	국회의원	국회	국회의원	김준혁	예금	배우자		(주)KEB하나은행 176, (주)카카오페이증권 5(5 증가),국민은행 2,524(19,111 감소), 동양생명보험 8,458, 라이나생명보험 982(268 증가), 삼성화재해상보험 23,762, 주식회사 카카오뱅크 7,176(3,668 감소),한국투자증권 1	65590	701		23207		43084	급여 저축 및 생활비 지출 등
202603	1190	YM42715P	국회의원	국회	국회의원	김준혁	예금	모		DB손해보험(주) 501(501 증가), NH투자증권 12(12 증가), 국민은행 6,325(1,275 증가), 농협중앙회 105, 미래에셋증권 13(1 증가), 새마을금고중앙회 666(5,375 감소), 신용협동조합중앙회 105(4 증가), 신한투자증권 21(1증가), 유안타증권 71(71 증가), 유진투자증권 5	11334	1906		5416		7824	급여 저축 및 생활비 지출 등
202603	1191	YM42715P	국회의원	국회	국회의원	김준혁	예금	장남		국민은행 5,425(1,157 증가), 신한은행 36, 토스뱅크(주)46(46 증가), 토스증권(주) 2(1 감소)	4307	1294		92		5509	급여 저축 및 생활비 지출 등
202603	1192	YM42715P	국회의원	국회	국회의원	김준혁	예금	차남		국민은행 4,250, 스탠다드차타드은행 363(279 증가),우리은행 38,270(26,999 증가)	15605	27278		0		42883	급여 저축 및 생활비 지출 등
202603	1193	YM42715P	국회의원	국회	국회의원	김준혁	정치자금법에 따른 정치자금의 수입 및 지출을 위한 예금계좌의 예금	본인		농협은행 109,940(50,217 증가)	59723	50217		0		109940	후원금 증가
202603	1194	YM42715P	국회의원	국회	국회의원	김준혁	증권	본인	상장주식	삼성전자 100주(100주 증가)	0	11990		0		11990	매수 및 매도
202603	1195	YM42715P	국회의원	국회	국회의원	김준혁	증권	배우자	상장주식	삼성전자보통주 10주(8주 증가), 엔비디아4.866주(4.866주 증가)	106	2395		0		2501	매수 및 매도
202603	1196	YM42715P	국회의원	국회	국회의원	김준혁	증권	모	상장주식	대한항공 0주(69주 감소), 삼성전자 0주(62주 감소), 엘에스마린솔루션 550주(550주 증가), 이랜텍 0주(1,304주 감소), 티로보틱스 1,500주(1,500주 증가),한글과컴퓨터 0주(545주 감소)	23033	46847		23033		46847	매수 및 매도
202603	1197	YM42715P	국회의원	국회	국회의원	김준혁	증권	모	비상장주식	드림라인 0주(15주 감소), 에프아이씨신소재 300주	181	195		31		345	매수 및 매도
202603	1198	YM42715P	국회의원	국회	국회의원	김준혁	증권	장남	상장주식	맥시언솔라테크놀로지스 0주(7주 감소), 애플 0.024889주(0.069072주 감소), 테슬라0.299996주(0.299036주 증가)	114	192		104		202	매수 및 매도
202603	1199	YM42715P	국회의원	국회	국회의원	김준혁	채무	본인	금융채무	국민은행 0(20,000 감소)	20000	0		20000		0	전액상환
202603	1200	8A05621B	국회의원	국회	국회의원	김준형	건물	본인	아파트(전세(임차)권)	서울특별시 마포구 신수동 밤섬경남아너스빌 건물 84.83㎡중 55.99㎡	220000	0		0		220000	변동없음
202603	1201	8A05621B	국회의원	국회	국회의원	김준형	건물	배우자	아파트(전세(임차)권)	서울특별시 마포구 신수동 밤섬경남아너스빌 건물 84.83㎡중 28.83㎡	80000	0		0		80000	변동없음
202603	1202	8A05621B	국회의원	국회	국회의원	김준형	건물	배우자	다가구주택(전세(임차)권)	경상북도 포항시 북구 장성동 청운패밀리타운 건물 0.00㎡(건물 85.00㎡ 감소)	20000	0		20000		0	계약만료로 인한 전세권 상실
202603	1203	8A05621B	국회의원	국회	국회의원	김준형	부동산에 관한 규정이 준용되는 권리와 자동차·건설기계·선박 및 항공기	본인	자동차	2022년식 X3 배기량(1,995cc)	50610	0		9670		40940	가액변동
202603	1204	8A05621B	국회의원	국회	국회의원	김준형	예금	본인		(주)KEB하나은행 1,030(1,701 감소), 국민은행 1,900(1,354 감소), 농협은행 7,956(194,660 감소),우리은행 8,108(2,628 감소), 토스뱅크(주) 336,583(285,821 증가), 한국교직원공제회 31,316(1,634증가)	299781	292795		205683		386893	급여 및 보증금 반환으로 인한 증가
202603	1205	8A05621B	국회의원	국회	국회의원	김준형	예금	배우자		(주)KEB하나은행 41,799(41,076 증가)	723	41476		400		41799	급여 및 보증금 반환으로 인한 증가
202603	1206	8A05621B	국회의원	국회	국회의원	김준형	예금	장남		(주)KEB하나은행 0(50 감소)	50	0		50		0	급여 및 보증금 반환으로 인한 증가
202603	1207	8A05621B	국회의원	국회	국회의원	김준형	정치자금법에 따른 정치자금의 수입 및 지출을 위한 예금계좌의 예금	본인		농협은행 172,487(71,532 증가)	100955	71532		0		172487	후원모금액으로 인한 증가
202603	1208	8A05621B	국회의원	국회	국회의원	김준형	고지거부 및 등록제외사항	장녀		등록제외	0	0		0		0	혼인
202603	1209	1WE5693J	국회의원	국회	국회의원	김태년	건물	본인	아파트	경기도 성남시 수정구 수진동 삼부아파트 건물 135.00㎡중 67.50㎡	304000	14500		0		318500	가액변동
202603	1210	1WE5693J	국회의원	국회	국회의원	김태년	건물	본인	사무실(전세(임차)권)	경기도 성남시 수정구 태평동 흥국생명 건물 221.49㎡	30000	0		0		30000	변동없음
202603	1211	1WE5693J	국회의원	국회	국회의원	김태년	건물	배우자	아파트	경기도 성남시 수정구 수진동 삼부아파트 건물 135.00㎡중 67.50㎡	304000	14500		0		318500	가액변동
202603	1212	1WE5693J	국회의원	국회	국회의원	김태년	건물	모	아파트	전라남도 순천시 덕암동 삼풍 백합아파트 건물 84.96㎡	76000	0		2700		73300	가액변동
202603	1213	1WE5693J	국회의원	국회	국회의원	김태년	건물	장녀	근린생활시설(전세(임차)권)	경기도 성남시 수정구 태평동 건물 210.60㎡	20000	0		0		20000	전세보증금
202603	1214	1WE5693J	국회의원	국회	국회의원	김태년	건물	장녀	근린생활시설(전세(임차)권)	경기도 성남시 수정구 태평동 건물 166.72㎡ (건물166.72㎡ 증가)	0	10000		0		10000	전세보증금 (추가임차)
202603	1215	1WE5693J	국회의원	국회	국회의원	김태년	부동산에 관한 규정이 준용되는 권리와 자동차·건설기계·선박 및 항공기	배우자	자동차	2025년식 싼타페하이브리드 배기량(1,598cc) 증가	0	40860	40860	0		40860	신규매입
202603	1216	1WE5693J	국회의원	국회	국회의원	김태년	부동산에 관한 규정이 준용되는 권리와 자동차·건설기계·선박 및 항공기	모	자동차	2017년식 LF쏘나타2.0 배기량(1,999cc)	50	0		0		50	변동없음(공동소유1%)
202603	1217	1WE5693J	국회의원	국회	국회의원	김태년	예금	본인		(주)KEB하나은행 22,807(13,350 증가), KB라이프생명보험 34,713(609 증가), 교보생명보험 70,086(2,312 증가),국민은행 4,032(2 감소), 농협은행 1,175(2,495 감소), 미래에셋증권 25,373(25,373 증가), 새마을금고중앙회 436, 신용협동조합중앙회 5,466(73 증가),한화생명보험주식회사 8,352	133220	41717		2497		172440	급여 저축 및 생활비 지출로 인한 변동
202603	1218	1WE5693J	국회의원	국회	국회의원	김태년	예금	배우자		(주)KB손해보험 10,811(1,418 증가), DB손해보험(주) 2,660(240 증가), 교보생명보험 123,538(186 증가),국민은행 3,045(9,948 감소), 농협은행 0(1,659 감소), 동양생명보험 0(35,820 감소), 메트라이프생명보험 888(888 증가), 삼성생명보험 28,365(1,415 증가),신용협동조합중앙회 393(10 증가), 신한은행 5,372(4,436증가), 신한투자증권 4,895(4,895 증가), 우리은행 101, 주식회사 카카오뱅크 4,280(313 감소), 한화생명보험주식회사 15,971(1,586 증가)	232985	15665		48331		200319	급여 저축 및 생활비 지출로 인한 변동
202603	1219	1WE5693J	국회의원	국회	국회의원	김태년	예금	모		광주은행 7, 수협중앙회 40,038(1,384 감소)	41429	40038		41422		40045	급여 저축 및 생활비 지출로 인한 변동
202603	1220	1WE5693J	국회의원	국회	국회의원	김태년	예금	장녀		(주)KEB하나은행 3,500(240 증가), 국민은행 10(46 감소),농협손해보험 56(56 증가), 상호저축은행중앙회 2(2 증가), 새마을금고중앙회 7,760(929 증가), 신용협동조합중앙회 9(9 증가), 우리은행 610(610 증가), 토스증권(주) 2,680(141 감소), 한국투자증권 3,434(3,434 증가)	12968	8280		3187		18061	급여 저축 및 생활비 지출로 인한 변동
202603	1221	1WE5693J	국회의원	국회	국회의원	김태년	예금	차녀		(주)KB손해보험 33(33 증가), 교보생명보험 10,217(1,393 증가), 국민은행 8,520(3,193 증가), 메트라이프생명보험 279(279 증가), 신용협동조합중앙회 1,265(36 증가), 신한은행 483(483 증가), 주식회사 카카오뱅크 0(6 감소), 토스뱅크(주) 1, 토스증권(주) 0(2 감소)	15389	5417		8		20798	급여 저축 및 생활비 지출로 인한 변동
202603	1222	1WE5693J	국회의원	국회	국회의원	김태년	예금	삼녀		(주)KEB하나은행 0(16 감소), 국민은행 292(642 감소), 미래에셋증권 3,074(3,074 증가), 주식회사 카카오뱅크1(1 증가), 토스뱅크(주) 0(50 감소)	1000	3133		766		3367	급여 저축 및 생활비 지출로 인한 변동
202603	1223	1WE5693J	국회의원	국회	국회의원	김태년	정치자금법에 따른 정치자금의 수입 및 지출을 위한 예금계좌의 예금	본인		농협은행 21,618(4,633 증가)	16985	4633		0		21618	후원금으로 인한 변동
202603	1224	1WE5693J	국회의원	국회	국회의원	김태년	채권	배우자		사인간채권 감소	20000	0		20000		0	환수
202603	1225	1WE5693J	국회의원	국회	국회의원	김태년	채무	본인	금융채무	한국주택금융공사 0(13,246 감소)	13246	0		13246		0	예금으로 상환
202603	1226	1WE5693J	국회의원	국회	국회의원	김태년	채무	배우자	금융채무	교보생명보험 0(37,960 감소), 동양생명보험 0(32,500감소), 한화생명보험주식회사 1,000	71460	0		70460		1000	예금으로 상환
202603	1227	1WE5693J	국회의원	국회	국회의원	김태년	채무	장녀		사인간채무 감소	20000	0		20000		0	상환
202603	1228	1WE5693J	국회의원	국회	국회의원	김태년	채무	장녀	금융채무	우리은행 50,000(50,000 증가)	0	50000		0		50000	전세보증금
202603	1229	1WE5693J	국회의원	국회	국회의원	김태년	가상자산	장녀		대시 0.000081개(0.000081개 증가), 라이트코인 0.00003148개(0.00003148개 증가), 모네로0.00008619개(0.00008619개 증가), 볼타0.0000737개(0.0000737개 증가), 비트코인0.00009811개(0.00009811개 증가), 비트코인골드0.00004385개(0.00004385개 증가),비트코인다이아몬드 0.03991개(0.03991개 증가), 비트코인에스브이 0.00000292개(0.00000292개 증가), 비트코인캐시 0.00000292개(0.00000292개 증가), 세이 105.99154293개, 송버드 0.00001495개(0.00001495개 증가), 엑스알피(리플)0.000099개(0.000099개 증가), 이더리움0.00007589개(0.00007589개 증가), 이더제로0.00007589개(0.00007589개 증가), 이오스닥0.0000737개(0.0000737개 증가), 이캐시2.92개(2.92개 증가), 제트캐시 0.00005개(0.00005개증가), 챌린지닥 0.0001개(0.0001개 증가), 퀀텀 0.0000835개(0.0000835개 증가), 피벡스4.48117578개	63	12		46		29	이벤트성 지급으로 인한 증가(25년도 거래 내역없음)
202603	1230	6WK3815W	국회의원	국회	국회의원	김태선	건물	본인	아파트	경기도 고양시 덕양구 행신동 행신2차에스케이뷰아파트건물 84.90㎡	352000	0		0		352000	
202603	1231	6WK3815W	국회의원	국회	국회의원	김태선	건물	본인	오피스텔(전세(임차)권)	서울특별시 영등포구 여의도동 여의도파라곤 건물 34.21㎡	10000	0		0		10000	
202603	1232	6WK3815W	국회의원	국회	국회의원	김태선	건물	본인	사무실(전세(임차)권)	울산광역시 동구 일산동 일산동테라스파크 건물 102.58㎡	20000	0		0		20000	
202603	1233	6WK3815W	국회의원	국회	국회의원	김태선	건물	배우자	아파트	울산광역시 동구 전하동 울산전하푸르지오 건물 121.97㎡	488000	0		0		488000	
202603	1234	6WK3815W	국회의원	국회	국회의원	김태선	부동산에 관한 규정이 준용되는 권리와 자동차·건설기계·선박 및 항공기	본인	자동차	2019년식 싼타페 배기량(1,995cc)	16720	0		620		16100	
202603	1235	6WK3815W	국회의원	국회	국회의원	김태선	부동산에 관한 규정이 준용되는 권리와 자동차·건설기계·선박 및 항공기	본인	자동차	2016년식 그랜저HG디젤 배기량(2,200cc)	8210	0		930		7280	
202603	1236	6WK3815W	국회의원	국회	국회의원	김태선	예금	본인		(주)KEB하나은행 0(1 감소), AIA생명보험주식회사 7,506(385 증가), 농협은행 31,970(23,868 증가),라이나생명보험 4,367(533 증가), 수협중앙회 30	19088	24859		74		43873	급여저축 및 생활비 지출 등
202603	1237	6WK3815W	국회의원	국회	국회의원	김태선	예금	배우자		(주)KB손해보험 23,118(2,454 증가), 광주은행 1, 농협은행 2,308(611 증가), 메리츠화재해상보험(보험) 0(3,679 감소), 새마을금고중앙회 1,063(487 감소),신한은행 5	27596	4335		5436		26495	급여저축 및 생활비 지출 등
202603	1238	6WK3815W	국회의원	국회	국회의원	김태선	예금	장녀		농협생명보험 10,000(10,000 증가), 농협은행 968(9,047감소)	10015	10968		10015		10968	급여저축 및 생활비 지출 등
202603	1239	6WK3815W	국회의원	국회	국회의원	김태선	예금	차녀		농협생명보험 10,000(10,000 증가), 농협은행1,070(7,465 감소)	8535	11070		8535		11070	급여저축 및 생활비 지출 등
202603	1240	6WK3815W	국회의원	국회	국회의원	김태선	정치자금법에 따른 정치자금의 수입 및 지출을 위한 예금계좌의 예금	본인		농협은행 203,659(125,626 증가)	78033	125626		0		203659	후원금 증가
202603	1241	6WK3815W	국회의원	국회	국회의원	김태선	채무	본인	금융채무	농협은행 19,250(51,516 감소)	70766	0		51516		19250	급여 등으로 일부 상환
202603	1242	6WK3815W	국회의원	국회	국회의원	김태선	채무	본인	건물임대채무	경기도 고양시 덕양구 행신동 행신2차에스케이뷰아파트임대보증금	400000	0		0		400000	
202603	1243	6WK3815W	국회의원	국회	국회의원	김태선	고지거부 및 등록제외사항	부		고지거부	0	0		0		0	독립생계유지
202603	1244	6WK3815W	국회의원	국회	국회의원	김태선	고지거부 및 등록제외사항	모		고지거부	0	0		0		0	독립생계유지
202603	1245	P0F1530P	국회의원	국회	국회의원	김태호	토지	모	대지	경상남도 거창군 가조면 일부리 1279번지 269.05㎡	37075	242		0		37317	가액변동
202603	1246	P0F1530P	국회의원	국회	국회의원	김태호	토지	모	도로	경상남도 거창군 가조면 일부리 630-6번지 11.00㎡	242	2		0		244	가액변동
202603	1247	P0F1530P	국회의원	국회	국회의원	김태호	토지	모	도로	경상남도 거창군 가조면 일부리 630-7번지 4.00㎡	88	1		0		89	가액변동
202603	1248	P0F1530P	국회의원	국회	국회의원	김태호	토지	모	전	경상남도 거창군 가조면 일부리 665번지 172.00㎡	7482	52		0		7534	가액변동
202603	1249	P0F1530P	국회의원	국회	국회의원	김태호	건물	본인	아파트	서울특별시 종로구 무악동 인왕산아이파크 건물 114.93㎡	946000	3000		0		949000	가액변동
202603	1250	P0F1530P	국회의원	국회	국회의원	김태호	건물	본인	사무실(전세(임차)권)	경상남도 양산시 평산동 2층 대지 1,715.10㎡ 건물183.60㎡	10000	0		0		10000	변동없음
202603	1251	P0F1530P	국회의원	국회	국회의원	김태호	건물	배우자	아파트(전세(임차)권)	경상남도 양산시 삼호동 웅상신도시 푸르지오 건물84.96㎡	60000	0		0		60000	변동없음
202603	1252	P0F1530P	국회의원	국회	국회의원	김태호	건물	모	단독주택	경상남도 거창군 가조면 일부리 대지 680.00㎡ 건물96.00㎡	50700	0		900		49800	가액변동
202603	1253	P0F1530P	국회의원	국회	국회의원	김태호	부동산에 관한 규정이 준용되는 권리와 자동차·건설기계·선박 및 항공기	본인	자동차	2017년식 그랜저IG 배기량(3,300cc)	7995	0		35		7960	가액변동
202603	1254	P0F1530P	국회의원	국회	국회의원	김태호	부동산에 관한 규정이 준용되는 권리와 자동차·건설기계·선박 및 항공기	본인	자동차	2021년식 쏘나타 배기량(1,999cc)	8705	0		320		8385	가액변동
202603	1255	P0F1530P	국회의원	국회	국회의원	김태호	부동산에 관한 규정이 준용되는 권리와 자동차·건설기계·선박 및 항공기	본인	자동차	2023년식 카니발 배기량(2,200cc)	4003	0		0		4003	변동없음
202603	1256	P0F1530P	국회의원	국회	국회의원	김태호	부동산에 관한 규정이 준용되는 권리와 자동차·건설기계·선박 및 항공기	배우자	자동차	2017년식 그랜저IG 배기량(3,300cc)	7995	0		35		7960	가액변동
202603	1257	P0F1530P	국회의원	국회	국회의원	김태호	부동산에 관한 규정이 준용되는 권리와 자동차·건설기계·선박 및 항공기	배우자	자동차	2021년식 쏘나타 배기량(1,999cc)	8705	0		320		8385	가액변동
202603	1258	P0F1530P	국회의원	국회	국회의원	김태호	예금	본인		DB손해보험(주) 1(6,590 감소), 경남은행 1,144(817감소), 국민은행 5,980(90 증가), 농협은행 14,986(5,349 증가), 중소기업은행 2,161(398 증가)	25842	5837		7407		24272	저축예금, 대출상환, 생활비 지출, 연금보험 개시 등
202603	1259	P0F1530P	국회의원	국회	국회의원	김태호	예금	배우자		농협생명보험 15,849(1,320 증가), 농협중앙회 308(7,813 감소), 삼성생명보험 51,667(995 증가), 삼성화재해상보험 810(360 증가), 새마을금고중앙회 548(37 증가), 신용협동조합중앙회 0(34 감소),신한라이프생명보험 4,627(4,627 증가),한화생명보험주식회사 47,349	121666	7343		7851		121158	저축예금, 대출상환, 생활비 지출, 연금보험 개시 등
202603	1260	P0F1530P	국회의원	국회	국회의원	김태호	예금	모		농협중앙회 20,593(2,309 증가)	18284	4118		1809		20593	저축예금, 대출상환, 생활비 지출, 연금보험 개시 등
202603	1261	P0F1530P	국회의원	국회	국회의원	김태호	정치자금법에 따른 정치자금의 수입 및 지출을 위한 예금계좌의 예금	본인		경남은행 41,436(25,399 감소)	66835	0		25399		41436	후원회 기부금, 의정활동으로 인한 변동
202603	1262	P0F1530P	국회의원	국회	국회의원	김태호	채권	본인		사인간채권	400000	0		0		400000	변동없음
202603	1263	P0F1530P	국회의원	국회	국회의원	김태호	채무	본인		사인간채무	173000	0		0		173000	변동없음
202603	1264	P0F1530P	국회의원	국회	국회의원	김태호	채무	본인	금융채무	중소기업은행 67,624(62,800 감소)	130424	0		62800		67624	급여로 채무 상환
202603	1265	P0F1530P	국회의원	국회	국회의원	김태호	고지거부 및 등록제외사항	장남		고지거부	161457	0		161457		0	독립생계유지
202603	1266	NUB4941Z	국회의원	국회	국회의원	김한규	토지	본인	임야	제주특별자치도 제주시 도남동 477번지 1,088.00㎡	26112	0		544		25568	공시가격 감소
202603	1267	NUB4941Z	국회의원	국회	국회의원	김한규	건물	본인	아파트	서울특별시 강남구 대치동 한보미도맨션2 건물 126.33㎡	2197000	307000		0		2504000	공시가격 상승
202603	1268	NUB4941Z	국회의원	국회	국회의원	김한규	건물	본인	사무실(전세(임차)권)	제주특별자치도 제주시 일도이동 대동빌딩 2층 건물238.00㎡	5000	0		0		5000	
202603	1269	NUB4941Z	국회의원	국회	국회의원	김한규	건물	본인	단독주택(전세(임차)권)	제주특별자치도 제주시 오등동 대지 430.43㎡ 중 215.21㎡건물 83.43㎡ 중 41.71㎡	145000	0		0		145000	
202603	1270	NUB4941Z	국회의원	국회	국회의원	김한규	건물	배우자	단독주택(전세(임차)권)	제주특별자치도 제주시 오등동 대지 430.43㎡ 중 215.21㎡건물 83.43㎡ 중 41.71㎡	145000	0		0		145000	
202603	1271	NUB4941Z	국회의원	국회	국회의원	김한규	부동산에 관한 규정이 준용되는 권리와 자동차·건설기계·선박 및 항공기	배우자	자동차	2024년식 Model3RWD 배기량(173cc)	54749	0		12029		42720	감가상각
202603	1272	NUB4941Z	국회의원	국회	국회의원	김한규	예금	본인		(주)KEB하나은행 5,277(6,009 감소), 농협은행 32,821(3,785 증가), 메리츠화재해상보험(보험)10,313(942 증가), 삼성증권 721,107(83,069 증가),우리투자증권 399,908(180,202 증가), 주식회사 카카오뱅크 28(250 감소), 토스뱅크(주) 39, 한국투자증권35	907789	341201		79462		1169528	펀드 평가금액 증가
202603	1273	NUB4941Z	국회의원	국회	국회의원	김한규	예금	배우자		(주)KEB하나은행 4,785(2,465 증가), KB증권 10(95 감소),메리츠화재해상보험(보험) 7,719(924 증가), 삼성증권 374,686(125,985 증가), 신한은행 1,460(10 증가),우리은행 47,765(5,686 증가), 우리투자증권 2,148,385(356,481 증가), 한국투자증권 0(33,863 감소)	2127217	493041		35448		2584810	펀드 평가금액 증가
202603	1274	NUB4941Z	국회의원	국회	국회의원	김한규	예금	장녀		(주)KEB하나은행 3, 국민은행 3,866(1,200 증가),미래에셋증권 50,859(8,245 증가)	45283	9445		0		54728	펀드 평가금액 증가
202603	1275	NUB4941Z	국회의원	국회	국회의원	김한규	예금	차녀		국민은행 4,737(965 증가), 미래에셋증권 50,094(8,120증가)	45746	9085		0		54831	펀드 평가금액 증가
202603	1276	NUB4941Z	국회의원	국회	국회의원	김한규	정치자금법에 따른 정치자금의 수입 및 지출을 위한 예금계좌의 예금	본인		농협은행 2,492(15,421 감소)	17913	0		15421		2492	정치자금 잔액 감소
202603	1277	NUB4941Z	국회의원	국회	국회의원	김한규	증권	배우자	상장주식	테슬라 3주(3주 증가)	0	1956		0		1956	신규 취득
202603	1278	NUB4941Z	국회의원	국회	국회의원	김한규	증권	배우자	기타(채권)	외화RP 0주	0	33832		0		33832	신규 취득
202603	1279	NUB4941Z	국회의원	국회	국회의원	김한규	채권	본인		기타 증가	0	52200		0		52200	신고항목 변경(출자지분에서 채권으로)
202603	1280	NUB4941Z	국회의원	국회	국회의원	김한규	채권	배우자		기타 증가	0	37200		0		37200	신고항목 변경(출자지분에서 채권으로)
202603	1281	NUB4941Z	국회의원	국회	국회의원	김한규	회원권	본인	콘도미니엄	소노호텔&리조트	19000	0		0		19000	
202603	1282	NUB4941Z	국회의원	국회	국회의원	김한규	합명·합자·유한회사 출자지분	본인	출자	DVAC 56호 개인투자조합, 출자가액: 0천원(15,000천원 감소), 지분비율: 0%(5.68% 감소), 연간매출액: 0천원	15000	0		15000		0	신고항목 변경(출자지분에서 채권으로)
202603	1283	NUB4941Z	국회의원	국회	국회의원	김한규	합명·합자·유한회사 출자지분	본인	출자	DVAC 64호 개인투자조합, 출자가액: 0천원(15,000천원 감소), 지분비율: 0%(1.94% 감소), 연간매출액: 30천원	15000	0		15000		0	신고항목 변경(출자지분에서 채권으로)
202603	1284	NUB4941Z	국회의원	국회	국회의원	김한규	합명·합자·유한회사 출자지분	본인	출자	리벤처스 TP 2호 조합, 출자가액: 0천원(30,000천원 감소), 지분비율: 0%(8.75% 감소), 연간매출액: 7천원	30000	0		30000		0	신고항목 변경(출자지분에서 채권으로)
202603	1285	NUB4941Z	국회의원	국회	국회의원	김한규	합명·합자·유한회사 출자지분	배우자	출자	DVAC 64호 개인투자조합, 출자가액: 0천원(15,000천원 감소), 지분비율: 0%(1.94% 감소), 연간매출액: 30천원	15000	0		15000		0	신고항목 변경(출자지분에서 채권으로)
202603	1286	NUB4941Z	국회의원	국회	국회의원	김한규	합명·합자·유한회사 출자지분	배우자	출자	리벤처스 TP 2호 조합, 출자가액: 0천원(30,000천원 감소), 지분비율: 0%(8.75% 감소), 연간매출액: 7천원	30000	0		30000		0	신고항목 변경(출자지분에서 채권으로)
202603	1287	NUB4941Z	국회의원	국회	국회의원	김한규	고지거부 및 등록제외사항	모		등록제외	0	0		0		0	사망
202603	1288	7YL9580G	국회의원	국회	국회의원	김현	건물	본인	아파트	경기도 안산시 상록구 성포동 안산파크푸르지오 건물84.52㎡	760000	0		0		760000	
202603	1289	7YL9580G	국회의원	국회	국회의원	김현	건물	본인	사무실(전세(임차)권)	경기도 안산시 상록구 월피동 다농마트 대지 265.35㎡ 건물265.35㎡	10000	0		0		10000	
202603	1290	7YL9580G	국회의원	국회	국회의원	김현	건물	장녀	오피스텔(전세(임차)권)	서울특별시 서초구 서초동 서초 어반하이 오피스텔 건물19.30㎡	220000	0		0		220000	
202603	1291	7YL9580G	국회의원	국회	국회의원	김현	예금	본인		교보생명보험 23,530(10,085 증가), 농협은행 14,346(5,839 감소), 삼성생명보험 4,290,스탠다드차타드은행 32,539(15,619 증가),신용협동조합중앙회 302(2 증가), 우체국 80,730(8,711 증가), 한화생명보험주식회사 23,723(10,453 감소)	161335	34417		16292		179460	급여 저축, 보험료 납입, 생활비 사용 등
202603	1292	7YL9580G	국회의원	국회	국회의원	김현	예금	장녀		(주)KEB하나은행 99, (주)카카오페이증권 205(355 감소), 교보생명보험 5,590(2,691 증가), 신한라이프생명보험 300(300 증가), 신한은행 12,063(1,665 증가),신한투자증권 208(208 증가), 주식회사 카카오뱅크 4(1 증가), 케이뱅크 100(100 증가), 토스뱅크(주) 3,103(1,089 감소), 토스증권(주) 2(1 감소)	18154	5972		2452		21674	급여 저축, 보험료 납입, 생활비 사용 등
202603	1293	7YL9580G	국회의원	국회	국회의원	김현	정치자금법에 따른 정치자금의 수입 및 지출을 위한 예금계좌의 예금	본인		농협은행 154,608(114,276 증가)	40332	114276		0		154608	정치후원금 입금에 따른 증가
202603	1294	7YL9580G	국회의원	국회	국회의원	김현	채무	본인	금융채무	스탠다드차타드은행 203,625(73,803 감소)	277428	0		73803		203625	채무 상환
202603	1295	7YL9580G	국회의원	국회	국회의원	김현	채무	장녀	금융채무	신한은행 163,216(864 감소)	164080	0		864		163216	채무 상환
202603	1296	6VC83722	국회의원	국회	국회의원	김현정	건물	본인	아파트	서울특별시 성동구 하왕십리동 텐즈힐 건물 84.88㎡ 중42.44㎡	478000	73000		0		551000	가액변동
202603	1297	6VC83722	국회의원	국회	국회의원	김현정	건물	본인	아파트(전세(임차)권)	경기도 평택시 용이동 평택비전에듀포레푸르지오 건물73.81㎡	270000	0		0		270000	
202603	1298	6VC83722	국회의원	국회	국회의원	김현정	건물	본인	사무실(전세(임차)권)	경기도 평택시 비전동 에이치탑5 대지 1,316.50㎡ 건물154.98㎡	20000	0		0		20000	
202603	1299	6VC83722	국회의원	국회	국회의원	김현정	건물	배우자	아파트	서울특별시 성동구 하왕십리동 텐즈힐 건물 84.88㎡ 중42.44㎡	478000	73000		0		551000	가액변동
202603	1300	6VC83722	국회의원	국회	국회의원	김현정	부동산에 관한 규정이 준용되는 권리와 자동차·건설기계·선박 및 항공기	본인	자동차	2022년식 K5하이브리드(3세대) 배기량(1,999cc)	22000	0		4460		17540	가액변동
202603	1301	6VC83722	국회의원	국회	국회의원	김현정	예금	본인		(주)KEB하나은행 5, KB증권 2, 국민은행 20,240(5,237 증가), 농협은행 1,377(4,015 감소), 메트라이프생명보험 2,688, 미래에셋증권 616,407(48,759 증가),신용협동조합중앙회 59(2 증가), 신한은행 241,469(936 감소), 유안타증권 27(1 증가), 한국투자증권 928,698(129,963 증가), 한화생명보험주식회사11,000(11,000 증가), 현대해상화재보험 5,501(1,759감소)	1639221	241669		53417		1827473	급여 저축 및 생활비 지출
202603	1302	6VC83722	국회의원	국회	국회의원	김현정	예금	배우자		(주)카카오페이증권 0(50 감소), 국민은행 222,491(1,016 증가), 스탠다드차타드은행 0(37,747 감소), 신용협동조합중앙회 51, 신한은행 6,188(40,809 감소),우리은행 5, 한국투자증권 308,473(102,780 증가),한화생명보험주식회사 100,000	612018	505455		480265		637208	급여 저축 및 생활비 지출
202603	1303	6VC83722	국회의원	국회	국회의원	김현정	예금	장남		(주)KEB하나은행 1, 국민은행 2,261(1,328 증가),신한은행 660, 신한투자증권 2,661(70 증가), 우리은행411(499 감소), 한화생명보험주식회사 845(845 증가)	5095	2372		628		6839	급여 저축 및 생활비 지출
202603	1304	6VC83722	국회의원	국회	국회의원	김현정	예금	차남		(주)KEB하나은행 33(33 증가), 국민은행 733(2,357 감소),신한은행 660, 업비트 2,968(2,968 증가),한화생명보험주식회사 778(778 증가)	3750	3779		2357		5172	급여 저축 및 생활비 지출
202603	1305	6VC83722	국회의원	국회	국회의원	김현정	정치자금법에 따른 정치자금의 수입 및 지출을 위한 예금계좌의 예금	본인		농협은행 241,882(130,797 증가)	111085	130797		0		241882	의정활동
202603	1306	6VC83722	국회의원	국회	국회의원	김현정	증권	장남	상장주식	MGM리조츠인터내셔널 2주, 삼성전자 10주, 삼화콘덴서11주, 애플 3주, 테슬라 3.9주	4355	955		0		5310	주가 변동
202603	1307	6VC83722	국회의원	국회	국회의원	김현정	채무	본인	건물임대채무	서울특별시 성동구 하왕십리동 텐즈힐 임대보증금	200000	0		0		200000	
202603	1308	6VC83722	국회의원	국회	국회의원	김현정	채무	배우자	건물임대채무	서울특별시 성동구 하왕십리동 텐즈힐 임대보증금	200000	0		0		200000	
202603	1309	6VC83722	국회의원	국회	국회의원	김현정	가상자산	차남		리플 0개(261.10859886개 감소), 비트코인0개(0.00756461개 감소)	1853	0		1853		0	전량 매도
202603	1310	JEZ3130Q	국회의원	국회	국회의원	김형동	토지	부	전	경상북도 영주시 풍기읍 전구리 769번지 2,939.00㎡	30860	587		0		31447	가액변동
202603	1311	JEZ3130Q	국회의원	국회	국회의원	김형동	토지	부	전	경상북도 봉화군 명호면 관창리 261번지 5,468.00㎡	50032	382		0		50414	가액변동
202603	1312	JEZ3130Q	국회의원	국회	국회의원	김형동	토지	부	전	경상북도 안동시 상아동 331번지 1,547.00㎡	18719	463		0		19182	가액변동
202603	1313	JEZ3130Q	국회의원	국회	국회의원	김형동	건물	본인	아파트	경기도 고양시 일산서구 주엽동 문촌마을 건물 134.97㎡	520000	0		0		520000	가액변동없음
202603	1314	JEZ3130Q	국회의원	국회	국회의원	김형동	건물	본인	단독주택	서울특별시 종로구 옥인동 대지 199.00㎡ 건물 287.00㎡	1710763	0		0		1710763	가액변동없음
202603	1315	JEZ3130Q	국회의원	국회	국회의원	김형동	건물	부	단독주택	경상북도 안동시 당북동 대지 182.00㎡ 건물 135.60㎡	70400	900		0		71300	가액변동
202603	1316	JEZ3130Q	국회의원	국회	국회의원	김형동	부동산에 관한 규정이 준용되는 권리와 자동차·건설기계·선박 및 항공기	본인	자동차	2017년식 그랜저IG 배기량(2,999cc)	8462	0		1324		7138	가액변동
202603	1317	JEZ3130Q	국회의원	국회	국회의원	김형동	부동산에 관한 규정이 준용되는 권리와 자동차·건설기계·선박 및 항공기	부	자동차	2010년식 YF소나타 배기량(1,998cc)	2370	0		510		1860	가액변동
202603	1318	JEZ3130Q	국회의원	국회	국회의원	김형동	예금	본인		(주)투게더앱스 38(38 증가), 국민은행 365, 농협은행6,129(24 감소), 농협중앙회 57(1 감소), 메리츠화재해상보험(보험) 8,001(1,044 증가), 수협은행 0(8 감소), 수협중앙회 70,850(4,800 증가),신용협동조합중앙회 50, 신한은행 9,748(1,099 증가),우리은행 4,448(1,448 증가), 우체국 19,020(57 증가)	110253	8705		252		118706	급여저축 등
202603	1319	JEZ3130Q	국회의원	국회	국회의원	김형동	예금	배우자		DB손해보험(주) 41,398(3,843 증가), 국민은행 3,715(2,211 증가), 신한은행 2,096(101 감소)	41256	6054		101		47209	
202603	1320	JEZ3130Q	국회의원	국회	국회의원	김형동	예금	부		DB손해보험(주) 20(20 증가), 농협중앙회 2,738(537 증가), 새마을금고중앙회 54(1 증가), 한화생명보험주식회사 0(13,200 감소)	15454	558		13200		2812	
202603	1321	JEZ3130Q	국회의원	국회	국회의원	김형동	예금	모		농협중앙회 57,675(34,470 증가), 삼성생명보험 17,900(25,235 감소), 우체국 0(7,008 감소)	73348	40864		38637		75575	
202603	1322	JEZ3130Q	국회의원	국회	국회의원	김형동	예금	장남		신한은행 7,273(960 증가)	6313	2059		1099		7273	
202603	1323	JEZ3130Q	국회의원	국회	국회의원	김형동	예금	장녀		신한은행 4,798(1,237 증가)	3561	1356		119		4798	
202603	1324	JEZ3130Q	국회의원	국회	국회의원	김형동	정치자금법에 따른 정치자금의 수입 및 지출을 위한 예금계좌의 예금	본인		농협중앙회 117,866(111,497 증가)	6369	111497		0		117866	정치후원금 증가
202603	1325	JEZ3130Q	국회의원	국회	국회의원	김형동	채무	본인		사인간채무 감소	50000	0		50000		0	급여 등으로 상환
202603	1326	JEZ3130Q	국회의원	국회	국회의원	김형동	채무	본인	금융채무	(주)투게더앱스 0(110,000 감소), 농협중앙회 800,000, 수협중앙회 45,000(45,000 증가), 신용협동조합중앙회 65,000(65,000 증가), 신한은행 56,049(3,338 증가)	962711	113338		110000		966049	채무금융기관 변경 등
202603	1327	JEZ3130Q	국회의원	국회	국회의원	김형동	채무	배우자		사인간채무	90000	0		0		90000	변동없음
202603	1328	JEZ3130Q	국회의원	국회	국회의원	김형동	채무	부	금융채무	새마을금고중앙회 36,991(1,051 감소)	38042	0		1051		36991	일부 상환
202603	1329	HRG9655C	국회의원	국회	국회의원	김희정	토지	배우자	임야	충청남도 당진시 송산면 당산리 422-14번지 738.00㎡	20295	0		74		20221	가액 변동
202603	1330	HRG9655C	국회의원	국회	국회의원	김희정	건물	본인	아파트	서울특별시 마포구 하중동 한강밤섬자이 건물 138.08㎡ 중69.04㎡	632500	101500		0		734000	가액 변동
202603	1331	HRG9655C	국회의원	국회	국회의원	김희정	건물	본인	아파트(전세(임차)권)	부산광역시 연제구 연산동 연산 자이 건물 159.83㎡	150000	0		0		150000	변동 없음
202603	1332	HRG9655C	국회의원	국회	국회의원	김희정	건물	본인	사무실(전세(임차)권)	부산광역시 연제구 연산동 6층 대지 193.70㎡ 중 0.00㎡건물 1,509.30㎡ 중 157.08㎡	30000	0		0		30000	변동 없음
202603	1333	HRG9655C	국회의원	국회	국회의원	김희정	건물	본인	아파트(전세(임 차)권)	서울특별시 서초구 반포동 반포자이아파트 건물 165.05㎡ 중 82.50㎡ (건물 총면적 165.05㎡ 증가, 지분면적 82.50㎡증가)	0	1175000		0		1175000	신규 전세 계약
202603	1334	HRG9655C	국회의원	국회	국회의원	김희정	건물	배우자	아파트	서울특별시 마포구 하중동 한강밤섬자이 건물 138.08㎡ 중69.04㎡	632500	101500		0		734000	가액 변동
202603	1335	HRG9655C	국회의원	국회	국회의원	김희정	건물	배우자	아파트(전세(임 차)권)	서울특별시 서초구 반포동 반포자이아파트 건물 165.05㎡ 중 82.50㎡ (건물 총면적 165.05㎡ 증가, 지분면적 82.50㎡증가)	0	1175000		0		1175000	신규 전세 계약
202603	1336	HRG9655C	국회의원	국회	국회의원	김희정	부동산에 관한 규정이 준용되는 권리와 자동차·건설기계·선박 및 항공기	본인	자동차	2013년식 산타페 배기량(1,995cc)	6710	0		370		6340	가액 변동
202603	1337	HRG9655C	국회의원	국회	국회의원	김희정	예금	본인		KB저축은행 19, NH투자증권 93,689(167,841 감소),농협생명보험 73,050, 부산은행 3, 삼성생명보험 7,200, 삼성화재해상보험 31,800(2,400 증가), 새마을금고중앙회 31,752(26 증가), 신한라이프생명보험 54,564(140 증가),에이비엘생명보험 60,191, 우리은행 4,210(22,726 감소),유안타증권 0(6,447 감소)	550926	2566		197014		356478	매도 및 평가 금액 변동, 만기 인출, 급여 저축
202603	1338	HRG9655C	국회의원	국회	국회의원	김희정	예금	배우자		(주)KB손해보험 50,737(773 증가), COMMERZ BANK109,574(55,131 증가), Commerzbank 54,196(4,702 증가), NH투자증권 798,137(117,082 감소), 교보생명보험 123,000(194,000 감소), 국민은행 31,105(18,795 감소),미래에셋생명보험 230,000, 스탠다드차타드은행83,826(300,145 감소), 신한라이프생명보험110,042(6,136 증가), 에이비엘생명보험 67,000(67,000 증가), 우리은행 147,581(147,581 증가),한화생명보험주식회사 7,500(7,500 증가),현대해상화재보험 8,074(1,163 증가)	2160808	417028		757064		1820772	매도 및 평가 금액 변동, 만기 인출, 급여 저축
202603	1339	HRG9655C	국회의원	국회	국회의원	김희정	예금	장녀		스탠다드차타드은행 5,218(4 증가), 우리은행15,732(5,221 증가)	15725	5225		0		20950	매도 및 평가 금액 변동, 만기 인출, 급여 저축
202603	1340	HRG9655C	국회의원	국회	국회의원	김희정	정치자금법에 따른 정치자금의 수입 및 지출을 위한 예금계좌의 예금	본인		새마을금고중앙회 56,857(54,233 증가)	2624	54233		0		56857	후원금 증가
202603	1341	HRG9655C	국회의원	국회	국회의원	김희정	증권	본인	국채	국고01125-3909(19-6) 0주	539228	0		539228		0	매도, 주식 배당 및 주가 상승에 따른 가액 변동, 매수
202603	1342	HRG9655C	국회의원	국회	국회의원	김희정	증권	본인	금융채	BNK캐피탈235-4 0주	413997	0		413997		0	매도, 주식 배당 및 주가 상승에 따른 가액 변동, 매수
202603	1343	HRG9655C	국회의원	국회	국회의원	김희정	증권	본인	회사채	디엔오토모티브6-1 0주, 현대제철132-2(녹) 0주	202590	0		202590		0	매도, 주식 배당 및 주가 상승에 따른 가액 변동, 매수
202603	1344	HRG9655C	국회의원	국회	국회의원	김희정	증권	본인	기타(채권)	T1.37508/15/50 0주	0	91719		0		91719	매도, 주식 배당 및 주가 상승에 따른 가액 변동, 매수
202603	1345	HRG9655C	국회의원	국회	국회의원	김희정	증권	배우자	상장주식	고바이오랩 0주(1,000주 감소), 비나텍 4,244주(202주증가)	120557	189946		5360		305143	매도, 주식 배당 및 주가 상승에 따른 가액 변동, 매수
202603	1346	HRG9655C	국회의원	국회	국회의원	김희정	증권	배우자	회사채	신한금융지주138 0주	331503	0		331503		0	매도, 주식 배당 및 주가 상승에 따른 가액 변동, 매수
202603	1347	HRG9655C	국회의원	국회	국회의원	김희정	증권	배우자	비상장주식	엘지씨엔에스 0주(1,002주 감소)	28829	0		28829		0	매도, 주식 배당 및 주가 상승에 따른 가액 변동, 매수
202603	1348	HRG9655C	국회의원	국회	국회의원	김희정	채무	본인	건물임대채무	서울특별시 마포구 하중동 한강밤섬자이 임대보증금	1000000	0		0		1000000	변동 없음
202603	1349	HRG9655C	국회의원	국회	국회의원	김희정	채무	배우자	건물임대채무	서울특별시 마포구 하중동 한강밤섬자이 임대보증금	50000	0		0		50000	변동 없음
202603	1350	HRG9655C	국회의원	국회	국회의원	김희정	고지거부 및 등록제외사항	부		고지거부	0	0		0		0	독립생계유지
202603	1351	HRG9655C	국회의원	국회	국회의원	김희정	고지거부 및 등록제외사항	모		고지거부	0	0		0		0	독립생계유지
202603	1352	SLW27496	국회의원	국회	국회의원	나경원	토지	배우자	임야	경기도 성남시 분당구 대장동 산 63-1번지 18,876.00㎡ 중2,314.06㎡	62016	1157		0		63173	가액변동
202603	1353	SLW27496	국회의원	국회	국회의원	나경원	건물	본인	근린생활시설	서울특별시 서초구 서초동 대지 269.30㎡ 중 67.33㎡ 건물705.57㎡ 중 176.39㎡	734384	24972		0		759356	가액변동
202603	1354	SLW27496	국회의원	국회	국회의원	나경원	건물	본인	아파트	서울특별시 용산구 서빙고동 건물 210.25㎡ 중 105.13㎡	1332500	172500		0		1505000	가액변동
202603	1355	SLW27496	국회의원	국회	국회의원	나경원	건물	본인	아파트(전세(임차)권)	서울특별시 동작구 흑석동 아크로리버하임 건물 0.00㎡(건물 53.96㎡ 감소)	680000	0		680000		0	전세권 해지
202603	1356	SLW27496	국회의원	국회	국회의원	나경원	건물	본인	사무실(전세(임차)권)	서울특별시 동작구 사당동 성보빌딩 건물 0.00㎡ (건물181.31㎡ 감소)	100000	0		100000		0	전세권 해지
202603	1357	SLW27496	국회의원	국회	국회의원	나경원	건물	본인	연립주택	서울특별시 중구 신당동 남산현대빌라 대지 0.00㎡ 중 0.00㎡건물 0.00㎡ 중 0.00㎡ (대지 지분면적 52.79㎡감소, 건물 지분면적 86.44㎡ 감소)	451500	0		451500	1325000	0	매도
202603	1358	SLW27496	국회의원	국회	국회의원	나경원	건물	본인	아파트(전세(임차)권)	서울특별시 동작구 흑석동 아크로리버하임 건물 19.63㎡(건물 19.63㎡ 증가)	0	50000		0		50000	임대차 계약
202603	1359	SLW27496	국회의원	국회	국회의원	나경원	건물	본인	근린생활시설(전세(임차)권)	서울특별시 동작구 사당동 건물 216.50㎡ (건물 216.50㎡증가)	0	40000		0		40000	임대차 계약
202603	1360	SLW27496	국회의원	국회	국회의원	나경원	건물	배우자	근린생활시설	서울특별시 광진구 구의동 대지 25.26㎡ 중 2.93㎡ 건물34.51㎡ 중 11.07㎡	41791	0		414		41377	가액변동
202603	1361	SLW27496	국회의원	국회	국회의원	나경원	건물	배우자	아파트	서울특별시 용산구 서빙고동 건물 210.25㎡ 중 105.13㎡	1332500	172500		0		1505000	가액변동
202603	1362	SLW27496	국회의원	국회	국회의원	나경원	건물	배우자	연립주택	서울특별시 중구 신당동 남산현대빌라 대지 0.00㎡ 중 0.00㎡건물 0.00㎡ 중 0.00㎡ (대지 지분면적 52.79㎡감소, 건물 지분면적 86.44㎡ 감소)	451500	0		451500	1325000	0	매도
202603	1363	SLW27496	국회의원	국회	국회의원	나경원	건물	배우자	근린생활시설	서울특별시 동작구 흑석동 대지 159.00㎡ 중 79.50㎡ 건물195.14㎡ 중 97.57㎡ (대지 지분면적 79.50㎡ 증가, 건물 지분면적 97.57㎡ 증가)	0	1100000	1100000	0		1100000	매입 (진행중)
202603	1364	SLW27496	국회의원	국회	국회의원	나경원	건물	장남	근린생활시설	서울특별시 동작구 흑석동 대지 159.00㎡ 중 39.75㎡ 건물195.14㎡ 중 48.78㎡ (대지 지분면적 39.75㎡ 증가, 건물 지분면적 48.78㎡ 증가)	0	550000	550000	0		550000	매입 (진행중)
202603	1365	SLW27496	국회의원	국회	국회의원	나경원	건물	장녀	근린생활시설	서울특별시 동작구 흑석동 대지 159.00㎡ 중 39.75㎡ 건물195.14㎡ 중 48.78㎡ (대지 지분면적 39.75㎡ 증가, 건물 지분면적 48.78㎡ 증가)	0	550000	550000	0		550000	매입 (진행중)
202603	1366	SLW27496	국회의원	국회	국회의원	나경원	부동산에 관한 규정이 준용되는 권리와 자동차·건설기계·선박 및 항공기	배우자	자동차	2022년식 520i 배기량(1,998cc)	38910	0		2800		36110	가액변동
202603	1367	SLW27496	국회의원	국회	국회의원	나경원	예금	본인		국민은행 246,016(28,909 증가), 농협은행 186,047(160,021 증가), 메리츠종금증권 6, 삼성화재해상보험 4,827(635 증가), 새마을금고중앙회 47,586(34,032 감소), 신용협동조합중앙회 33,564,신한은행 801,710(714,319 증가), 우리은행 7,817(79,132감소), 케이뱅크 1,000(1,000 증가)	536853	921493		129773		1328573	급여저축 및 생활비 지출 등
202603	1368	SLW27496	국회의원	국회	국회의원	나경원	예금	배우자		메리츠종금증권 8, 신한라이프생명보험 31,680, 신한은행126,985(2,957 증가), 신한투자증권 100(100 증가),우체국 10,017(201 증가)	165532	22075		18817		168790	급여저축 및 생활비 지출 등
202603	1369	SLW27496	국회의원	국회	국회의원	나경원	예금	장남		Bank of America 12,685(1,615 감소), KB라이프생명보험 25,176, 신한은행 190,785(74,401 감소), 신한투자증권70,262(16,064 증가), 우리은행 12,013, 주식회사카카오뱅크 45(577 감소), 한화투자증권 233(84 증가)	371644	104487		164932		311199	급여저축 및 생활비 지출 등
202603	1370	SLW27496	국회의원	국회	국회의원	나경원	예금	장녀		신한라이프생명보험 0(30,000 감소), 신한은행 80,000(10,823 증가), 신한투자증권 0(616 감소),우리은행 37,356(8,953 감소)	146102	79838		108584		117356	급여저축 및 생활비 지출 등
202603	1371	SLW27496	국회의원	국회	국회의원	나경원	정치자금법에 따른 정치자금의 수입 및 지출을 위한 예금계좌의 예금	본인		농협은행 47,077(26,450 감소)	73527	0		26450		47077	의정활동 지출
202603	1372	SLW27496	국회의원	국회	국회의원	나경원	증권	배우자	기타(채권)	USDRP자동매수전용상품 0주, 미국국채 0주(68,000주감소)	48682	0		48682		0	매도 등
202603	1373	SLW27496	국회의원	국회	국회의원	나경원	증권	장남	상장주식	LG전자 4주, NAVER 3주, 넷마블 4주, 셀트리온 3주, 아모레퍼시픽 4주, 엔씨소프트 1주, 카카오 24주,한국콜마 16주	4097	879		32		4944	매도 등
202603	1374	SLW27496	국회의원	국회	국회의원	나경원	증권	장녀	국채	국고채권 0주(27,383주 감소)	27383	0		27383		0	매도 등
202603	1375	SLW27496	국회의원	국회	국회의원	나경원	채권	본인		사인간채권 증가	0	430000		0		430000	
202603	1376	SLW27496	국회의원	국회	국회의원	나경원	채무	본인	금융채무	우리은행 200,000	200000	0		0		200000	
202603	1377	SLW27496	국회의원	국회	국회의원	나경원	채무	본인	건물임대채무	서울특별시 중구 신당동 임대보증금 감소	100000	0		100000		0	
202603	1378	SLW27496	국회의원	국회	국회의원	나경원	채무	본인	건물임대채무	서울특별시 서초구 서초동 임대보증금	38750	0		0		38750	
202603	1379	SLW27496	국회의원	국회	국회의원	나경원	채무	배우자		사인간채무 증가	100000	50000		0		150000	
202603	1380	SLW27496	국회의원	국회	국회의원	나경원	채무	배우자	금융채무	신한은행 8,369(219,101 감소)	227470	0		219101		8369	
202603	1381	SLW27496	국회의원	국회	국회의원	나경원	채무	배우자	건물임대채무	서울특별시 광진구 구의동 임대보증금	3000	0		0		3000	
202603	1382	SLW27496	국회의원	국회	국회의원	나경원	채무	배우자	건물임대채무	서울특별시 중구 신당동 임대보증금 감소	100000	0		100000		0	
202603	1383	SLW27496	국회의원	국회	국회의원	나경원	채무	배우자	기타	BMW파이낸셜서비스코리아 감소	1023	0		1023		0	
202603	1384	SLW27496	국회의원	국회	국회의원	나경원	채무	장남		사인간채무 증가	0	215000		0		215000	부동산 매입대금
202603	1385	SLW27496	국회의원	국회	국회의원	나경원	채무	장녀		사인간채무 증가	0	215000		0		215000	부동산 매입대금
202603	1386	SLW27496	국회의원	국회	국회의원	나경원	회원권	본인	헬스	서울클럽	50000	0		0		50000	
202603	1387	SLW27496	국회의원	국회	국회의원	나경원	회원권	장녀	헬스	서울클럽	75000	0		0		75000	
202603	1388	SLW27496	국회의원	국회	국회의원	나경원	비영리법인에 출연한 재산	본인	출연	사단법인 인구와기후그리고내일, 출연재산: 3,000천원,보유직위: 이사장	-	-		-		-	
202603	1389	SLW27496	국회의원	국회	국회의원	나경원	고지거부 및 등록제외사항	부		고지거부	0	0		0		0	독립생계유지
202603	1390	04T3751T	국회의원	국회	국회의원	남인순	건물	본인	아파트(전세(임차)권)	서울특별시 송파구 거여동 e편한세상 송파 파크센트럴건물 59.96㎡	590000	50000		0		640000	전세가액 변동
202603	1391	04T3751T	국회의원	국회	국회의원	남인순	부동산에 관한 규정이 준용되는 권리와 자동차·건설기계·선박 및 항공기	본인	자동차	2020년식 코나(KONA) 배기량(1,591cc)	10550	150		0		10700	가액 변동
202603	1392	04T3751T	국회의원	국회	국회의원	남인순	예금	본인		KB증권 6,899(6,899 증가), 교보생명보험 35,125, 국민은행467(994 감소), 농협은행 47,139(9,104 감소), 농협중앙회23, 동양생명보험 23,751(6,249 감소), 삼성생명보험3,592, 삼성화재해상보험 5,805(14,394 감소), 새마을금고중앙회 6,177(186 증가), 신용협동조합중앙회 100(100 증가), 신한은행 10,003(3 증가)	162634	41188		64741		139081	예금 사용으로 인한 감소
202603	1393	04T3751T	국회의원	국회	국회의원	남인순	예금	배우자		국민은행 63, 농협은행 20, 삼성생명보험 4,428, 신한은행7,203(12,762 감소)	24476	0		12762		11714	예금 사용으로 인한 감소
202603	1394	04T3751T	국회의원	국회	국회의원	남인순	정치자금법에 따른 정치자금의 수입 및 지출을 위한 예금계좌의 예금	본인		농협은행 177,433(86,179 증가)	91254	86179		0		177433	정치자금법에 따른 정치자금 증가
202603	1395	04T3751T	국회의원	국회	국회의원	남인순	채무	본인		사인간채무	270000	0		0		270000	변동없음
202603	1396	RUZ25800	국회의원	국회	국회의원	노종면	토지	본인	임야	울산광역시 울주군 온양읍 운화리 산 71번지 13,697.00㎡	40406	274		0		40680	가액 변동
202603	1397	RUZ25800	국회의원	국회	국회의원	노종면	토지	배우자	전	강원특별자치도 홍천군 남면 용수리 130-3번지 2,566.00㎡	85448	770		0		86218	가액 변동
202603	1398	RUZ25800	국회의원	국회	국회의원	노종면	토지	배우자	임야	경기도 양평군 강상면 세월리 471-1번지 303.00㎡	110000	0		0		110000	변동없음
202603	1399	RUZ25800	국회의원	국회	국회의원	노종면	토지	배우자	답	경기도 양평군 강상면 세월리 474-1번지 523.00㎡	110000	0		0		110000	변동없음
202603	1400	RUZ25800	국회의원	국회	국회의원	노종면	토지	배우자	전	경기도 양평군 강상면 신화리 55-101번지 196.00㎡	35000	0		0		35000	변동없음
202603	1401	RUZ25800	국회의원	국회	국회의원	노종면	토지	배우자	도로	경기도 양평군 강상면 신화리 55-98번지 34.00㎡	5000	0		0		5000	변동없음
202603	1402	RUZ25800	국회의원	국회	국회의원	노종면	토지	배우자	대지	경기도 양평군 강상면 신화리 55-16번지 163.00㎡	74000	0		0		74000	변동없음
202603	1403	RUZ25800	국회의원	국회	국회의원	노종면	토지	배우자	도로	경기도 양평군 강상면 신화리 55-90번지 672.00㎡ 중10.00㎡	598	2		0		600	가액 변동
202603	1404	RUZ25800	국회의원	국회	국회의원	노종면	토지	배우자	도로	경기도 양평군 강상면 신화리 55-94번지 523.00㎡ 중7.00㎡	419	1		0		420	가액 변동
202603	1405	RUZ25800	국회의원	국회	국회의원	노종면	건물	본인	사무실(전세(임차)권)	인천광역시 부평구 부평동 3층 건물 115.50㎡	30000	0		0		30000	변동없음
202603	1406	RUZ25800	국회의원	국회	국회의원	노종면	건물	배우자	단독주택	경기도 양평군 강상면 신화리 대지 384.00㎡ 건물 124.77㎡	255000	0		0		255000	변동없음
202603	1407	RUZ25800	국회의원	국회	국회의원	노종면	건물	배우자	아파트	인천광역시 부평구 산곡동 현대1단지아파트 건물 84.60㎡	400000	0		0		400000	변동없음
202603	1408	RUZ25800	국회의원	국회	국회의원	노종면	건물	모	아파트(전세(임차)권)	서울특별시 은평구 진관동 은평뉴타운상림마을 건물84.79㎡	460000	0		0		460000	변동없음
202603	1409	RUZ25800	국회의원	국회	국회의원	노종면	부동산에 관한 규정이 준용되는 권리와 자동차·건설기계·선박 및 항공기	본인	자동차	2024년식 니로 하이브리드 배기량(1,580cc)	10400	0		1615		8785	보험가액 변동
202603	1410	RUZ25800	국회의원	국회	국회의원	노종면	부동산에 관한 규정이 준용되는 권리와 자동차·건설기계·선박 및 항공기	배우자	자동차	2024년식 니로 하이브리드 배기량(1,580cc)	10400	0		1615		8785	보험가액 변동
202603	1411	RUZ25800	국회의원	국회	국회의원	노종면	예금	본인		KB라이프생명보험 74,603(3,115 증가), 농협은행 5,283(1,479 증가), 미래에셋증권 197(97 증가),스탠다드차타드은행 2, 신한은행 3,959(1,907 증가),우리은행 14, 중소기업은행 1,488(55 증가)	78893	6653		0		85546	급여 저축 및 생활비 지출 등
202603	1412	RUZ25800	국회의원	국회	국회의원	노종면	예금	배우자		(주)상상인증권 15, KB라이프생명보험 30,534(8,702 감소), 국민은행 3, 농협은행 158(3,386 감소), 신한은행 9,862(4,305 증가), 주식회사 카카오뱅크 3,604(449감소), 하나손해보험(주) 679(129 증가)	52958	9346		17449		44855	급여 저축 및 생활비 지출 등
202603	1413	RUZ25800	국회의원	국회	국회의원	노종면	예금	모		KB라이프생명보험 295,436, NH투자증권 25(1 증가),교보증권 2, 농협중앙회 67, 새마을금고중앙회71,824(13,700 감소), 신한은행 100,000(93 감소),우리은행 82,364(6,274 감소), 우체국 190,000(10,000감소), 중소기업은행 2	769786	434277		464343		739720	급여 저축 및 생활비 지출 등
202603	1414	RUZ25800	국회의원	국회	국회의원	노종면	예금	장남		KB증권 863(863 증가), 국민은행 9,165(6,897 증가),군인공제회 1,100(1,100 증가), 중소기업은행 4,200(3,000 증가)	3468	12563		703		15328	급여 저축 및 생활비 지출 등
202603	1415	RUZ25800	국회의원	국회	국회의원	노종면	예금	장녀		(주)카카오페이증권 0(211 감소), 우리은행 17,141(11,472 증가), 주식회사 카카오뱅크 805(574증가), 케이뱅크 55(36 증가), 토스뱅크(주) 136(136증가), 한국투자증권 759(701 증가)	6188	12919		211		18896	급여 저축 및 생활비 지출 등
202603	1416	RUZ25800	국회의원	국회	국회의원	노종면	예금	차녀		(주)카카오페이증권 90(89 증가), 국민은행 4,820(1,220 증가), 스탠다드차타드은행 7(7 증가), 주식회사 카카오뱅크 561(560 증가), 하나손해보험(주) 407(132증가)	3877	5608		3600		5885	급여 저축 및 생활비 지출 등
202603	1417	RUZ25800	국회의원	국회	국회의원	노종면	정치자금법에 따른 정치자금의 수입 및 지출을 위한 예금계좌의 예금	본인		농협중앙회 66,216(62,721 감소)	128937	0		62721		66216	후원금 감소 및 의정활동 정치자금 지출
202603	1418	RUZ25800	국회의원	국회	국회의원	노종면	증권	본인	상장주식	YTN 305주, 덕양산업 2,222주	7557	203		2000		5760	평가액 변동
202603	1419	RUZ25800	국회의원	국회	국회의원	노종면	채무	본인	금융채무	주식회사 카카오뱅크 2,327(17,583 감소)	19910	0		17583		2327	일부 상환
202603	1420	RUZ25800	국회의원	국회	국회의원	노종면	채무	배우자	금융채무	신한은행 310,749(3,592 감소)	314341	0		3592		310749	일부 상환
202603	1421	FJK3396E	국회의원	국회	국회의원	맹성규	토지	본인	임야	충청남도 천안시 동남구 광덕면 보산원리 산 12번지56,231.00㎡ 중 11,246.20㎡	40036	1238		0		41274	
202603	1422	FJK3396E	국회의원	국회	국회의원	맹성규	건물	본인	근린생활시설(전세(임차)권)	인천광역시 남동구 구월동 대진빌딩 대지 330.10㎡ 건물206.79㎡	30000	0		0		30000	
202603	1423	FJK3396E	국회의원	국회	국회의원	맹성규	건물	배우자	복합건물(주택+상가)	인천광역시 중구 답동 대지 89.30㎡ 중 89.20㎡ 건물293.37㎡ 중 293.20㎡	250000	0		0		250000	
202603	1424	FJK3396E	국회의원	국회	국회의원	맹성규	건물	배우자	아파트(전세(임차)권)	인천광역시 남동구 구월동 구월아시아드선수촌센트럴자이 건물 0.00㎡ (건물 101.93㎡ 감소)	445000	0		445000		0	
202603	1425	FJK3396E	국회의원	국회	국회의원	맹성규	건물	배우자	아파트(전세(임차)권)	인천광역시 남동구 구월동 구월아시아드선수촌센트럴자이 건물 101.95㎡ (건물 101.95㎡ 증가)	0	490000		0		490000	
202603	1426	FJK3396E	국회의원	국회	국회의원	맹성규	건물	모	아파트(전세(임차)권)	인천광역시 동구 송현동 솔빛마을주공아파트 건물 46.92㎡	30000	0		0		30000	
202603	1427	FJK3396E	국회의원	국회	국회의원	맹성규	부동산에 관한 규정이 준용되는 권리와 자동차·건설기계·선박 및 항공기	본인	자동차	2018년식 올뉴K7 배기량(2,359cc)	5580	0		275		5305	
202603	1428	FJK3396E	국회의원	국회	국회의원	맹성규	부동산에 관한 규정이 준용되는 권리와 자동차·건설기계·선박 및 항공기	배우자	자동차	2018년식 올뉴K7 배기량(2,359cc)	5580	0		275		5305	
202603	1429	FJK3396E	국회의원	국회	국회의원	맹성규	예금	본인		농협은행 302,822(262,044 증가), 우체국 14,667(10,102증가)	45343	277252		5106		317489	급여 증가, 생활비 지출
202603	1430	FJK3396E	국회의원	국회	국회의원	맹성규	예금	배우자		국민은행 615,822(338,764 감소), 롯데손해보험 3,459(317 증가), 메리츠화재해상보험(보험)11,803(4,877 증가), 삼성화재해상보험 725(300 증가),에이비엘생명보험 16,012(6,626 증가), 우체국 14,496, 한국투자증권 74(74 증가), 한화생명보험주식회사 14,581(2,768 증가)	1000774	614962		938764		676972	급여 증가, 생활비 지출
202603	1431	FJK3396E	국회의원	국회	국회의원	맹성규	예금	모		농협생명보험 12,468, 농협은행 13,685(51 증가),농협중앙회 7,239(2,768 감소), 새마을금고중앙회 11(11 증가)	36109	7483		10189		33403	급여 증가, 생활비 지출
202603	1432	FJK3396E	국회의원	국회	국회의원	맹성규	정치자금법에 따른 정치자금의 수입 및 지출을 위한 예금계좌의 예금	본인		우체국 62,485(36,291 증가)	26194	36291		0		62485	후원금 증가
202603	1433	FJK3396E	국회의원	국회	국회의원	맹성규	증권	배우자	상장주식	두산로보틱스 200주(200주 증가), 알테오젠 17주(17주증가)	0	23241		0		23241	신규 매입
202603	1434	FJK3396E	국회의원	국회	국회의원	맹성규	고지거부 및 등록제외사항	장남		고지거부	0	0		0		0	독립생계유지
202603	1435	FJK3396E	국회의원	국회	국회의원	맹성규	고지거부 및 등록제외사항	차남		고지거부	0	0		0		0	독립생계유지
202603	1436	J1G57517	국회의원	국회	국회의원	모경종	건물	본인	사무실(전세(임차)권)	인천광역시 서구 마전동 검단하이뷰 건물 105.04㎡ (건물105.04㎡ 증가)	0	10000		0		10000	신규 등록
202603	1437	J1G57517	국회의원	국회	국회의원	모경종	건물	배우자	아파트(전세(임차)권)	인천광역시 서구 당하동 인천원당금호어울림아파트 건물84.99㎡	250000	0		0		250000	변동 없음
202603	1438	J1G57517	국회의원	국회	국회의원	모경종	부동산에 관한 규정이 준용되는 권리와 자동차·건설기계·선박 및 항공기	배우자	자동차	2018년식 스토닉 U2 1.6 배기량(1,600cc)	8330	0		1920		6410	가액 변동
202603	1439	J1G57517	국회의원	국회	국회의원	모경종	예금	본인		(주)KEB하나은행 20(20 증가), 국민은행 143(139 증가),농협은행 30,339(11,082 증가),메리츠화재해상보험(보험) 11,958(1,128 증가), 메트라이프생명보험 21,600(21,600 증가), 신한은행 995(74 감소), 업비트 1,503(2 감소), 우리은행7,245(4,949 증가), 유안타증권 1, 케이뱅크 360(355증가), 키움증권 63(49 증가), 한국투자증권 415(62 증가)	35334	39436		128		74642	급여 저축 등
202603	1440	J1G57517	국회의원	국회	국회의원	모경종	예금	배우자		DB손해보험(주) 350(120 증가), 국민은행 27,521(6,171 증가), 롯데손해보험 9,705(1,456 증가), 우리은행 1,800(1,800 증가), 우리투자증권 0(4 감소), 전북은행0(1,800 감소), 키움증권 14,542(5,535 증가),토스뱅크(주) 1,696(640 증가), 토스증권(주) 12,284(12,284 증가), 한국교직원공제회 1,646(427증가), 현대해상화재보험 886(695 증가)	43106	34128		6804		70430	급여 저축 등
202603	1441	J1G57517	국회의원	국회	국회의원	모경종	예금	장남		토스뱅크(주) 100(100 증가), 토스증권(주) 482(482 증가)	0	582		0		582	급여 저축 등
202603	1442	J1G57517	국회의원	국회	국회의원	모경종	정치자금법에 따른 정치자금의 수입 및 지출을 위한 예금계좌의 예금	본인		농협은행 80,506(58,803 증가)	21703	58803		0		80506	후원금 증가
202603	1443	J1G57517	국회의원	국회	국회의원	모경종	증권	본인	상장주식	이아이디보통주 0주(3,522주 감소), 코닉오토메이션 2,758주, 펄어비스 315주, 한송네오텍 0주(155주 감소)	17835	5400		5139		18096	주식 매도 및 상장폐지로 인한 가액 변동 등
202603	1444	J1G57517	국회의원	국회	국회의원	모경종	증권	본인	비상장주식	시스네오텍 15주(15주 증가), 이아이디 35주(35주 증가)	0	2059		0		2059	주식 매도 및 상장폐지로 인한 가액 변동 등
202603	1445	J1G57517	국회의원	국회	국회의원	모경종	증권	본인	기타(채권)	환매체 0주	5	0		0		5	주식 매도 및 상장폐지로 인한 가액 변동 등
202603	1446	J1G57517	국회의원	국회	국회의원	모경종	증권	배우자	상장주식	펄어비스 100주, 포스코홀딩스보통주 5주	4037	1228		0		5265	주식 매도 및 상장폐지로 인한 가액 변동 등
202603	1447	J1G57517	국회의원	국회	국회의원	모경종	채무	본인		사인간채무	30000	0		0		30000	변동 없음
202603	1448	J1G57517	국회의원	국회	국회의원	모경종	채무	본인	금융채무	메트라이프생명보험 13,140(13,140 증가), 신한은행63,855(12,765 감소)	76620	13140		12765		76995	신규 가입 및 봉급으로 상환
202603	1449	J1G57517	국회의원	국회	국회의원	모경종	채무	배우자	금융채무	국민은행 200,000, 한국교직원공제회 40,846(13,663감소)	254509	0		13663		240846	봉급으로 상환
202603	1450	J1G57517	국회의원	국회	국회의원	모경종	가상자산	본인		리플 0개(100개 감소), 클레이어 909.28767364개	306	0		306		0	거래 및 가상자산 매도 등
202603	1451	J1G57517	국회의원	국회	국회의원	모경종	고지거부 및 등록제외사항	부		고지거부	0	0		0		0	독립생계유지
202603	1452	J1G57517	국회의원	국회	국회의원	모경종	고지거부 및 등록제외사항	모		고지거부	0	0		0		0	독립생계유지
202603	1453	GRP3908I	국회의원	국회	국회의원	문금주	건물	본인	아파트(전세(임차)권)	전라남도 보성군 보성읍 원봉리 성암해그린 건물 112.00㎡	100000	0		0		100000	변동없음
202603	1454	GRP3908I	국회의원	국회	국회의원	문금주	건물	본인	오피스텔(전세(임차)권)	서울특별시 영등포구 여의도동 엘지여의도에클라트 대지74.30㎡ 건물 39.12㎡	10000	0		0		10000	의정활동숙소보증금 정치자금
202603	1455	GRP3908I	국회의원	국회	국회의원	문금주	건물	배우자	아파트	광주광역시 동구 학동 금호베스트빌 건물 126.27㎡	252000	3000		0		255000	가액변동
202603	1456	GRP3908I	국회의원	국회	국회의원	문금주	부동산에 관한 규정이 준용되는 권리와 자동차·건설기계·선박 및 항공기	본인	자동차	2007년식 로체 배기량(2,400cc)	1210	0		170		1040	가액변동
202603	1457	GRP3908I	국회의원	국회	국회의원	문금주	예금	본인		(주)카카오페이증권 5,206(2,350 증가), KCGI자산운용 8,705(2,175 증가), 광주은행 13,847(27,825 감소),농협은행 24,556(44,443 감소), 농협중앙회 2,244(1 증가), 삼성생명보험 35,175(3,594 증가), 상호저축은행중앙회 93,425(40,051 증가),새마을금고중앙회 216,852(19,566 증가), 신용협동조합중앙회 87,857(36,647 증가), 주식회사 카카오뱅크 131(100 증가), 한국투자증권 1,725(1,091증가)	456416	283414		250107		489723	생활비지출 및 급여저축
202603	1458	GRP3908I	국회의원	국회	국회의원	문금주	예금	배우자		광주은행 2,632(3,525 감소), 국민은행 1, 농협중앙회101(34 감소), 상호저축은행중앙회 103,872(61,365 증가), 새마을금고중앙회 333,224(54,679 증가), 신용협동조합중앙회 145,383(43,191 증가), 하나증권 1,한국투자증권 6(6 증가)	429538	372787		217105		585220	생활비지출 및 급여저축
202603	1459	GRP3908I	국회의원	국회	국회의원	문금주	예금	장녀		(주)카카오페이증권 8(7 증가), 상호저축은행중앙회 0(38,586 감소), 새마을금고중앙회 0(10,450 감소),주식회사 카카오뱅크 23,137(7,562 증가), 한국투자증권 32	64644	15917		57384		23177	생활비지출 및 급여저축
202603	1460	GRP3908I	국회의원	국회	국회의원	문금주	정치자금법에 따른 정치자금의 수입 및 지출을 위한 예금계좌의 예금	본인		농협은행 141,032(85,702 증가)	55330	85702		0		141032	후원금 증가
202603	1461	GRP3908I	국회의원	국회	국회의원	문금주	증권	본인	상장주식	WK켈로그 0주(4.167491주 감소), 다우 10.709951주,마이크로소프트 2.902033주, 브로드컴 4.253612주(3.956942주 증가), 삼성전자 29주, 스타벅스5.483955주, 시스코시스템즈 5.246837주, 아이쓰리시스템0주(50주 감소), 알버말 1.046822주(1.046822주 증가), 애플 7.622042주, 웨스턴유니온 22.879165주, 이녹스첨단소재 22주	11226	4722		2756		13192	평가액 반영
202603	1462	GRP3908I	국회의원	국회	국회의원	문금주	증권	배우자	상장주식	한화갤러리아 22주, 한화솔루션 19주	330	209		0		539	평가액 반영
202603	1463	GRP3908I	국회의원	국회	국회의원	문금주	채권	배우자		사인간채권	150000	0		0		150000	변동없음
202603	1464	GRP3908I	국회의원	국회	국회의원	문금주	고지거부 및 등록제외사항	장남		고지거부	0	0		0		0	독립생계유지
202603	1465	D9I3309M	국회의원	국회	국회의원	문대림	토지	본인	전	제주특별자치도 서귀포시 대정읍 동일리 1720-1번지1,696.00㎡	17638	0		169		17469	가액 변동
202603	1466	D9I3309M	국회의원	국회	국회의원	문대림	토지	본인	전	제주특별자치도 서귀포시 대정읍 동일리 1720-4번지165.00㎡ 중 74.25㎡ (지분면적 35.75㎡ 감소)	1342	0		444		898	가액 변동, 면적소유 오류 정정
202603	1467	D9I3309M	국회의원	국회	국회의원	문대림	토지	본인	전	제주특별자치도 서귀포시 대정읍 동일리 1720-5번지3,273.00㎡	39931	0		328		39603	가액 변동
202603	1468	D9I3309M	국회의원	국회	국회의원	문대림	토지	본인	전	제주특별자치도 서귀포시 대정읍 동일리 1790번지1,968.00㎡	68683	0		393		68290	가액 변동
202603	1469	D9I3309M	국회의원	국회	국회의원	문대림	토지	본인	임야	제주특별자치도 서귀포시 대정읍 동일리 2028번지4,075.00㎡ 중 90.46㎡	6178	0		54		6124	가액 변동
202603	1470	D9I3309M	국회의원	국회	국회의원	문대림	토지	본인	대지	제주특별자치도 서귀포시 대정읍 일과리 226-3번지47.00㎡	7407	80		0		7487	가액 변동
202603	1471	D9I3309M	국회의원	국회	국회의원	문대림	토지	본인	임야	제주특별자치도 서귀포시 대정읍 일과리 405번지2,119.00㎡	18372	805		0		19177	가액 변동
202603	1472	D9I3309M	국회의원	국회	국회의원	문대림	토지	본인	묘지	제주특별자치도 서귀포시 대정읍 동일리 2028-11번지99.00㎡ 중 2.20㎡	150	0		0		150	
202603	1473	D9I3309M	국회의원	국회	국회의원	문대림	토지	본인	묘지	제주특별자치도 서귀포시 대정읍 동일리 2028-12번지99.00㎡ 중 2.20㎡	150	0		0		150	
202603	1474	D9I3309M	국회의원	국회	국회의원	문대림	토지	본인	묘지	제주특별자치도 서귀포시 대정읍 동일리 2028-13번지99.00㎡ 중 2.20㎡	150	0		0		150	
202603	1475	D9I3309M	국회의원	국회	국회의원	문대림	토지	본인	묘지	제주특별자치도 서귀포시 대정읍 동일리 2028-14번지99.00㎡ 중 2.20㎡	150	0		0		150	
202603	1476	D9I3309M	국회의원	국회	국회의원	문대림	토지	배우자	임야	제주특별자치도 제주시 애월읍 곽지리 1476-1번지740.00㎡	23680	0		222		23458	가액 변동
202603	1477	D9I3309M	국회의원	국회	국회의원	문대림	토지	배우자	전	제주특별자치도 제주시 애월읍 곽지리 1476-2번지1,610.00㎡	152628	0		6118		146510	가액 변동
202603	1478	D9I3309M	국회의원	국회	국회의원	문대림	토지	배우자	도로	제주특별자치도 제주시 애월읍 곽지리 789-1번지 105.00㎡	0	0		0		0	
202603	1479	D9I3309M	국회의원	국회	국회의원	문대림	토지	배우자	전	제주특별자치도 제주시 애월읍 곽지리 789번지 685.00㎡	49183	137		0		49320	가액 변동
202603	1480	D9I3309M	국회의원	국회	국회의원	문대림	건물	본인	단독주택	제주특별자치도 서귀포시 대정읍 일과리 대지 387.00㎡건물 69.43㎡ (대지 294.86㎡ 증가)	39448	0		472		38976	가액 변동
202603	1481	D9I3309M	국회의원	국회	국회의원	문대림	건물	본인	아파트(전세(임차)권)	서울특별시 강서구 가양동 강변아파트 건물 49.50㎡	100000	0		0		100000	
202603	1482	D9I3309M	국회의원	국회	국회의원	문대림	건물	본인	아파트	제주특별자치도 제주시 애월읍 하귀1리제주하귀휴먼시아2단지 건물 84.60㎡ 중 42.30㎡	211000	0		0		211000	
202603	1483	D9I3309M	국회의원	국회	국회의원	문대림	건물	배우자	아파트	제주특별자치도 제주시 애월읍 하귀1리제주하귀휴먼시아2단지 건물 84.60㎡ 중 42.30㎡	211000	0		0		211000	
202603	1484	D9I3309M	국회의원	국회	국회의원	문대림	부동산에 관한 규정이 준용되는 권리와 자동차·건설기계·선박 및 항공기	본인	자동차	2022년식 EV GV70 배기량(0cc)	47700	0		5724		41976	가액 변동
202603	1485	D9I3309M	국회의원	국회	국회의원	문대림	부동산에 관한 규정이 준용되는 권리와 자동차·건설기계·선박 및 항공기	본인	자동차	2017년식 싼타페 배기량(1,995cc)	10550	0		1266		9284	가액 변동
202603	1486	D9I3309M	국회의원	국회	국회의원	문대림	부동산에 관한 규정이 준용되는 권리와 자동차·건설기계·선박 및 항공기	배우자	자동차	2018년식 쏘나타 배기량(1,999cc)	8410	0		841		7569	가액 변동
202603	1487	D9I3309M	국회의원	국회	국회의원	문대림	예금	본인		농협은행 470,961(121,197 증가), 농협중앙회 2,동양생명보험 5,528, 라이나생명보험 9,357(449 증가),산림조합중앙회 434, 새마을금고중앙회 597(20 증가),신용협동조합중앙회 566(4 증가), 우리은행 8,064(7증가), 유안타증권 5, 제주은행 3,774(984 감소),하나손해보험(주) 1,699(583 증가)	379711	353512		232236		500987	근로소득, 이자소득, 생활비 지출 등
202603	1488	D9I3309M	국회의원	국회	국회의원	문대림	예금	배우자		NH투자증권 10(10 증가), 농협은행 13,134(3,363 증가),농협중앙회 0(28,000 감소), 라이나생명보험 3,271(3,537 감소), 메리츠종금증권 12,888(12,888 증가), 메리츠화재해상보험(보험) 13,270(2,291 증가), 메트라이프생명보험 58,240(58,240 증가), 삼성생명보험 28,789, 삼성증권 1,189(270 감소), 새마을금고중앙회1,487(3,500 감소), 신용협동조합중앙회 4,910(9 증가),신한라이프생명보험 1,888(1,880 감소),한화생명보험주식회사 17,940(1,427 증가), 현대해상화재보험 10,588(1,442 증가), 흥국생명보험 6,526(4,420 감소), 흥국화재해상보험(주) 2,375(99 증가)	138343	80321		42159		176505	근로소득, 이자소득, 생활비 지출 등
202603	1489	D9I3309M	국회의원	국회	국회의원	문대림	예금	차남		KB증권 0(1 감소), 농협생명보험 8(8 증가), 농협은행 4,276(10,248 감소), 주식회사 카카오뱅크 5(2 증가),중소기업은행 0(1 감소), 토스증권(주) 1,774(1,774증가), 한화투자증권 10	14539	2024		10490		6073	근로소득, 이자소득, 생활비 지출 등
202603	1490	D9I3309M	국회의원	국회	국회의원	문대림	정치자금법에 따른 정치자금의 수입 및 지출을 위한 예금계좌의 예금	본인		농협은행 136,352(132,899 증가)	3453	132899		0		136352	국회의원 후원금 이체
202603	1491	D9I3309M	국회의원	국회	국회의원	문대림	증권	배우자	상장주식	그리드위즈 0주(1주 감소), 두산에너빌리티 17주(17주 증가), 마이크로소프트 3주(3주 증가), 테슬라0.00309주(0.00309주 증가), 현대차 1주(1주 증가)	16	3658		16		3658	신규 매매 및 주가 변동
202603	1492	D9I3309M	국회의원	국회	국회의원	문대림	증권	차남	상장주식	마이크로소프트 0주(0.002642주 감소), 아마존닷컴 0주(0.00514주 감소), 알테오젠 51주(51주 증가), 알파벳A0주(0.00604주 감소), 애플 0주(0.004845주 감소), 오라클0.00029주, 제이피모간체이스 0주(0.031652주 감소), 테슬라 0.001228주(0.012908주 감소)	23	22924		23		22924	신규 매매 및 주가 변동
202603	1493	D9I3309M	국회의원	국회	국회의원	문대림	채권	본인		사인간채권 증가	0	15000		0		15000	신규 채권 발생
202603	1494	GOC54665	국회의원	국회	국회의원	문정복	토지	본인	대지	경기도 시흥시 하중동 101-4201번지 422.00㎡ (422.00㎡증가)	0	862173	862173	0		862173	신규 매입
202603	1495	GOC54665	국회의원	국회	국회의원	문정복	건물	본인	아파트	경기도 시흥시 은행동 시흥은행 대우 푸르지오아파트 건물84.75㎡	493000	0		183000		310000	공시가격 반영
202603	1496	GOC54665	국회의원	국회	국회의원	문정복	부동산에 관한 규정이 준용되는 권리와 자동차·건설기계·선박 및 항공기	본인	자동차	2018년식 QM3 배기량(1,461cc)	8260	0		1100		7160	
202603	1497	GOC54665	국회의원	국회	국회의원	문정복	부동산에 관한 규정이 준용되는 권리와 자동차·건설기계·선박 및 항공기	본인	자동차	2020년식 카니발 리무진 배기량(3,470cc) 감소	22110	0		22110	20500	0	
202603	1498	GOC54665	국회의원	국회	국회의원	문정복	부동산에 관한 규정이 준용되는 권리와 자동차·건설기계·선박 및 항공기	본인	자동차	2024년식 카니발 하이리무진 배기량(1,598cc) 증가	0	8291	8291	0		8291	
202603	1499	GOC54665	국회의원	국회	국회의원	문정복	예금	본인		AIA생명보험주식회사 7,289(603 증가), DB손해보험(주) 70,364(10,422 증가), 국민은행 1, 농협은행87,813(544,879 감소), 농협중앙회 20, 삼성생명보험48,541(7,577 증가), 새마을금고중앙회 133,신용협동조합중앙회 574(15 증가), 신한은행 6, 우체국1,770(120 증가), 중소기업은행 100, 한화생명보험주식회사 14,645(1,243 증가), 한화손해보험 5,247(1,800 증가)	759602	80432		603531		236503	급여 저축 및 생활비 사용 등
202603	1500	GOC54665	국회의원	국회	국회의원	문정복	예금	모		농협중앙회 9,451(1,445 감소)	10896	0		1445		9451	급여 저축 및 생활비 사용 등
202603	1501	GOC54665	국회의원	국회	국회의원	문정복	예금	장남		농협생명보험 0(100,000 감소), 농협은행 7,324(2,276감소), 신한은행 285(468 감소), 중소기업은행 2,020	112373	7324		110068		9629	급여 저축 및 생활비 사용 등
202603	1502	GOC54665	국회의원	국회	국회의원	문정복	예금	장녀		(주)KEB하나은행 16,277(15,775 감소), DB손해보험(주) 25,833(3,647 증가), 농협생명보험 100,000, 농협은행1,265(84,960 감소), 신한은행 44,087(832 감소),신한투자증권 79(20,239 감소), 주식회사 카카오뱅크 114(69 증가), 중소기업은행 4,970(600 증가)	310115	53104		170594		192625	급여 저축 및 생활비 사용 등
202603	1503	GOC54665	국회의원	국회	국회의원	문정복	정치자금법에 따른 정치자금의 수입 및 지출을 위한 예금계좌의 예금	본인		농협은행 364,251(110,851 증가)	253400	110851		0		364251	후원금 증가
202603	1504	GOC54665	국회의원	국회	국회의원	문정복	증권	장녀	상장주식	HD현대마린엔진 5주(5주 증가), 노바백스 3주(3주 증가), 리게티컴퓨팅 2주(2주 증가), 마라홀딩스 12주(12주 증가), 미스터블루 8주(8주 증가), 삼성전자 5주(5주 증가), 아이온큐 4주(4주 증가), 알파벳A 3주(3주 증가), 엔비디아 4주(4주 증가), 오라클 5주(5주 증가), 오름테라퓨틱 40주(40주 증가)	0	10172		0		10172	신규 매수
202603	1505	GOC54665	국회의원	국회	국회의원	문정복	채무	본인	금융채무	농협은행 30,722(1,089 감소)	31811	0		1089		30722	
202603	1506	4U29186R	국회의원	국회	국회의원	문진석	토지	배우자	답	전라남도 담양군 월산면 중월리 354-1번지 737.00㎡ 중184.25㎡ (총면적 737.00㎡ 증가, 지분면적 184.25㎡ 증가)	0	4717		0		4717	상속
202603	1507	4U29186R	국회의원	국회	국회의원	문진석	토지	배우자	답	전라남도 담양군 월산면 중월리 371-1번지 52.00㎡ 중 13.00㎡ (총면적 52.00㎡ 증가, 지분면적 13.00㎡ 증가)	0	407		0		407	상속
202603	1508	4U29186R	국회의원	국회	국회의원	문진석	토지	배우자	답	전라남도 담양군 월산면 중월리 372-1번지 217.00㎡ 중54.25㎡ (총면적 217.00㎡ 증가, 지분면적 54.25㎡ 증가)	0	1459		0		1459	상속
202603	1509	4U29186R	국회의원	국회	국회의원	문진석	토지	배우자	답	전라남도 담양군 월산면 중월리 355-1번지 24.00㎡ 중 6.00㎡ (총면적 24.00㎡ 증가, 지분면적 6.00㎡ 증가)	0	598		0		598	상속
202603	1510	4U29186R	국회의원	국회	국회의원	문진석	토지	배우자	답	전라남도 담양군 월산면 중월리 81번지 530.00㎡ 중 132.50㎡ (총면적 530.00㎡ 증가, 지분면적 132.50㎡ 증가)	0	2200		0		2200	상속
202603	1511	4U29186R	국회의원	국회	국회의원	문진석	건물	본인	근린생활시설	충청남도 아산시 배방읍 장재리 빅토리아빌 대지 15.31㎡건물 88.00㎡	234680	0		0		234680	
202603	1512	4U29186R	국회의원	국회	국회의원	문진석	건물	본인	근린생활시설	충청남도 아산시 배방읍 장재리 빅토리아빌 대지 12.53㎡건물 72.00㎡	192010	0		0		192010	
202603	1513	4U29186R	국회의원	국회	국회의원	문진석	건물	배우자	사무실	충청남도 아산시 배방읍 장재리 펜타폴리스오피스텔 대지7.11㎡ 건물 43.29㎡	348000	0		0		348000	
202603	1514	4U29186R	국회의원	국회	국회의원	문진석	건물	배우자	사무실	충청남도 아산시 배방읍 장재리 펜타폴리스오피스텔 대지7.06㎡ 건물 42.94㎡	348000	0		0		348000	
202603	1515	4U29186R	국회의원	국회	국회의원	문진석	건물	배우자	아파트	충청남도 천안시 동남구 청당동 청당마을벽산블루밍 건물143.31㎡	350000	0		0		350000	
202603	1516	4U29186R	국회의원	국회	국회의원	문진석	건물	배우자	복합건물(주택+ 상가)	전라남도 담양군 월산면 중월리 대지 1,457.00㎡ 중364.25㎡ 건물 362.14㎡ 중 90.53㎡ (대지 지분면적364.25㎡ 증가, 건물 지분면적 90.53㎡ 증가)	0	54083		0		54083	상속
202603	1517	4U29186R	국회의원	국회	국회의원	문진석	건물	장남	오피스텔(전세(임차)권)	서울특별시 구로구 신도림동 힐스테이트 신도림역 센트럴건물 29.99㎡ (건물 29.99㎡ 증가)	0	50000		0		50000	전세계약
202603	1518	4U29186R	국회의원	국회	국회의원	문진석	부동산에 관한 규정이 준용되는 권리와 자동차·건설기계·선박 및 항공기	배우자	자동차	2011년식 체어맨H(600S) 배기량(3,199cc)	5020	0		490		4530	가액변동
202603	1519	4U29186R	국회의원	국회	국회의원	문진석	부동산에 관한 규정이 준용되는 권리와 자동차·건설기계·선박 및 항공기	장남	자동차	2020년식 더뉴말리부 1.3터보 배기량(1,341cc) 증가	0	12830	12830	0		12830	신규매입
202603	1520	4U29186R	국회의원	국회	국회의원	문진석	예금	본인		(주)KB손해보험 41,185, (주)KEB하나은행 1,563, DB생명보험(주) 20,874(12,525 증가), DB손해보험(주) 33,600, 국민은행 351,491(187,486 증가), 농협은행57,332(21,123 증가), 농협중앙회 24, 동양생명보험41,040(18,240 증가), 새마을금고중앙회 1,302(1 증가), 신용협동조합중앙회 3,695(33 증가), 에이비엘생명보험 84,000, 중소기업은행 3,000(20 증가), 흥국생명보험60,955	460633	242441		3013		700061	급여저축 등
202603	1521	4U29186R	국회의원	국회	국회의원	문진석	예금	배우자		국민은행 12,064(28,296 감소), 농협은행 0(16,663 감소),삼성생명보험 1,932, 신한라이프생명보험 21,600, 신한은행 37,975(18,512 감소), 주식회사 카카오뱅크 602(581 증가), 한국교직원공제회 152,323(12,322 감소),현대해상화재보험 9,215(521 증가)	310402	3934		78625		235711	급여저축 등
202603	1522	4U29186R	국회의원	국회	국회의원	문진석	예금	장남		(주)카카오페이증권 0(929 감소), 국민은행 1,821(2,769 감소), 신한은행 2,400(1 감소), 우리은행 0(1,917 감소), 중국은행 0(527 감소), 키움증권 136(954 감소),현대해상화재보험 4,660(263 증가)	15851	3663		10497		9017	급여저축 등
202603	1523	4U29186R	국회의원	국회	국회의원	문진석	예금	장녀		국민은행 21(21 증가), 미래에셋증권 15,930(4,872 감소),신한은행 11,010, 토스뱅크(주) 6(6 증가)	31812	27		4872		26967	급여저축 등
202603	1524	4U29186R	국회의원	국회	국회의원	문진석	정치자금법에 따른 정치자금의 수입 및 지출을 위한 예금계좌의 예금	본인		국민은행 15,115(4,874 감소)	19989	0		4874		15115	의정활동 지출
202603	1525	4U29186R	국회의원	국회	국회의원	문진석	증권	장남	상장주식	ALPHABETINC 2주(2주 증가), MICROSOFTCORP 1주(1주 증가), NIKEINC 10주(10주 증가), NVIDIACORP 3주(3주증가), PALANTIRTECHINC 1주(1주 증가), 케이피엠테크20,810주	5743	3562		1290		8015	일부 매입 및 평가액변동
202603	1526	4U29186R	국회의원	국회	국회의원	문진석	증권	장남	비상장주식	농업회사법인 주식회사 에스씨바이오팜 20,000주	100000	570440		0		670440	일부 매입 및 평가액변동
202603	1527	4U29186R	국회의원	국회	국회의원	문진석	채권	본인		사인간채권	150000	0		0		150000	
202603	1528	4U29186R	국회의원	국회	국회의원	문진석	채무	본인	건물임대채무	충청남도 아산시 배방읍 장재리 빅토리아빌 2건임대보증금	40000	0		0		40000	
202603	1529	4U29186R	국회의원	국회	국회의원	문진석	채무	배우자	금융채무	국민은행 140,000(50,000 감소)	190000	0		50000		140000	일부상환
202603	1530	4U29186R	국회의원	국회	국회의원	문진석	채무	배우자	건물임대채무	충청남도 아산시 배방읍 장재리 펜타폴리스오피스텔임대보증금	10000	0		0		10000	
202603	1531	4U29186R	국회의원	국회	국회의원	문진석	채무	배우자	건물임대채무	충청남도 아산시 배방읍 장재리 펜타폴리스오피스텔임대보증금	10000	0		0		10000	
202603	1532	4U29186R	국회의원	국회	국회의원	문진석	채무	장남		사인간채무	50000	0		0		50000	
202603	1533	4U29186R	국회의원	국회	국회의원	문진석	고지거부 및 등록제외사항	차남		고지거부	128746	0		128746		0	독립생계유지
202603	1534	TZ228122	국회의원	국회	국회의원	민병덕	건물	본인	단독주택	경기도 안양시 동안구 관양동 대지 257.80㎡ 건물 294.78㎡	1583781	0		0		1583781	
202603	1535	TZ228122	국회의원	국회	국회의원	민병덕	건물	본인	사무실(전세(임차)권)	경기도 안양시 동안구 관양동 건물 115.00㎡	10000	0		0		10000	
202603	1536	TZ228122	국회의원	국회	국회의원	민병덕	건물	모	다가구주택(전세(임차)권)	서울특별시 영등포구 신길동 2층 건물 0.00㎡ (건물70.00㎡ 감소)	130000	0		130000		0	
202603	1537	TZ228122	국회의원	국회	국회의원	민병덕	건물	모	아파트	경기도 시흥시 매화동 서능아파트 건물 45.66㎡	104000	0		0		104000	
202603	1538	TZ228122	국회의원	국회	국회의원	민병덕	부동산에 관한 규정이 준용되는 권리와 자동차·건설기계·선박 및 항공기	배우자	자동차	2020년식 쏘나타 하이브리드 배기량(1,999cc)	18700	0		3700		15000	
202603	1539	TZ228122	국회의원	국회	국회의원	민병덕	예금	본인		(주)KEB하나은행 222, 국민은행 76(4 증가), 농협은행539(11,972 감소), 부산은행 62(1 증가),상호저축은행중앙회 2, 신용협동조합중앙회 159(2 증가),우리은행 27(3,223 감소)	16275	7		15195		1087	배우자 및 직계존비속 예금 반영
202603	1540	TZ228122	국회의원	국회	국회의원	민병덕	예금	배우자		(주)KEB하나은행 16,692(11,448 증가),(주)카카오페이증권 0(1 감소), 농협은행 0(4 감소), 농협중앙회 2(472 감소), 메리츠화재해상보험(보험) 2,966(714 증가), 신한은행 1,487(1,467 증가),신한투자증권 2,007(2,007 증가), 중소기업은행 6,현대해상화재보험 3,753(1,659 증가)	10095	17847		1029		26913	배우자 및 직계존비속 예금 반영
202603	1541	TZ228122	국회의원	국회	국회의원	민병덕	예금	모		국민은행 128,757(119,393 증가), 농협중앙회15,045(11,244 증가), 우리은행 20	13185	130637		0		143822	배우자 및 직계존비속 예금 반영
202603	1542	TZ228122	국회의원	국회	국회의원	민병덕	예금	장남		국민은행 47(2,953 감소), 농협은행 0(3,000 감소),신한은행 20, 토스뱅크(주) 24(47 감소), 토스증권(주)2,070(2,070 증가)	6091	2117		6047		2161	배우자 및 직계존비속 예금 반영
202603	1543	TZ228122	국회의원	국회	국회의원	민병덕	예금	장녀		신한은행 8,020(3,000 증가), 신한투자증권 3,975(3,975 증가), 주식회사 카카오뱅크 448(168 증가), 중소기업은행9	5309	7143		0		12452	배우자 및 직계존비속 예금 반영
202603	1544	TZ228122	국회의원	국회	국회의원	민병덕	예금	차녀		(주)KEB하나은행 7,500(5,120 증가), 농협중앙회 0(800감소), 신한은행 20, 토스뱅크(주) 309(163 증가)	3346	5809		1326		7829	배우자 및 직계존비속 예금 반영
202603	1545	TZ228122	국회의원	국회	국회의원	민병덕	정치자금법에 따른 정치자금의 수입 및 지출을 위한 예금계좌의 예금	본인		농협중앙회 71,766(45,566 증가)	26200	45566		0		71766	후원금 증가
202603	1546	TZ228122	국회의원	국회	국회의원	민병덕	채무	본인		사인간채무	80000	0		0		80000	
202603	1547	TZ228122	국회의원	국회	국회의원	민병덕	채무	본인	금융채무	부산은행 998,463(8,454 증가), 우리은행 74,300	1064309	8454		0		1072763	
202603	1548	TZ228122	국회의원	국회	국회의원	민병덕	채무	배우자		사인간채무	50000	0		0		50000	
202603	1549	TZ228122	국회의원	국회	국회의원	민병덕	채무	모	건물임대채무	경기도 시흥시 매화동 서능아파트 임대보증금	40000	0		0		40000	
202603	1550	VRY5522V	국회의원	국회	국회의원	민형배	건물	배우자	연립주택	광주광역시 광산구 수완동 수완브리움 타운하우스 대지306.98㎡ 건물 252.32㎡	648999	0		0		648999	변동 없음
202603	1551	VRY5522V	국회의원	국회	국회의원	민형배	건물	배우자	오피스텔(전세(임차)권)	서울특별시 용산구 한강로2가 래미안용산 더 센트럴 건물47.65㎡	409500	0		0		409500	변동 없음
202603	1552	VRY5522V	국회의원	국회	국회의원	민형배	부동산에 관한 규정이 준용되는 권리와 자동차·건설기계·선박 및 항공기	본인	자동차	2019년식 그랜저 배기량(2,359cc)	15830	0		3630		12200	가액 변동
202603	1553	VRY5522V	국회의원	국회	국회의원	민형배	부동산에 관한 규정이 준용되는 권리와 자동차·건설기계·선박 및 항공기	본인	자동차	2021년식 그랜저 하이브리드 배기량(2,359cc)	23590	0		1380		22210	가액 변동
202603	1554	VRY5522V	국회의원	국회	국회의원	민형배	현금	본인		현금	10000	0		0		10000	변동 없음
202603	1555	VRY5522V	국회의원	국회	국회의원	민형배	예금	본인		(주)KB손해보험 1,142(298 증가), (주)KEB하나은행 9,광주은행 525(1,600 감소), 국민은행 174, 농협은행88,703(21,674 증가), 농협중앙회 2,023(1,532 증가),메리츠화재해상보험(보험) 2,119(341 증가),미래에셋증권 11, 삼성생명보험 36,818(1,216 증가),새마을금고중앙회 132(5 증가), 스탠다드차타드은행 11, 신용협동조합중앙회 334(2 증가), 우리투자증권 7,869(194 증가), 한국산업은행 5,369(63 증가)	121514	53007		29282		145239	월급 저축 및 생활비 지출 등
202603	1556	VRY5522V	국회의원	국회	국회의원	민형배	예금	배우자		(주)KB손해보험 15,891(2,081 증가), (주)KEB하나은행 1,광주은행 103, 농협은행 7,676(3,780 감소), 농협중앙회304(217 증가), 롯데손해보험 179(69 증가),메리츠화재해상보험(보험) 53,605(3,672 증가), 미래에셋증권 131,220(31,646 증가), 삼성생명보험 0(6,452 감소), 신용협동조합중앙회 1,627(18,007 감소), 신한라이프생명보험 1,380, 주식회사 카카오뱅크 3,526(3,526 증가), 하나손해보험(주) 9,000(1,320증가), 한국교직원공제회 0(8,477 감소), 한화투자증권 9,흥국화재해상보험(주) 9,939(1,437 증가)	227208	66147		58895		234460	월급 저축 및 생활비 지출 등
202603	1557	VRY5522V	국회의원	국회	국회의원	민형배	예금	장녀		DB손해보험(주) 1,301(9,920 감소), 광주은행 10(92감소), 국민은행 275(166 감소), 농협중앙회 119(219감소), 롯데손해보험 179(69 증가), 미래에셋증권 14, 삼성증권 51,111(13,251 증가), 신용협동조합중앙회 94,167(13,184 감소), 우리은행 7,070, 주식회사 카카오뱅크 12,991(8,661 감소), 한국교직원공제회 6,239(3,801 증가)	188597	78937		94058		173476	월급 저축 및 생활비 지출 등
202603	1558	VRY5522V	국회의원	국회	국회의원	민형배	예금	차녀		DB손해보험(주) 0(9,412 감소), 농협은행 90(48 증가),신한은행 10(7 감소), 우리은행 10,724(68 증가), 주식회사 카카오뱅크 3,391(1,512 증가), 중소기업은행 0(10 감소), 토스뱅크(주) 0(146 감소)	22162	1665		9612		14215	월급 저축 및 생활비 지출 등
202603	1559	VRY5522V	국회의원	국회	국회의원	민형배	정치자금법에 따른 정치자금의 수입 및 지출을 위한 예금계좌의 예금	본인		농협중앙회 90,369(33,853 증가)	56516	33853		0		90369	정치후원금 증가
202603	1560	VRY5522V	국회의원	국회	국회의원	민형배	증권	배우자	상장주식	MP머티리얼스 22주(22주 증가), 뉴스케일파워 0주(25주 감소), 마이크로소프트 38주(2주 감소), 메타플랫폼스(페이스북) 8주(1주 감소), 브로드컴 19주(1주 증가), 샌디스크 15주(15주 증가), 센트러스에너지 22주(22주 증가), 스포티파이테크놀로지 0주(5주 감소), 아마존닷컴 0주(40주 감소), 아이온큐0주(40주 감소), 아처에비에이션 200주(120주 증가), 알파벳C 69주(19주 증가), 애플 0주(34주 감소), 에머슨일렉트릭 15주(15주 증가), 엔비디아 235주(20주 증가), 유니티소프트웨어 14주(2주 감소),  이턴코퍼레이션 5주(5주 증가), 조비에비에이션 0주(80주 감소), 테슬라 1주(25주 감소), 팔란티어테크 160주(60주 증가), 폭스콘산업인터넷 100주(100주 증가)	156096	105831		59320		202607	주식 매도 및 신규 매입, 가액 변동 등
202603	1561	VRY5522V	국회의원	국회	국회의원	민형배	증권	배우자	기타(채권)	온라인전용_수시RP(USD) 0주,외화예탁금자동매수형(RP)(USD) 0주	21897	6680		4898		23679	주식 매도 및 신규 매입, 가액 변동 등
202603	1562	VRY5522V	국회의원	국회	국회의원	민형배	증권	장녀	상장주식	LIG넥스원 5주(5주 증가), SK하이닉스 18주(18주 증가), TSMCADR 12주(5주 증가), 뉴스케일파워 10주, 마이크로소프트 7주(2주 증가), 메타 8주(8주 증가), 브로드컴 13주(8주 증가), 삼성생명 25주(25주 증가), 삼성전자 102주(52주 증가), 삼성화재 4주(4주 증가), 샌디스크 2주(2주 증가), 센트러스에너지 3주(3주 증가), 스포티파이테크놀러지 3주(3주 증가), 아이온큐 15주(20주 감소), 아처에비에이션 70주(10주 증가), 알파벳ClassC 10주(8주 증가), 암홀딩스ADR 5주(10주감소), 엔비디아 60주(15주 증가), 엠피머터리얼즈 23주(23주 증가), 이튼 3주(3주 증가), 조비에비에이션0주(70주 감소), 카카오 0주(2주 감소), 테슬라 0주(5주 감소), 템퍼스AI 5주(5주 증가), 팔란티어테크놀로지스 18주(8주 증가), 한화에어로스페이스 3주(3주 증가), 현대차 2주	31007	73025		8645		95387	주식 매도 및 신규 매입, 가액 변동 등
202603	1563	VRY5522V	국회의원	국회	국회의원	민형배	채권	본인		기타	6000	0		0		6000	변동 없음
202603	1564	VRY5522V	국회의원	국회	국회의원	민형배	채권	본인		사인간채권	30000	0		0		30000	변동 없음
202603	1565	VRY5522V	국회의원	국회	국회의원	민형배	채무	본인		사인간채무	20000	0		0		20000	변동 없음
202603	1566	VRY5522V	국회의원	국회	국회의원	민형배	채무	본인	금융채무	농협은행 100,000	100000	0		0		100000	변동 없음
202603	1567	VRY5522V	국회의원	국회	국회의원	민형배	채무	배우자	금융채무	농협중앙회 168,080(6,720 감소)	174800	0		6720		168080	일부 상환
202603	1568	O6D8329R	국회의원	국회	국회의원	민홍철	건물	본인	아파트	서울특별시 강남구 역삼동 역삼래미안아파트 건물 59.73㎡중 29.86㎡	586000	87500		0		673500	가액변동
202603	1569	O6D8329R	국회의원	국회	국회의원	민홍철	건물	본인	사무실(전세(임차)권)	경상남도 김해시 삼계동 삼계위너스타운 건물 159.87㎡	10000	0		0		10000	
202603	1570	O6D8329R	국회의원	국회	국회의원	민홍철	건물	본인	아파트	경상남도 김해시 삼계동 화정마을2단지부영아파트 건물84.98㎡	179000	0		0		179000	
202603	1571	O6D8329R	국회의원	국회	국회의원	민홍철	건물	배우자	아파트	서울특별시 강남구 역삼동 역삼래미안아파트 건물 59.73㎡중 29.86㎡	586000	87500		0		673500	가액변동
202603	1572	O6D8329R	국회의원	국회	국회의원	민홍철	건물	배우자	아파트(전세(임차)권)	서울특별시 영등포구 당산동5가 당산센트럴아이파크 건물106.29㎡	1040000	0		0		1040000	
202603	1573	O6D8329R	국회의원	국회	국회의원	민홍철	부동산에 관한 규정이 준용되는 권리와 자동차·건설기계·선박 및 항공기	본인	자동차	2012년식 쏘나타 배기량(1,999cc)	6060	0		430		5630	가액변동
202603	1574	O6D8329R	국회의원	국회	국회의원	민홍철	부동산에 관한 규정이 준용되는 권리와 자동차·건설기계·선박 및 항공기	본인	자동차	2016년식 G80 배기량(3,300cc)	15560	0		970		14590	가액변동
202603	1575	O6D8329R	국회의원	국회	국회의원	민홍철	예금	본인		KB라이프생명보험 3,315(510 증가), 교보생명보험 24,000, 국민은행 7,249(6,011 증가), 농협은행 1,372(926증가), 부산은행 29,094(471 감소), 삼성생명보험 6,312,신한라이프생명보험 46,420(11,519 감소)	122305	7450		11993		117762	급여저축 등
202603	1576	O6D8329R	국회의원	국회	국회의원	민홍철	예금	배우자		DB생명보험(주) 20,000(14,150 감소), MG손해보험(주) 0(3,840 감소), 교보생명보험 22,680, 국민은행14,720(1,200 증가), 농협중앙회 53,739(2,664 증가),메리츠화재해상보험(보험) 2,333(364 증가), 삼성생명보험 23,236(1,508 증가), 새마을금고중앙회 12,931(400 증가), 신용협동조합중앙회 0(10 감소),예별손해보험 3,840(3,840 증가), 유안타증권 177(2 증가), 토스증권(주) 42(42 증가), 하나증권 128(3 증가)	161803	51066		59043		153826	급여저축 등
202603	1577	O6D8329R	국회의원	국회	국회의원	민홍철	예금	장남		KB증권 5,831(3,197 증가), NH투자증권 6,098(6,098증가), 국민은행 6,242(702 증가), 농협중앙회 17,500(17,500 증가), 메리츠화재해상보험(보험)2,173(1,497 증가), 미래에셋증권 0(439 감소),상호저축은행중앙회 349(551 감소), 신한은행 0(2,100 감소), 신한투자증권 17,297(13,334 증가), 애큐온저축은행 2,500(2,500 증가), 우리은행 1(1 증가), 주식회사 카카오뱅크 6,986(2,812 증가), 토스뱅크(주) 660(660 증가), 토스증권(주) 70,351(33,713 증가)	57064	82069		3145		135988	급여저축 등
202603	1578	O6D8329R	국회의원	국회	국회의원	민홍철	정치자금법에 따른 정치자금의 수입 및 지출을 위한 예금계좌의 예금	본인		농협중앙회 52,900(32,226 증가)	20674	32226		0		52900	후원금 증가
202603	1579	O6D8329R	국회의원	국회	국회의원	민홍철	증권	장남	상장주식	마이크로소프트 0주(3.973996주 감소), 맥쿼리인프라0주(120주 감소)	3732	0		3732		0	매도
202603	1580	O6D8329R	국회의원	국회	국회의원	민홍철	채무	본인	금융채무	농협은행 9,325(13,773 감소)	23098	0		13773		9325	급여 등으로 상환
202603	1581	O6D8329R	국회의원	국회	국회의원	민홍철	채무	본인	건물임대채무	서울특별시 강남구 역삼동 역삼래미안아파트 임대보증금	100000	0		0		100000	
202603	1582	O6D8329R	국회의원	국회	국회의원	민홍철	채무	배우자	건물임대채무	서울특별시 강남구 역삼동 역삼래미안아파트 임대보증금	100000	0		0		100000	
202603	1583	IWR8966I	국회의원	국회	국회의원	박균택	토지	부	답	광주광역시 광산구 명도동 207-1번지 2,386.00㎡ 중795.00㎡	27984	239		0		28223	공시지가 변동
202603	1584	IWR8966I	국회의원	국회	국회의원	박균택	토지	부	답	광주광역시 광산구 명도동 207-2번지 3,000.00㎡ 중1,000.00㎡	39200	300		0		39500	공시지가 변동
202603	1585	IWR8966I	국회의원	국회	국회의원	박균택	토지	부	답	광주광역시 광산구 명도동 207-3번지 2,994.00㎡ 중1,497.00㎡	50748	0		598		50150	공시지가 변동
202603	1586	IWR8966I	국회의원	국회	국회의원	박균택	토지	부	답	광주광역시 광산구 송치동 187-3번지 1,127.00㎡	37755	563		0		38318	공시지가 변동
202603	1587	IWR8966I	국회의원	국회	국회의원	박균택	토지	부	전	광주광역시 광산구 장수동 500-4번지 135.00㎡	23882	486		0		24368	공시지가 변동
202603	1588	IWR8966I	국회의원	국회	국회의원	박균택	토지	부	임야	광주광역시 광산구 운수동 산 67번지 11,603.00㎡	55926	929		0		56855	공시지가 변동
202603	1589	IWR8966I	국회의원	국회	국회의원	박균택	토지	부	답	전라남도 나주시 노안면 계림리 1247-1번지 1,181.00㎡	28462	236		0		28698	공시지가 변동
202603	1590	IWR8966I	국회의원	국회	국회의원	박균택	토지	부	답	전라남도 나주시 노안면 계림리 1247-2번지 485.00㎡	9215	97		0		9312	공시지가 변동
202603	1591	IWR8966I	국회의원	국회	국회의원	박균택	토지	부	전	전라남도 나주시 노안면 계림리 84-2번지 241.00㎡	4892	0		96		4796	공시지가 변동
202603	1592	IWR8966I	국회의원	국회	국회의원	박균택	토지	부	답	전라남도 나주시 노안면 계림리 86-1번지 1,362.00㎡	26287	817		0		27104	공시지가 변동
202603	1593	IWR8966I	국회의원	국회	국회의원	박균택	토지	부	전	전라남도 장성군 삼서면 두월리 250-10번지 1,520.00㎡ 중506.00㎡	6021	51		0		6072	공시지가 변동
202603	1594	IWR8966I	국회의원	국회	국회의원	박균택	토지	부	전	전라남도 장성군 삼서면 두월리 250-13번지 482.00㎡ 중161.00㎡	1916	16		0		1932	공시지가 변동
202603	1595	IWR8966I	국회의원	국회	국회의원	박균택	토지	부	임야	전라남도 장성군 삼서면 석마리 산 75-1번지 8,912.00㎡중 2,228.00㎡	8845	134		0		8979	공시지가 변동
202603	1596	IWR8966I	국회의원	국회	국회의원	박균택	토지	모	답	전라남도 나주시 노안면 금동리 640-1번지 3,600.00㎡	61560	360		0		61920	공시지가 변동
202603	1597	IWR8966I	국회의원	국회	국회의원	박균택	토지	모	답	전라남도 나주시 노안면 금동리 640-2번지 3,491.00㎡	59696	349		0		60045	공시지가 변동
202603	1598	IWR8966I	국회의원	국회	국회의원	박균택	토지	모	답	전라남도 나주시 노안면 금동리 640-3번지 509.00㎡	8704	51		0		8755	공시지가 변동
202603	1599	IWR8966I	국회의원	국회	국회의원	박균택	토지	모	답	전라남도 나주시 노안면 안산리 28-3번지 4,000.00㎡	68400	400		0		68800	공시지가 변동
202603	1600	IWR8966I	국회의원	국회	국회의원	박균택	건물	본인	아파트	서울특별시 강남구 일원동 건물 84.71㎡ 중 50.82㎡	1090200	163200		0		1253400	공시가격 변동
202603	1601	IWR8966I	국회의원	국회	국회의원	박균택	건물	본인	아파트(전세(임차)권)	서울특별시 마포구 도화동 삼성아파트 건물 72.18㎡	100000	0		0		100000	변동 없음
202603	1602	IWR8966I	국회의원	국회	국회의원	박균택	건물	본인	아파트(전세(임차)권)	광주광역시 광산구 월곡동 영천마을 주공아파트 건물59.92㎡	30000	0		0		30000	변동 없음
202603	1603	IWR8966I	국회의원	국회	국회의원	박균택	건물	배우자	아파트	서울특별시 강남구 일원동 건물 84.71㎡ 중 33.88㎡	726800	108800		0		835600	공시가격 변동
202603	1604	IWR8966I	국회의원	국회	국회의원	박균택	건물	부	복합건물(주택+상가)	광주광역시 광산구 흑석동 대지 1,260.00㎡ 건물 359.30㎡	1404158	27352		0		1431510	공시가격 변동
202603	1605	IWR8966I	국회의원	국회	국회의원	박균택	건물	차녀	아파트	서울특별시 강남구 개포동 건물 49.86㎡ 중 16.62㎡	550000	0		0		550000	변동 없음
202603	1606	IWR8966I	국회의원	국회	국회의원	박균택	부동산에 관한 규정이 준용되는 권리와 자동차·건설기계·선박 및 항공기	본인	자동차	2020년식 그랜저 하이브리드익스클루시브배기량(2,359cc)	20850	0		4470		16380	보험 증서상 가액 반영
202603	1607	IWR8966I	국회의원	국회	국회의원	박균택	부동산에 관한 규정이 준용되는 권리와 자동차·건설기계·선박 및 항공기	배우자	자동차	2012년식 쏘나타 배기량(1,999cc)	4140	0		390		3750	보험 증서상 가액 반영
202603	1608	IWR8966I	국회의원	국회	국회의원	박균택	부동산에 관한 규정이 준용되는 권리와 자동차·건설기계·선박 및 항공기	배우자	자동차	2020년식 G90 배기량(3,778cc) 증가	0	31700		0		31700	매입
202603	1609	IWR8966I	국회의원	국회	국회의원	박균택	예금	본인		농협은행 11,374(2,310 증가), 새마을금고중앙회 1,074(50 증가), 신용협동조합중앙회 205(1 증가), 신한은행 11,041(95,409 감소), 현대해상화재보험39(14,738 감소)	131519	2580		110366		23733	급여 저축 및 생활비 지출 등
202603	1610	IWR8966I	국회의원	국회	국회의원	박균택	예금	배우자		(주)KEB하나은행 3,491(9,816 감소), DB손해보험(주) 1,731(373 증가), 롯데손해보험 5,050(866 증가),삼성증권 4, 신한라이프생명보험 7,120(9,917 감소),주식회사 카카오뱅크 50, 한화생명보험주식회사 0(11,172 감소)	47112	2574		32240		17446	급여 저축 및 생활비 지출 등
202603	1611	IWR8966I	국회의원	국회	국회의원	박균택	예금	부		국민은행 5, 농협중앙회 167,886(12,034 증가),산림조합중앙회 5, 한화투자증권 1	155863	139580		127546		167897	급여 저축 및 생활비 지출 등
202603	1612	IWR8966I	국회의원	국회	국회의원	박균택	예금	모		농협중앙회 20,451(584 증가)	19867	13790		13206		20451	급여 저축 및 생활비 지출 등
202603	1613	IWR8966I	국회의원	국회	국회의원	박균택	예금	차녀		미래에셋증권 32(10 증가), 신한은행 6,070(740 증가),신한투자증권 33(33 증가)	5352	783		0		6135	급여 저축 및 생활비 지출 등
202603	1614	IWR8966I	국회의원	국회	국회의원	박균택	예금	삼녀		(주)KEB하나은행 4,838(4,838 증가), 신한은행 20, 우리은행 9(9 증가), 주식회사 카카오뱅크 14(14 증가)	20	4861		0		4881	급여 저축 및 생활비 지출 등
202603	1615	IWR8966I	국회의원	국회	국회의원	박균택	정치자금법에 따른 정치자금의 수입 및 지출을 위한 예금계좌의 예금	본인		농협중앙회 115,648(87,162 증가)	28486	87162		0		115648	이월금액 및 후원금 증가
202603	1616	IWR8966I	국회의원	국회	국회의원	박균택	증권	차녀	상장주식	SK하이닉스 11주(11주 증가), 동화약품 120주, 두산에너빌리티 7주(7주 증가), 삼성전자 26주(26주 증가), 셀트리온 17주(8주 증가), 셀트리온보통주 176주(6주 증가), 신성델타테크 139주(139주 증가), 엔비디아 5주(5주 증가), 테슬라 2주(2주 증가), 티웨이항공 427주, 한화 11주(11주 증가), 휴온스 179주(179주 증가), 휴온스글로벌 118주(118주 증가)	35342	34544		430		69456	주가변동 및 신규매수
202603	1617	IWR8966I	국회의원	국회	국회의원	박균택	채권	본인		사인간채권	250000	0		0		250000	변동 없음
202603	1618	IWR8966I	국회의원	국회	국회의원	박균택	채무	본인	금융채무	농협은행 1,033,844(16,615 감소), 신한은행 170,000,오릭스캐피탈코리아 0(25,859 감소), 현대캐피탈 5,125(5,460 감소)	1256903	0		47934		1208969	일부 상환
202603	1619	IWR8966I	국회의원	국회	국회의원	박균택	채무	본인	건물임대채무	서울특별시 강남구 일원동 임대보증금	600000	600000		600000		600000	계약 변동
202603	1620	IWR8966I	국회의원	국회	국회의원	박균택	채무	배우자	금융채무	삼성카드 0(17,498 감소)	17498	0		17498		0	전액 상환
202603	1621	IWR8966I	국회의원	국회	국회의원	박균택	채무	배우자	건물임대채무	서울특별시 강남구 일원동 임대보증금	400000	400000		400000		400000	계약 변동
202603	1622	IWR8966I	국회의원	국회	국회의원	박균택	채무	차녀	금융채무	신한은행 66,358(10,216 증가), 한국증권금융 45,725	101867	10216		0		112083	채무 변동
202603	1623	IWR8966I	국회의원	국회	국회의원	박균택	채무	차녀	건물임대채무	서울특별시 강남구 개포동 임대보증금 증가	140000	17000		0		157000	계약 변동
202603	1624	IWR8966I	국회의원	국회	국회의원	박균택	채무	삼녀	금융채무	삼성증권 36(4 증가)	32	4		0		36	채무 변동
202603	1625	W4X85128	국회의원	국회	국회의원	박대출	건물	본인	아파트	서울특별시 서초구 잠원동 잠원훼미리아파트 건물 84.90㎡	1310000	122000		0		1432000	가액 변동
202603	1626	W4X85128	국회의원	국회	국회의원	박대출	건물	본인	아파트(전세(임차)권)	경상남도 진주시 평거동 들말대경아파트 건물 59.60㎡	70000	0		0		70000	변동 없음
202603	1627	W4X85128	국회의원	국회	국회의원	박대출	건물	본인	사무실(전세(임차)권)	경상남도 진주시 인사동 2층 건물 42.00㎡	20000	0		0		20000	변동 없음
202603	1628	W4X85128	국회의원	국회	국회의원	박대출	부동산에 관한 규정이 준용되는 권리와 자동차·건설기계·선박 및 항공기	본인	자동차	2013년식 제네시스(GENESIS) 배기량(3,342cc)	8940	0		2040		6900	가액 변동
202603	1629	W4X85128	국회의원	국회	국회의원	박대출	예금	본인		(주)KEB하나은행 9, 농협은행 25(245 감소), 농협중앙회131,851(131,851 증가), 대신증권 30(1 증가),미래에셋증권 148(3 증가), 신한은행 116,245(2,653 증가), 우리은행 181,263(26,483 증가)	268825	315907		155161		429571	월급 저축 및 생활비 지출
202603	1630	W4X85128	국회의원	국회	국회의원	박대출	예금	배우자		SK증권 34, 미래에셋증권 31, 신한은행 54,477(8,548증가), 우리은행 26	46020	8548		0		54568	월급 저축 및 생활비 지출
202603	1631	W4X85128	국회의원	국회	국회의원	박대출	예금	차녀		(주)KEB하나은행 12, 신한은행 14,249(4,529 증가),우리은행 34,979(9,078 감소)	53789	34951		39500		49240	월급 저축 및 생활비 지출
202603	1632	W4X85128	국회의원	국회	국회의원	박대출	정치자금법에 따른 정치자금의 수입 및 지출을 위한 예금계좌의 예금	본인		농협중앙회 131,851(59,655 감소)	191506	0		59655		131851	의정활동 비용 지출
202603	1633	W4X85128	국회의원	국회	국회의원	박대출	채무	본인		사인간채무	70000	0		0		70000	변동 없음
202603	1634	N4R2421C	국회의원	국회	국회의원	박덕흠	토지	본인	대지	서울특별시 송파구 잠실동 196-9번지 160.50㎡	2158725	77040		0		2235765	가액변동
202603	1635	N4R2421C	국회의원	국회	국회의원	박덕흠	토지	본인	대지	서울특별시 송파구 잠실동 196-10번지 182.70㎡	2457315	87696		0		2545011	가액변동
202603	1636	N4R2421C	국회의원	국회	국회의원	박덕흠	토지	본인	대지	서울특별시 송파구 잠실동 196-11번지 175.20㎡ 중122.60㎡	1649508	58310		0		1707818	가액변동
202603	1637	N4R2421C	국회의원	국회	국회의원	박덕흠	토지	본인	대지	서울특별시 송파구 잠실동 196-12번지 195.80㎡ 중137.10㎡	1843457	66346		0		1909803	가액변동
202603	1638	N4R2421C	국회의원	국회	국회의원	박덕흠	토지	본인	대지	서울특별시 송파구 잠실동 196-17번지 273.70㎡ 중191.60㎡	2576885	92103		0		2668988	가액변동
202603	1639	N4R2421C	국회의원	국회	국회의원	박덕흠	토지	본인	대지	서울특별시 송파구 잠실동 196-18번지 245.00㎡ 중171.50㎡	2306675	82320		0		2388995	가액변동
202603	1640	N4R2421C	국회의원	국회	국회의원	박덕흠	토지	본인	대지	서울특별시 송파구 잠실동 196-20번지 224.30㎡ 중112.20㎡	1508417	54529		0		1562946	가액변동
202603	1641	N4R2421C	국회의원	국회	국회의원	박덕흠	토지	본인	잡종지	경기도 여주군 점동면 처리 595번지 1,650.00㎡	396660	4290		0		400950	가액변동
202603	1642	N4R2421C	국회의원	국회	국회의원	박덕흠	토지	배우자	대지	서울특별시 송파구 잠실동 196-11번지 175.20㎡ 중52.60㎡	706932	25786		0		732718	가액변동
202603	1643	N4R2421C	국회의원	국회	국회의원	박덕흠	토지	배우자	대지	서울특별시 송파구 잠실동 196-12번지 195.80㎡ 중58.70㎡	790053	27638		0		817691	가액변동
202603	1644	N4R2421C	국회의원	국회	국회의원	박덕흠	토지	배우자	대지	서울특별시 송파구 잠실동 196-17번지 273.70㎡ 중82.10㎡	1104379	39274		0		1143653	가액변동
202603	1645	N4R2421C	국회의원	국회	국회의원	박덕흠	토지	배우자	대지	서울특별시 송파구 잠실동 196-18번지 245.00㎡ 중73.50㎡	988575	35280		0		1023855	가액변동
202603	1646	N4R2421C	국회의원	국회	국회의원	박덕흠	토지	배우자	대지	서울특별시 송파구 잠실동 196-19번지 255.70㎡	3439165	122736		0		3561901	가액변동
202603	1647	N4R2421C	국회의원	국회	국회의원	박덕흠	토지	배우자	대지	서울특별시 송파구 잠실동 196-20번지 224.30㎡ 중112.10㎡	1508417	53136		0		1561553	가액변동
202603	1648	N4R2421C	국회의원	국회	국회의원	박덕흠	토지	배우자	전	강원특별자치도 홍천군 북방면 원소리 567번지 268.00㎡	1921	72		0		1993	가액변동
202603	1649	N4R2421C	국회의원	국회	국회의원	박덕흠	토지	배우자	전	강원특별자치도 홍천군 북방면 원소리 563번지 459.50㎡	11809	459		0		12268	가액변동
202603	1650	N4R2421C	국회의원	국회	국회의원	박덕흠	토지	배우자	전	강원특별자치도 홍천군 북방면 원소리 562번지 243.00㎡	6318	218		0		6536	가액변동
202603	1651	N4R2421C	국회의원	국회	국회의원	박덕흠	토지	배우자	전	강원특별자치도 홍천군 북방면 원소리 538-1번지1,130.00㎡	45878	1695		0		47573	가액변동
202603	1652	N4R2421C	국회의원	국회	국회의원	박덕흠	토지	배우자	답	강원특별자치도 홍천군 북방면 원소리 565번지 753.50㎡	25694	904		0		26598	가액변동
202603	1653	N4R2421C	국회의원	국회	국회의원	박덕흠	토지	배우자	답	강원특별자치도 홍천군 북방면 원소리 561번지 84.50㎡	3101	110		0		3211	가액변동
202603	1654	N4R2421C	국회의원	국회	국회의원	박덕흠	토지	배우자	답	강원특별자치도 홍천군 북방면 원소리 551-2번지1,355.00㎡	65988	1084		0		67072	가액변동
202603	1655	N4R2421C	국회의원	국회	국회의원	박덕흠	토지	배우자	답	강원특별자치도 홍천군 북방면 원소리 550-5번지 276.00㎡	14020	194		0		14214	가액변동
202603	1656	N4R2421C	국회의원	국회	국회의원	박덕흠	토지	배우자	답	강원특별자치도 홍천군 북방면 원소리 550-1번지1,322.00㎡	54069	794		0		54863	가액변동
202603	1657	N4R2421C	국회의원	국회	국회의원	박덕흠	토지	배우자	임야	강원특별자치도 홍천군 북방면 원소리 537번지 129.00㎡	557	1		0		558	가액변동
202603	1658	N4R2421C	국회의원	국회	국회의원	박덕흠	토지	배우자	과수원	제주특별자치도 서귀포시 서홍동 1277번지 3,382.00㎡	273942	0		2029		271913	가액변동
202603	1659	N4R2421C	국회의원	국회	국회의원	박덕흠	토지	배우자	대지	강원특별자치도 홍천군 북방면 구만리 179번지 0.00㎡(237.00㎡ 감소)	11494	0		11494	13000	0	소유권 상실
202603	1660	N4R2421C	국회의원	국회	국회의원	박덕흠	토지	배우자	전	강원특별자치도 홍천군 북방면 구만리 180번지 0.00㎡(5,418.00㎡ 감소)	158747	0		158747	417000	0	소유권 상실
202603	1661	N4R2421C	국회의원	국회	국회의원	박덕흠	토지	배우자	전	강원특별자치도 홍천군 북방면 구만리 180-1번지 0.00㎡(1,035.00㎡ 감소)	33637	0		33637	417000	0	소유권 상실
202603	1662	N4R2421C	국회의원	국회	국회의원	박덕흠	토지	배우자	답	강원특별자치도 홍천군 북방면 구만리 180-2번지 0.00㎡(1,196.00㎡ 감소)	38870	0		38870	417000	0	소유권 상실
202603	1663	N4R2421C	국회의원	국회	국회의원	박덕흠	토지	배우자	임야	강원특별자치도 홍천군 북방면 원소리 299번지 2,066.00㎡	8657	20		0		8677	가액변동
202603	1664	N4R2421C	국회의원	국회	국회의원	박덕흠	토지	배우자	임야	강원특별자치도 홍천군 북방면 원소리 308번지 1,620.00㎡	6788	16		0		6804	가액변동
202603	1665	N4R2421C	국회의원	국회	국회의원	박덕흠	토지	배우자	임야	강원특별자치도 홍천군 북방면 원소리 310번지 1,395.00㎡	5845	14		0		5859	가액변동
202603	1666	N4R2421C	국회의원	국회	국회의원	박덕흠	토지	배우자	임야	강원특별자치도 홍천군 북방면 원소리 296번지 1,213.00㎡	5082	12		0		5094	가액변동
202603	1667	N4R2421C	국회의원	국회	국회의원	박덕흠	토지	배우자	임야	강원특별자치도 홍천군 북방면 원소리 297번지 2,307.00㎡	9966	23		0		9989	가액변동
202603	1668	N4R2421C	국회의원	국회	국회의원	박덕흠	토지	배우자	임야	강원특별자치도 홍천군 북방면 원소리 298번지 1,055.00㎡	4420	11		0		4431	가액변동
202603	1669	N4R2421C	국회의원	국회	국회의원	박덕흠	토지	배우자	임야	강원특별자치도 홍천군 북방면 원소리 307번지 1,769.00㎡	7412	17		0		7429	가액변동
202603	1670	N4R2421C	국회의원	국회	국회의원	박덕흠	토지	배우자	임야	강원특별자치도 홍천군 북방면 원소리 309번지 2,294.00㎡	9612	22		0		9634	가액변동
202603	1671	N4R2421C	국회의원	국회	국회의원	박덕흠	토지	배우자	임야	강원특별자치도 홍천군 북방면 원소리 331번지 1,517.00㎡	6629	15		0		6644	가액변동
202603	1672	N4R2421C	국회의원	국회	국회의원	박덕흠	건물	본인	아파트	서울특별시 강남구 삼성동 아이파크 삼성동 웨스트윙 건물203.12㎡ 중 101.56㎡	2836000	255000		0		3091000	가액변동
202603	1673	N4R2421C	국회의원	국회	국회의원	박덕흠	건물	본인	근린생활시설(전세(임차)권)	충청북도 옥천군 옥천읍 금구리 2,3층 대지 379.36㎡ 건물487.43㎡ 중 305.48㎡	50000	0		0		50000	변동없음
202603	1674	N4R2421C	국회의원	국회	국회의원	박덕흠	건물	본인	상가(전세(임차)권)	충청북도 괴산군 괴산읍 동부리 3층 대지 452.80㎡ 건물153.00㎡	50000	0		0		50000	변동없음
202603	1675	N4R2421C	국회의원	국회	국회의원	박덕흠	건물	본인	창고	경기도 여주시 점동면 처리 대지 995.00㎡ 건물 542.40㎡	380922	0		5505		375417	가액변동
202603	1676	N4R2421C	국회의원	국회	국회의원	박덕흠	건물	본인	상가(전세(임차)권)	충청북도 보은군 보은읍 교사리 2층 건물 230.00㎡	400000	0		0		400000	변동없음
202603	1677	N4R2421C	국회의원	국회	국회의원	박덕흠	건물	본인	아파트(전세(임차)권)	충청북도 옥천군 옥천읍 마암리 옥천양우내안애 건물0.00㎡ (건물 84.00㎡ 감소)	230000	0		230000		0	계약 만기
202603	1678	N4R2421C	국회의원	국회	국회의원	박덕흠	건물	본인	아파트(전세(임차)권)	충청북도 옥천군 옥천읍 양수리 옥천지엘리베라움아파트건물 19,164.00㎡ 중 77.37㎡	250000	0		0		250000	변동없음
202603	1679	N4R2421C	국회의원	국회	국회의원	박덕흠	건물	배우자	아파트	서울특별시 강남구 삼성동 아이파크 삼성동 웨스트윙 건물203.12㎡ 중 101.56㎡	2836000	255000		0		3091000	가액변동
202603	1680	N4R2421C	국회의원	국회	국회의원	박덕흠	건물	배우자	기타	경기도 가평군 청평면 고성리 산 건물 68.50㎡	17021	0		122		16899	가액변동
202603	1681	N4R2421C	국회의원	국회	국회의원	박덕흠	건물	배우자	단독주택	경기도 가평군 청평면 고성리 대지 660.00㎡ 중 330.00㎡건물 375.40㎡ 중 230.00㎡	189081	1286		0		190367	가액변동
202603	1682	N4R2421C	국회의원	국회	국회의원	박덕흠	부동산에 관한 규정이 준용되는 권리와 자동차·건설기계·선박 및 항공기	배우자	자동차	2014년식 맥스크루즈 배기량(2,200cc) 감소	8980	0		8980	9000	0	소유권 상실
202603	1683	N4R2421C	국회의원	국회	국회의원	박덕흠	부동산에 관한 규정이 준용되는 권리와 자동차·건설기계·선박 및 항공기	배우자	자동차	2020년식 GV80 배기량(3,470cc)	45930	0		41902		4028	가액변동
202603	1684	N4R2421C	국회의원	국회	국회의원	박덕흠	현금	본인		현금 감소	400000	0		100000		300000	생활비 등
202603	1685	N4R2421C	국회의원	국회	국회의원	박덕흠	현금	배우자		현금 감소	250000	0		100000		150000	생활비 등
202603	1686	N4R2421C	국회의원	국회	국회의원	박덕흠	예금	본인		(주)KEB하나은행 419(3 감소), AIA생명보험주식회사 225,007, 농협은행 152,537(2,874,945 감소), 농협중앙회1,700,035(1,700,034 증가), 삼성증권 2,042(17 증가),새마을금고중앙회 736(20 증가), 신용협동조합중앙회 32,240(5 증가), 신용협동조합중앙회 신용공제사업부30,936, 씨티은행 433, 아이비케이투자증권(주) 2,우리은행 24,067(23,121 증가), 우체국 27,286(46 증가),한화생명보험주식회사 39,000(36,000 증가)	3350445	1866291		2981996		2234740	적금 만기 등
202603	1687	N4R2421C	국회의원	국회	국회의원	박덕흠	예금	배우자		(주)KB손해보험 14,423(3,297 증가), (주)KEB하나은행 753,244(451,307 증가), 미래에셋증권 2,338,993(424,098증가), 신한은행 443, 우리은행 699,320(272,930 감소),한화손해보험 7,996(1,199 증가)	3207448	1576692		969721		3814419	적금 만기 등
202603	1688	N4R2421C	국회의원	국회	국회의원	박덕흠	정치자금법에 따른 정치자금의 수입 및 지출을 위한 예금계좌의 예금	본인		농협중앙회 4,997(57,365 감소)	62362	0		57365		4997	의정활동 지출
202603	1689	N4R2421C	국회의원	국회	국회의원	박덕흠	증권	본인	비상장주식	원하건설 36,397주, 이준종합건설 1,334주, 혜영건설56,000주	3417442	287540		79782		3625200	주가 변동
202603	1690	N4R2421C	국회의원	국회	국회의원	박덕흠	증권	배우자	상장주식	CTG면세점 7,000주(5,200주 감소), JYPEnt. 100주(80주감소), LIG넥스원 50주(50주 감소), MP머티리얼스 20주(20주 증가), SK하이닉스 50주(50주 증가), 마이크로소프트 10주(50주 감소), 메타플랫폼스(페이스북) 0주(90주 감소), 브로드컴 30주, 삼성생명 140주(140주 증가), 삼성전자 170주(170주 증가), 삼성화재 0주(20주 감소), 샌디스크 40주(40주 증가), 샤오미그룹 1,000주(1,000주 증가), 샤오펑 200주(200주 증가), 센트러스에너지 25주(25주 증가), 스포티파이테크놀로지 0주(10주 감소), 아마존닷컴 0주(40주 감소), 아이온큐 0주(60주 감소), 아처에비에이션 0주(50주 감소), 알파벳A 60주(60주 증가), 애플 15주(85주 감소), 에머슨일렉트릭 11주(11주 증가), 에스엠 0주(359주 감소), 엔비디아 330주(370주 감소), 조비에비에이션 0주(50주 감소), 클래시스 0주(120주 감소), 테슬라 0주(20주 감소), 팔란티어테크30주(10주 증가), 하이브 40주(100주 감소), 한화에어로스페이스 35주(1주 감소), 항서제약 0주(18,000주 감소), 호텔신라 190주	789757	170738		480401		480094	주가 변동
202603	1691	N4R2421C	국회의원	국회	국회의원	박덕흠	증권	배우자	비상장주식	원하건설 21,474주, 이준종합건설 1,967주, 혜영건설 12,600주	1826607	128808		117639		1837776	주가 변동
202603	1692	N4R2421C	국회의원	국회	국회의원	박덕흠	채권	본인		사인간채권 증가	7215116	1300000		130000		8385116	신규 및 기존 대여금 수령
202603	1693	N4R2421C	국회의원	국회	국회의원	박덕흠	채권	배우자		사인간채권 감소	784871	0		12000		772871	변동없음
202603	1694	N4R2421C	국회의원	국회	국회의원	박덕흠	채무	본인	건물임대채무	경기도 여주시 점동면 처리 임대보증금	30000	0		0		30000	변동없음
202603	1695	N4R2421C	국회의원	국회	국회의원	박덕흠	금 및 백금	본인		행운의 열쇠 24K 38g	4750	3985		0		8735	가액변동
202603	1696	N4R2421C	국회의원	국회	국회의원	박덕흠	회원권	본인	콘도미니엄	코레스코콘도미니엄	855	0		0		855	변동없음
202603	1697	N4R2421C	국회의원	국회	국회의원	박덕흠	회원권	배우자	골프	가평베네스트 CC 증가	684000	174000		0		858000	가액변동
202603	1698	N4R2421C	국회의원	국회	국회의원	박덕흠	비영리법인에 출연한 재산	본인	출연	원하공동근로복지기금법인, 출연재산: 3,619,184천원,보유직위: 없음	-	-		-		-	변동없음
202603	1699	N4R2421C	국회의원	국회	국회의원	박덕흠	비영리법인에 출연한 재산	배우자	출연	육영아카데미, 출연재산: 80,000천원, 보유직위: 무	-	-		-		-	변동없음
202603	1700	N4R2421C	국회의원	국회	국회의원	박덕흠	비영리법인에 출연한 재산	배우자	출연	원하공동근로복지기금법인, 출연재산: 1,826,411천원,보유직위: 없음	-	-		-		-	변동없음
202603	1701	N4R2421C	국회의원	국회	국회의원	박덕흠	고지거부 및 등록제외사항	장남		고지거부	0	0		0		0	독립생계유지
202603	1702	N4R2421C	국회의원	국회	국회의원	박덕흠	고지거부 및 등록제외사항	차남		고지거부	0	0		0		0	독립생계유지
202603	1703	N4R2421C	국회의원	국회	국회의원	박덕흠	고지거부 및 등록제외사항	장녀		고지거부	0	0		0		0	독립생계유지
202603	1704	M4O5221T	국회의원	국회	국회의원	박민규	토지	본인	임야	전라남도 보성군 노동면 명봉리 산 91번지 8,628.00㎡	6669	52		0		6721	공시지가 변동
202603	1705	M4O5221T	국회의원	국회	국회의원	박민규	건물	본인	오피스텔	서울특별시 관악구 봉천동 신우오피스텔 건물 25.56㎡	117140	1411		0		118551	가액변동
202603	1706	M4O5221T	국회의원	국회	국회의원	박민규	건물	본인	오피스텔	서울특별시 관악구 봉천동 신우오피스텔 건물 26.60㎡	121935	1469		0		123404	가액변동
202603	1707	M4O5221T	국회의원	국회	국회의원	박민규	건물	본인	오피스텔	서울특별시 관악구 봉천동 신우오피스텔 건물 26.60㎡	121935	1469		0		123404	가액변동
202603	1708	M4O5221T	국회의원	국회	국회의원	박민규	건물	본인	오피스텔	서울특별시 관악구 봉천동 신우오피스텔 건물 26.60㎡	121935	1469		0		123404	가액변동
202603	1709	M4O5221T	국회의원	국회	국회의원	박민규	건물	본인	오피스텔	서울특별시 관악구 봉천동 신우오피스텔 건물 26.60㎡	121935	1469		0		123404	가액변동
202603	1710	M4O5221T	국회의원	국회	국회의원	박민규	건물	본인	오피스텔	서울특별시 관악구 봉천동 신우오피스텔 건물 26.60㎡	121935	1469		0		123404	가액변동
202603	1711	M4O5221T	국회의원	국회	국회의원	박민규	건물	본인	오피스텔	서울특별시 관악구 봉천동 신우오피스텔 건물 26.60㎡	121935	1469		0		123404	가액변동
202603	1712	M4O5221T	국회의원	국회	국회의원	박민규	건물	본인	오피스텔	서울특별시 관악구 봉천동 신우오피스텔 건물 26.60㎡	121935	1469		0		123404	가액변동
202603	1713	M4O5221T	국회의원	국회	국회의원	박민규	건물	본인	오피스텔	서울특별시 관악구 봉천동 신우오피스텔 건물 26.60㎡	121935	1469		0		123404	가액변동
202603	1714	M4O5221T	국회의원	국회	국회의원	박민규	건물	본인	오피스텔	서울특별시 관악구 봉천동 신우오피스텔 건물 26.60㎡	121935	1469		0		123404	가액변동
202603	1715	M4O5221T	국회의원	국회	국회의원	박민규	건물	본인	오피스텔	서울특별시 관악구 봉천동 신우오피스텔 건물 26.51㎡	121441	1463		0		122904	가액변동
202603	1716	M4O5221T	국회의원	국회	국회의원	박민규	건물	본인	복합건물(주택+상가)	충청남도 당진시 읍내동 건물 596.12㎡ 중 298.06㎡	290000	0		0		290000	
202603	1717	M4O5221T	국회의원	국회	국회의원	박민규	건물	본인	아파트	서울특별시 서초구 방배동 방배래미안타워 건물 134.36㎡중 67.18㎡	676000	0		0		676000	
202603	1718	M4O5221T	국회의원	국회	국회의원	박민규	건물	본인	사무실(전세(임차)권)	서울특별시 관악구 봉천동 관악빌딩 건물 293.15㎡ 중105.26㎡	50000	0		0		50000	
202603	1719	M4O5221T	국회의원	국회	국회의원	박민규	건물	배우자	아파트	서울특별시 서초구 방배동 방배래미안타워 건물 134.36㎡중 67.18㎡	676000	0		0		676000	
202603	1720	M4O5221T	국회의원	국회	국회의원	박민규	부동산에 관한 규정이 준용되는 권리와 자동차·건설기계·선박 및 항공기	본인	자동차	2020년식 QM6 배기량(1,997cc)	12140	0		1740		10400	감가상각으로 인한 가액변동
202603	1721	M4O5221T	국회의원	국회	국회의원	박민규	예금	본인		(주)KEB하나은행 2, (주)하나저축은행 2,400(1,200 증가), KB증권 2, 국민은행 1,310(966 증가), 농협은행 31,072(14,811 증가), 삼성증권 5, 새마을금고중앙회106(3 증가), 신용협동조합중앙회 22,991(21,809 감소),우리은행 710, 웰컴저축은행 2,000(1,200 증가),유안타증권 9, 한화생명보험주식회사 16,218	80454	41121		44750		76825	생활비 지출 및 급여 소득 증가
202603	1722	M4O5221T	국회의원	국회	국회의원	박민규	예금	배우자		(주)DB저축은행 4,500(1,404 감소), (주)KEB하나은행 2,061(361 증가), (주)하나저축은행 12,400(7,200 증가),DB금융투자 1(1 증가), NH투자증권 8,760(2,068 증가),경남은행 15,000(11,000 증가), 교보생명보험 60,000, 교보증권 0(47 감소), 국민은행 0(301 감소), 농협중앙회 158,900(59,290 증가), 대신증권 0(35 감소), 메리츠종금증권 2,531(2,531 증가), 미래에셋생명보험 21,224(1,480 증가), 미래에셋증권 30,000, 삼성증권325(10 감소), 상호저축은행중앙회 29,316(5,540 증가), 수협중앙회 93,210(34,140 증가), 신용협동조합중앙회 107,800(56,588 감소), 신한은행 4,520(3,319 증가),신한투자증권 243(5 감소), 애큐온저축은행 1,170(13,449 감소), 우리은행 1,283(4,800 감소), 웰컴저축은행 9,901(8,272 증가), 유안타증권 28, 주식회사 카카오뱅크1(1 증가), 중소기업은행 1,441(1,307 증가), 케이뱅크660(655 증가), 키움증권 511(498 증가), 토스뱅크(주) 2(2 증가), 한국투자증권 2,619(358 증가), 현대해상화재보험 20,407(1,492 증가)	525938	365713		302837		588814	생활비 지출 및 급여 소득 증가
202603	1723	M4O5221T	국회의원	국회	국회의원	박민규	예금	장남		(주)KEB하나은행 2,534(230 감소), (주)하나저축은행 2,400(1,200 증가), KB증권 72(60 증가), 농협중앙회 1,수협중앙회 301(300 증가), 웰컴저축은행 2,000(1,200증가), 하나증권 180(180 증가)	4778	3050		340		7488	생활비 지출 및 급여 소득 증가
202603	1724	M4O5221T	국회의원	국회	국회의원	박민규	예금	차남		(주)KEB하나은행 3,100(120 증가), (주)하나저축은행 2,400(1,200 증가), KB증권 13(1 증가), NH투자증권 67,농협중앙회 1, 대신증권 0(17 감소), 수협중앙회 301(300 증가), 신한투자증권 0(17 감소), 웰컴저축은행 2,000(1,200 증가), 토스뱅크(주) 605(605 증가),하나증권 1(1 증가)	5095	3547		154		8488	생활비 지출 및 급여 소득 증가
202603	1725	M4O5221T	국회의원	국회	국회의원	박민규	정치자금법에 따른 정치자금의 수입 및 지출을 위한 예금계좌의 예금	본인		농협은행 116,536(87,531 증가)	29005	87531		0		116536	정치후원금
202603	1726	M4O5221T	국회의원	국회	국회의원	박민규	채무	본인	금융채무	국민은행 275,916(14,334 감소), 농협은행 59,559(7,909증가)	341900	7909		14334		335475	일부상환
202603	1727	M4O5221T	국회의원	국회	국회의원	박민규	채무	본인	건물임대채무	충청남도 당진시 읍내동 임대보증금	115000	0		0		115000	
202603	1728	M4O5221T	국회의원	국회	국회의원	박민규	채무	본인	건물임대채무	서울특별시 관악구 봉천동 신우오피스텔 11건 임대보증금감소	570000	100000		280000		390000	계약변경
202603	1729	M4O5221T	국회의원	국회	국회의원	박민규	채무	배우자	금융채무	교보생명보험 18,400(18,400 증가), 현대해상화재보험4,380(4,380 증가)	0	22780		0		22780	예금 등으로 상환
202603	1730	M4O5221T	국회의원	국회	국회의원	박민규	고지거부 및 등록제외사항	부		고지거부	0	0		0		0	독립생계유지
202603	1731	M4O5221T	국회의원	국회	국회의원	박민규	고지거부 및 등록제외사항	모		고지거부	0	0		0		0	독립생계유지
202603	1732	7R156073	국회의원	국회	국회의원	박범계	토지	본인	대지	충청북도 영동군 심천면 약목리 616-4번지 615.00㎡	21956	184		0		22140	공시지가 일괄반영
202603	1733	7R156073	국회의원	국회	국회의원	박범계	토지	본인	임야	충청북도 영동군 심천면 약목리 산 25-2번지 0.00㎡ 중 0.00㎡ (총면적 42,476.00㎡ 감소, 지분면적 21,238.00㎡감소)	23362	0		23362	23362	0	토지 분할로 인한 지번 이기 및 면적 감소
202603	1734	7R156073	국회의원	국회	국회의원	박범계	토지	본인	임야	충청북도 영동군 심천면 약목리 산 25-2번지 42,097.00㎡ 중 21,048.50㎡ (총면적 42,097.00㎡ 증가, 지분면적21,048.50㎡ 증가)	0	23785		0		23785	토지 분할로 인한 지번 이기 및 면적 감소
202603	1735	7R156073	국회의원	국회	국회의원	박범계	건물	본인	아파트	대전광역시 서구 둔산동 파랑새아파트 건물 84.95㎡	278000	0		0		278000	변동없음
202603	1736	7R156073	국회의원	국회	국회의원	박범계	건물	본인	상가(전세(임차)권)	대전광역시 서구 월평동 한미빌딩 2층 건물 1,524.73㎡ 중145.20㎡	60000	0		0		60000	변동없음
202603	1737	7R156073	국회의원	국회	국회의원	박범계	건물	본인	오피스텔(전세(임차)권)	서울특별시 영등포구 영등포동8가 리마크빌 영등포 건물25.34㎡	10000	0		0		10000	변동없음
202603	1738	7R156073	국회의원	국회	국회의원	박범계	건물	차남	단독주택(전세(임차)권)	서울특별시 관악구 봉천동 대지 230.69㎡ 중 0.00㎡ 건물563.30㎡ 중 20.00㎡	20000	0		0		20000	변동없음
202603	1739	7R156073	국회의원	국회	국회의원	박범계	부동산에 관한 규정이 준용되는 권리와 자동차·건설기계·선박 및 항공기	본인	자동차	2021년식 올뉴카니발 배기량(3,470cc) 감소	20260	0		20260	23000	0	매도
202603	1740	7R156073	국회의원	국회	국회의원	박범계	부동산에 관한 규정이 준용되는 권리와 자동차·건설기계·선박 및 항공기	본인	자동차	2022년식 카니발 배기량(3,470cc) 증가	0	24070	24070	0		24070	신규
202603	1741	7R156073	국회의원	국회	국회의원	박범계	예금	본인		(주)KB손해보험 38,877(3,040 증가), (주)KEB하나은행 3,554(3,187 증가), 국민은행 1,600(1,163 감소),농협은행 52,109(8,038 감소), 미래에셋생명보험 24,711(1,704 증가), 신용협동조합중앙회 1,653(2 증가),신한은행 119, 중소기업은행 100	123991	7933		9201		122723	급여 저축 및 생활비 등 지출
202603	1742	7R156073	국회의원	국회	국회의원	박범계	예금	배우자		(주)KEB하나은행 3,041(2,533 증가), KB증권 48,924(512,932 감소), 국민은행 29(22 증가), 농협은행128, 신용협동조합중앙회 12, 신한은행 14, 우리은행 11	562536	2555		512932		52159	급여 저축 및 생활비 등 지출
202603	1743	7R156073	국회의원	국회	국회의원	박범계	예금	장남		(주)KEB하나은행 10,583(1,866 증가), 국민은행 1(5감소), 신용협동조합중앙회 12	8735	1866		5		10596	급여 저축 및 생활비 등 지출
202603	1744	7R156073	국회의원	국회	국회의원	박범계	예금	차남		(주)KEB하나은행 10(2 감소), 국민은행 59(48 증가),농협은행 173, 새마을금고중앙회 6(6 증가), 우리은행 7, 주식회사 카카오뱅크 302(184 증가)	321	356		120		557	급여 저축 및 생활비 등 지출
202603	1745	7R156073	국회의원	국회	국회의원	박범계	정치자금법에 따른 정치자금의 수입 및 지출을 위한 예금계좌의 예금	본인		농협은행 194,062(172,910 증가)	21152	172910		0		194062	후원회 기부금
202603	1746	7R156073	국회의원	국회	국회의원	박범계	증권	배우자	국채	국고02750-5409(24-8) 0주	0	481974		0		481974	
202603	1747	VA04150X	국회의원	국회	국회의원	박상웅	토지	본인	임야	경상북도 경주시 건천읍 화천리 산 19-6번지 1,653.10㎡	4479	99		0		4578	가액변동
202603	1748	VA04150X	국회의원	국회	국회의원	박상웅	토지	본인	임야	경상남도 함안군 대산면 옥렬리 산 8번지 298.00㎡	604	3		0		607	가액변동
202603	1749	VA04150X	국회의원	국회	국회의원	박상웅	토지	본인	임야	경상남도 함안군 대산면 옥렬리 산 65-1번지 10,324.00㎡	18892	0		0		18892	
202603	1750	VA04150X	국회의원	국회	국회의원	박상웅	토지	본인	임야	경상남도 함안군 대산면 옥렬리 산 79번지 28,562.00㎡	34560	0		286		34274	가액변동
202603	1751	VA04150X	국회의원	국회	국회의원	박상웅	건물	본인	아파트	서울특별시 강동구 명일동 다성시티아파트 건물 72.42㎡	286000	8000		0		294000	가액변동
202603	1752	VA04150X	국회의원	국회	국회의원	박상웅	건물	본인	사무실(전세(임 차)권)	경상남도 밀양시 삼문동 쌍마빌딩 2층 대지 303.00㎡ 건물165.96㎡ (대지 303.00㎡ 증가, 건물 165.96㎡ 증가)	0	15000		0		15000	계약
202603	1753	VA04150X	국회의원	국회	국회의원	박상웅	건물	본인	사무실(전세(임차)권)	경상남도 의령군 의령읍 중동리 2층 건물 66.60㎡ (건물66.60㎡ 증가)	0	5000		0		5000	계약
202603	1754	VA04150X	국회의원	국회	국회의원	박상웅	부동산에 관한 규정이 준용되는 권리와 자동차·건설기계·선박 및 항공기	본인	자동차	2015년식 제네시스 배기량(3,342cc)	11390	0		1890		9500	가액변동
202603	1755	VA04150X	국회의원	국회	국회의원	박상웅	현금	본인		현금 증가	160000	30000		0		190000	근로소득에 따른 증가
202603	1756	VA04150X	국회의원	국회	국회의원	박상웅	예금	본인		국민은행 232,959(97,355 증가), 농협은행 65,446(27,406증가), 부산은행 6, 산림조합중앙회 1(5 감소),삼성생명보험 2,355, 삼성증권 26, 중소기업은행 124(1 증가)	176160	124779		22		300917	급여 저축 및 생활비 지출 등
202603	1757	VA04150X	국회의원	국회	국회의원	박상웅	예금	배우자		국민은행 3,030(62 감소), 농협중앙회 14, 삼성생명보험1,617, 신한라이프생명보험 16,042, 신한은행20,463(4,866 증가), 우리은행 534(130 감소),한국교직원공제회 2,399	39425	4866		192		44099	급여 저축 및 생활비 지출 등
202603	1758	VA04150X	국회의원	국회	국회의원	박상웅	정치자금법에 따른 정치자금의 수입 및 지출을 위한 예금계좌의 예금	본인		농협중앙회 191,807(187,674 증가)	4133	187674		0		191807	정치후원금 증가
202603	1759	VA04150X	국회의원	국회	국회의원	박상웅	채무	본인	금융채무	국민은행 91,324(1,719 감소), 산림조합중앙회 40,000	133043	0		1719		131324	일부상환
202603	1760	VA04150X	국회의원	국회	국회의원	박상웅	채무	배우자	금융채무	국민은행 19,378(12,415 감소), 삼성생명보험 970,신한은행 30,000(8,000 감소)	70763	0		20415		50348	일부상환
202603	1761	VA04150X	국회의원	국회	국회의원	박상웅	고지거부 및 등록제외사항	장남		고지거부	0	0		0		0	독립생계유지
202603	1762	VA04150X	국회의원	국회	국회의원	박상웅	고지거부 및 등록제외사항	장녀		고지거부	0	0		0		0	독립생계유지
202603	1763	HXT76735	국회의원	국회	국회의원	박상혁	건물	본인	상가(전세(임차)권)	경기도 김포시 구래동 한강신도시 반도유보라 4차 대지41.65㎡ 건물 84.25㎡	40000	0		0		40000	변동없음
202603	1764	HXT76735	국회의원	국회	국회의원	박상혁	건물	배우자	아파트(전세(임차)권)	경기도 김포시 운양동 풍경마을 래미안 한강2차 건물0.00㎡ (건물 70.76㎡ 감소)	260000	0		260000		0	전세계약 만료
202603	1765	HXT76735	국회의원	국회	국회의원	박상혁	건물	배우자	아파트(전세(임차)권)	경기도 김포시 운양동 풍경마을 래미안 한강2차 건물84.98㎡ (건물 84.98㎡ 증가)	0	370000		0		370000	신규 전세계약
202603	1766	HXT76735	국회의원	국회	국회의원	박상혁	건물	부	단독주택	서울특별시 강서구 개화동 대지 4,400.00㎡ 중 266.00㎡건물 97.64㎡	598000	6000		0		604000	가액변동
202603	1767	HXT76735	국회의원	국회	국회의원	박상혁	예금	본인		(주)KEB하나은행 3, AIA생명보험주식회사 42,382(2,034증가), 국민은행 2, 농협은행 55,041(20,793 증가),대신증권 3, 신용협동조합중앙회 413(15 증가), 신한은행77, 우리은행 3,953(4 증가), 주식회사 카카오뱅크 346(1 증가), 한화투자증권 8,818(80 증가)	88111	25475		2548		111038	급여저축 및 생활비 지출
202603	1768	HXT76735	국회의원	국회	국회의원	박상혁	예금	배우자		(주)KEB하나은행 303,397(85,000 증가),KB라이프생명보험 0(24,000 감소), KB증권 92,310(53,013 감소), 국민은행 290,091(314,552 감소),미래에셋생명보험 10,533(6,019 증가), 미래에셋증권 224,142(133,152 증가), 삼성생명보험 102,393(12,168증가), 신한라이프생명보험 0(14,400 감소), 신한은행21(29 감소), 아이비케이투자증권(주) 2,677(2,677 증가), 주식회사 카카오뱅크 1,773(1,773 증가), 케이디비생명보험 0(14,400 감소), 케이뱅크 27(27 증가),한국투자증권 1	1206943	734305		913883		1027365	급여저축 및 생활비 지출
202603	1769	HXT76735	국회의원	국회	국회의원	박상혁	예금	부		농협중앙회 176,095(13,429 증가), 미래에셋증권 15	162681	168429		155000		176110	급여저축 및 생활비 지출
202603	1770	HXT76735	국회의원	국회	국회의원	박상혁	예금	모		(주)KEB하나은행 3	3	0		0		3	급여저축 및 생활비 지출
202603	1771	HXT76735	국회의원	국회	국회의원	박상혁	정치자금법에 따른 정치자금의 수입 및 지출을 위한 예금계좌의 예금	본인		농협은행 206,273(91,275 증가)	114998	91275		0		206273	후원금 증가로 인한 정치자금 일시적 예금 증가
202603	1772	HXT76735	국회의원	국회	국회의원	박상혁	증권	배우자	상장주식	브로드컴 50주(50주 증가), 엔비디아 0주(100주 감소), 코스맥스 100주(100주 증가), 한국전력공사보184주(143주 감소)	26296	43258		19740		49814	주식 매입 매수 등
202603	1773	HXT76735	국회의원	국회	국회의원	박상혁	증권	배우자	국채	국고 01125-3909(19-6) 0주	0	129684		0		129684	주식 매입 매수 등
202603	1774	HXT76735	국회의원	국회	국회의원	박상혁	증권	배우자	회사채	한국캐피탈548-3 150,000,000주(150,000,000주 증가)	0	150000		0		150000	주식 매입 매수 등
202603	1775	VZA76236	국회의원	국회	국회의원	박선원	토지	배우자	임야	경기도 하남시 감일동 356-29번지 24.00㎡ 중 5.99㎡(지분면적 1.63㎡ 증가)	12439	5333		0		17772	상속으로 인한 지분증가
202603	1776	VZA76236	국회의원	국회	국회의원	박선원	토지	배우자	임야	경기도 하남시 감일동 356-32번지 11.00㎡ 중 2.75㎡(지분면적 0.75㎡ 증가)	4850	2085		0		6935	상속으로 인한 지분증가
202603	1777	VZA76236	국회의원	국회	국회의원	박선원	토지	배우자	임야	경기도 하남시 감일동 356-35번지 163.00㎡ 중 40.74㎡(지분면적 11.11㎡ 증가)	71853	30893		0		102746	상속으로 인한 지분증가
202603	1778	VZA76236	국회의원	국회	국회의원	박선원	토지	배우자	대지	경기도 하남시 감일동 356-27번지 525.00㎡ 중 131.25㎡ (총면적 525.00㎡ 증가, 지분면적 131.25㎡ 증가)	0	389418		0		389418	건물토지와 분리하여 신고
202603	1779	VZA76236	국회의원	국회	국회의원	박선원	토지	배우자	도로	경기도 하남시 감일동 356-28번지 87.00㎡ 중 21.75㎡ (총면적 87.00㎡ 증가, 지분면적 21.75㎡ 증가)	0	14498		0		14498	건물토지와 분리하여 신고
202603	1780	VZA76236	국회의원	국회	국회의원	박선원	건물	본인	연립주택	서울특별시 서대문구 연희동 오성빌라연립주택 건물67.32㎡	235000	5000		0		240000	
202603	1781	VZA76236	국회의원	국회	국회의원	박선원	건물	본인	아파트(전세(임차)권)	인천광역시 부평구 청천동 e편한세상부평그랑힐스 건물84.57㎡	50000	0		0		50000	
202603	1782	VZA76236	국회의원	국회	국회의원	박선원	건물	배우자	단독주택	경기도 하남시 감일동 대지 49.50㎡ 건물 196.22㎡ 중49.05㎡ (대지 28.37㎡ 감소)	174500	6500		0		181000	
202603	1783	VZA76236	국회의원	국회	국회의원	박선원	건물	배우자	근린생활시설	경기도 하남시 감일동 대지 0.00㎡ 중 0.00㎡건물 0.00㎡ 중 0.00㎡ (대지 지분면적 78.19㎡ 감소, 건물 지분면적49.26㎡ 감소)	278441	0		278441		0	소유권 상실(본인 지분 없음을 확인하여 소유권 상실 처리함)
202603	1784	VZA76236	국회의원	국회	국회의원	박선원	부동산에 관한 규정이 준용되는 권리와 자동차·건설기계·선박 및 항공기	본인	자동차	2024년식 트랙스 배기량(1,197cc)	11920	0		1395		10525	
202603	1785	VZA76236	국회의원	국회	국회의원	박선원	부동산에 관한 규정이 준용되는 권리와 자동차·건설기계·선박 및 항공기	본인	자동차	2014년식 제네시스 배기량(3,342cc)	10960	0		1560		9400	
202603	1786	VZA76236	국회의원	국회	국회의원	박선원	부동산에 관한 규정이 준용되는 권리와 자동차·건설기계·선박 및 항공기	본인	자동차	2009년식 쏘나타 배기량(1,998cc) 감소	2180	0		2180		0	소유권 상실
202603	1787	VZA76236	국회의원	국회	국회의원	박선원	부동산에 관한 규정이 준용되는 권리와 자동차·건설기계·선박 및 항공기	배우자	자동차	2024년식 트랙스 배기량(1,197cc)	11920	0		1395		10525	
202603	1788	VZA76236	국회의원	국회	국회의원	박선원	예금	본인		국민은행 31, 농협은행 1,689(16,554 감소), 농협중앙회125, 미래에셋증권 37,599(3,017 감소),새마을금고중앙회 7,100(7,100 증가), 신용협동조합중앙회 4,502(4,502 증가), 우리은행 11,348(439 증가)	69924	28416		35946		62394	급여저축 및 생활비 지출 등
202603	1789	VZA76236	국회의원	국회	국회의원	박선원	예금	배우자		(주)KEB하나은행 23(1 감소), DB손해보험(주) 888(484 증가), SBI저축은행 54, 메리츠화재해상보험(보험) 1,523(215 증가), 미래에셋증권 3,794(11,119 감소),신한라이프생명보험 3,764(411 증가), 신한은행 5,626(3,045 증가), 씨티은행 66, 우체국 18,607(18,607증가), 유안타증권 69(1 증가), 한국투자증권31,754(15,896 증가)	38629	41273		13734		66168	급여저축 및 생활비 지출 등
202603	1790	VZA76236	국회의원	국회	국회의원	박선원	예금	장남		(주)카카오페이증권 0(4 감소), 미래에셋증권 10,101(10,101 증가), 우리은행 2,361(3,033 감소),주식회사 카카오뱅크 1,267(18 증가)	6647	12533		5451		13729	급여저축 및 생활비 지출 등
202603	1791	VZA76236	국회의원	국회	국회의원	박선원	정치자금법에 따른 정치자금의 수입 및 지출을 위한 예금계좌의 예금	본인		농협은행 6,845(80,885 감소)	87730	0		80885		6845	의정활동 지출
202603	1792	VZA76236	국회의원	국회	국회의원	박선원	증권	본인	상장주식	리게티컴퓨팅 500주(500주 증가), 메타비아 0주(171주 감소), 조비에비에이션 102주(1,000주 감소), 현대바이오378주(189주 증가)	16346	15891		12539		19698	주식매수 매도 등
202603	1793	VZA76236	국회의원	국회	국회의원	박선원	증권	배우자	상장주식	TSMC(ADR) 43주, [600111]북방희토 600주, 로보스타 50주,삼성전자 159주(159주 증가), 아마존닷컴 0주(10주 감소), 엔비디아 0주(48주 감소), 조비에비에이션 0주(100주 감소)	30035	31345		13895		47485	주식매수 매도 등
202603	1794	VZA76236	국회의원	국회	국회의원	박선원	채무	본인	건물임대채무	서울특별시 서대문구 연희동 오성빌라연립주택임대보증금	260000	0		0		260000	
202603	1795	VZA76236	국회의원	국회	국회의원	박선원	채무	배우자	금융채무	KB국민카드 0(19,526 감소)	19526	0		19526		0	
202603	1796	VZA76236	국회의원	국회	국회의원	박선원	고지거부 및 등록제외사항	모		고지거부	0	0		0		0	타인부양
202603	1797	VZA76236	국회의원	국회	국회의원	박선원	고지거부 및 등록제외사항	차남		고지거부	0	0		0		0	독립생계유지
202603	1798	X3170462	국회의원	국회	국회의원	박성민	건물	본인	아파트	울산광역시 중구 남외동 에일린의뜰 건물 156.86㎡	366000	25000		0		391000	가액변동
202603	1799	X3170462	국회의원	국회	국회의원	박성민	건물	본인	오피스텔(전세(임차)권)	서울특별시 영등포구 영등포동8가 리마크빌 영등포 건물100.73㎡	15000	0		0		15000	변동없음
202603	1800	X3170462	국회의원	국회	국회의원	박성민	건물	본인	사무실(전세(임차)권)	울산광역시 중구 복산동 3층 대지 921.00㎡ 건물 200.21㎡	50000	0		0		50000	변동없음
202603	1801	X3170462	국회의원	국회	국회의원	박성민	부동산에 관한 규정이 준용되는 권리와 자동차·건설기계·선박 및 항공기	배우자	자동차	2023년식 디올뉴그랜져 배기량(2,500cc)	34530	0		3900		30630	가액변동
202603	1802	X3170462	국회의원	국회	국회의원	박성민	예금	본인		농협은행 3,244(8,116 감소), 농협중앙회 106,621(85,294감소), 새마을금고중앙회 811,765(221,287 증가), 신용협동조합중앙회 127	793880	813365		685488		921757	급여 저축,예금 이자 및 생활비 지출
202603	1803	X3170462	국회의원	국회	국회의원	박성민	예금	배우자		DB손해보험(주) 0(920 감소), 경남은행 14,143(5,815증가), 농협은행 7,279(9,085 감소), 농협중앙회 0(10 감소), 라이나생명보험 1,345(175 증가), 삼성화재해상보험 1,640(600 증가), 상호저축은행중앙회 156, 새마을금고중앙회 13,318(10,394 증가),스탠다드차타드은행 12, 우리은행 23,한화생명보험주식회사 10,703(2,040 증가)	39610	21190		12181		48619	급여 저축,예금 이자 및 생활비 지출
202603	1804	X3170462	국회의원	국회	국회의원	박성민	정치자금법에 따른 정치자금의 수입 및 지출을 위한 예금계좌의 예금	본인		농협은행 70,354(69,387 증가)	967	69387		0		70354	정치자금(후원금 모금 및 의정활동을 위해 지출)
202603	1805	X3170462	국회의원	국회	국회의원	박성민	채무	본인	금융채무	비엔케이캐피탈(주) 2,242(2,242 증가)	0	2242		0		2242	의전차량 리스료
202603	1806	IL74008M	국회의원	국회	국회의원	박성준	토지	본인	답	충청남도 금산군 남일면 황풍리 348번지 1,957.00㎡	68495	1174		0		69669	가액 변동
202603	1807	IL74008M	국회의원	국회	국회의원	박성준	토지	본인	답	충청남도 금산군 남일면 황풍리 350번지 299.00㎡	10465	179		0		10644	가액 변동
202603	1808	IL74008M	국회의원	국회	국회의원	박성준	건물	본인	아파트(전세(임차)권)	서울특별시 중구 만리동1가 서울역 디오빌 건물 73.86㎡	400000	0		0		400000	변동 없음
202603	1809	IL74008M	국회의원	국회	국회의원	박성준	건물	본인	사무실(전세(임 차)권)	서울특별시 중구 신당동 자이언트빌딩 2층 건물 0.00㎡ (건물 141.12㎡ 감소)	30000	0		30000		0	계약 해지
202603	1810	IL74008M	국회의원	국회	국회의원	박성준	건물	본인	사무실(전세(임 차)권)	서울특별시 중구 신당동 에스이빌딩 2층 대지 63.47㎡ 건물 49.04㎡ (대지 63.47㎡ 증가, 건물 49.04㎡ 증가)	0	40000		0		40000	신규 계약
202603	1811	IL74008M	국회의원	국회	국회의원	박성준	건물	배우자	아파트	서울특별시 서초구 서초동 서초한빛삼성아파트 건물110.59㎡	1305000	58000		0		1363000	가액 변동
202603	1812	IL74008M	국회의원	국회	국회의원	박성준	부동산에 관한 규정이 준용되는 권리와 자동차·건설기계·선박 및 항공기	본인	자동차	2024년식 아반떼 배기량(1,598cc)	227	0		41		186	가액 변동
202603	1813	IL74008M	국회의원	국회	국회의원	박성준	부동산에 관한 규정이 준용되는 권리와 자동차·건설기계·선박 및 항공기	장남	자동차	2024년식 아반떼 배기량(1,598cc)	22503	0		4059		18444	가액 변동
202603	1814	IL74008M	국회의원	국회	국회의원	박성준	예금	본인		(주)KEB하나은행 7,009, KB라이프생명보험 20,981(866증가), 국민은행 400(400 증가), 농협은행 59,990(12,834 증가), 메리츠종금증권 22, 메트라이프생명보험 28,718(985 증가), 신한라이프생명보험 47,773(17,027감소), 신한은행 477(220 감소), 하나증권 4,996(4,943 증가), 흥국생명보험 2,934(3,016 감소)	173535	62357		62592		173300	급여 저축 및 생활비 지출등
202603	1815	IL74008M	국회의원	국회	국회의원	박성준	예금	배우자		(주)KEB하나은행 415,853(6,777 증가), KB라이프생명보험 8,904, 국민은행 95, 신한은행 463,751, 우리은행 7,018,중소기업은행 13, 하나증권 15	888872	543284		536507		895649	급여 저축 및 생활비 지출등
202603	1816	IL74008M	국회의원	국회	국회의원	박성준	예금	장남		(주)KEB하나은행 12,993(34,092 감소), NH투자증권 89,635(73,233 증가), 국민은행 0(94 감소), 업비트 0(520감소), 케이뱅크 21(7 감소), 토스뱅크(주) 344(344 증가),하나증권 0(984 감소)	65113	73617		35737		102993	급여 저축 및 생활비 지출등
202603	1817	IL74008M	국회의원	국회	국회의원	박성준	예금	차남		(주)KEB하나은행 42,821(1,300 증가), 국민은행 1,중소기업은행 15, 토스증권(주) 1,499(1,499 증가)	41537	21949		19150		44336	급여 저축 및 생활비 지출등
202603	1818	IL74008M	국회의원	국회	국회의원	박성준	정치자금법에 따른 정치자금의 수입 및 지출을 위한 예금계좌의 예금	본인		농협은행 160,374(56,212 증가)	104162	56212		0		160374	후원금 증가
202603	1819	IL74008M	국회의원	국회	국회의원	박성준	증권	본인	상장주식	C3AI 810주(810주 증가), 부광약품 7,429주(3,214주증가), 어라이브AI 2,938주(2,938주 증가), 조비에비에이션 600주(600주 증가), 패러제로테크놀로지스 7,788주(7,788주 증가)	19346	55997		0		75343	주식 액면 분할 및 매수 등
202603	1820	IL74008M	국회의원	국회	국회의원	박성준	증권	본인	비상장주식	주식회사 에이티지씨 1,600주	800	0		0		800	주식 액면 분할 및 매수 등
202603	1821	IL74008M	국회의원	국회	국회의원	박성준	지식재산권	본인	저작재산권	정치언어의 품격	-	-		-		-	
202603	1822	IL74008M	국회의원	국회	국회의원	박성준	지식재산권	본인	저작재산권	스피치의 정치	-	-		-		-	
202603	1823	IL74008M	국회의원	국회	국회의원	박성준	가상자산	본인		엑스알피(리플) 5,510.83948381개(5,510.83948381개증가)	0	14994		0		14994	매수
202603	1824	IL74008M	국회의원	국회	국회의원	박성준	가상자산	장남		디스체인 0.18868237개, 비트코인 0.06734804개(0.0428058개 증가), 엑스알피(리플)995.18810126개(995.18810126개 증가), 이더리움0개(0.15608516개 감소), 이더리움피오더블유0.18868237개	4195	7965		780		11380	매수
202603	1825	NX534083	국회의원	국회	국회의원	박성훈	토지	배우자	임야	경기도 남양주시 일패동 산 83-5번지 11,405.00㎡ 중2,852.00㎡	113510	1710		0		115220	가액변동
202603	1826	NX534083	국회의원	국회	국회의원	박성훈	건물	본인	아파트	서울특별시 용산구 한남동 건물 235.31㎡ 중 47.04㎡	1238800	160800		0		1399600	가액변동
202603	1827	NX534083	국회의원	국회	국회의원	박성훈	건물	본인	오피스텔(전세(임차)권)	부산광역시 북구 화명동 더누림오피스텔 건물 0.00㎡(건물 45.50㎡ 감소)	5000	0		5000		0	계약만료
202603	1828	NX534083	국회의원	국회	국회의원	박성훈	건물	본인	사무실(전세(임차)권)	부산광역시 북구 화명동 행운빌딩 5층 건물 123.04㎡	30000	0		0		30000	
202603	1829	NX534083	국회의원	국회	국회의원	박성훈	건물	본인	오피스텔(전세(임차)권)	부산광역시 북구 화명동 아덴펜트하우스 건물 28.17㎡(건물 28.17㎡ 증가)	0	5000		0		5000	신규계약
202603	1830	NX534083	국회의원	국회	국회의원	박성훈	건물	배우자	아파트	서울특별시 용산구 한남동 건물 235.31㎡ 중 188.25㎡	4955200	643200		0		5598400	가액변동
202603	1831	NX534083	국회의원	국회	국회의원	박성훈	부동산에 관한 규정이 준용되는 권리와 자동차·건설기계·선박 및 항공기	배우자	자동차	2015년식 C220 배기량(2,143cc)	12280	0		1240		11040	가액변동
202603	1832	NX534083	국회의원	국회	국회의원	박성훈	예금	본인		NH투자증권 61,363(15,690 증가), 농협은행 44,666(36,198 증가), 부산은행 21, 삼성증권 5,392(1,605증가), 스탠다드차타드은행 505(6 증가), 신한은행 140,제주은행 0(25,000 감소), 케이뱅크 1,303(20 증가)	84871	53878		25359		113390	급여소득으로 인한 증가
202603	1833	NX534083	국회의원	국회	국회의원	박성훈	예금	배우자		(주)KEB하나은행 235,972(217,496 증가), 삼성생명보험 55,218, 스탠다드차타드은행 1, 신한은행 36(63 감소),우리은행 33,285(4,925 증가), 케이뱅크 145,216(148,029감소), 현대해상화재보험 5,668(591 증가)	400476	223012		148092		475396	급여소득으로 인한 증가
202603	1834	NX534083	국회의원	국회	국회의원	박성훈	예금	장녀		(주)KEB하나은행 5,033(1,835 증가), NH투자증권36,512(6,180 증가)	33530	8015		0		41545	급여소득으로 인한 증가
202603	1835	NX534083	국회의원	국회	국회의원	박성훈	정치자금법에 따른 정치자금의 수입 및 지출을 위한 예금계좌의 예금	본인		농협은행 41,982(30,573 증가)	11409	30573		0		41982	후원금 모금으로 인한 증가
202603	1836	NX534083	국회의원	국회	국회의원	박성훈	채무	배우자	금융채무	신한은행 1,861,082(20,671 감소)	1881753	0		20671		1861082	일부 상환
202603	1837	NX534083	국회의원	국회	국회의원	박성훈	가상자산	배우자		비토르토큰 218.42458931개	0	0		0		0	
202603	1838	NX534083	국회의원	국회	국회의원	박성훈	고지거부 및 등록제외사항	부		고지거부	0	0		0		0	타인부양
202603	1839	NX534083	국회의원	국회	국회의원	박성훈	고지거부 및 등록제외사항	모		고지거부	0	0		0		0	타인부양
202603	1840	Y0X4618N	국회의원	국회	국회의원	박수민	토지	본인	임야	세종특별자치시 장군면 대교리 228-100번지 2,112.00㎡ 중186.00㎡	12890	353		0		13243	공시지가 상승
202603	1841	Y0X4618N	국회의원	국회	국회의원	박수민	토지	본인	대지	세종특별자치시 장군면 대교리 228-66번지 764.00㎡	348919	0		10620		338299	공시지가 하락
202603	1842	Y0X4618N	국회의원	국회	국회의원	박수민	토지	본인	공원	세종특별자치시 장군면 대교리 228-58번지 276.00㎡ 중9.43㎡	1421	0		43		1378	공시지가 하락
202603	1843	Y0X4618N	국회의원	국회	국회의원	박수민	토지	본인	공원	세종특별자치시 장군면 대교리 228-59번지 326.00㎡ 중11.14㎡	1679	0		51		1628	공시지가 하락
202603	1844	Y0X4618N	국회의원	국회	국회의원	박수민	토지	본인	공원	세종특별자치시 장군면 대교리 228-61번지 8.00㎡ 중0.27㎡	41	0		2		39	공시지가 하락
202603	1845	Y0X4618N	국회의원	국회	국회의원	박수민	토지	본인	공원	세종특별자치시 장군면 대교리 228-62번지 17.00㎡ 중0.58㎡	87	0		2		85	공시지가 하락
202603	1846	Y0X4618N	국회의원	국회	국회의원	박수민	토지	본인	공원	세종특별자치시 장군면 대교리 228-72번지 658.00㎡ 중22.48㎡	3388	0		104		3284	공시지가 하락
202603	1847	Y0X4618N	국회의원	국회	국회의원	박수민	토지	본인	공원	세종특별자치시 장군면 대교리 228-81번지 333.00㎡ 중11.37㎡	1713	0		52		1661	공시지가 하락
202603	1848	Y0X4618N	국회의원	국회	국회의원	박수민	토지	본인	공원	세종특별자치시 장군면 대교리 228-82번지 160.00㎡ 중5.47㎡	824	0		25		799	공시지가 하락
202603	1849	Y0X4618N	국회의원	국회	국회의원	박수민	토지	본인	공원	세종특별자치시 장군면 대교리 228-89번지 375.00㎡ 중12.81㎡	1930	0		58		1872	공시지가 하락
202603	1850	Y0X4618N	국회의원	국회	국회의원	박수민	토지	본인	공원	세종특별자치시 장군면 대교리 228-90번지 299.00㎡ 중10.21㎡	1539	0		47		1492	공시지가 하락
202603	1851	Y0X4618N	국회의원	국회	국회의원	박수민	토지	본인	도로	세종특별자치시 장군면 대교리 228-94번지 1,785.00㎡ 중60.97㎡	9188	0		280		8908	공시지가 하락
202603	1852	Y0X4618N	국회의원	국회	국회의원	박수민	토지	본인	도로	세종특별자치시 장군면 대교리 228-95번지 1,696.00㎡ 중57.93㎡	8730	0		266		8464	공시지가 하락
202603	1853	Y0X4618N	국회의원	국회	국회의원	박수민	토지	본인	임야	제주특별자치도 서귀포시 표선면 성읍리 2759-5번지25,702.00㎡ 중 8,567.30㎡	68795	0		6254		62541	공시지가 하락
202603	1854	Y0X4618N	국회의원	국회	국회의원	박수민	토지	배우자	대지	세종특별자치시 장군면 대교리 228-106번지 854.00㎡	103334	2818		0		106152	공시지가 상승
202603	1855	Y0X4618N	국회의원	국회	국회의원	박수민	토지	배우자	도로	세종특별자치시 장군면 대교리 228-46번지 5,869.00㎡ 중0.28㎡	42	0		1		41	공시지가 하락
202603	1856	Y0X4618N	국회의원	국회	국회의원	박수민	토지	배우자	임야	세종특별자치시 장군면 대교리 228-52번지 1,766.00㎡ 중312.22㎡	30223	843		0		31066	공시지가 상승
202603	1857	Y0X4618N	국회의원	국회	국회의원	박수민	토지	배우자	임야	세종특별자치시 장군면 대교리 228-98번지 1,915.00㎡ 중32.31㎡	1851	52		0		1903	공시지가 상승
202603	1858	Y0X4618N	국회의원	국회	국회의원	박수민	토지	배우자	도로	세종특별자치시 장군면 대교리 229-7번지 220.00㎡ 중27.23㎡	4104	0		126		3978	공시지가 하락
202603	1859	Y0X4618N	국회의원	국회	국회의원	박수민	토지	배우자	도로	세종특별자치시 장군면 대교리 231-16번지 508.00㎡ 중62.88㎡	9476	0		289		9187	공시지가 하락
202603	1860	Y0X4618N	국회의원	국회	국회의원	박수민	건물	본인	오피스텔(전세( 임차)권)	서울특별시 강남구 자곡동 강남힐스테이트에코 대지  0.00㎡ 중 0.00㎡건물 0.00㎡ (대지 지분면적 5.27㎡ 감소,건물 23.74㎡ 감소)	10000	0		10000		0	계약만료
202603	1861	Y0X4618N	국회의원	국회	국회의원	박수민	건물	본인	사무실(전세(임차)권)	서울특별시 강남구 자곡동 강남블루지움 상가 대지1,802.30㎡ 중 37.24㎡ 건물 109.89㎡	30000	0		0		30000	변동 없음
202603	1862	Y0X4618N	국회의원	국회	국회의원	박수민	예금	본인		KB라이프생명보험 132,480(8,034 증가), 국민은행 46,243(10,139 증가), 농협생명보험 36,000(900 증가),농협은행 12,832(48,169 감소), 미래에셋증권 78(1 증가),신용협동조합중앙회 39(8 감소), 우리은행 16, 주식회사카카오뱅크 50, 케이뱅크 2,002(2 증가), 하나증권 5	258846	19076		48177		229745	생활비 등 사용
202603	1863	Y0X4618N	국회의원	국회	국회의원	박수민	예금	배우자		(주)KEB하나은행 10(3,009 감소), 신한은행 18(13 감소),우리은행 877(873 증가)	3054	873		3022		905	생활비 등 사용
202603	1864	Y0X4618N	국회의원	국회	국회의원	박수민	예금	장남		(주)KEB하나은행 52	52	0		0		52	생활비 등 사용
202603	1865	Y0X4618N	국회의원	국회	국회의원	박수민	예금	차남		(주)KEB하나은행 54	54	0		0		54	생활비 등 사용
202603	1866	Y0X4618N	국회의원	국회	국회의원	박수민	예금	장녀		(주)KEB하나은행 58, 주식회사 카카오뱅크 462(355 증가)	165	355		0		520	생활비 등 사용
202603	1867	Y0X4618N	국회의원	국회	국회의원	박수민	예금	차녀		(주)KEB하나은행 54	54	0		0		54	생활비 등 사용
202603	1868	Y0X4618N	국회의원	국회	국회의원	박수민	예금	삼녀		(주)KEB하나은행 82, 토스뱅크(주) 72(72 증가)	82	72		0		154	생활비 등 사용
202603	1869	Y0X4618N	국회의원	국회	국회의원	박수민	정치자금법에 따른 정치자금의 수입 및 지출을 위한 예금계좌의 예금	본인		농협중앙회 43,196(14,430 증가)	28766	14430		0		43196	정치자금 잔액증가
202603	1870	Y0X4618N	국회의원	국회	국회의원	박수민	증권	본인	비상장주식	(주)레이아이 10,000주, (주)아이넥스코퍼레이션 355,354주, (주)코이스라시드파트너스 650,000주, (주)티엠엑쓰 82,000주, Fyltech Pte. Ltd. 615,832주, 웰마커바이오 주식회사 101,718주, 인피니툼인베스터즈 0주(1,000주 감소), 퍼스트버추얼랩 주식회사 862주,피티엘엠 주식회사 338주	1754275	165430		1753		1917952	비상장주식 평가액 변동
202603	1871	Y0X4618N	국회의원	국회	국회의원	박수민	채권	본인		사인간채권	1376795	0		0		1376795	변동없음
202603	1872	Y0X4618N	국회의원	국회	국회의원	박수민	채권	배우자		사인간채권	552825	0		0		552825	변동없음
202603	1873	Y0X4618N	국회의원	국회	국회의원	박수민	채무	본인		사인간채무 증가	1891000	972000		0		2863000	생활비, 자녀교육비 및 금융채무 이자 등 지출
202603	1874	Y0X4618N	국회의원	국회	국회의원	박수민	채무	본인	금융채무	KB라이프생명보험 32,491(216 감소), 농협중앙회 270,902(1,930 증가), 신용협동조합중앙회 416,700(4,320감소), 현대캐피탈 18,098(6,340 감소)	747137	1930		10876		738191	
202603	1875	Y0X4618N	국회의원	국회	국회의원	박수민	채무	배우자	금융채무	KB국민카드 2,769(2,769 증가), 롯데카드 21,817(4,009감소), 삼성카드 0(623 감소), 새마을금고중앙회 600,000,하나카드 3,570(3,570 증가)	626449	6339		4632		628156	생활비
202603	1876	Y0X4618N	국회의원	국회	국회의원	박수민	합명·합자·유한회사 출자지분	본인	출자	에이스디티알신기술투자조합1호, 출자가액: 0천원(50,000천원 감소), 지분비율: 0%(1.98% 감소),연간매출액: 0천원	50000	0		50000		0	조합해산으로 인한 출자지분 회수
202603	1877	Y0X4618N	국회의원	국회	국회의원	박수민	가상자산	본인		훈민정음해례본NFT 1개	100000	0		0		100000	변동 없음
202603	1878	FU87526G	국회의원	국회	국회의원	박수영	토지	본인	임야	경상남도 함양군 유림면 웅평리 산 1-2번지 85,129.00㎡	86832	1702		0		88534	가액변동
202603	1879	FU87526G	국회의원	국회	국회의원	박수영	토지	본인	전	경상남도 함양군 휴천면 문정리 148번지 1,704.00㎡	43622	682		0		44304	가액변동
202603	1880	FU87526G	국회의원	국회	국회의원	박수영	토지	본인	전	경상남도 함양군 휴천면 문정리 149번지 1,345.00㎡	34432	538		0		34970	가액변동
202603	1881	FU87526G	국회의원	국회	국회의원	박수영	건물	본인	아파트(전세(임차)권)	부산광역시 남구 대연동 대연롯데캐슬레전드 건물 0.00㎡(건물 84.95㎡ 감소)	200000	0		200000		0	이사
202603	1882	FU87526G	국회의원	국회	국회의원	박수영	건물	본인	복합건물(주택+상가)	경기도 수원시 영통구 원천동 대지 271.20㎡ 중 135.60㎡건물 487.58㎡ 중 234.84㎡	890000	0		0		890000	가액변동 없음
202603	1883	FU87526G	국회의원	국회	국회의원	박수영	건물	본인	사무실(전세(임차)권)	부산광역시 남구 대연동 3층 건물 173.22㎡	50000	0		0		50000	변동없음
202603	1884	FU87526G	국회의원	국회	국회의원	박수영	건물	본인	아파트(전세(임차)권)	부산광역시 남구 대연동 대연롯데캐슬레전드 건물 84.98㎡(건물 84.98㎡ 증가)	0	200000		0		200000	이사
202603	1885	FU87526G	국회의원	국회	국회의원	박수영	건물	배우자	복합건물(주택+상가)	경기도 수원시 영통구 원천동 대지 271.20㎡ 중 135.60㎡건물 487.58㎡ 중 234.84㎡	890000	0		0		890000	가액변동 없음
202603	1886	FU87526G	국회의원	국회	국회의원	박수영	예금	본인		(주)KB손해보험 2,740(1,028 증가), (주)KEB하나은행 9,775, AIA생명보험주식회사 8,250(413 증가), 농협은행51,673(23,705 증가), 농협중앙회 10,742(4,550 증가),메리츠화재해상보험(보험) 783(371 증가),메트라이프생명보험 37,389, 부산은행 2, 삼성화재해상보험 2,400(1,200 증가), 새마을금고중앙회 31,739(57,468 감소), 신용협동조합중앙회 1,083, 신한은행 5,315(2,316 감소), 신한투자증권 240,000(240,000 증가), 주식회사 카카오뱅크 405(405 증가), 한국투자증권 80,630(80,630 증가), 한화생명보험주식회사 26,638(3,362 감소)	220408	395089		105933		509564	급여저축,임대수입 및 모친사망으로 인한 상속 등
202603	1887	FU87526G	국회의원	국회	국회의원	박수영	예금	배우자		(주)KB손해보험 2,363(856 증가), AIA생명보험주식회사 11,491(581 증가), BNP파리바카디프생명보험183,638(183,638 증가), KB라이프생명보험251,450(27,124 감소), 국민은행 114,856(300,088 감소),농협은행 10, 메리츠화재해상보험(보험) 12,567(1,400 증가), 메트라이프생명보험 128,200(21,600 감소), 미래에셋생명보험 48,600(1,400 증가), 신한은행 15,772(58,959 감소), 신한투자증권 5,960(1,611 증가),우리은행 452, 주식회사 카카오뱅크 5(87 감소), 키움증권 0(92,424 감소), 푸본현대생명보험주식회사 68,000, 한국교직원공제회 294,392(130,451 증가), 한국투자증권 369,693(318,981 증가), 한화생명보험주식회사 0(90,000감소)	1458813	655907		607271		1507449	급여저축,임대수입 및 모친사망으로 인한 상속 등
202603	1888	FU87526G	국회의원	국회	국회의원	박수영	예금	차남		DB손해보험(주) 0(5,009 감소), 메트라이프생명보험 52,800(3,600 증가), 미래에셋생명보험 4, 신한은행20,620(11,635 증가), 키움증권 13,706(1,967 증가)	74937	17202		5009		87130	급여저축,임대수입 및 모친사망으로 인한 상속 등
202603	1889	FU87526G	국회의원	국회	국회의원	박수영	정치자금법에 따른 정치자금의 수입 및 지출을 위한 예금계좌의 예금	본인		농협은행 144,483(138,641 증가)	5842	138641		0		144483	후원금 모금
202603	1890	FU87526G	국회의원	국회	국회의원	박수영	증권	본인	비상장주식	주식회사블루오션코리아 30,000주	15000	0		0		15000	평가액 증가
202603	1891	FU87526G	국회의원	국회	국회의원	박수영	증권	차남	상장주식	ADOBEINC 1주, ALPHABETINC 20주, APPLEINC 21주, COCA-COLACO 20주, INTELCORP 23주, METAPLATFORMSINC 5주, PEPSICOINC 1주, QUALCOMMINC 2주, STARBUCKSCORP1주, 삼성전자보통주 19주	22576	6333		183		28726	평가액 증가
202603	1892	FU87526G	국회의원	국회	국회의원	박수영	채무	본인	금융채무	농협은행 0(13,604 감소)	13604	0		13604		0	상환
202603	1893	FU87526G	국회의원	국회	국회의원	박수영	채무	본인	건물임대채무	경기도 수원시 영통구 원천동 임대보증금 감소	310000	160000		230000		240000	신규 임대 및 임차인 성명 오기 정정
202603	1894	FU87526G	국회의원	국회	국회의원	박수영	채무	배우자	건물임대채무	경기도 수원시 영통구 원천동 임대보증금 감소	310000	160000		230000		240000	신규 임대 및 임차인 성명 오기 정정
202603	1895	FU87526G	국회의원	국회	국회의원	박수영	가상자산	차남		디스체인 0.00259569개(0.00259569개 증가), 비트코인 0.00064438개(0.00064438개 증가), 이더리움0.00259569개(0.00259569개 증가), 이더리움피오더블유0.00259569개(0.00259569개 증가)	0	93		0		93	평가액 변동
202603	1896	FU87526G	국회의원	국회	국회의원	박수영	고지거부 및 등록제외사항	모		등록제외	241687	0		241687		0	사망
202603	1897	FU87526G	국회의원	국회	국회의원	박수영	고지거부 및 등록제외사항	장남		고지거부	0	0		0		0	독립생계유지
202603	1898	5TQ6306B	국회의원	국회	국회의원	박수현	건물	본인	사무실(전세(임차)권)	충청남도 공주시 신관동 열린약국 2층 건물 127.31㎡	30000	0		0		30000	
202603	1899	5TQ6306B	국회의원	국회	국회의원	박수현	건물	본인	사무실(전세(임차)권)	충청남도 부여군 부여읍 구아리 2층 건물 133.70㎡	10000	0		0		10000	
202603	1900	5TQ6306B	국회의원	국회	국회의원	박수현	건물	배우자	아파트(전세(임차)권)	충청남도 공주시 금흥동 공주월송 흥화하브 건물 0.00㎡(건물 84.89㎡ 감소)	240000	0		240000		0	전세 계약기간 만료
202603	1901	5TQ6306B	국회의원	국회	국회의원	박수현	건물	배우자	아파트	충청남도 공주시 금흥동 공주월송 지평더웰 건물 84.97㎡(건물 84.97㎡ 증가)	0	430000	430000	0		430000	매입
202603	1902	5TQ6306B	국회의원	국회	국회의원	박수현	부동산에 관한 규정이 준용되는 권리와 자동차·건설기계·선박 및 항공기	배우자	자동차	2021년식 그랜저 배기량(2,497cc)	23570	0		2180		21390	
202603	1903	5TQ6306B	국회의원	국회	국회의원	박수현	부동산에 관한 규정이 준용되는 권리와 자동차·건설기계·선박 및 항공기	배우자	자동차	2022년식 코나 하이브리드 배기량(1,580cc)	201	0		28		173	
202603	1904	5TQ6306B	국회의원	국회	국회의원	박수현	현금	본인		현금 증가	0	48000		0		48000	모친상 조의금
202603	1905	5TQ6306B	국회의원	국회	국회의원	박수현	예금	본인		SK증권 13, 농협은행 6,915(5,938 증가), 농협중앙회4,260(2,206 증가), 삼성화재해상보험 14,056(3,012증가), 새마을금고중앙회 68(2 증가)	14154	11162		4		25312	급여 저축 및 생활비 지출, 모친상 조의금
202603	1906	5TQ6306B	국회의원	국회	국회의원	박수현	예금	배우자		(주)KEB하나은행 84,964(24,923 증가), 농협은행 2,520,농협중앙회 314(412 감소), 삼성화재해상보험 8,400(1,800 증가), 우체국 3,943(382 증가)	73448	27105		412		100141	급여 저축 및 생활비 지출, 모친상 조의금
202603	1907	5TQ6306B	국회의원	국회	국회의원	박수현	정치자금법에 따른 정치자금의 수입 및 지출을 위한 예금계좌의 예금	본인		농협은행 79,174(73,236 증가)	5938	73236		0		79174	정치자금 및 후원금 증가
202603	1908	5TQ6306B	국회의원	국회	국회의원	박수현	고지거부 및 등록제외사항	모		등록제외	0	0		0		0	사망
202603	1909	1JI2689F	국회의원	국회	국회의원	박용갑	토지	본인	전	대전광역시 중구 목달동 122-1번지 1,105.60㎡	157000	0		0		157000	가액변동 없음
202603	1910	1JI2689F	국회의원	국회	국회의원	박용갑	건물	본인	동·식물 관련시설	대전광역시 중구 목달동 건물 18.00㎡	30000	0		0		30000	가액변동 없음
202603	1911	1JI2689F	국회의원	국회	국회의원	박용갑	건물	본인	사무실(전세(임차)권)	대전광역시 중구 유천동 벽산프라자 건물 175.46㎡ (건물175.46㎡ 증가)	0	10000		0		10000	
202603	1912	1JI2689F	국회의원	국회	국회의원	박용갑	건물	배우자	아파트	대전광역시 중구 태평동 버드내1 건물 101.73㎡	278000	0		0		278000	가액변동 없음
202603	1913	1JI2689F	국회의원	국회	국회의원	박용갑	부동산에 관한 규정이 준용되는 권리와 자동차·건설기계·선박 및 항공기	본인	자동차	2001년식 SM520V 배기량(1,998cc)	1593	0		1173		420	가액 변동
202603	1914	1JI2689F	국회의원	국회	국회의원	박용갑	예금	본인		(주)KB손해보험 160(33,440 감소), (주)KEB하나은행 8(4증가), 국민은행 1, 농협중앙회 208,069(21,992 증가),미래에셋생명보험 15,961(24,499 감소),새마을금고중앙회 165,401(140,195 증가),신용협동조합중앙회 355(2 증가), 중소기업은행 85(825 감소)	286611	331777		228348		390040	급여저축 및 생활비 지출 등
202603	1915	1JI2689F	국회의원	국회	국회의원	박용갑	예금	배우자		(주)KB손해보험 2,414(20,730 감소), 농협중앙회 3,917(75,226 감소), 새마을금고중앙회 122,068(3,813감소), 신용협동조합중앙회 150,753(2 증가),중소기업은행 2,871(1,511 증가), 케이디비생명보험 11,200(1,200 증가)	390279	255366		352422		293223	급여저축 및 생활비 지출 등
202603	1916	1JI2689F	국회의원	국회	국회의원	박용갑	정치자금법에 따른 정치자금의 수입 및 지출을 위한 예금계좌의 예금	본인		농협은행 104,378(91,488 증가)	12890	91488		0		104378	후원금 증가
202603	1917	1JI2689F	국회의원	국회	국회의원	박용갑	증권	본인	금융채	IBK굴리기통장 0주	0	5530		0		5530	
202603	1918	1JI2689F	국회의원	국회	국회의원	박용갑	채권	배우자		사인간채권	100000	0		0		100000	변동 없음
202603	1919	1JI2689F	국회의원	국회	국회의원	박용갑	고지거부 및 등록제외사항	장남		고지거부	0	0		0		0	독립생계유지
202603	1920	1JI2689F	국회의원	국회	국회의원	박용갑	고지거부 및 등록제외사항	손녀1		고지거부	0	0		0		0	독립생계유지
202603	1921	1JI2689F	국회의원	국회	국회의원	박용갑	고지거부 및 등록제외사항	손녀2		고지거부	0	0		0		0	독립생계유지
202603	1922	1A82234K	국회의원	국회	국회의원	박은정	토지	배우자	임야	경상북도 안동시 북후면 연곡리 산 135-1번지 37,036.00㎡	34258	1666		0		35924	가액변동
202603	1923	1A82234K	국회의원	국회	국회의원	박은정	토지	배우자	임야	경상북도 안동시 북후면 연곡리 산 135-3번지 38.00㎡	121	4		0		125	가액변동
202603	1924	1A82234K	국회의원	국회	국회의원	박은정	토지	배우자	임야	경상북도 안동시 북후면 연곡리 산 135-4번지 17.00㎡	18	0		0		18	변동없음
202603	1925	1A82234K	국회의원	국회	국회의원	박은정	토지	배우자	임야	경상북도 안동시 북후면 연곡리 산 223번지 5,157.00㎡	5724	103		0		5827	가액변동
202603	1926	1A82234K	국회의원	국회	국회의원	박은정	토지	부	도로	대구광역시 서구 평리동 742-201번지 41.00㎡	0	0		0		0	변동없음
202603	1927	1A82234K	국회의원	국회	국회의원	박은정	토지	모	답	경기도 용인시 처인구 백암면 고안리 1168번지 3,692.00㎡	205377	0		0		205377	변동없음
202603	1928	1A82234K	국회의원	국회	국회의원	박은정	건물	본인	아파트(전세(임 차)권)	서울특별시 강남구 역삼동 역삼2차아이파크 건물 0.00㎡ 중 0.00㎡ (건물 총면적 119.09㎡ 감소, 지분면적 59.54㎡감소)	600000	0		600000		0	전세계약만료
202603	1929	1A82234K	국회의원	국회	국회의원	박은정	건물	본인	아파트(전세(임차)권)	서울특별시 강남구 역삼동 개나리 푸르지오 건물 148.80㎡(건물 148.80㎡ 증가)	0	1800000		0		1800000	신규 전세계약
202603	1930	1A82234K	국회의원	국회	국회의원	박은정	건물	배우자	아파트(전세(임 차)권)	서울특별시 강남구 역삼동 역삼2차아이파크 건물 0.00㎡중 0.00㎡ (건물 총면적 119.09㎡ 감소, 지분면적 59.54㎡ 감소)	600000	0		600000		0	전세계약만료
202603	1931	1A82234K	국회의원	국회	국회의원	박은정	건물	배우자	사무실(전세(임차)권)	서울특별시 강남구 역삼동 덕천빌딩 건물 0.00㎡ (건물196.50㎡ 감소)	60000	0		60000		0	임대차 계약만료
202603	1932	1A82234K	국회의원	국회	국회의원	박은정	건물	배우자	사무실(전세(임 차)권)	서울특별시 강남구 역삼동 성지하이츠3차빌딩 대지 1,904.10㎡ 건물 70.70㎡ (대지 1,904.10㎡ 증가, 건물70.70㎡ 증가)	0	20000		0		20000	신규 임대차 계약
202603	1933	1A82234K	국회의원	국회	국회의원	박은정	건물	모	단독주택	경기도 용인시 처인구 백암면 고안리 대지 370.00㎡ 건물60.48㎡	55300	1900		0		57200	가액변동
202603	1934	1A82234K	국회의원	국회	국회의원	박은정	부동산에 관한 규정이 준용되는 권리와 자동차·건설기계·선박 및 항공기	배우자	자동차	2023년식 G80 배기량(2,497cc)	54750	0		15400		39350	가액변동
202603	1935	1A82234K	국회의원	국회	국회의원	박은정	부동산에 관한 규정이 준용되는 권리와 자동차·건설기계·선박 및 항공기	모	자동차	2014년식 그랜저 배기량(2,359cc)	6860	0		1220		5640	가액변동
202603	1936	1A82234K	국회의원	국회	국회의원	박은정	예금	본인		농협은행 245,914(163,090 증가), 신한은행74,906(470,781 감소), 한국투자증권 3	628514	238470		546161		320823	전세자금 등으로 사용
202603	1937	1A82234K	국회의원	국회	국회의원	박은정	예금	배우자		신한은행 563,740(224,623 감소)	788363	479333		703956		563740	전세자금 등으로 사용
202603	1938	1A82234K	국회의원	국회	국회의원	박은정	예금	부		농협중앙회 33(14 감소), 아이엠뱅크 7	54	0		14		40	전세자금 등으로 사용
202603	1939	1A82234K	국회의원	국회	국회의원	박은정	예금	모		농협중앙회 20,009(1,200 증가), 신한은행 6	18815	20003		18803		20015	전세자금 등으로 사용
202603	1940	1A82234K	국회의원	국회	국회의원	박은정	예금	장남		신한은행 10,578(719 증가), 토스뱅크(주) 445(445 증가)	9859	1165		1		11023	전세자금 등으로 사용
202603	1941	1A82234K	국회의원	국회	국회의원	박은정	예금	차남		국민은행 15(15 증가), 신한은행 10,619(913 증가)	9706	928		0		10634	전세자금 등으로 사용
202603	1942	1A82234K	국회의원	국회	국회의원	박은정	정치자금법에 따른 정치자금의 수입 및 지출을 위한 예금계좌의 예금	본인		농협은행 153,421(50,054 증가)	103367	50054		0		153421	후원금 증가
202603	1943	4019850M	국회의원	국회	국회의원	박정	토지	본인	임야	경기도 파주시 월롱면 덕은리 252-23번지 1,464.00㎡ 중122.00㎡	12858	293		0		13151	가액 변동
202603	1944	4019850M	국회의원	국회	국회의원	박정	건물	본인	단독주택	경기도 파주시 월롱면 덕은리 대지 702.00㎡ 건물 283.79㎡	405000	7000		0		412000	가액 변동
202603	1945	4019850M	국회의원	국회	국회의원	박정	건물	본인	빌딩	서울특별시 마포구 상암동 트루텍빌딩 대지 2,077.90㎡건물 19,816.49㎡	37804445	533235		0		38337680	가액 변동
202603	1946	4019850M	국회의원	국회	국회의원	박정	건물	본인	사무실(전세(임차)권)	경기도 파주시 금촌동 엠에이치타워 건물 14.65㎡	30000	0		0		30000	변동 없음
202603	1947	4019850M	국회의원	국회	국회의원	박정	부동산에 관한 규정이 준용되는 권리와 자동차·건설기계·선박 및 항공기	본인	자동차	2021년식 카니발KA4 3.5가솔린 하이리무진 9인승 시그니처배기량(3,470cc)	20700	0		0		20700	변동 없음
202603	1948	4019850M	국회의원	국회	국회의원	박정	부동산에 관한 규정이 준용되는 권리와 자동차·건설기계·선박 및 항공기	본인	자동차	2024년식 G80(RG3 F/L) 가솔린 3.5터보 배기량(3,500cc)	70000	0		0		70000	변동 없음
202603	1949	4019850M	국회의원	국회	국회의원	박정	부동산에 관한 규정이 준용되는 권리와 자동차·건설기계·선박 및 항공기	배우자	자동차	2020년식 트레일블레이저 1.3 터보 가솔린배기량(1,341cc)	10000	0		0		10000	변동 없음
202603	1950	4019850M	국회의원	국회	국회의원	박정	예금	본인		(주)KB손해보험 45,120(4,467 증가), DB손해보험(주) 15,445(14,555 감소), KB라이프생명보험 168,960,농협생명보험 12,000, 농협손해보험 2,030(840 증가),농협은행 9,458(5,834 감소), 농협중앙회 360(9,119 감소), 삼성화재해상보험 0(17,845 감소), 새마을금고중앙회 5,627, 신한라이프생명보험54,560(305,440 감소), 신한은행 1,504,494(42,830 증가)	2122710	164636		469292		1818054	임대수입,급여수입,금융이자 등으로 예금이 증가하고 대출금 등 채무 일부상환,국세납부 등으로 예금이 감소되었음
202603	1951	4019850M	국회의원	국회	국회의원	박정	예금	배우자		(주)KEB하나은행 12,087(16 증가), DB손해보험(주) 30,000, 교보생명보험 46,096(4,656 증가), 신한은행5,692,665(101,413 증가)	5674763	1459452		1353367		5780848	임대수입,급여수입,금융이자 등으로 예금이 증가하고 대출금 등 채무 일부상환,국세납부 등으로 예금이 감소되었음
202603	1952	4019850M	국회의원	국회	국회의원	박정	정치자금법에 따른 정치자금의 수입 및 지출을 위한 예금계좌의 예금	본인		중소기업은행 1,934(1,270 증가)	664	1270		0		1934	후원금 예금 변동
202603	1953	4019850M	국회의원	국회	국회의원	박정	증권	본인	비상장주식	(주)박정어학원 28,034주, 동우에이엔이(주) 2,500주	1250	0		0		1250	가액 변동 없음
202603	1954	4019850M	국회의원	국회	국회의원	박정	증권	배우자	비상장주식	(주)박정어학원 10,298주	0	0		0		0	가액 변동 없음
202603	1955	4019850M	국회의원	국회	국회의원	박정	채무	본인	금융채무	신한은행 7,500,000(1,000,000 감소)	8500000	0		1000000		7500000	은행 대출금 일부 상환
202603	1956	4019850M	국회의원	국회	국회의원	박정	채무	본인	건물임대채무	서울특별시 마포구 상암동 트루텍빌딩 임대보증금 감소	1616676	162287		240035		1538928	건물 임대보증금 변동
202603	1957	4019850M	국회의원	국회	국회의원	박정	고지거부 및 등록제외사항	장남		고지거부	0	0		0		0	독립생계유지
202603	1958	4019850M	국회의원	국회	국회의원	박정	고지거부 및 등록제외사항	차남		고지거부	0	0		0		0	독립생계유지
202603	1959	6RD62559	국회의원	국회	국회의원	박정하	건물	본인	아파트	서울특별시 영등포구 당산동4가 당산금호어울림 건물84.25㎡	760000	18000		0		778000	가액변동
202603	1960	6RD62559	국회의원	국회	국회의원	박정하	건물	본인	사무실(전세(임차)권)	강원특별자치도 원주시 학성동 삼아빌딩 2층 건물198.00㎡	10000	0		0		10000	변동 없음
202603	1961	6RD62559	국회의원	국회	국회의원	박정하	건물	본인	아파트(전세(임차)권)	강원특별자치도 원주시 지정면 가곡리 이지더원 어반포레건물 59.88㎡	10000	0		0		10000	변동 없음
202603	1962	6RD62559	국회의원	국회	국회의원	박정하	건물	배우자	다세대주택	서울특별시 서대문구 연희동 세종연립 대지 49.41㎡ 건물51.24㎡	164000	3000		0		167000	가액변동
202603	1963	6RD62559	국회의원	국회	국회의원	박정하	부동산에 관한 규정이 준용되는 권리와 자동차·건설기계·선박 및 항공기	본인	자동차	2017년식 스토닉 배기량(1,600cc)	7460	0		800		6660	감가상각
202603	1964	6RD62559	국회의원	국회	국회의원	박정하	부동산에 관한 규정이 준용되는 권리와 자동차·건설기계·선박 및 항공기	본인	자동차	2006년식 NF소나타 배기량(1,998cc) 감소	1330	0		1330		0	폐차
202603	1965	6RD62559	국회의원	국회	국회의원	박정하	예금	본인		KB라이프생명보험 34,832, 국민은행 8,157(4,198 증가),농협은행 12,587(6,600 증가), 농협중앙회 26,752(187 감소), 새마을금고중앙회 211(7 증가), 스탠다드차타드은행 114,624(22,921 증가), 신용협동조합중앙회 237(9 증가), 우리은행 94,404(14,684 증가)	243572	128139		79907		291804	급여 저축
202603	1966	6RD62559	국회의원	국회	국회의원	박정하	예금	배우자		DB손해보험(주) 1,114(243 증가), KB증권 6, 국민은행10,000, 대신증권 44(44 증가), 미래에셋증권 0(7,000 감소), 신한은행 18,529(4,032 증가), 신한투자증권 11,683(11,573 증가), 토스뱅크(주) 1,291(1,272 증가),하나증권 2(2 증가), 한국투자증권 154,521(61,694 증가)	125330	140646		68786		197190	급여 저축
202603	1967	6RD62559	국회의원	국회	국회의원	박정하	예금	장남		KB증권 7, 삼성증권 2,477(2,473 증가),신용협동조합중앙회 10, 우리은행 16,300(8,390 증가),주식회사 카카오뱅크 3,000, 토스뱅크(주) 30,946(28,849 증가), 한화투자증권 0(1 감소)	13029	42722		3011		52740	급여 저축
202603	1968	6RD62559	국회의원	국회	국회의원	박정하	정치자금법에 따른 정치자금의 수입 및 지출을 위한 예금계좌의 예금	본인		농협은행 7,422(36,290 감소)	43712	0		36290		7422	의정활동 지출
202603	1969	6RD62559	국회의원	국회	국회의원	박정하	증권	배우자	상장주식	APPLEINC 0주(0.01주 감소), HK이노엔 9주, KB스타리츠 0주(5주 감소), LG디스플레이 22주, LG씨엔에스 3주(3주 증가), LG에너지솔루션 2주(2주 감소), NAVER 0주(20주 감소), SK네트웍스 30주(4주 증가), SK바이오사이언스 2주, SK아이이테크놀로지 4주(1주 증가), 롯데렌탈 9주, 롯데쇼핑 2주, 미래에셋글로벌리츠 56주, 삼성전자 36주(16주 감소), 삼성전자우 0주(5주 감소), 세미파이브7주(7주 증가), 셀트리온 4주, 스트라타시스 86주, 씨젠7주, 알비더블유 0주(6주 감소), 애플 5주(0.003986주 감소), 에코프로비엠 12주, 우리금융지주 0주(4주 감소), 웹젠 26주, 일진하이솔루스 1주, 카니발 10주(11주 감소), 카카오 12주(22주 감소), 카카오뱅크 32주, 코스나인 810주, 키움히어로제1호기업인수목적 14주(14주 증가), 트윔 1주, 하이브 120주(60주 감소), 한섬 20주, 현대백화점 0주(3주 감소)	53716	20388		18867		55237	가액변동
202603	1970	6RD62559	국회의원	국회	국회의원	박정하	증권	배우자	비상장주식	케이뱅크 2주	10	0		0		10	가액변동
202603	1971	6RD62559	국회의원	국회	국회의원	박정하	증권	배우자	기타(채권)	BNTNF1001/01/27NTNF 108,602주, USDRP자동매수전용상품2주(3주 감소), 외화RP약정_온라인 7,161주(461주 증가)	50836	436		12032		39240	가액변동
202603	1972	6RD62559	국회의원	국회	국회의원	박정하	증권	장남	상장주식	미래에셋비전스팩1호 0주(15주 감소), 블랙야크아이앤씨7주(7주 증가)	40	24		40		24	가액변동
202603	1973	6RD62559	국회의원	국회	국회의원	박정하	증권	장남	비상장주식	케이뱅크 2주	10	0		0		10	가액변동
202603	1974	6RD62559	국회의원	국회	국회의원	박정하	채무	본인	금융채무	스탠다드차타드은행 183,648(7,235 감소)	190883	0		7235		183648	대출 상환
202603	1975	6RD62559	국회의원	국회	국회의원	박정하	가상자산	장남		에이피이앤에프티 10,172.3026981개(10,172.3026981개증가)	0	0		0		0	신규 취득
202603	1976	6RD62559	국회의원	국회	국회의원	박정하	고지거부 및 등록제외사항	모		고지거부	0	0		0		0	타인부양
202603	1977	HVV5250J	국회의원	국회	국회의원	박정현	건물	본인	아파트	대전광역시 대덕구 송촌동 선비마을5단지아파트 건물84.88㎡	259000	0		0		259000	
202603	1978	HVV5250J	국회의원	국회	국회의원	박정현	건물	본인	사무실(전세(임차)권)	대전광역시 대덕구 중리동 대지 359.00㎡ 건물 917.00㎡	20000	0		0		20000	
202603	1979	HVV5250J	국회의원	국회	국회의원	박정현	건물	본인	숙박시설(전세(임차)권)	서울특별시 영등포구 당산동 휴브리지 빌딩 대지 476.00㎡건물 16.72㎡	10000	0		0		10000	
202603	1980	HVV5250J	국회의원	국회	국회의원	박정현	건물	배우자	단독주택	경기도 오산시 오산동 대지 218.00㎡ 건물 280.06㎡	234000	0		0		234000	
202603	1981	HVV5250J	국회의원	국회	국회의원	박정현	건물	장녀	오피스텔(전세(임차)권)	서울특별시 성북구 성북동 테트라빌 건물 15.34㎡	80000	0		0		80000	
202603	1982	HVV5250J	국회의원	국회	국회의원	박정현	부동산에 관한 규정이 준용되는 권리와 자동차·건설기계·선박 및 항공기	배우자	자동차	2015년식 K5하이브리드 배기량(1,999cc)	64	0		10		54	가액 변동
202603	1983	HVV5250J	국회의원	국회	국회의원	박정현	예금	본인		(주)KEB하나은행 15,412(10,275 증가), DB손해보험(주) 0(620 감소), 국민은행 39, 농협은행 14,866(11,897 증가), 신용협동조합중앙회 151(2 증가), 신한라이프생명보험 14,441(1,956 증가), 우체국 1, 유안타증권 2, 주식회사카카오뱅크 10,425(8,405 증가)	23422	32535		620		55337	급여 저축 및 생활비 지출 등
202603	1984	HVV5250J	국회의원	국회	국회의원	박정현	예금	배우자		DB손해보험(주) 33(502 감소), 농협중앙회 4,065(232 감소), 메리츠화재해상보험(보험) 3,626(558 증가), 신용협동조합중앙회 27,058(24,658 증가), 우리은행 584(1,810 감소), 유안타증권 28, 중소기업은행 154(4증가), 하나증권 0(15,134 감소), 현대해상화재보험 0(226감소)	28232	30376		23060		35548	급여 저축 및 생활비 지출 등
202603	1985	HVV5250J	국회의원	국회	국회의원	박정현	예금	장녀		(주)KEB하나은행 2,252(167 감소), 토스뱅크(주) 12,320(1,111 감소)	15850	379		1657		14572	급여 저축 및 생활비 지출 등
202603	1986	HVV5250J	국회의원	국회	국회의원	박정현	정치자금법에 따른 정치자금의 수입 및 지출을 위한 예금계좌의 예금	본인		농협은행 187,160(122,587 증가)	64573	122587		0		187160	후원기부금 증가
202603	1987	HVV5250J	국회의원	국회	국회의원	박정현	채무	본인	금융채무	(주)KEB하나은행 157,390(46,352 감소),신용협동조합중앙회 4,970(4,015 감소)	212727	157390		207757		162360	대출 상환 및 대환 대출
202603	1988	HVV5250J	국회의원	국회	국회의원	박정현	채무	배우자	금융채무	우리카드 2,824(1,100 감소)	3924	0		1100		2824	일부 상환
202603	1989	HVV5250J	국회의원	국회	국회의원	박정현	채무	배우자	건물임대채무	경기도 오산시 오산동 임대보증금	19000	0		0		19000	
202603	1990	HVV5250J	국회의원	국회	국회의원	박정현	채무	장녀	금융채무	(주)KEB하나은행 70,000	70000	0		0		70000	
202603	1991	HVV5250J	국회의원	국회	국회의원	박정현	고지거부 및 등록제외사항	모		등록제외	7	0		7		0	사망
202603	1992	HVV5250J	국회의원	국회	국회의원	박정현	고지거부 및 등록제외사항	장남		고지거부	0	0		0		0	독립생계유지
202603	1993	AEJ19639	국회의원	국회	국회의원	박정훈	토지	본인	도로	경기도 화성시 우정읍 매향리 935-5번지 114.00㎡ 중22.80㎡	2499	75		0		2574	가액변동
202603	1994	AEJ19639	국회의원	국회	국회의원	박정훈	토지	본인	대지	경기도 화성시 우정읍 매향리 935-6번지 3.00㎡ 중 0.60㎡	172	9		0		181	가액변동
202603	1995	AEJ19639	국회의원	국회	국회의원	박정훈	토지	배우자	도로	경기도 화성시 우정읍 매향리 935-5번지 114.00㎡ 중22.80㎡	2499	75		0		2574	가액변동
202603	1996	AEJ19639	국회의원	국회	국회의원	박정훈	토지	배우자	대지	경기도 화성시 우정읍 매향리 935-6번지 3.00㎡ 중 0.60㎡	172	9		0		181	가액변동
202603	1997	AEJ19639	국회의원	국회	국회의원	박정훈	토지	배우자	대지	서울특별시 서초구 방배동 768-18번지 461.40㎡ 중97.97㎡	1346108	59761		0		1405869	가액변동
202603	1998	AEJ19639	국회의원	국회	국회의원	박정훈	토지	배우자	임야	경기도 화성시 우정읍 매향리 935-3번지 112.00㎡	29624	2912		0		32536	가액변동
202603	1999	AEJ19639	국회의원	국회	국회의원	박정훈	토지	배우자	임야	경기도 화성시 우정읍 매향리 935-4번지 111.00㎡	38850	1975		0		40825	가액변동
202603	2000	AEJ19639	국회의원	국회	국회의원	박정훈	토지	배우자	답	경기도 평택시 장안동 243-2번지 1,749.00㎡	337732	14866		0		352598	가액변동
202603	2001	AEJ19639	국회의원	국회	국회의원	박정훈	토지	배우자	답	경기도 평택시 장안동 243-3번지 1,476.00㎡	285016	12545		0		297561	가액변동
202603	2002	AEJ19639	국회의원	국회	국회의원	박정훈	토지	배우자	임야	경상남도 합천군 용주면 공암리 산 50번지 51,707.00㎡	21251	52		0		21303	가액변동
202603	2003	AEJ19639	국회의원	국회	국회의원	박정훈	토지	배우자	임야	경상남도 합천군 가회면 외사리 산 98번지 59,107.00㎡	24884	354		0		25238	가액변동
202603	2004	AEJ19639	국회의원	국회	국회의원	박정훈	토지	배우자	임야	경상남도 합천군 가회면 외사리 산 113번지 51,868.00㎡	30187	466		0		30653	가액변동
202603	2005	AEJ19639	국회의원	국회	국회의원	박정훈	토지	배우자	임야	경상남도 합천군 쌍백면 삼리 산 49번지 42,050.00㎡ 중41,058.00㎡	18517	41		0		18558	가액변동
202603	2006	AEJ19639	국회의원	국회	국회의원	박정훈	토지	배우자	임야	경상남도 합천군 쌍백면 삼리 산 26번지 61,126.00㎡ 중59,280.00㎡	30529	59		0		30588	가액변동
202603	2007	AEJ19639	국회의원	국회	국회의원	박정훈	토지	배우자	임야	제주특별자치도 제주시 애월읍 소길리 259-1번지1,954.00㎡	82459	781		0		83240	가액변동
202603	2008	AEJ19639	국회의원	국회	국회의원	박정훈	토지	차남	대지	전라남도 진도군 진도읍 동외리 889번지 337.00㎡	25376	168		0		25544	가액변동
202603	2009	AEJ19639	국회의원	국회	국회의원	박정훈	건물	본인	근린생활시설	경기도 화성시 우정읍 매향리 대지 0.00㎡ 중 0.00㎡건물 0.00㎡ 중 0.00㎡ (대지 지분면적 329.40㎡ 감소, 건물지분면적 437.70㎡ 감소)	304785	0		304785		0	건물 면적 수정
202603	2010	AEJ19639	국회의원	국회	국회의원	박정훈	건물	본인	아파트(전세(임차)권)	서울특별시 송파구 신천동 더샾스타리버 건물 171.53㎡ 중85.76㎡	645000	0		0		645000	변동없음
202603	2011	AEJ19639	국회의원	국회	국회의원	박정훈	건물	본인	근린생활시설	경기도 화성시 우정읍 매향리 대지 1,647.00㎡ 중 329.40㎡ 건물 2,263.80㎡ 중 452.70㎡ (대지 지분면적 329.40㎡ 증가, 건물 지분면적 452.70㎡ 증가)	0	314464		0		314464	가액변동
202603	2012	AEJ19639	국회의원	국회	국회의원	박정훈	건물	본인	사무실(전세(임차)권)	서울특별시 송파구 송파동 3층 건물 101.20㎡ (건물101.20㎡ 증가)	0	20000		0		20000	지역사무실 보증금
202603	2013	AEJ19639	국회의원	국회	국회의원	박정훈	건물	배우자	근린생활시설	경기도 화성시 우정읍 매향리 대지 0.00㎡ 중 0.00㎡건물 0.00㎡ 중 0.00㎡ (대지 지분면적 329.40㎡ 감소, 건물지분면적 437.70㎡ 감소)	304785	0		304785		0	건물 면적 수정
202603	2014	AEJ19639	국회의원	국회	국회의원	박정훈	건물	배우자	아파트(전세(임차)권)	서울특별시 송파구 신천동 더샾스타리버 건물 171.53㎡ 중85.76㎡	645000	0		0		645000	변동없음
202603	2015	AEJ19639	국회의원	국회	국회의원	박정훈	건물	배우자	근린생활시설	경기도 화성시 우정읍 매향리 대지 1,647.00㎡ 중 329.40㎡ 건물 2,263.80㎡ 중 452.70㎡ (대지 지분면적 329.40㎡ 증가, 건물 지분면적 452.70㎡ 증가)	0	314464		0		314464	가액변동
202603	2016	AEJ19639	국회의원	국회	국회의원	박정훈	건물	장남	단독주택	전라남도 진도군 의신면 만길리 대지 9,917.00㎡ 중330.00㎡ 건물 41.90㎡	4250	0		18		4232	가액변동
202603	2017	AEJ19639	국회의원	국회	국회의원	박정훈	부동산에 관한 규정이 준용되는 권리와 자동차·건설기계·선박 및 항공기	본인	자동차	2017년식 르반떼 배기량(2,979cc) 감소	35496	0		35496		0	소유권 상실
202603	2018	AEJ19639	국회의원	국회	국회의원	박정훈	부동산에 관한 규정이 준용되는 권리와 자동차·건설기계·선박 및 항공기	본인	자동차	2022년식 model 3 RWD 배기량(173cc)	14559	0		2526		12033	가액변동
202603	2019	AEJ19639	국회의원	국회	국회의원	박정훈	부동산에 관한 규정이 준용되는 권리와 자동차·건설기계·선박 및 항공기	장남	자동차	2022년식 model 3 RWD 배기량(173cc)	14559	0		2526		12033	가액변동
202603	2020	AEJ19639	국회의원	국회	국회의원	박정훈	예금	본인		(주)KEB하나은행 371, Robinhood 228,830(228,830 증가),국민은행 10,822(49 감소), 농협은행 2,646(513 감소),대신증권 1,136(8 증가), 삼성생명보험 39,945, 신한은행19,324(2,524 증가), 우리은행 48,685(3,185 증가),키움증권 177(177 증가)	117774	234875		713		351936	급여 저축 및 생활비 지출
202603	2021	AEJ19639	국회의원	국회	국회의원	박정훈	예금	배우자		KB증권 31(1,275 감소), 국민은행 3(4,479 감소), 삼성생명보험 42,348(1,966 감소), 새마을금고중앙회 188(7 증가), 스탠다드차타드은행 248, 신한은행 261(3감소), 에이비엘생명보험 55,176, 우리은행 16,788(3,118증가), 토스증권(주) 220(220 증가), 하나증권 2,한국투자증권 51, 현대해상화재보험 9,787(1,458 증가)	128023	12093		15013		125103	급여 저축 및 생활비 지출
202603	2022	AEJ19639	국회의원	국회	국회의원	박정훈	예금	장남		우리은행 455(330 감소), 키움증권 10, 토스증권(주)35,923(35,921 증가)	797	35921		330		36388	급여 저축 및 생활비 지출
202603	2023	AEJ19639	국회의원	국회	국회의원	박정훈	예금	차남		신한은행 226(226 증가), 우리은행 2,062(624 증가),중국은행 18(102 감소), 중소기업은행 15, 토스증권(주)100(100 증가), 한국투자증권 18,652(17,568 증가)	2657	18518		102		21073	급여 저축 및 생활비 지출
202603	2024	AEJ19639	국회의원	국회	국회의원	박정훈	예금	장녀		(주)KEB하나은행 935(935 증가), 우리은행 1,570(156감소), 토스증권(주) 38(38 증가), 한국투자증권 693(15 감소)	2434	973		171		3236	급여 저축 및 생활비 지출
202603	2025	AEJ19639	국회의원	국회	국회의원	박정훈	정치자금법에 따른 정치자금의 수입 및 지출을 위한 예금계좌의 예금	본인		농협은행 104,069(73,982 증가)	30087	73982		0		104069	후원금 수입
202603	2026	AEJ19639	국회의원	국회	국회의원	박정훈	증권	본인	상장주식	ALPHABETINC 88주(88주 증가), AST스페이스모바일 137,065.395498주(137,065.395498주 증가), DFC DLY RKLB ETF 350주(350주 증가), PALANTIRTECHINC 487주(487주증가), TRDR 2X ASTS ETF 1주(1주 증가), 로켓랩 267주(267주 증가), 브로드컴 146주(146주 증가), 싸이더스스페이스 1주(1주 증가), 템퍼스AI 644주(644주증가), 힘즈&허즈 1주(1주 증가)	0	340490		0		340490	가액변동
202603	2027	AEJ19639	국회의원	국회	국회의원	박정훈	증권	배우자	상장주식	삼성전자 100주(100주 증가), 엔비디아 12주(12주 증가),테슬라 3주(3주 증가)	0	17136		0		17136	가액변동
202603	2028	AEJ19639	국회의원	국회	국회의원	박정훈	증권	차남	상장주식	메타플랫폼스(페이스북) 7주(7주 증가), 엔비디아0주(160주 감소), 페이팔홀딩스 100주(100주 증가)	31585	15006		31585		15006	가액변동
202603	2029	AEJ19639	국회의원	국회	국회의원	박정훈	증권	장녀	상장주식	알파벳A 0.084353주(0.084353주 증가), 애플 0.015569주(0.015569주 증가), 엔비디아40.156382주(40.156382주 증가), 테슬라0.000079주(0.000079주 증가)	0	10788		0		10788	가액변동
202603	2030	AEJ19639	국회의원	국회	국회의원	박정훈	채무	본인	금융채무	우리은행 101,418(77,097 감소), 하나캐피탈33,599(33,599 증가)	178515	33599		77097		135017	공무차량 리스 및 상환
202603	2031	AEJ19639	국회의원	국회	국회의원	박정훈	채무	배우자	금융채무	새마을금고중앙회 730,000(309 감소)	730309	0		309		730000	상환
202603	2032	AEJ19639	국회의원	국회	국회의원	박정훈	가상자산	배우자		디카르고 0개(137,065.39549816개 감소), 스텔라루멘 12.2523개(12.2523개 증가), 아쿠아 3.3974개(3.3974개 증가), 엑스알피(리플) 204.46246114개(204.46246114개 증가), 테더 0.00000043개(0.00000043개 증가)	4696	559		4696		559	가액변동
202603	2033	AEJ19639	국회의원	국회	국회의원	박정훈	가상자산	장남		디스체인 2.41807442개, 베이직어텐션토큰 4.65153078개(4.65153078개 증가), 스텔라루멘0.00000006개, 이더리움피오더블유 2.41807442개	12037	1		12037		1	가액변동
202603	2034	AEJ19639	국회의원	국회	국회의원	박정훈	고지거부 및 등록제외사항	부		고지거부	0	0		0		0	독립생계유지
202603	2035	AEJ19639	국회의원	국회	국회의원	박정훈	고지거부 및 등록제외사항	모		고지거부	0	0		0		0	독립생계유지
202603	2036	6AU2417B	국회의원	국회	국회의원	박주민	건물	본인	사무실(전세(임 차)권)	서울특별시 은평구 응암동 3층 건물 210.00㎡	30000	0		0		30000	지역사무실 임차
202603	2037	6AU2417B	국회의원	국회	국회의원	박주민	건물	본인	아파트	서울특별시 은평구 응암동 녹번역e편한세상캐슬 건물99.76㎡ 중 49.88㎡	675000	0		0		675000	거주, 배우자와 공동소유
202603	2038	6AU2417B	국회의원	국회	국회의원	박주민	건물	본인	사무실(전세(임차)권)	서울특별시 영등포구 여의도동 정원빌딩 건물 45.75㎡(건물 45.75㎡ 증가)	0	20000		0		20000	사무실 임차
202603	2039	6AU2417B	국회의원	국회	국회의원	박주민	건물	배우자	다세대주택(전세(임차)권)	서울특별시 마포구 성산동 해룡빌라 건물 0.00㎡ (건물54.90㎡ 감소)	60000	0		60000		0	임차권 상실
202603	2040	6AU2417B	국회의원	국회	국회의원	박주민	건물	배우자	아파트	서울특별시 은평구 응암동 녹번역e편한세상캐슬 건물99.76㎡ 중 49.88㎡	675000	0		0		675000	거주, 배우자와 공동소유
202603	2041	6AU2417B	국회의원	국회	국회의원	박주민	부동산에 관한 규정이 준용되는 권리와 자동차·건설기계·선박 및 항공기	배우자	자동차	2009년식 그랜저 배기량(2,656cc)	2960	0		420		2540	차량 가액감소
202603	2042	6AU2417B	국회의원	국회	국회의원	박주민	예금	본인		(주)KEB하나은행 9(3,370 감소), KB증권 355(15 증가),국민은행 28,559(2,945 증가), 농협은행 14,403(19,949감소), 스탠다드차타드은행 10, 신용협동조합중앙회 32,신한은행 465,030(133,992 감소)	662749	5930		160281		508398	급여저축, 생활비 지출, 채무변제 등
202603	2043	6AU2417B	국회의원	국회	국회의원	박주민	예금	배우자		(주)KEB하나은행 78,000(18,046 증가),(주)카카오페이증권 0(40 감소), 국민은행 9, 신한은행12,954(817 감소), 주식회사 카카오뱅크 985(255 증가),현대해상화재보험 3,648(495 증가)	77657	18893		954		95596	급여저축, 생활비 지출, 채무변제 등
202603	2044	6AU2417B	국회의원	국회	국회의원	박주민	예금	장녀		신한은행 8,580(409 증가)	8171	409		0		8580	급여저축, 생활비 지출, 채무변제 등
202603	2045	6AU2417B	국회의원	국회	국회의원	박주민	증권	본인	상장주식	KB금융 2주, SK스퀘어 1주, SK텔레콤 3주	409	373		5		777	평가액 변동
202603	2046	6AU2417B	국회의원	국회	국회의원	박주민	채무	본인		사인간채무 감소	50000	0		50000		0	계약만기상환
202603	2047	6AU2417B	국회의원	국회	국회의원	박주민	채무	본인	금융채무	농협은행 0(130,000 감소), 현대캐피탈 4,361(4,963 감소)	139324	0		134963		4361	채무변제
202603	2048	6AU2417B	국회의원	국회	국회의원	박주민	고지거부 및 등록제외사항	모		고지거부	0	0		0		0	독립생계유지
202603	2049	G6W8250J	국회의원	국회	국회의원	박준태	건물	본인	아파트(분양권)	서울특별시 서초구 방배동 아크로리츠카운티아파트 건물 84.95㎡	1298290	0		0		1298290	
202603	2050	G6W8250J	국회의원	국회	국회의원	박준태	건물	배우자	아파트(전세(임차)권)	서울특별시 서초구 방배동 임광아파트 건물 100.82㎡	700000	0		0		700000	
202603	2051	G6W8250J	국회의원	국회	국회의원	박준태	부동산에 관한 규정이 준용되는 권리와 자동차·건설기계·선박 및 항공기	배우자	자동차	2018년식 싼타페 배기량(1,995cc)	16390	0		370		16020	
202603	2052	G6W8250J	국회의원	국회	국회의원	박준태	현금	본인		현금 감소	35000	0		5000		30000	
202603	2053	G6W8250J	국회의원	국회	국회의원	박준태	현금	배우자		현금	5000	0		0		5000	
202603	2054	G6W8250J	국회의원	국회	국회의원	박준태	예금	본인		(주)KB손해보험 21,167(2,439 증가), 국민은행 0(476 감소), 농협은행 133,096(11,447 감소), 빗썸 0(10 감소), 삼성증권 1, 새마을금고중앙회 3,108(28,441 감소),신한은행 4,997(4 증가), 토스뱅크(주) 295(2 감소)	200597	2443		40376		162664	근로소득 및 상속분 정리(25.02.25)에 따른 자산 증가
202603	2055	G6W8250J	국회의원	국회	국회의원	박준태	예금	배우자		(주)KEB하나은행 26,980(13,685 증가), DB손해보험(주) 207(157 증가), 국민은행 1,713(1,120 증가), 신한은행128, 우리은행 60, 중소기업은행 10,푸본현대생명보험주식회사 8,856(185 증가),한국교직원공제회 203,011(203,011 증가),현대해상화재보험 10,287(1,033 증가),흥국화재해상보험(주) 6,316(1,020 증가)	37357	220211		0		257568	근로소득 및 상속분 정리(25.02.25)에 따른 자산 증가
202603	2056	G6W8250J	국회의원	국회	국회의원	박준태	예금	장남		국민은행 39,218(334 증가), 중소기업은행 320	39204	334		0		39538	근로소득 및 상속분 정리(25.02.25)에 따른 자산 증가
202603	2057	G6W8250J	국회의원	국회	국회의원	박준태	예금	장녀		국민은행 35,445(1,580 증가)	33865	1580		0		35445	근로소득 및 상속분 정리(25.02.25)에 따른 자산 증가
202603	2058	G6W8250J	국회의원	국회	국회의원	박준태	정치자금법에 따른 정치자금의 수입 및 지출을 위한 예금계좌의 예금	본인		새마을금고중앙회 10,914(1,432 증가)	9482	1432		0		10914	정치후원금
202603	2059	G6W8250J	국회의원	국회	국회의원	박준태	증권	본인	기타(채권)	Teamblind Inc. 27,150주	0	0		0		0	변동없음
202603	2060	G6W8250J	국회의원	국회	국회의원	박준태	채무	본인	금융채무	국민은행 2,069(2,069 증가), 롯데캐피탈 43,832(16,004감소)	59836	2069		16004		45901	
202603	2061	G6W8250J	국회의원	국회	국회의원	박준태	가상자산	본인		리플 0.00000034개, 비트코인 0.00017364개(0.00017364개증가), 카이아 0개(0.00000001개 감소)	0	22		0		22	26.1.27.전량 매도하였음
202603	2062	G6W8250J	국회의원	국회	국회의원	박준태	고지거부 및 등록제외사항	모		고지거부	0	0		0		0	독립생계유지
202603	2063	8BF5855P	국회의원	국회	국회의원	박지원	건물	본인	아파트	서울특별시 영등포구 여의도동 한양아파트 건물 192.73㎡	2124000	212000		0		2336000	가액변동
202603	2064	8BF5855P	국회의원	국회	국회의원	박지원	건물	본인	아파트(전세(임차)권)	전라남도 해남군 해남읍 구교리 구교주공아파트 건물46.95㎡	5000	0		0		5000	변동없음
202603	2065	8BF5855P	국회의원	국회	국회의원	박지원	건물	본인	상가(전세(임차)권)	전라남도 해남군 해남읍 성내리 해남101스퀘어 건물352.00㎡	50000	0		0		50000	변동없음
202603	2066	8BF5855P	국회의원	국회	국회의원	박지원	건물	본인	사무실(전세(임차)권)	전라남도 완도군 완도읍 가용리 2층 건물 82.64㎡ (건물82.64㎡ 증가)	0	5000		0		5000	지역사무실 보증금
202603	2067	8BF5855P	국회의원	국회	국회의원	박지원	건물	본인	사무실(전세(임차)권)	전라남도 진도군 진도읍 남동리 4층 건물 79.72㎡ (건물79.72㎡ 증가)	0	20000		0		20000	지역사무실 보증금
202603	2068	8BF5855P	국회의원	국회	국회의원	박지원	현금	본인		현금	50000	0		0		50000	변동 없음
202603	2069	8BF5855P	국회의원	국회	국회의원	박지원	예금	본인		(주)KEB하나은행 2,730(2 증가), 광주은행 200,000(200,000 증가), 농협은행 692,336(136,342감소), 신용협동조합중앙회 883(16 증가), 우리은행1,002(2,901 감소)	836176	200018		139243		896951	급여저축 등
202603	2070	8BF5855P	국회의원	국회	국회의원	박지원	정치자금법에 따른 정치자금의 수입 및 지출을 위한 예금계좌의 예금	본인		농협중앙회 93,443(63,636 증가)	29807	63636		0		93443	후원금 증가
202603	2071	8BF5855P	국회의원	국회	국회의원	박지원	채무	본인	금융채무	우리금융캐피탈 100,894(16,939 감소)	117833	0		16939		100894	의정차량용 리스 일부상환
202603	2072	8BF5855P	국회의원	국회	국회의원	박지원	보석류	본인		시계 (36㎜) 증가	0	10380		0		10380	
202603	2073	8BF5855P	국회의원	국회	국회의원	박지원	회원권	본인	헬스	서울시티클럽 감소	25000	0		25000	25000	0	회원권 해지
202603	2074	EMH4976E	국회의원	국회	국회의원	박지혜	토지	모	임야	충청남도 공주시 신관동 산 18번지 793.00㎡ 중 113.30㎡	9143	351		0		9494	
202603	2075	EMH4976E	국회의원	국회	국회의원	박지혜	건물	본인	아파트	서울특별시 광진구 광장동 현대홈타운12차 건물 143.86㎡중 71.93㎡	740000	0		0		740000	
202603	2076	EMH4976E	국회의원	국회	국회의원	박지혜	건물	본인	아파트(전세(임차)권)	경기도 의정부시 의정부동 의정부역센트럴자이&위브캐슬건물 39.00㎡	10000	209000		0		219000	
202603	2077	EMH4976E	국회의원	국회	국회의원	박지혜	건물	배우자	아파트	서울특별시 광진구 광장동 현대홈타운12차 건물 143.86㎡중 71.93㎡	740000	0		0		740000	
202603	2078	EMH4976E	국회의원	국회	국회의원	박지혜	건물	부	단독주택	경기도 연천군 전곡읍 전곡리 대지 0.00㎡ 건물 0.00㎡(대지 56.00㎡ 감소, 건물 100.45㎡ 감소)	36300	0		36300		0	
202603	2079	EMH4976E	국회의원	국회	국회의원	박지혜	건물	부	복합건물(주택+상가)	경기도 연천군 전곡읍 전곡리 대지 56.00㎡ 건물 100.45㎡(대지 56.00㎡ 증가, 건물 100.45㎡ 증가)	0	75020		0		75020	
202603	2080	EMH4976E	국회의원	국회	국회의원	박지혜	부동산에 관한 규정이 준용되는 권리와 자동차·건설기계·선박 및 항공기	본인	자동차	2010년식 SM3 배기량(1,598cc)	670	85		0		755	
202603	2081	EMH4976E	국회의원	국회	국회의원	박지혜	부동산에 관한 규정이 준용되는 권리와 자동차·건설기계·선박 및 항공기	배우자	자동차	2012년식 X3 배기량(1,995cc)	8490	1490		0		9980	
202603	2082	EMH4976E	국회의원	국회	국회의원	박지혜	부동산에 관한 규정이 준용되는 권리와 자동차·건설기계·선박 및 항공기	모	자동차	2010년식 SM3 배기량(1,598cc)	670	85		0		755	
202603	2083	EMH4976E	국회의원	국회	국회의원	박지혜	예금	본인		(주)KB손해보험 21,631(805 증가), (주)KEB하나은행 664(588 증가), (주)카카오페이증권 9(1 증가), 국민은행3, 농협은행 667(429 감소), 농협중앙회 7,메리츠화재해상보험(보험) 19,252(1,613 증가),미래에셋증권 7, 새마을금고중앙회 2,341(53,148 감소),스탠다드차타드은행 18, 신용협동조합중앙회 2,063(2증가), 신한은행 7,962(3,916 증가), 씨티은행 513,우리은행 3, 케이디비생명보험 36,169(2,412 증가),하나증권 128(3 증가), 한국투자증권 256,625(118,728 증가), 한화손해보험 16,841(1,810 증가)	288602	140102		63801		364903	급여 저축 등으로 인한 자산 증가
202603	2084	EMH4976E	국회의원	국회	국회의원	박지혜	예금	배우자		(주)KB손해보험 63,208(1,531 증가), (주)KEB하나은행 14,321(5,618 증가), IBK연금보험주식회사 8,700(1,200증가), 국민은행 1, 농협생명보험 12,000, 농협은행 405(75증가), 농협중앙회 2, 미래에셋증권 0(374 감소), 새마을금고중앙회 5(48 감소), 신한라이프생명보험 10,549(546 증가), 신한은행 6, 주식회사아이엠라이프생명보험 12,000, 중소기업은행 150(126감소), 하나증권 869, 한국투자증권 347,257(94,991 증가)	366060	157131		53718		469473	급여 저축 등으로 인한 자산 증가
202603	2085	EMH4976E	국회의원	국회	국회의원	박지혜	예금	부		농협은행 6,769(1,706 감소), 농협중앙회 4,203(3,600증가), 삼성화재해상보험 1,780(240 증가)	10618	3840		1706		12752	급여 저축 등으로 인한 자산 증가
202603	2086	EMH4976E	국회의원	국회	국회의원	박지혜	예금	모		농협은행 9,477(1,077 감소), 농협중앙회 830(789 증가), 삼성화재해상보험 2,670(360 증가), 케이디비생명보험 8,112, 한화생명보험주식회사 0(1,028 감소)	22045	1149		2105		21089	급여 저축 등으로 인한 자산 증가
202603	2087	EMH4976E	국회의원	국회	국회의원	박지혜	예금	장남		우리은행 20,039(15 증가)	20024	15		0		20039	급여 저축 등으로 인한 자산 증가
202603	2088	EMH4976E	국회의원	국회	국회의원	박지혜	정치자금법에 따른 정치자금의 수입 및 지출을 위한 예금계좌의 예금	본인		농협은행 14,557(11,143 증가)	3414	11143		0		14557	후원 등으로 인한 정치예금 증가
202603	2089	EMH4976E	국회의원	국회	국회의원	박지혜	금 및 백금	배우자		금 24K 75g(75g 증가)	0	17910	17910	0		17910	매입
202603	2090	BT62420K	국회의원	국회	국회의원	박찬대	건물	본인	연립주택	인천광역시 연수구 청학동 한별렉스힐 타운하우스 건물185.62㎡ 중 92.81㎡	292500	0		0		292500	변동 없음
202603	2091	BT62420K	국회의원	국회	국회의원	박찬대	건물	본인	근린생활시설(전세(임차)권)	인천광역시 연수구 연수동 탑피온 건물 13.44㎡	10000	0		0		10000	변동 없음
202603	2092	BT62420K	국회의원	국회	국회의원	박찬대	건물	배우자	연립주택	인천광역시 연수구 청학동 한별렉스힐 타운하우스 건물185.62㎡ 중 92.81㎡	292500	0		0		292500	변동 없음
202603	2093	BT62420K	국회의원	국회	국회의원	박찬대	건물	배우자	근린생활시설(전세(임차)권)	인천광역시 연수구 청학동 이리옴프라자 대지 1,710.10㎡건물 122.23㎡	10000	0		0		10000	변동 없음
202603	2094	BT62420K	국회의원	국회	국회의원	박찬대	건물	부	아파트	인천광역시 남구 주안동 광명아파트 건물 44.00㎡	86200	0		14500		71700	가액 변동
202603	2095	BT62420K	국회의원	국회	국회의원	박찬대	부동산에 관한 규정이 준용되는 권리와 자동차·건설기계·선박 및 항공기	배우자	자동차	2016년식 트랙스 1.4터보LTZ 배기량(1,362cc)	6410	0		910		5500	가액 변동
202603	2096	BT62420K	국회의원	국회	국회의원	박찬대	예금	본인		농협은행 435,836(225,158 감소), 농협중앙회 8,새마을금고중앙회 74, 스탠다드차타드은행 161, 신한라이프생명보험 79,817(5,127 증가), 유화증권 2,000(1,966 감소), 중소기업은행 266	740159	419032		641029		518162	생활비 지출 및 급여 저축
202603	2097	BT62420K	국회의원	국회	국회의원	박찬대	예금	배우자		교보생명보험 30,000, 국민은행 108,037(15,620 감소), 농협은행 619,068(19,068 증가), 삼성생명보험 94,515(4,901 증가), 신한라이프생명보험 138,200(8,628증가), 신한은행 10, 씨티은행 0(194 감소), 중소기업은행596,216(401,189 증가)	1168074	1033786		615814		1586046	생활비 지출 및 급여 저축
202603	2098	BT62420K	국회의원	국회	국회의원	박찬대	예금	부		국민은행 39,547(5,950 증가), 중소기업은행 586(17 감소)	34200	6029		96		40133	생활비 지출 및 급여 저축
202603	2099	BT62420K	국회의원	국회	국회의원	박찬대	예금	장남		국민은행 3,800, 신한은행 7,785(2,944 감소),중소기업은행 994(886 감소)	16409	1200		5030		12579	생활비 지출 및 급여 저축
202603	2100	BT62420K	국회의원	국회	국회의원	박찬대	정치자금법에 따른 정치자금의 수입 및 지출을 위한 예금계좌의 예금	본인		농협은행 173,419(23,870 감소)	197289	0		23870		173419	의정활동 지출
202603	2101	BT62420K	국회의원	국회	국회의원	박찬대	증권	본인	비상장주식	(주)한국티에이치바스 4,000주	20000	0		0		20000	변동 없음
202603	2102	BT62420K	국회의원	국회	국회의원	박찬대	채권	본인		사인간채권	70000	0		0		70000	변동 없음
202603	2103	BT62420K	국회의원	국회	국회의원	박찬대	채권	배우자		사인간채권	10000	0		0		10000	변동 없음
202603	2104	BT62420K	국회의원	국회	국회의원	박찬대	채무	본인	금융채무	농협은행 48,438(48,438 증가)	0	48438		0		48438	생활비 지출
202603	2105	BT62420K	국회의원	국회	국회의원	박찬대	골동품 및 예술품	본인		한국화 (말 그림, 162.1*227.3Cm, 허진, 2014)	12000	0		0		12000	변동 없음
202603	2106	GP21946O	국회의원	국회	국회의원	박충권	건물	본인	오피스텔(전세( 임차)권)	서울특별시 강서구 화곡동 건물 0.00㎡ (건물 24.07㎡ 감소)	10000	0		10000		0	거주지 이전
202603	2107	GP21946O	국회의원	국회	국회의원	박충권	건물	본인	아파트	서울특별시 서초구 서초동 건물 79.47㎡ 중 31.79㎡ (건물 총면적 79.47㎡ 증가, 지분면적 31.79㎡ 증가)	0	1200000	1200000	0		1200000	주거용 건물 매입
202603	2108	GP21946O	국회의원	국회	국회의원	박충권	건물	배우자	아파트	서울특별시 서초구 서초동 건물 79.47㎡ 중 47.68㎡ (건물 총면적 79.47㎡ 증가, 지분면적 47.68㎡ 증가)	0	1800000	1800000	0		1800000	혼인으로 추가
202603	2109	GP21946O	국회의원	국회	국회의원	박충권	건물	배우자	오피스텔	경기도 시흥시 정왕동 대지 6.29㎡ 건물 30.23㎡ (대지 6.29㎡ 증가, 건물 30.23㎡ 증가)	0	140000	140000	0		140000	혼인으로 추가
202603	2110	GP21946O	국회의원	국회	국회의원	박충권	건물	배우자	오피스텔	경기도 시흥시 정왕동 대지 6.29㎡ 건물 30.23㎡ (대지 6.29㎡ 증가, 건물 30.23㎡ 증가)	0	140000	140000	0		140000	혼인으로 추가
202603	2111	GP21946O	국회의원	국회	국회의원	박충권	건물	배우자	근린생활시설	서울특별시 서초구 서초동 대지 31.64㎡ 중 1.58㎡ 건물 305.21㎡ 중 15.26㎡ (대지 지분면적 1.58㎡ 증가, 건물지분면적 15.26㎡ 증가)	0	313447	313447	0		313447	혼인으로 추가
202603	2112	GP21946O	국회의원	국회	국회의원	박충권	건물	배우자	근린생활시설	서울특별시 서초구 서초동 대지 16.36㎡ 중 0.81㎡ 건물157.69㎡ 중 7.89㎡ (대지 지분면적 0.81㎡ 증가, 건물 지분면적 7.89㎡ 증가)	0	162064	162064	0		162064	혼인으로 추가
202603	2113	GP21946O	국회의원	국회	국회의원	박충권	건물	배우자	근린생활시설	서울특별시 서초구 서초동 대지 18.78㎡ 중 0.93㎡ 건물 180.95㎡ 중 9.05㎡ (대지 지분면적 0.93㎡ 증가, 건물지분면적 9.05㎡ 증가)	0	185891	185891	0		185891	혼인으로 추가
202603	2114	GP21946O	국회의원	국회	국회의원	박충권	건물	배우자	의료시설	서울특별시 서초구 서초동 대지 7.83㎡ 중 0.39㎡ 건물75.50㎡ 중 3.78㎡ (대지 지분면적 0.39㎡ 증가, 건물 지분면적 3.78㎡ 증가)	0	77640	77640	0		77640	혼인으로 추가
202603	2115	GP21946O	국회의원	국회	국회의원	박충권	건물	배우자	의료시설	서울특별시 서초구 서초동 대지 10.95㎡ 중 0.54㎡ 건물 105.51㎡ 중 5.28㎡ (대지 지분면적 0.54㎡ 증가, 건물지분면적 5.28㎡ 증가)	0	108450	108450	0		108450	혼인으로 추가
202603	2116	GP21946O	국회의원	국회	국회의원	박충권	건물	배우자	아파트	서울특별시 성북구 장위동 건물 39.00㎡ (건물 39.00㎡증가)	0	460000	460000	0		460000	혼인으로 추가
202603	2117	GP21946O	국회의원	국회	국회의원	박충권	부동산에 관한 규정이 준용되는 권리와 자동차·건설기계·선박 및 항공기	배우자	자동차	2022년식 AMG GT43 배기량(2,999cc) 증가	0	797	858	0		797	혼인으로 추가
202603	2118	GP21946O	국회의원	국회	국회의원	박충권	부동산에 관한 규정이 준용되는 권리와 자동차·건설기계·선박 및 항공기	배우자	자동차	2019년식 C200 배기량(1,991cc) 증가	0	17730	17730	0		17730	혼인으로 추가
202603	2119	GP21946O	국회의원	국회	국회의원	박충권	예금	본인		(주)KB손해보험 454, (주)KEB하나은행 3,604(3,515증가), 농협은행 33,739(11,077 증가), 농협중앙회 3,399(3,053 증가), 미래에셋증권 276(4 증가), 주식회사카카오뱅크 0(60 감소), 케이뱅크 6,푸본현대생명보험주식회사 17,803(3,228 증가)	38464	40851		20034		59281	혼인으로 추가
202603	2120	GP21946O	국회의원	국회	국회의원	박충권	예금	배우자		(주)KEB하나은행 6,477(6,477 증가), KB증권 496(496증가), 미래에셋증권 29(29 증가), 빗썸 46,576(46,576 증가), 새마을금고중앙회 800(800 증가), 신한은행 4,554(4,554 증가), 우리은행 3(3 증가), 코인원70,353(70,353 증가), 하나증권 106(106 증가),한화생명보험주식회사 11,156(11,156 증가)	0	140550		0		140550	혼인으로 추가
202603	2121	GP21946O	국회의원	국회	국회의원	박충권	정치자금법에 따른 정치자금의 수입 및 지출을 위한 예금계좌의 예금	본인		농협은행 61,278(7,870 증가)	53408	7870		0		61278	후원금 모금
202603	2122	GP21946O	국회의원	국회	국회의원	박충권	증권	배우자	상장주식	NAVER 3주(3주 증가), SK 1주(1주 증가), SK하이닉스 60주(60주 증가), 대한항공 45주(45주 증가), 신흥에스이씨 35주(35주 증가), 에스케이하이닉스보통주 161주(161주 증가), 카카오 30주(30주 증가), 케이카10주(10주 증가), 코카콜라 0.025783주(0.025783주증가), 티이엠씨씨엔에스 10주(10주 증가), 파라다이스 75주(75주 증가), 하이트진로 20주(20주 증가)	0	149677		0		149677	혼인으로 추가
202603	2123	GP21946O	국회의원	국회	국회의원	박충권	채무	본인		사인간채무 증가	0	50000		0		50000	주거용 건물 매입
202603	2124	GP21946O	국회의원	국회	국회의원	박충권	채무	본인	금융채무	(주)KEB하나은행 1,266,410(1,266,410 증가), 농협은행 0(30,000 감소), 현대캐피탈 9,740(6,629 감소)	46369	1266410		36629		1276150	주거용 건물 매입
202603	2125	GP21946O	국회의원	국회	국회의원	박충권	채무	배우자	금융채무	(주)KEB하나은행 140,000(140,000 증가)	0	140000		0		140000	혼인으로 추가
202603	2126	GP21946O	국회의원	국회	국회의원	박충권	채무	배우자	건물임대채무	경기도 시흥시 정왕동 2건 임대보증금 증가	0	4000		0		4000	혼인으로 추가
202603	2127	GP21946O	국회의원	국회	국회의원	박충권	채무	배우자	건물임대채무	서울특별시 서초구 서초동 2건 임대보증금 증가	0	13500		0		13500	혼인으로 추가
202603	2128	GP21946O	국회의원	국회	국회의원	박충권	채무	배우자	건물임대채무	서울특별시 성북구 장위동 임대보증금 증가	0	270000		0		270000	혼인으로 추가
202603	2129	GP21946O	국회의원	국회	국회의원	박충권	가상자산	본인		네스트리 0개(0.00002547개 감소), 도지코인 0개(0.00004084개 감소), 리플 0개(0.00000079개 감소),비토르토큰 0개(29.13894161개 감소), 세럼 0개(0.000099개 감소), 아발란체 0개(0.00005893개감소), 에이다 0개(0.00007924개 감소), 엑스플라 0개(0.00007122개 감소), 폴카닷 0개(0.00212695개 감소)	0	0		0		0	혼인으로 추가
202603	2130	GP21946O	국회의원	국회	국회의원	박충권	가상자산	배우자		더마이다스터치골드 0.00009146개(0.00009146개 증가), 디스체인 7.1353252개(7.1353252개 증가), 럭스바이오 0.0000771개(0.0000771개 증가), 메티스0.00001274개(0.00001274개 증가), 볼타0.0000492개(0.0000492개 증가), 비트코인0.695개(0.695개 증가), 이더리움7.1353252개(7.1353252개 증가), 이더리움클래식19.649123개(19.649123개 증가), 이더리움피오더블유7.1353252개(7.1353252개 증가), 퀸비0.00008471개(0.00008471개 증가), 톰파이낸스0.00002634개(0.00002634개 증가)	0	120723		0		120723	혼인으로 추가
202603	2131	E2B3753X	국회의원	국회	국회의원	박해철	토지	본인	대지	강원특별자치도 삼척시 근덕면 상맹방리 495번지 27.92㎡	491	11		0		502	가액변동
202603	2132	E2B3753X	국회의원	국회	국회의원	박해철	토지	본인	대지	강원특별자치도 삼척시 근덕면 상맹방리 496번지 5.05㎡	89	1		0		90	가액변동
202603	2133	E2B3753X	국회의원	국회	국회의원	박해철	토지	본인	임야	강원특별자치도 삼척시 근덕면 상맹방리 산 26-2번지111.57㎡	246	3		0		249	가액변동
202603	2134	E2B3753X	국회의원	국회	국회의원	박해철	건물	본인	사무실(전세(임차)권)	경기도 안산시 단원구 선부동 안산세이브시티 건물132.23㎡	30000	0		0		30000	변동없음
202603	2135	E2B3753X	국회의원	국회	국회의원	박해철	건물	본인	아파트	경기도 안산시 단원구 선부동 안산라프리모 건물 84.96㎡	610000	0		0		610000	변동없음
202603	2136	E2B3753X	국회의원	국회	국회의원	박해철	건물	모	아파트	대구광역시 달서구 두류동 삼정그린빌 건물 59.93㎡ 중59.92㎡	172000	0		13000		159000	가액변동
202603	2137	E2B3753X	국회의원	국회	국회의원	박해철	건물	장남	오피스텔(전세(임차)권)	경기도 안산시 단원구 선부동 메이퀸오피스텔 건물27.13㎡ (건물 27.13㎡ 증가)	0	10000		0		10000	신규추가
202603	2138	E2B3753X	국회의원	국회	국회의원	박해철	건물	차남	다세대주택(전세(임차)권)	경기도 안산시 단원구 와동 건물 30.00㎡	3000	0		0		3000	변동없음
202603	2139	E2B3753X	국회의원	국회	국회의원	박해철	부동산에 관한 규정이 준용되는 권리와 자동차·건설기계·선박 및 항공기	배우자	자동차	2018년식 그랜저 배기량(2,400cc)	12480	0		4960		7520	가액변동
202603	2140	E2B3753X	국회의원	국회	국회의원	박해철	부동산에 관한 규정이 준용되는 권리와 자동차·건설기계·선박 및 항공기	배우자	자동차	2008년식 그랜저 배기량(2,700cc)	2140	0		490		1650	가액변동
202603	2141	E2B3753X	국회의원	국회	국회의원	박해철	예금	본인		(주)KEB하나은행 88,024(14,997 증가), DB금융투자 45(1증가), 교보생명보험 17,722, 국민은행 3, 농협은행3,006(2,787 증가), 동양생명보험 55,586, 미래에셋증권5, 삼성생명보험 4,086, 수협은행 105, 신용협동조합중앙회 200(200 증가), 신한라이프생명보험 96,000(400 증가), 우리은행 656,781(72,439 증가),우체국 60,611(3,262 증가), 유진투자증권 0(9 감소)	888097	227387		133310		982174	급여저축 및 직계비속의 근로소득으로 인한 예금 증가
202603	2142	E2B3753X	국회의원	국회	국회의원	박해철	예금	배우자		(주)KEB하나은행 17,487(991 감소), 농협중앙회 1,710,삼성생명보험 3,216, 삼성증권 10,837(10,837 증가),새마을금고중앙회 1,092, 우리은행 15,176(5,561 감소), 주식회사 카카오뱅크 0(12,482 감소), 한화생명보험주식회사 3,062(3,062 증가), 한화손해보험 601(601 증가)	57715	14500		19034		53181	급여저축 및 직계비속의 근로소득으로 인한 예금 증가
202603	2143	E2B3753X	국회의원	국회	국회의원	박해철	예금	모		농협중앙회 200,349(4,485 감소)	204834	188566		193051		200349	급여저축 및 직계비속의 근로소득으로 인한 예금 증가
202603	2144	E2B3753X	국회의원	국회	국회의원	박해철	예금	장남		(주)KEB하나은행 16,982(3,705 증가), 교보증권 0(28감소), 농협중앙회 0(1 감소), 삼성증권 129,342(110,206 증가), 우리은행 8,150(46,490 감소), 토스뱅크(주) 0(2,500 감소), 한화생명보험주식회사 93(93 증가)	89582	128520		63535		154567	급여저축 및 직계비속의 근로소득으로 인한 예금 증가
202603	2145	E2B3753X	국회의원	국회	국회의원	박해철	예금	차남		국민은행 8,392(5,159 증가), 우리은행 5,889(242 증가)	8880	5401		0		14281	급여저축 및 직계비속의 근로소득으로 인한 예금 증가
202603	2146	E2B3753X	국회의원	국회	국회의원	박해철	정치자금법에 따른 정치자금의 수입 및 지출을 위한 예금계좌의 예금	본인		농협은행 226,154(146,211 증가)	79943	146211		0		226154	후원금 증가
202603	2147	E2B3753X	국회의원	국회	국회의원	박해철	증권	본인	상장주식	호텔신라 0주(3주 감소)	110	0		110		0	신규 매입
202603	2148	E2B3753X	국회의원	국회	국회의원	박해철	증권	장남	상장주식	HD현대중공업 2주(2주 증가), SK하이닉스 2주(2주 증가), 리게티컴퓨팅 56주(56주 증가), 빔테라퓨틱스 119주(119주 증가), 샤오펑ADR 68주(68주 증가), 알파벳ClassA 12주(12주 증가), 에어로바이런먼트 3주(3주 증가), 엔비디아 19주(18.851907주 증가), 웨스턴디지털 5주(5주 증가), 재즈파마슈티컬스 31주(31주 증가), 코미코 19주(19주 증가), 테슬라1주(9주 감소), 한화오션 16주(16주 증가)	6164	34840		5483		35521	신규 매입
202603	2149	6U243644	국회의원	국회	국회의원	박형수	토지	본인	임야	경상북도 울진군 평해읍 월송리 산 20-3번지 920.00㎡ 중 263.00㎡ (총면적 920.00㎡ 증가, 지분면적 263.00㎡ 증가)	0	251		0		251	부친 사망. 법정상속분으로 신고
202603	2150	6U243644	국회의원	국회	국회의원	박형수	토지	모	답	경상북도 울진군 평해읍 월송리 1388-7번지 1,042.00㎡	18027	103		0		18130	가액변동
202603	2151	6U243644	국회의원	국회	국회의원	박형수	토지	모	답	경상북도 울진군 평해읍 월송리 1388-8번지 1,008.00㎡	17438	101		0		17539	가액변동
202603	2152	6U243644	국회의원	국회	국회의원	박형수	토지	모	임야	경상북도 울진군 평해읍 월송리 산 20-3번지 920.00㎡ 중 394.00㎡ (총면적 920.00㎡ 증가, 지분면적 394.00㎡ 증가)	0	377		0		377	부친 사망. 법정상속분으로 신고
202603	2153	6U243644	국회의원	국회	국회의원	박형수	건물	본인	단독주택	경상북도 울진군 평해읍 월송리 대지 608.00㎡ 건물78.36㎡	60500	0		1300		59200	가액변동
202603	2154	6U243644	국회의원	국회	국회의원	박형수	건물	본인	아파트	서울특별시 양천구 목동 목동신시가지아파트6단지 건물 95.03㎡ 중 47.51㎡	670000	67500		0		737500	가액변동
202603	2155	6U243644	국회의원	국회	국회의원	박형수	건물	본인	사무실(전세(임차)권)	경상북도 울진군 울진읍 읍내리 2층 건물 148.76㎡	50000	0		0		50000	변동없음
202603	2156	6U243644	국회의원	국회	국회의원	박형수	건물	본인	사무실(전세(임차)권)	경상북도 의성군 의성읍 후죽리 3층 건물 182.50㎡	20000	0		0		20000	변동없음
202603	2157	6U243644	국회의원	국회	국회의원	박형수	건물	본인	사무실(전세(임차)권)	경상북도 청송군 청송읍 월막리 3층 건물 115.70㎡	3000	0		0		3000	변동없음
202603	2158	6U243644	국회의원	국회	국회의원	박형수	건물	본인	사무실(전세(임차)권)	경상북도 영덕군 영덕읍 덕곡리 2층 건물 170.00㎡ (건물170.00㎡ 증가)	0	3000		0		3000	신규계약
202603	2159	6U243644	국회의원	국회	국회의원	박형수	건물	배우자	아파트	서울특별시 양천구 목동 목동신시가지아파트6단지 건물95.03㎡ 중 47.51㎡	670000	67500		0		737500	가액변동
202603	2160	6U243644	국회의원	국회	국회의원	박형수	건물	배우자	상가	서울특별시 강남구 역삼동 대지 24.96㎡ 중 8.32㎡ 건물49.05㎡ 중 16.35㎡	161408	8121		0		169529	가액변동
202603	2161	6U243644	국회의원	국회	국회의원	박형수	건물	배우자	아파트(전세(임차)권)	경상북도 의성군 의성읍 중리리 의성청구제네스1단지 건물82.65㎡	10000	0		0		10000	변동없음
202603	2162	6U243644	국회의원	국회	국회의원	박형수	부동산에 관한 규정이 준용되는 권리와 자동차·건설기계·선박 및 항공기	본인	자동차	2015년식 에쿠스 배기량(3,778cc)	15111	2029		0		17140	가액변동
202603	2163	6U243644	국회의원	국회	국회의원	박형수	부동산에 관한 규정이 준용되는 권리와 자동차·건설기계·선박 및 항공기	배우자	자동차	2013년식 그랜저HG 배기량(2,359cc)	3755	1005		0		4760	가액변동
202603	2164	6U243644	국회의원	국회	국회의원	박형수	예금	본인		농협은행 2,000(2,000 증가), 메트라이프생명보험 223,960(17,060 증가), 미래에셋생명보험 21,777(1,250증가), 삼성화재해상보험 10,200(1,200 증가), 신한은행 100,293(21,880 증가), 아이엠뱅크 382, 한국투자증권21(1 증가), 한화생명보험주식회사 53,360(600 증가)	368002	45745		1754		411993	급여 저축 및 생활비 지출
202603	2165	6U243644	국회의원	국회	국회의원	박형수	예금	배우자		국민은행 547, 메리츠화재해상보험(보험) 1,720(240증가), 삼성증권 34, 신한은행 48,950(19,276 증가)	31735	19516		0		51251	급여 저축 및 생활비 지출
202603	2166	6U243644	국회의원	국회	국회의원	박형수	예금	모		농협중앙회 2,542(334 증가), 수협중앙회 11,092(392증가), 우리은행 42, 우체국 59,939(144 증가)	72745	11570		10700		73615	급여 저축 및 생활비 지출
202603	2167	6U243644	국회의원	국회	국회의원	박형수	정치자금법에 따른 정치자금의 수입 및 지출을 위한 예금계좌의 예금	본인		농협은행 219,986(118,906 증가)	101080	118906		0		219986	후원금 증가
202603	2168	6U243644	국회의원	국회	국회의원	박형수	채무	배우자	건물임대채무	서울특별시 강남구 역삼동 임대보증금	10000	0		0		10000	변동없음
202603	2169	6U243644	국회의원	국회	국회의원	박형수	고지거부 및 등록제외사항	부		등록제외	868	0		868		0	사망
202603	2170	S824682L	국회의원	국회	국회의원	박홍근	토지	모	임야	전라남도 고흥군 도덕면 봉덕리 산 234-1번지 1,896.00㎡	3470	56		0		3526	공시지가 변동
202603	2171	S824682L	국회의원	국회	국회의원	박홍근	토지	모	전	전라남도 고흥군 도덕면 봉덕리 611-1번지 248.00㎡	2001	18		0		2019	공시지가 변동
202603	2172	S824682L	국회의원	국회	국회의원	박홍근	토지	모	도로	전라남도 고흥군 도덕면 봉덕리 883-3번지 7.00㎡	0	0		0		0	가액변동 없음
202603	2173	S824682L	국회의원	국회	국회의원	박홍근	토지	모	도로	전라남도 고흥군 도덕면 봉덕리 885-5번지 177.00㎡	0	0		0		0	가액변동 없음
202603	2174	S824682L	국회의원	국회	국회의원	박홍근	건물	본인	아파트	서울특별시 중랑구 신내2동 신내11단지대명아파트 건물49.77㎡ 중 24.89㎡	130526	5974		0		136500	공시가격 변동
202603	2175	S824682L	국회의원	국회	국회의원	박홍근	건물	본인	사무실(전세(임차)권)	서울특별시 중랑구 신내동 신아타운 건물 98.40㎡	40000	0		0		40000	변동 없음
202603	2176	S824682L	국회의원	국회	국회의원	박홍근	건물	배우자	아파트	서울특별시 중랑구 신내2동 신내11단지대명아파트 건물49.77㎡ 중 24.89㎡	130526	5974		0		136500	공시가격 변동
202603	2177	S824682L	국회의원	국회	국회의원	박홍근	건물	모	단독주택	전라남도 고흥군 도덕면 봉덕리 대지 314.00㎡ 건물104.99㎡	22600	0		400		22200	공시가격 변동
202603	2178	S824682L	국회의원	국회	국회의원	박홍근	부동산에 관한 규정이 준용되는 권리와 자동차·건설기계·선박 및 항공기	배우자	자동차	2020년식 그랜저 하이브리드 배기량(2,359cc)	22250	0		1820		20430	가액 변동
202603	2179	S824682L	국회의원	국회	국회의원	박홍근	예금	본인		KB라이프생명보험 25,994, 국민은행 1,046(570 증가),농협은행 23,363(12,033 증가), 신한은행 4,276(728증가), 에이아이지손해보험(주) 0(5,921 감소), 우리은행   9	47278	20675		13265		54688	급여 저축 및 생활비 지출
202603	2180	S824682L	국회의원	국회	국회의원	박홍근	예금	배우자		(주)KEB하나은행 1,879(6,399 감소), KB라이프생명보험 18,955, 국민은행 28,697(18,902 감소),메리츠화재해상보험(보험) 4,125(300 증가),삼성생명보험 9,407(1,235 증가), 새마을금고중앙회 20, 신한은행 2,671(2,665 증가), 에이아이지손해보험(주) 0(5,604 감소), 우리은행 8,015(1,215 증가), 주식회사 카카오뱅크 12,162(7,929 증가), 현대해상화재보험 59,651(3,288 증가), 흥국생명보험 5,676,흥국화재해상보험(주) 2,520(180 증가)	167871	18689		32782		153778	급여 저축 및 생활비 지출
202603	2181	S824682L	국회의원	국회	국회의원	박홍근	예금	모		농협중앙회 561(272 증가), 수협중앙회 501(1 증가),우체국 494(276 감소)	1559	273		276		1556	급여 저축 및 생활비 지출
202603	2182	S824682L	국회의원	국회	국회의원	박홍근	예금	장녀		국민은행 5,903(681 증가), 새마을금고중앙회 310(10증가), 토스뱅크(주) 261(163 증가)	5620	854		0		6474	급여 저축 및 생활비 지출
202603	2183	S824682L	국회의원	국회	국회의원	박홍근	정치자금법에 따른 정치자금의 수입 및 지출을 위한 예금계좌의 예금	본인		농협은행 11,166(21,981 감소)	33147	0		21981		11166	후원금 모금 및 의정활동 정치자금 사용
202603	2184	S824682L	국회의원	국회	국회의원	박홍근	채무	배우자	금융채무	흥국생명보험 3,803	3803	0		0		3803	변동 없음
202603	2185	ZW43496R	국회의원	국회	국회의원	박홍배	토지	모	임야	경상남도 창원시 진해구 용원동 산 190-13번지 3,306.00㎡중 1,323.00㎡	31619	133		0		31752	가액변동
202603	2186	ZW43496R	국회의원	국회	국회의원	박홍배	건물	본인	아파트(전세(임차)권)	서울특별시 양천구 목동 한신청구아파트 건물 103.22㎡	750000	100000		0		850000	보증금변동
202603	2187	ZW43496R	국회의원	국회	국회의원	박홍배	건물	모	아파트	부산광역시 해운대구 좌동 두산2차아파트 건물 74.00㎡	239000	0		0		239000	가액변동없음
202603	2188	ZW43496R	국회의원	국회	국회의원	박홍배	부동산에 관한 규정이 준용되는 권리와 자동차·건설기계·선박 및 항공기	본인	자동차	2020년식 K7 배기량(2,500cc)	20120	0		2290		17830	가액변동
202603	2189	ZW43496R	국회의원	국회	국회의원	박홍배	예금	본인		KB증권 59(1 증가), NH투자증권 0(30 감소), 국민은행 574,093(7,075 감소), 농협은행 8,515(126 증가),수협은행 5,644(6 증가), 신한라이프생명보험 33,524(1,310 증가), 신한투자증권 2,449(21 증가),아이엠증권 14, 우체국 2,628, 주식회사 카카오뱅크986(135 증가)	633418	324175		329681		627912	급여저축 및 생활비 지출 등
202603	2190	ZW43496R	국회의원	국회	국회의원	박홍배	예금	배우자		DB손해보험(주) 18,320(720 증가), 국민은행 44,168(541감소), 스탠다드차타드은행 6, 신한투자증권 187(3 증가),한화생명보험주식회사 3,814	66313	25828		25646		66495	급여저축 및 생활비 지출 등
202603	2191	ZW43496R	국회의원	국회	국회의원	박홍배	예금	모		국민은행 801(16 감소), 새마을금고중앙회 10, 수협은행10,000(10,000 증가), 신용협동조합중앙회 53,050(1,050증가), 우리은행 3,582(12,532 감소), 우체국 0(15,000 감소)	83941	63134		79632		67443	급여저축 및 생활비 지출 등
202603	2192	ZW43496R	국회의원	국회	국회의원	박홍배	예금	장남		국민은행 25,540(14,001 증가), 중소기업은행2,000(2,000 증가), 토스뱅크(주) 285(269 증가)	11555	16375		105		27825	급여저축 및 생활비 지출 등
202603	2193	ZW43496R	국회의원	국회	국회의원	박홍배	예금	차남		국민은행 13,078(1,429 증가)	11649	1429		0		13078	급여저축 및 생활비 지출 등
202603	2194	ZW43496R	국회의원	국회	국회의원	박홍배	예금	장녀		(주)카카오페이증권 12(8 증가), 국민은행 3,248(330 감소), 주식회사 카카오뱅크 22,198(5,815 증가)	19965	9189		3696		25458	급여저축 및 생활비 지출 등
202603	2195	ZW43496R	국회의원	국회	국회의원	박홍배	정치자금법에 따른 정치자금의 수입 및 지출을 위한 예금계좌의 예금	본인		농협은행 179,507(82,870 증가)	96637	82870		0		179507	후원금 증가
202603	2196	ZW43496R	국회의원	국회	국회의원	박홍배	증권	본인	상장주식	KB금융지주보통주 158주(149주 감소)	25450	6604		12352		19702	일부 매도 및 평가액변동
202603	2197	43Q3892U	국회의원	국회	국회의원	박희승	토지	본인	임야	전북특별자치도 남원시 산동면 목동리 산 96번지1,587.00㎡	2587	63		0		2650	
202603	2198	43Q3892U	국회의원	국회	국회의원	박희승	토지	본인	도로	전북특별자치도 남원시 이백면 강기리 54-2번지 69.00㎡	0	348		0		348	
202603	2199	43Q3892U	국회의원	국회	국회의원	박희승	토지	모	답	전북특별자치도 남원시 이백면 남계리 1109-8번지1,132.00㎡	13924	112		0		14036	
202603	2200	43Q3892U	국회의원	국회	국회의원	박희승	토지	모	답	전북특별자치도 남원시 이백면 남계리 1116-3번지4,007.20㎡	48888	400		0		49288	
202603	2201	43Q3892U	국회의원	국회	국회의원	박희승	토지	모	전	전북특별자치도 남원시 이백면 남계리 566-5번지 24.70㎡	289	2		0		291	
202603	2202	43Q3892U	국회의원	국회	국회의원	박희승	토지	모	전	전북특별자치도 남원시 이백면 남계리 566-6번지 62.90㎡	988	43		0		1031	
202603	2203	43Q3892U	국회의원	국회	국회의원	박희승	토지	모	대지	전북특별자치도 남원시 이백면 남계리 571번지 459.00㎡	7987	137		0		8124	
202603	2204	43Q3892U	국회의원	국회	국회의원	박희승	건물	본인	상가(전세(임차)권)	전북특별자치도 남원시 향교동 향교빌딩 2층 건물 84.00㎡(건물 84.00㎡ 증가)	0	5000		0		5000	지역사무실 임차
202603	2205	43Q3892U	국회의원	국회	국회의원	박희승	건물	본인	상가(전세(임차)권)	전북특별자치도 임실군 임실읍 이도리 삼일빌딩 건물60.00㎡ (건물 60.00㎡ 증가)	0	5000		0		5000	지역사무실 임차
202603	2206	43Q3892U	국회의원	국회	국회의원	박희승	건물	본인	상가(전세(임차)권)	전북특별자치도 순창군 순창읍 남계리 2층 건물 84.00㎡(건물 84.00㎡ 증가)	0	5000		0		5000	지역사무실 임차
202603	2207	43Q3892U	국회의원	국회	국회의원	박희승	건물	배우자	단독주택	서울특별시 종로구 평창동 대지 485.00㎡ 건물 202.04㎡	1990000	0		0		1990000	
202603	2208	43Q3892U	국회의원	국회	국회의원	박희승	건물	배우자	상가(전세(임차)권)	서울특별시 성동구 하왕십리동 센트라스 건물 96.37㎡	100000	0		0		100000	
202603	2209	43Q3892U	국회의원	국회	국회의원	박희승	건물	모	단독주택	전북특별자치도 남원시 이백면 남계리 대지 723.00㎡ 건물 227.28㎡	44600	0		2000		42600	
202603	2210	43Q3892U	국회의원	국회	국회의원	박희승	부동산에 관한 규정이 준용되는 권리와 자동차·건설기계·선박 및 항공기	본인	자동차	2023년식 카니발 하이리무진 배기량(3,470cc)	42297	5583		0		47880	
202603	2211	43Q3892U	국회의원	국회	국회의원	박희승	부동산에 관한 규정이 준용되는 권리와 자동차·건설기계·선박 및 항공기	본인	자동차	2016년식 EQ900 배기량(3,342cc)	5500	23280		0		28780	
202603	2212	43Q3892U	국회의원	국회	국회의원	박희승	부동산에 관한 규정이 준용되는 권리와 자동차·건설기계·선박 및 항공기	배우자	자동차	2019년식 그랜저 하이브리드 배기량(2,359cc)	12320	1380		0		13700	
202603	2213	43Q3892U	국회의원	국회	국회의원	박희승	예금	본인		(주)KEB하나은행 73, 국민은행 21,015(15,558 감소),농협은행 7(1,745 감소), 농협중앙회 3,375(1 증가), 새마을금고중앙회 14,228(453 증가), 신한은행 2,270(1,193 증가), 우리은행 520, 한국투자증권69,156(13,125 증가)	113175	15356		17887		110644	생활비 지출 등
202603	2214	43Q3892U	국회의원	국회	국회의원	박희승	예금	배우자		KB증권 305(179 증가), 국민은행 391,523(202,092 증가),농협중앙회 0(15,589 감소), 라이나생명보험 0(2,265 감소), 미래에셋증권 100,343(100,340 증가), 삼성생명보험 194,941(187,309 감소), 신한라이프생명보험 13,494(3,306 감소), 신한은행 34,716(125,465 감소), 우체국 32,815(10,436 감소)	809896	449519		491278		768137	생활비 지출 등
202603	2215	43Q3892U	국회의원	국회	국회의원	박희승	예금	모		농협은행 245, 농협중앙회 27,354(9,754 증가),산림조합중앙회 87, 새마을금고중앙회 2	17934	9754		0		27688	생활비 지출 등
202603	2216	43Q3892U	국회의원	국회	국회의원	박희승	예금	장남		KB라이프생명보험 46,719, 국민은행 1, 빗썸 0(10 감소),신한은행 21,964(467 감소)	69161	1		478		68684	생활비 지출 등
202603	2217	43Q3892U	국회의원	국회	국회의원	박희승	예금	차남		(주)KEB하나은행 0(540 감소), 국민은행 7,069(6,802 증가), 농협중앙회 71,206(5,056 증가), 미래에셋증권 4,436(4,436 증가), 신한은행 9,405(4,031 감소),중소기업은행 0(35 감소)	80428	71544		59856		92116	생활비 지출 등
202603	2218	43Q3892U	국회의원	국회	국회의원	박희승	정치자금법에 따른 정치자금의 수입 및 지출을 위한 예금계좌의 예금	본인		농협은행 254,524(143,708 증가)	110816	143708		0		254524	후원금 증가
202603	2219	43Q3892U	국회의원	국회	국회의원	박희승	증권	배우자	상장주식	LG전자 102주(102주 증가), SK 91주(91주 증가), SK아이이테크놀로지 2주(1주 감소), SK하이닉스 1주(1주 증가), 뉴스케일파워 11주(11주 증가), 두산에너빌리티 1주(1주 증가), 삼성전자 1주(1주 증가), 셀트리온22주(1주 증가), 신성이엔지 3,500주, 엔비디아 1주(1주 증가), 캡티비전 16,016주, 테슬라 13주(13주 증가), 한화엔진 148주(148주 증가), 현대차 39주(39주 증가)	24730	61864		8761		77833	신규 매수
202603	2220	43Q3892U	국회의원	국회	국회의원	박희승	증권	장남	상장주식	하이퍼코퍼레이션 30,839주(30,839주 증가)	0	61832		0		61832	신규 매수
202603	2221	43Q3892U	국회의원	국회	국회의원	박희승	채권	본인		사인간채권	194000	0		0		194000	
202603	2222	43Q3892U	국회의원	국회	국회의원	박희승	채무	본인	금융채무	농협은행 68,430(68,430 증가), 신한은행 0(79,170 감소)	79170	68430		79170		68430	
202603	2223	43Q3892U	국회의원	국회	국회의원	박희승	채무	배우자	금융채무	국민은행 429,925(25,432 증가), 신한은행 8,333(33,332감소)	446158	86666		94566		438258	
202603	2224	43Q3892U	국회의원	국회	국회의원	박희승	채무	장남	금융채무	신한은행 20,800, 주식회사 카카오뱅크 0(2,000 감소)	22800	0		2000		20800	
202603	2225	43Q3892U	국회의원	국회	국회의원	박희승	가상자산	장남		리플 0.000016개, 비트코인 0.00009132개, 스텔라루멘0.00008908개, 싸이클럽 16.6237개	12	0		1		11	가액변동
202603	2226	43Q3892U	국회의원	국회	국회의원	박희승	고지거부 및 등록제외사항	장녀		고지거부	0	0		0		0	독립생계유지
202603	2227	QQP4727N	국회의원	국회	국회의원	배준영	토지	본인	임야	경상남도 거제시 거제면 옥산리 산 43-2번지 111,867.00㎡중 37,289.00㎡	70103	0		1492		68611	가액변동
202603	2228	QQP4727N	국회의원	국회	국회의원	배준영	토지	본인	대지	인천광역시 미추홀구 용현동 50-38번지 31.60㎡	40954	726		0		41680	가액변동
202603	2229	QQP4727N	국회의원	국회	국회의원	배준영	토지	본인	대지	인천광역시 미추홀구 용현동 50-48번지 169.70㎡	219931	3903		0		223834	가액변동
202603	2230	QQP4727N	국회의원	국회	국회의원	배준영	토지	본인	대지	인천광역시 미추홀구 용현동 50-9번지 173.90㎡	378059	5564		0		383623	가액변동
202603	2231	QQP4727N	국회의원	국회	국회의원	배준영	토지	본인	임야	전라남도 무안군 청계면 송현리 산 80번지 32,926.00㎡ 중13,224.00㎡	32928	396		0		33324	가액변동
202603	2232	QQP4727N	국회의원	국회	국회의원	배준영	건물	본인	사무실	서울특별시 영등포구 여의도동 대지 0.00㎡ 중 0.00㎡건물 0.00㎡ 중 0.00㎡ (대지 지분면적 7.14㎡ 감소, 건물지분면적 59.71㎡ 감소)	132171	0		132171		0	대지면적 수정
202603	2233	QQP4727N	국회의원	국회	국회의원	배준영	건물	본인	사무실	서울특별시 영등포구 여의도동 대지 11.11㎡ 건물 92.91㎡	205161	6786		0		211947	가액변동
202603	2234	QQP4727N	국회의원	국회	국회의원	배준영	건물	본인	사무실	서울특별시 영등포구 여의도동 대지 0.00㎡ 건물 0.00㎡(대지 7.56㎡ 감소, 건물 63.17㎡ 감소)	139595	0		139595		0	배우자에게 증여
202603	2235	QQP4727N	국회의원	국회	국회의원	배준영	건물	본인	사무실	서울특별시 영등포구 여의도동 대지 11.30㎡ 건물 94.51㎡	209230	6906		0		216136	가액변동
202603	2236	QQP4727N	국회의원	국회	국회의원	배준영	건물	본인	사무실	서울특별시 영등포구 여의도동 대지 0.00㎡ 중 0.00㎡건물 0.00㎡ 중 0.00㎡ (대지 지분면적 6.04㎡ 감소, 건물지분면적 50.51㎡ 감소)	111811	0		111811		0	대지면적 수정
202603	2237	QQP4727N	국회의원	국회	국회의원	배준영	건물	본인	사무실	서울특별시 영등포구 여의도동 대지 10.98㎡ 건물 91.78㎡	203279	6711		0		209990	가액변동
202603	2238	QQP4727N	국회의원	국회	국회의원	배준영	건물	본인	사무실	서울특별시 영등포구 여의도동 대지 15.21㎡ 건물127.19㎡	327038	0		0		327038	
202603	2239	QQP4727N	국회의원	국회	국회의원	배준영	건물	본인	사무실	서울특별시 영등포구 여의도동 대지 14.10㎡ 건물117.86㎡	260303	8611		0		268914	가액변동
202603	2240	QQP4727N	국회의원	국회	국회의원	배준영	건물	본인	사무실	서울특별시 영등포구 여의도동 대지 14.28㎡ 건물119.42㎡	263657	8720		0		272377	가액변동
202603	2241	QQP4727N	국회의원	국회	국회의원	배준영	건물	본인	사무실	서울특별시 영등포구 여의도동 대지 11.11㎡ 건물 92.91㎡	205160	6785		0		211945	가액변동
202603	2242	QQP4727N	국회의원	국회	국회의원	배준영	건물	본인	사무실	서울특별시 영등포구 여의도동 대지 28.38㎡ 건물237.30㎡	525102	17343		0		542445	가액변동
202603	2243	QQP4727N	국회의원	국회	국회의원	배준영	건물	본인	아파트	서울특별시 영등포구 여의도동 시범 건물 118.12㎡	1672000	216000		0		1888000	가액변동
202603	2244	QQP4727N	국회의원	국회	국회의원	배준영	건물	본인	사무실(전세(임차)권)	인천광역시 중구 신흥동2가 2층 건물 91.23㎡	10000	0		0		10000	
202603	2245	QQP4727N	국회의원	국회	국회의원	배준영	건물	본인	사무실	서울특별시 영등포구 여의도동 대지 14.28㎡ 중 7.14㎡ 건물 119.42㎡ 중 59.71㎡ (대지 지분면적 7.14㎡ 증가,건물 지분면적 59.71㎡ 증가)	0	136535		0		136535	대지면적 수정
202603	2246	QQP4727N	국회의원	국회	국회의원	배준영	건물	본인	사무실	서울특별시 영등포구 여의도동 대지 14.10㎡ 중 6.04㎡건물 117.86㎡ 중 50.51㎡ (대지 지분면적 6.04㎡ 증가, 건물 지분면적 50.51㎡ 증가)	0	115500		0		115500	대지면적 수정
202603	2247	QQP4727N	국회의원	국회	국회의원	배준영	건물	배우자	사무실	서울특별시 영등포구 여의도동 대지 1.88㎡ 건물 94.51㎡중 15.75㎡	34820	1149		0		35969	가액변동
202603	2248	QQP4727N	국회의원	국회	국회의원	배준영	건물	배우자	아파트(전세(임차)권)	인천광역시 중구 운서동 운서 SK VIEW Skycity 건물 84.96㎡	300000	0		0		300000	
202603	2249	QQP4727N	국회의원	국회	국회의원	배준영	건물	배우자	사무실	서울특별시 영등포구 여의도동 대지 7.56㎡ 건물 63.17㎡ (대지 7.56㎡ 증가, 건물 63.17㎡ 증가)	0	144212		0		144212	수증
202603	2250	QQP4727N	국회의원	국회	국회의원	배준영	건물	장남	사무실	서울특별시 영등포구 여의도동 대지 34.31㎡ 중 5.71㎡ 건물 286.81㎡ 중 47.80㎡ (대지 지분면적 5.71㎡ 증가,건물 지분면적 47.80㎡ 증가)	0	109144		0		109144	수증
202603	2251	QQP4727N	국회의원	국회	국회의원	배준영	건물	장녀	사무실	서울특별시 영등포구 여의도동 대지 34.31㎡ 중 5.71㎡ 건물 286.81㎡ 중 47.80㎡ (대지 지분면적 5.71㎡ 증가,건물 지분면적 47.80㎡ 증가)	0	109144		0		109144	수증
202603	2252	QQP4727N	국회의원	국회	국회의원	배준영	부동산에 관한 규정이 준용되는 권리와 자동차·건설기계·선박 및 항공기	본인	자동차	2014년식 제네시스 배기량(3,778cc)	10590	0		600		9990	가액변동
202603	2253	QQP4727N	국회의원	국회	국회의원	배준영	부동산에 관한 규정이 준용되는 권리와 자동차·건설기계·선박 및 항공기	본인	자동차	2022년식 카니발하이리무진 배기량(2,151cc)	34940	0		1240		33700	가액변동
202603	2254	QQP4727N	국회의원	국회	국회의원	배준영	예금	본인		(주)KEB하나은행 68, (주)상상인증권 595(5 증가),국민은행 2,032, 농협중앙회 1,168(12,226 감소), 미래에셋생명보험 23,233(1,200 증가), 삼성생명보험 85,184(4,387 증가), 새마을금고중앙회 2,601(475 증가),신용협동조합중앙회 109, 신한은행 800,263(228,165증가), 우리은행 230	693477	234232		12226		915483	급여저축 등
202603	2255	QQP4727N	국회의원	국회	국회의원	배준영	예금	배우자		(주)KEB하나은행 290,798(179,474 감소), 교보생명보험36,000, 삼성화재해상보험 5,346	511618	47		179521		332144	급여저축 등
202603	2256	QQP4727N	국회의원	국회	국회의원	배준영	예금	장남		국민은행 19,308(11,503 증가), 신한은행 24,803(11,254증가), 우리은행 8	21362	27157		4400		44119	급여저축 등
202603	2257	QQP4727N	국회의원	국회	국회의원	배준영	예금	장녀		신한은행 7,569(917 감소)	8486	16		933		7569	급여저축 등
202603	2258	QQP4727N	국회의원	국회	국회의원	배준영	정치자금법에 따른 정치자금의 수입 및 지출을 위한 예금계좌의 예금	본인		농협중앙회 16,292(1,418 감소)	17710	0		1418		16292	의정활동 지출
202603	2259	QQP4727N	국회의원	국회	국회의원	배준영	채무	본인	금융채무	신한은행 810,000	810000	0		0		810000	
202603	2260	QQP4727N	국회의원	국회	국회의원	배준영	채무	본인	건물임대채무	서울특별시 영등포구 여의도동 시범 임대보증금	320000	0		0		320000	
202603	2261	QQP4727N	국회의원	국회	국회의원	배준영	채무	본인	건물임대채무	서울특별시 영등포구 여의도동 10건 임대보증금 감소	115871	24000		53534		86337	계약변동
202603	2262	QQP4727N	국회의원	국회	국회의원	배준영	채무	배우자	건물임대채무	서울특별시 영등포구 여의도동 임대보증금 증가	0	8000		0		8000	임대계약
202603	2263	QQP4727N	국회의원	국회	국회의원	배준영	골동품 및 예술품	장녀		악기(첼로)	15000	0		0		15000	
202603	2264	QQP4727N	국회의원	국회	국회의원	배준영	회원권	본인	콘도미니엄	금호리조트 주식회사	57160	0		0		57160	
202603	2265	QQP4727N	국회의원	국회	국회의원	배준영	비영리법인에 출연한 재산	본인	출연	사단법인 인천경제연구원, 출연재산: 50,000천원,보유직위: 이사 사임	-	-		-		-	
202603	2266	QQP4727N	국회의원	국회	국회의원	배준영	고지거부 및 등록제외사항	부		고지거부	0	0		0		0	독립생계유지
202603	2267	QQP4727N	국회의원	국회	국회의원	배준영	고지거부 및 등록제외사항	모		고지거부	0	0		0		0	독립생계유지
202603	2268	4X525582	국회의원	국회	국회의원	배현진	건물	본인	사무실(전세(임차)권)	서울특별시 송파구 삼전동 젠코아빌딩 건물 90.00㎡	15000	0		0		15000	
202603	2269	4X525582	국회의원	국회	국회의원	배현진	건물	본인	아파트(전세(임차)권)	서울특별시 송파구 잠실동 리센츠 건물 27.68㎡	29400	0		0		29400	
202603	2270	4X525582	국회의원	국회	국회의원	배현진	예금	본인		국민은행 180,964(18,580 감소), 농협은행 6,846(3,089증가), 신한은행 144, 우체국 15(11 증가), 중소기업은행 14,552, 토스뱅크(주) 11,429(7,952 감소),현대해상화재보험 44,259(4,104 증가)	277537	9128		28456		258209	급여저축 및 생활비 지출
202603	2271	4X525582	국회의원	국회	국회의원	배현진	정치자금법에 따른 정치자금의 수입 및 지출을 위한 예금계좌의 예금	본인		농협은행 413,554(73,916 증가)	339638	73916		0		413554	정치후원금 증가
202603	2272	4X525582	국회의원	국회	국회의원	배현진	고지거부 및 등록제외사항	부		고지거부	0	0		0		0	독립생계유지
202603	2273	4X525582	국회의원	국회	국회의원	배현진	고지거부 및 등록제외사항	모		고지거부	0	0		0		0	독립생계유지
202603	2274	YN160848	국회의원	국회	국회의원	백선희	건물	본인	아파트	경기도 고양시 일산동구 마두동 백마마을2단지아파트 건물132.80㎡ 중 66.40㎡	269000	2000		0		271000	가액변동
202603	2275	YN160848	국회의원	국회	국회의원	백선희	건물	배우자	아파트	경기도 고양시 일산동구 마두동 백마마을2단지아파트 건물132.80㎡ 중 66.40㎡	269000	2000		0		271000	가액변동
202603	2276	YN160848	국회의원	국회	국회의원	백선희	건물	모	아파트	경기도 고양시 덕양구 화정동 달빛마을3단지아파트 건물84.95㎡	256000	0		9000		247000	가액변동
202603	2277	YN160848	국회의원	국회	국회의원	백선희	건물	차남	오피스텔(전세(임차)권)	서울특별시 동대문구 이문동 리원하우스 건물 28.36㎡	2500	0		0		2500	변동사항 없음
202603	2278	YN160848	국회의원	국회	국회의원	백선희	부동산에 관한 규정이 준용되는 권리와 자동차·건설기계·선박 및 항공기	본인	자동차	2017년식 QM6 배기량(1,995cc)	11070	0		1470		9600	가액변동
202603	2279	YN160848	국회의원	국회	국회의원	백선희	부동산에 관한 규정이 준용되는 권리와 자동차·건설기계·선박 및 항공기	본인	자동차	2013년식 자기인증면제차량 제네시스(GENESIS)배기량(3,778cc)	127	0		15		112	가액변동
202603	2280	YN160848	국회의원	국회	국회의원	백선희	부동산에 관한 규정이 준용되는 권리와 자동차·건설기계·선박 및 항공기	배우자	자동차	2013년식 자기인증면제차량 제네시스(GENESIS)배기량(3,778cc)	12642	0		1475		11167	가액변동
202603	2281	YN160848	국회의원	국회	국회의원	백선희	예금	본인		(주)KB손해보험 25,911(1,762 증가), (주)KEB하나은행 0(3,771 감소), 국민은행 194,714(107,737 증가),농협은행 80,852(80,852 증가), 삼성생명보험 10,494,삼성화재해상보험 6,438(58,165 감소), 신한라이프생명보험 123,277(18,029 증가), 신한은행 0(3,051 감소), 주식회사 카카오뱅크 151, 한국교직원공제회 108,420(6,721 증가), 한국투자증권 33,965(722 증가), 한화손해보험 11,147(3,526 증가),현대해상화재보험 141,552, 흥국화재해상보험(주)6,356(363 증가)	588552	272253		117528		743277	급여 저축 및 생활비 지출 등
202603	2282	YN160848	국회의원	국회	국회의원	백선희	예금	배우자		국민은행 109,014(9,597 감소), 삼성증권 40,329(40,329증가), 삼성화재해상보험 1,540(10,341 감소), 스탠다드차타드은행 0(363 감소), 신한라이프생명보험 29(52,291 감소), 우체국 0(1 감소), 한국교직원공제회215,530(21,698 증가), 한화생명보험주식회사 0(32,750 감소), 한화손해보험 2,978(5,393 감소)	418129	103174		151883		369420	급여 저축 및 생활비 지출 등
202603	2283	YN160848	국회의원	국회	국회의원	백선희	예금	모		(주)KB손해보험 8,614(957 증가), 국민은행 32,105(23,415 증가), 농협중앙회 3,132(3,100 증가),새마을금고중앙회 12, 신한은행 1, 우체국 2	16394	35472		8000		43866	급여 저축 및 생활비 지출 등
202603	2284	YN160848	국회의원	국회	국회의원	백선희	예금	장남		(주)KEB하나은행 0(9 감소), 국민은행 37,980(17,711 감소), 농협생명보험 20,000(2,000 증가), 신한은행 3,698(98 증가), 우리은행 14, 한화손해보험 2,004(434증가)	78884	16621		31809		63696	급여 저축 및 생활비 지출 등
202603	2285	YN160848	국회의원	국회	국회의원	백선희	예금	차남		국민은행 119(2,581 감소), 농협생명보험 0(9,160 감소),빗썸 0(10 감소), 우리은행 3, 한화손해보험 1,819(265 증가)	13427	384		11870		1941	급여 저축 및 생활비 지출 등
202603	2286	YN160848	국회의원	국회	국회의원	백선희	정치자금법에 따른 정치자금의 수입 및 지출을 위한 예금계좌의 예금	본인		농협은행 23,335(23,335 증가)	0	23335		0		23335	정치자금 계좌 개설
202603	2287	YN160848	국회의원	국회	국회의원	백선희	증권	배우자	상장주식	삼성전자 260주(260주 증가), 카카오 334주(334주 증가),현대오토에버 35주(35주 증가)	0	62867		0		62867	매수
202603	2288	YN160848	국회의원	국회	국회의원	백선희	채무	배우자	금융채무	국민은행 0(285 감소)	285	0		285		0	전액 상환
202603	2289	YN160848	국회의원	국회	국회의원	백선희	채무	차남	금융채무	국민은행 8,797(2,446 감소), 농협생명보험 0(2,090 감소), 아이엠뱅크 0(1,356 감소), 우리카드 0(403 감소)	15092	0		6295		8797	일부 상환
202603	2290	YN160848	국회의원	국회	국회의원	백선희	회원권	배우자	콘도미니엄	리솜포레스트 (제천) 증가	39960	40		0		40000	시가표준액 변동
202603	2291	YN160848	국회의원	국회	국회의원	백선희	가상자산	배우자		에이다 14.07663822개(14.07663822개 증가), 테더0.0004748개(0.0004748개 증가)	0	7		0		7	매수 및 매도
202603	2292	YN160848	국회의원	국회	국회의원	백선희	가상자산	차남		리플 0개(0.00000096개 감소), 테더0.00000009개(0.00000068개 감소)	0	0		0		0	매수 및 매도
202603	2293	MDC3257K	국회의원	국회	국회의원	백승아	건물	본인	아파트	강원특별자치도 원주시 반곡동 원주혁신도시제일풍경채센텀포레 건물 140.59㎡ 중70.29㎡	205250	0		0		205250	변동없음
202603	2294	MDC3257K	국회의원	국회	국회의원	백승아	건물	배우자	아파트	강원특별자치도 원주시 반곡동 원주혁신도시제일풍경채센텀포레 건물 140.59㎡ 중70.29㎡	205250	0		0		205250	변동없음
202603	2295	MDC3257K	국회의원	국회	국회의원	백승아	부동산에 관한 규정이 준용되는 권리와 자동차·건설기계·선박 및 항공기	본인	자동차	2014년식 카니발 배기량(2,199cc) 감소	3310	0		3310		0	소유권상실
202603	2296	MDC3257K	국회의원	국회	국회의원	백승아	부동산에 관한 규정이 준용되는 권리와 자동차·건설기계·선박 및 항공기	배우자	자동차	2014년식 카니발 배기량(2,199cc) 감소	3310	0		3310		0	소유권상실
202603	2297	MDC3257K	국회의원	국회	국회의원	백승아	부동산에 관한 규정이 준용되는 권리와 자동차·건설기계·선박 및 항공기	배우자	자동차	2025년식 카니발하이브리드 배기량(1,598cc) 증가	0	42570	42570	0		42570	매입
202603	2298	MDC3257K	국회의원	국회	국회의원	백승아	예금	본인		(주)KB손해보험 4,555(789 증가), DB손해보험(주) 960(360 증가), NH투자증권 19,226(10,133 증가),교보생명보험 56,283(1,515 증가), 국민은행 2,580(5,938 감소), 농협은행 16,460(1,736 감소), 동양생명보험 15,324(1,265 증가), 미래에셋증권 1, 삼성증권 1,184(10 증가), 새마을금고중앙회 1(28,004 감소), 스탠다드차타드은행 7, 키움증권 76, 한화생명보험주식회사 3,160(441 증가), 한화손해보험 15,106(1,419 증가), 흥국생명보험 2,608(392 증가),흥국화재해상보험(주) 4,435(766 증가)	160554	17564		36152		141966	분양 계약금 지급으로 감소
202603	2299	MDC3257K	국회의원	국회	국회의원	백승아	예금	배우자		(주)KB손해보험 5,386(506 증가), (주)KEB하나은행 361(146 증가), 국민은행 4,926(350 증가), 농협은행3,876(3,619 증가), 동양생명보험 11,943(646 증가),새마을금고중앙회 20,283(770 증가), 스탠다드차타드은행 7, 주식회사 카카오뱅크 20, 토스증권(주) 99(60 증가), 한국교직원공제회 29,368(3,785 증가), 흥국생명보험 3,904(586 증가), 흥국화재해상보험(주) 6,468(949 증가)	75224	11697		280		86641	분양 계약금 지급으로 감소
202603	2300	MDC3257K	국회의원	국회	국회의원	백승아	예금	장남		농협은행 4,979(439 증가), 키움증권 669(144 증가)	5065	583		0		5648	분양 계약금 지급으로 감소
202603	2301	MDC3257K	국회의원	국회	국회의원	백승아	예금	차남		농협은행 2,920(360 증가), 키움증권 668(144 증가)	3084	504		0		3588	분양 계약금 지급으로 감소
202603	2302	MDC3257K	국회의원	국회	국회의원	백승아	예금	장녀		농협은행 4,300(300 증가), 키움증권 804(145 증가)	4659	445		0		5104	분양 계약금 지급으로 감소
202603	2303	MDC3257K	국회의원	국회	국회의원	백승아	정치자금법에 따른 정치자금의 수입 및 지출을 위한 예금계좌의 예금	본인		농협은행 190,719(98,824 증가)	91895	98824		0		190719	후원금  증가
202603	2304	MDC3257K	국회의원	국회	국회의원	백승아	증권	장남	상장주식	삼성전자보통주 110주	5852	7337		0		13189	주식가액상승
202603	2305	MDC3257K	국회의원	국회	국회의원	백승아	증권	차남	상장주식	삼성전자보통주 110주	5852	7337		0		13189	주식가액상승
202603	2306	MDC3257K	국회의원	국회	국회의원	백승아	증권	장녀	상장주식	삼성전자보통주 110주	5852	7337		0		13189	주식가액상승
202603	2307	MDC3257K	국회의원	국회	국회의원	백승아	채무	본인	금융채무	교보생명보험 17,040(17,040 증가)	0	17040		0		17040	신규대출
202603	2308	MDC3257K	국회의원	국회	국회의원	백승아	채무	배우자	금융채무	(주)KEB하나은행 226,637(2,369 감소), 공무원연금공단 0(400 감소), 한국교직원공제회 20,784(20,784 증가)	229406	20784		2769		247421	채무변제
202603	2309	MDC3257K	국회의원	국회	국회의원	백승아	고지거부 및 등록제외사항	부		고지거부	0	0		0		0	기타
202603	2310	MDC3257K	국회의원	국회	국회의원	백승아	고지거부 및 등록제외사항	모		고지거부	0	0		0		0	독립생계유지
202603	2311	CAA7713A	국회의원	국회	국회의원	백종헌	토지	본인	대지	경상남도 양산시 신기동 644-9번지 0.00㎡ (927.70㎡ 감소)	1168902	0		1168902	1168902	0	토지 증여
202603	2312	CAA7713A	국회의원	국회	국회의원	백종헌	토지	본인	대지	경상남도 양산시 신기동 644-9번지 927.70㎡ 중 556.62㎡ (총면적 927.70㎡ 증가, 지분면적 556.62㎡ 증가)	0	708577		0		708577	토지일부증여
202603	2313	CAA7713A	국회의원	국회	국회의원	백종헌	토지	배우자	주차장	경상남도 양산시 북부동 148-34번지 734.00㎡	640194	7707		0		647901	공시지가상승
202603	2314	CAA7713A	국회의원	국회	국회의원	백종헌	토지	장남	답	부산광역시 금정구 두구동 1096-2번지 1,306.00㎡	552438	9664		0		562102	공시지가상승
202603	2315	CAA7713A	국회의원	국회	국회의원	백종헌	토지	장남	잡종지	부산광역시 금정구 회동동 517-52번지 1,570.00㎡	1302472	16014		0		1318486	공시지가상승
202603	2316	CAA7713A	국회의원	국회	국회의원	백종헌	토지	장남	임야	경상남도 양산시 동면 사송리 산 147번지 7,940.00㎡	121482	9528		0		131010	공시지가상승
202603	2317	CAA7713A	국회의원	국회	국회의원	백종헌	토지	장남	임야	울산광역시 울주군 삼남면 방기리 산 30번지 7,041.00㎡	84492	2816		0		87308	공시지가상승
202603	2318	CAA7713A	국회의원	국회	국회의원	백종헌	토지	장녀	대지	경상남도 양산시 신기동 644-9번지 927.70㎡ 중 371.08㎡ (총면적 927.70㎡ 증가, 지분면적 371.08㎡ 증가)	0	472384		0		472384	토지수증
202603	2319	CAA7713A	국회의원	국회	국회의원	백종헌	토지	차녀	대지	부산광역시 금정구 부곡동 244-2번지 110.10㎡ (110.10㎡ 증가)	0	410562		0		410562	토지수증
202603	2320	CAA7713A	국회의원	국회	국회의원	백종헌	건물	본인	공장	부산광역시 금정구 회동동 (주)백산금속 대지 518.40㎡건물 893.97㎡	901061	5142		0		906203	공시가격상승
202603	2321	CAA7713A	국회의원	국회	국회의원	백종헌	건물	본인	공장	부산광역시 금정구 회동동 (주)백산금속 대지 1,017.80㎡건물 815.78㎡	1534191	21982		0		1556173	공시가격상승
202603	2322	CAA7713A	국회의원	국회	국회의원	백종헌	건물	본인	아파트	부산광역시 금정구 부곡동 에스케이아파트 건물 163.85㎡	401000	0		26000		375000	공시가격하락
202603	2323	CAA7713A	국회의원	국회	국회의원	백종헌	건물	본인	근린생활시설	부산광역시 금정구 서동 대지 1,039.70㎡ 건물 1,104.70㎡	4022252	39466		0		4061718	공시가격상승
202603	2324	CAA7713A	국회의원	국회	국회의원	백종헌	건물	본인	공장	경상남도 양산시 산막동 대지 10,380.40㎡ 건물1,700.94㎡	6213049	33778		0		6246827	공시가격상승
202603	2325	CAA7713A	국회의원	국회	국회의원	백종헌	건물	본인	오피스텔(전세(임차)권)	서울특별시 영등포구 영등포동8가 리마크빌 영등포 건물35.03㎡	15000	0		0		15000	변동없음
202603	2326	CAA7713A	국회의원	국회	국회의원	백종헌	건물	본인	오피스텔	부산광역시 금정구 부곡동 백산오피스텔 대지 110.10㎡건물 805.53㎡ (대지 110.10㎡ 감소)	1362167	0		399129		963038	토지일부증여
202603	2327	CAA7713A	국회의원	국회	국회의원	백종헌	건물	배우자	아파트	부산광역시 금정구 장전동 래미안포레스티지1단지 건물502.47㎡ (건물 502.47㎡ 증가)	0	1100000	1100000	0		1100000	아파트매입
202603	2328	CAA7713A	국회의원	국회	국회의원	백종헌	건물	장녀	오피스텔(전세(임차)권)	서울특별시 영등포구 영등포동8가 리마크빌 영등포 건물40.31㎡	15000	0		0		15000	변동없음
202603	2329	CAA7713A	국회의원	국회	국회의원	백종헌	부동산에 관한 규정이 준용되는 권리와 자동차·건설기계·선박 및 항공기	배우자	자동차	2015년식 C200 배기량(2,000cc)	12000	0		90		11910	가액변동
202603	2330	CAA7713A	국회의원	국회	국회의원	백종헌	부동산에 관한 규정이 준용되는 권리와 자동차·건설기계·선박 및 항공기	장남	자동차	2020년식 K5 배기량(1,999cc) 감소	12000	0		12000	17500	0	차량매도
202603	2331	CAA7713A	국회의원	국회	국회의원	백종헌	부동산에 관한 규정이 준용되는 권리와 자동차·건설기계·선박 및 항공기	장남	자동차	2025년식 GV70 배기량(2,497cc) 증가	0	52980	57000	0		52980	차량매입
202603	2332	CAA7713A	국회의원	국회	국회의원	백종헌	부동산에 관한 규정이 준용되는 권리와 자동차·건설기계·선박 및 항공기	장녀	자동차	2019년식 GLA 220 배기량(2,000cc)	18570	0		2190		16380	가액변동
202603	2333	CAA7713A	국회의원	국회	국회의원	백종헌	예금	본인		(주)KB손해보험 34,049(3,744 증가), DB손해보험(주) 61,000(894 증가), 교보생명보험 86,612(12,000 증가),국민은행 932(225 감소), 농협은행 1,181(20 감소), 메트라이프생명보험 178,510(28,836 증가), 부산은행 8,299(6,186 감소), 삼성생명보험 44,279(733 증가),삼성증권 7,698(524 증가), 삼성화재해상보험 1,309(436 증가), 새마을금고중앙회 265,345(65,663 증가), 새마을금고중앙회 공제사업부 0(9,451 감소), 신용협동조합중앙회 1,183(46 증가), 신한라이프생명보험 79,200(2,750 증가), 신한은행 692,472(129,219 감소),한화생명보험주식회사 10,164(6,099 증가)	1495609	791173		814549		1472233	급여저축 및 생활비 지출 등
202603	2334	CAA7713A	국회의원	국회	국회의원	백종헌	예금	배우자		국민은행 272,254(143,272 감소), 라이나생명보험 6,423(654 증가), 부산은행 250,916(140,382 감소),신한은행 457,162(55,302 감소)	1325057	805352		1143654		986755	급여저축 및 생활비 지출 등
202603	2335	CAA7713A	국회의원	국회	국회의원	백종헌	예금	장남		KB라이프생명보험 72,480, 국민은행 4(946 감소), 부산은행 367,851(9,400 증가), 새마을금고중앙회 13,578(13,325 증가), 신한은행 386,561(25,790 증가),우체국 353,000(8,657 증가), 한화손해보험 28(28 증가)	1137248	1110177		1053923		1193502	급여저축 및 생활비 지출 등
202603	2336	CAA7713A	국회의원	국회	국회의원	백종헌	예금	장녀		(주)KB손해보험 48(48 증가), (주)KEB하나은행 2, (주)카카오페이증권 0(23 감소), KB라이프생명보험 92,784, 농협은행 64(331 감소), 미래에셋증권3,649(3,624 증가), 삼성생명보험 28,206(789 증가),신한은행 496,151(75,008 감소), 주식회사 카카오뱅크 91(85 증가), 토스뱅크(주) 99(17,175 감소),토스증권(주) 2, 한화손해보험 969(969 증가)	709087	480848		567870		622065	급여저축 및 생활비 지출 등
202603	2337	CAA7713A	국회의원	국회	국회의원	백종헌	예금	차녀		KB라이프생명보험 86,640, 농협중앙회 112, 부산은행102,399(27,815 증가), 신한은행 84, 주식회사 카카오뱅크420(955 감소)	162795	100000		73140		189655	급여저축 및 생활비 지출 등
202603	2338	CAA7713A	국회의원	국회	국회의원	백종헌	정치자금법에 따른 정치자금의 수입 및 지출을 위한 예금계좌의 예금	본인		농협은행 3,334(73,309 감소)	76643	0		73309		3334	정치자금 사용
202603	2339	CAA7713A	국회의원	국회	국회의원	백종헌	증권	본인	상장주식	금강공업 4,540주	17706	9806		0		27512	주식가액 변동, 비상장주식 청산
202603	2340	CAA7713A	국회의원	국회	국회의원	백종헌	증권	본인	비상장주식	(주)백산금속 80,000주, (주)부광개발 0주(80,000주 감소), 경기은행 10,000주, 대동은행 10,000주, 동남은행 10,000주, 동화은행 200주, 충청은행 200주	12407280	0		1270960		11136320	주식가액 변동, 비상장주식 청산
202603	2341	CAA7713A	국회의원	국회	국회의원	백종헌	증권	장녀	상장주식	애플 17주(17주 증가), 엔비디아 40주(33주 증가), 코카콜라 40주(19주 증가), 피그마 25주(25주 증가)	3302	19385		0		22687	주식가액 변동, 비상장주식 청산
202603	2342	CAA7713A	국회의원	국회	국회의원	백종헌	채권	본인		사인간채권	400000	0		0		400000	변동없음
202603	2343	CAA7713A	국회의원	국회	국회의원	백종헌	채무	본인	금융채무	부산은행 200,000, 신한은행 280,000	480000	0		0		480000	변동없음
202603	2344	CAA7713A	국회의원	국회	국회의원	백종헌	채무	본인	건물임대채무	부산광역시 금정구 부곡동 백산오피스텔 임대보증금 감소	19000	0		3000		16000	보증금변동
202603	2345	CAA7713A	국회의원	국회	국회의원	백종헌	채무	본인	건물임대채무	부산광역시 금정구 서동 임대보증금 증가	345000	25000		0		370000	보증금변동
202603	2346	CAA7713A	국회의원	국회	국회의원	백종헌	채무	본인	건물임대채무	부산광역시 금정구 회동동 (주)백산금속 임대보증금	2855000	0		0		2855000	변동없음
202603	2347	CAA7713A	국회의원	국회	국회의원	백종헌	채무	본인	건물임대채무	경상남도 양산시 산막동 임대보증금 증가	50000	50000		0		100000	보증금변동
202603	2348	CAA7713A	국회의원	국회	국회의원	백종헌	채무	본인	토지임대채무	경상남도 양산시 신기동 644-9번지 임대보증금	5000	0		0		5000	변동없음
202603	2349	CAA7713A	국회의원	국회	국회의원	백종헌	채무	장남	토지임대채무	부산광역시 금정구 회동동 517-52번지 임대보증금	10000	0		0		10000	변동없음
202603	2350	CAA7713A	국회의원	국회	국회의원	백종헌	가상자산	장녀		도지코인 0개(2,255.02158393개 감소), 디센트럴랜드 0개(553.12471663개 감소), 디스체인 0개(0.05개 감소), 비트코인 0개(0.03212904개 감소), 에이브 0개(0.98877361개 감소), 왁스 0개(12,832.80777031개감소), 유니스왑 0개(17.83413966개 감소), 이더리움피오더블유 0.05개, 체인링크 0개(17.8491321개감소), 트론 0개(189.57345971개 감소)	8143	0		8143		0	전량 매도
202603	2351	CAA7713A	국회의원	국회	국회의원	백종헌	고지거부 및 등록제외사항	모		고지거부	0	0		0		0	타인부양
202603	2352	HSS7466Y	국회의원	국회	국회의원	백혜련	토지	배우자	답	충청북도 영동군 매곡면 수원리 897번지 5,618.90㎡	88778	563		0		89341	
202603	2353	HSS7466Y	국회의원	국회	국회의원	백혜련	건물	본인	아파트(분양권)	경기도 수원시 권선구 당수동 LH 수원당수1단지 d3블럭건물 112.00㎡ (건물 112.00㎡ 증가)	0	87300		0		87300	
202603	2354	HSS7466Y	국회의원	국회	국회의원	백혜련	건물	배우자	아파트(전세(임차)권)	경기도 수원시 권선구 금곡동 금곡엘지아파트 건물173.00㎡	420000	0		0		420000	
202603	2355	HSS7466Y	국회의원	국회	국회의원	백혜련	건물	모	아파트(전세(임차)권)	경기도 수원시 권선구 금곡동 금곡엘지아파트 건물 0.00㎡(건물 59.99㎡ 감소)	230000	0		230000		0	
202603	2356	HSS7466Y	국회의원	국회	국회의원	백혜련	건물	모	아파트(전세(임차)권)	경기도 수원시 권선구 금곡동 금곡엘지아파트 건물59.00㎡ (건물 59.00㎡ 증가)	0	220000		0		220000	
202603	2357	HSS7466Y	국회의원	국회	국회의원	백혜련	부동산에 관한 규정이 준용되는 권리와 자동차·건설기계·선박 및 항공기	본인	자동차	2019년식 K5 배기량(1,999cc) 감소	6000	0		6000	4000	0	
202603	2358	HSS7466Y	국회의원	국회	국회의원	백혜련	부동산에 관한 규정이 준용되는 권리와 자동차·건설기계·선박 및 항공기	본인	자동차	2025년식 k5하이브리드 배기량(1,999cc) 증가	0	14337	14337	0		14337	
202603	2359	HSS7466Y	국회의원	국회	국회의원	백혜련	부동산에 관한 규정이 준용되는 권리와 자동차·건설기계·선박 및 항공기	배우자	자동차	2019년식 K5 배기량(1,999cc) 감소	6000	0		6000	4000	0	
202603	2360	HSS7466Y	국회의원	국회	국회의원	백혜련	부동산에 관한 규정이 준용되는 권리와 자동차·건설기계·선박 및 항공기	배우자	자동차	2025년식 k5하이브리드 배기량(1,999cc) 증가	0	14337	14337	0		14337	
202603	2361	HSS7466Y	국회의원	국회	국회의원	백혜련	현금	모		현금	10000	0		0		10000	
202603	2362	HSS7466Y	국회의원	국회	국회의원	백혜련	예금	본인		(주)KEB하나은행 1,424(1,234 증가), KB라이프생명보험 75,942(4,784 증가), 교보생명보험 30,000, 농협생명보험3,305(3,305 증가), 메리츠화재해상보험(보험) 475(408 증가), 삼성증권 133,062(133,062 증가),삼성화재해상보험 24,058(1,782 증가), 새마을금고중앙회 4,516(49,515 감소), 신용협동조합중앙회 11,763(348증가), 신한은행 32,868(5,708 증가), 우체국 54,050(579감소), 중소기업은행 40,000(6,000 증가), 한국투자증권 108,997(14,490 감소)	428413	197227		105180		520460	월급 등으로 인한 저축 증가
202603	2363	HSS7466Y	국회의원	국회	국회의원	백혜련	예금	배우자		KB라이프생명보험 66,526(3,636 증가), 국민은행 75, 농협중앙회 66(47 증가), 메리츠화재해상보험(보험) 781(669 증가), 삼성화재해상보험 16,699(1,942 증가), 수협중앙회 10,344(17,110 감소), 주식회사 카카오뱅크 103(103 증가), 한국투자증권 11,003(11,003 증가)	105307	27744		27454		105597	월급 등으로 인한 저축 증가
202603	2364	HSS7466Y	국회의원	국회	국회의원	백혜련	예금	모		국민은행 404(793 감소)	1197	0		793		404	월급 등으로 인한 저축 증가
202603	2365	HSS7466Y	국회의원	국회	국회의원	백혜련	예금	장남		신한은행 9,160(10,980 감소), 중소기업은행 57,한국투자증권 15,824(15,824 증가)	20197	15824		10980		25041	월급 등으로 인한 저축 증가
202603	2366	HSS7466Y	국회의원	국회	국회의원	백혜련	예금	장녀		농협은행 18,619(7,957 증가), 농협중앙회 26, 신한은행5,493(2,011 감소), 키움증권 68,933(46,531 증가),한국투자증권 68,585(470 감소), 흥국생명보험 13,086(2,454 증가)	120281	57068		2607		174742	월급 등으로 인한 저축 증가
202603	2367	HSS7466Y	국회의원	국회	국회의원	백혜련	정치자금법에 따른 정치자금의 수입 및 지출을 위한 예금계좌의 예금	본인		농협중앙회 243,547(119,122 감소)	362669	0		119122		243547	의정활동 지출
202603	2368	HSS7466Y	국회의원	국회	국회의원	백혜련	증권	본인	금융채	복리맞춤채권(1석7조통장) 0주	25000	0		15000		10000	매도
202603	2369	HSS7466Y	국회의원	국회	국회의원	백혜련	증권	장남	기타(채권)	ISA특판RP 0주	0	3026		0		3026	매도
202603	2370	HSS7466Y	국회의원	국회	국회의원	백혜련	증권	장녀	상장주식	KB금융 0주(24주 감소), LSELECTRIC보통주 0주(5주 감소), 심텍 0주(123주 감소), 아프리카티비 0주(22주 감소), 에스엠 0주(110주 감소), 효성티앤씨보통주 12주	17332	0		14662		2670	매도
202603	2371	HSS7466Y	국회의원	국회	국회의원	백혜련	채권	본인		사인간채권 감소	50000	0		50000		0	
202603	2372	GJ56729D	국회의원	국회	국회의원	복기왕	토지	본인	전	충청남도 아산시 법곡동 272-38번지 697.00㎡ 중 174.25㎡	6587	121		0		6708	공시지가 변동에 따른 가액 증가
202603	2373	GJ56729D	국회의원	국회	국회의원	복기왕	토지	본인	답	충청남도 아산시 신창면 창암리 182-2번지 4,001.40㎡	132446	5602		0		138048	공시지가 변동에 따른 가액 증가
202603	2374	GJ56729D	국회의원	국회	국회의원	복기왕	건물	본인	오피스텔(전세(임차)권)	서울특별시 영등포구 여의도동 엘지여의도에클라트 건물69.41㎡	10000	0		0		10000	변동사항 없음
202603	2375	GJ56729D	국회의원	국회	국회의원	복기왕	건물	본인	상가(전세(임차)권)	충청남도 아산시 온천동 건물 120.00㎡	50000	0		0		50000	변동사항 없음
202603	2376	GJ56729D	국회의원	국회	국회의원	복기왕	건물	배우자	아파트	충청남도 아산시 용화동 신도브래뉴 건물 126.57㎡	500000	0		266000		234000	공시가격 변동에 따른 가액 감소
202603	2377	GJ56729D	국회의원	국회	국회의원	복기왕	건물	배우자	아파트	충청남도 아산시 모종동 모종2차한성필하우스 건물84.91㎡	250000	0		83000		167000	공시가격 변동에 따른 가액 감소
202603	2378	GJ56729D	국회의원	국회	국회의원	복기왕	건물	모	아파트	충청남도 아산시 용화동 아산용화엘크루 건물 84.92㎡	233363	0		74363		159000	공시가격 변동에 따른 가액 감소
202603	2379	GJ56729D	국회의원	국회	국회의원	복기왕	부동산에 관한 규정이 준용되는 권리와 자동차·건설기계·선박 및 항공기	본인	자동차	2014년식 베라크루즈 배기량(2,959cc) 감소	8580	0		8580	12750	0	차량 매도에 따른 가액 감소
202603	2380	GJ56729D	국회의원	국회	국회의원	복기왕	예금	본인		(주)KB손해보험 15,081(3,347 증가), (주)KEB하나은행 633,597(321,414 증가), 국민은행 173,434(15,659 증가),농협은행 253,787(243,921 증가), 농협중앙회 40,862(6,464 감소), 신용협동조합중앙회 141(2 증가), 신한라이프생명보험 75,890(7,492 감소), 신한은행 3,680(240 증가), 주식회사 카카오뱅크 940(940 증가),한화손해보험 10,129(6,079 증가)	629895	592034		14388		1207541	급여 및 계좌 간 자금이체, 생활비 등 지출에 따른 예금 잔액 변동
202603	2381	GJ56729D	국회의원	국회	국회의원	복기왕	예금	배우자		(주)KB손해보험 37,818(2,784 증가), (주)KEB하나은행 0(9,005 감소), 교보생명보험 603(603 증가), 농협은행0(6,207 감소), 메리츠화재해상보험(보험) 1,590(360 증가), 삼성생명보험 17,302(12,214 증가), 신한라이프생명보험 43,198, 신한은행 34,722(24,715 증가), 우리은행 59,991(40,587 증가), 주식회사 카카오뱅크 40(7 감소), 중소기업은행 3(100,111 감소),현대해상화재보험 7,998(2,157 증가)	235175	83420		115330		203265	급여 및 계좌 간 자금이체, 생활비 등 지출에 따른 예금 잔액 변동
202603	2382	GJ56729D	국회의원	국회	국회의원	복기왕	예금	모		신한은행 20, 우체국 24,366(1,322 감소), 유안타증권 5	25713	0		1322		24391	급여 및 계좌 간 자금이체, 생활비 등 지출에 따른 예금 잔액 변동
202603	2383	GJ56729D	국회의원	국회	국회의원	복기왕	예금	장남		(주)카카오페이증권 617(28 증가), (주)투게더앱스 2,030(2,030 증가), 신한은행 3,680(240 증가), 우리은행119,306(18,293 증가)	105042	55698		35107		125633	급여 및 계좌 간 자금이체, 생활비 등 지출에 따른 예금 잔액 변동
202603	2384	GJ56729D	국회의원	국회	국회의원	복기왕	정치자금법에 따른 정치자금의 수입 및 지출을 위한 예금계좌의 예금	본인		농협은행 228,398(212,963 증가)	15435	212963		0		228398	정치후원금 계좌로 후원금 수입 증가
202603	2385	GJ56729D	국회의원	국회	국회의원	복기왕	증권	장남	상장주식	애플 0.044주	16	1		0		17	평가액 변동
202603	2386	GJ56729D	국회의원	국회	국회의원	복기왕	채무	본인	금융채무	NH농협캐피탈 21,030(45,077 감소)	66107	0		45077		21030	의정활동용 차량 금융리스 계약에 따른 상환 진행으로 채무 감소
202603	2387	GJ56729D	국회의원	국회	국회의원	복기왕	고지거부 및 등록제외사항	차남		고지거부	0	0		0		0	독립생계유지
202603	2388	6I88973D	국회의원	국회	국회의원	부승찬	토지	본인	대지	제주특별자치도 제주시 구좌읍 하도리 718번지 645.00㎡	140030	42970		0		183000	
202603	2389	6I88973D	국회의원	국회	국회의원	부승찬	토지	본인	임야	제주특별자치도 제주시 구좌읍 하도리 719-2번지 125.00㎡	14538	0		0		14538	
202603	2390	6I88973D	국회의원	국회	국회의원	부승찬	토지	본인	임야	제주특별자치도 제주시 구좌읍 하도리 719-3번지 395.00㎡	45939	0		0		45939	
202603	2391	6I88973D	국회의원	국회	국회의원	부승찬	건물	본인	연립주택(전세(임차)권)	경기도 용인시 수지구 신봉동 삼성쉐르빌 건물 113.03㎡	450000	0		0		450000	
202603	2392	6I88973D	국회의원	국회	국회의원	부승찬	건물	배우자	단독주택	제주특별자치도 제주시 구좌읍 하도리 건물 61.44㎡	180000	0		0		180000	
202603	2393	6I88973D	국회의원	국회	국회의원	부승찬	부동산에 관한 규정이 준용되는 권리와 자동차·건설기계·선박 및 항공기	본인	자동차	2021년식 그랜저 배기량(3,342cc)	23580	0		3910		19670	가액변동
202603	2394	6I88973D	국회의원	국회	국회의원	부승찬	예금	본인		(주)KB손해보험 3,975(636 증가), 국민은행 4,050(1,291증가), 농협은행 4,484(3,407 감소), 농협중앙회 56,대신증권 1, 신한투자증권 3, 씨티은행 7(6 증가),한화생명보험주식회사 500	14550	4333		5807		13076	급여저축과 생활비지출로 가액 변동
202603	2395	6I88973D	국회의원	국회	국회의원	부승찬	예금	배우자		(주)KB손해보험 5,740(3,215 증가), DB손해보험(주) 5,319(625 증가), 국민은행 1, 농협은행 13,메트라이프생명보험 46,613(46,613 증가),신용협동조합중앙회 7, 신한은행 923(4,297 감소),제주은행 13, 현대해상화재보험 151(151 증가),흥국화재해상보험(주) 6,746(1,279 증가)	17940	52313		4727		65526	급여저축과 생활비지출로 가액 변동
202603	2396	6I88973D	국회의원	국회	국회의원	부승찬	예금	모		농협중앙회 60,616(1,982 증가), 수협중앙회27,828(3,656 감소), 우체국 33,574(6,841 증가)	116851	119727		114560		122018	급여저축과 생활비지출로 가액 변동
202603	2397	6I88973D	국회의원	국회	국회의원	부승찬	예금	장녀		(주)카카오페이증권 3(3 증가), 신한은행 2(2 증가),전북은행 0(374 감소), 제주은행 0(100 감소)	474	5		474		5	급여저축과 생활비지출로 가액 변동
202603	2398	6I88973D	국회의원	국회	국회의원	부승찬	예금	차녀		신한은행 2,550(900 증가), 우리은행 416(420 감소)	2486	900		420		2966	급여저축과 생활비지출로 가액 변동
202603	2399	6I88973D	국회의원	국회	국회의원	부승찬	정치자금법에 따른 정치자금의 수입 및 지출을 위한 예금계좌의 예금	본인		농협은행 210,622(146,747 증가)	63875	146747		0		210622	후원회 후원금으로부터의 소득
202603	2400	6I88973D	국회의원	국회	국회의원	부승찬	증권	장녀	상장주식	마이크로소프트 0주(0.005주 감소)	3	0		3		0	주식매도
202603	2401	6I88973D	국회의원	국회	국회의원	부승찬	채무	본인		사인간채무	60000	0		0		60000	
202603	2402	6I88973D	국회의원	국회	국회의원	부승찬	채무	본인	금융채무	국민은행 100,840(8,493 증가), 농협은행 300,000,씨티은행 17,004(3,396 감소), 현대캐피탈 3,154(6,224 감소)	422125	16927		18054		420998	일부상환
202603	2403	6I88973D	국회의원	국회	국회의원	부승찬	채무	배우자	금융채무	DB손해보험(주) 1,300(1,300 증가), 메트라이프생명보험 8,970(8,970 증가), 삼성카드 6,000(6,000 증가),신한카드 0(5,000 감소), 제주은행 453,339(72,796 증가)	385543	89066		5000		469609	생활비 지출 등
202603	2404	6I88973D	국회의원	국회	국회의원	부승찬	채무	장녀	금융채무	광주은행 1,990(1,990 증가), 신한은행 1,000, 전북은행0(9,559 감소), 제주은행 2,980(430 증가), 주식회사카카오뱅크 2,965(35 감소), 토스뱅크(주) 0(2,999 감소)	19108	4970		15143		8935	일부상환
202603	2405	QQ429063	국회의원	국회	국회의원	서명옥	토지	본인	대지	서울특별시 용산구 문배동 11-24번지 125.40㎡ 중 31.35㎡	252305	8025		0		260330	
202603	2406	QQ429063	국회의원	국회	국회의원	서명옥	토지	배우자	대지	서울특별시 용산구 문배동 11-24번지 125.40㎡ 중 31.35㎡	252305	8025		0		260330	
202603	2407	QQ429063	국회의원	국회	국회의원	서명옥	토지	배우자	잡종지	경기도 남양주시 삼패동 516-1번지 2,172.00㎡	1314000	0		0		1314000	
202603	2408	QQ429063	국회의원	국회	국회의원	서명옥	토지	배우자	임야	제주특별자치도 서귀포시 안덕면 덕수리 산 3-16번지16,425.00㎡ 중 13,140.00㎡	247032	0		2628		244404	
202603	2409	QQ429063	국회의원	국회	국회의원	서명옥	건물	본인	근린생활시설	서울특별시 강남구 삼성동 하영빌딩 대지 320.60㎡ 건물1,108.78㎡	6500000	184219		0		6684219	
202603	2410	QQ429063	국회의원	국회	국회의원	서명옥	건물	본인	근린생활시설	서울특별시 광진구 광장동 대지 245.00㎡ 건물 49.59㎡	1042435	30773		0		1073208	
202603	2411	QQ429063	국회의원	국회	국회의원	서명옥	건물	본인	근린생활시설	서울특별시 용산구 문배동 대지 418.50㎡ 중 209.25㎡ 건물275.34㎡ 중 137.67㎡	2326634	105108		0		2431742	
202603	2412	QQ429063	국회의원	국회	국회의원	서명옥	건물	배우자	근린생활시설	서울특별시 용산구 문배동 대지 418.50㎡ 중 139.50㎡ 건물275.34㎡ 중 91.78㎡	1551089	69973		0		1621062	
202603	2413	QQ429063	국회의원	국회	국회의원	서명옥	건물	배우자	아파트	서울특별시 강남구 압구정동 한양아파트 건물 147.41㎡	3090000	555000		0		3645000	
202603	2414	QQ429063	국회의원	국회	국회의원	서명옥	건물	배우자	아파트	서울특별시 광진구 자양동 더샵스타시티 건물 193.58㎡	2099000	209000		0		2308000	
202603	2415	QQ429063	국회의원	국회	국회의원	서명옥	부동산에 관한 규정이 준용되는 권리와 자동차·건설기계·선박 및 항공기	본인	자동차	2023년식 C300 배기량(1,999cc)	45060	0		9260		35800	
202603	2416	QQ429063	국회의원	국회	국회의원	서명옥	부동산에 관한 규정이 준용되는 권리와 자동차·건설기계·선박 및 항공기	본인	자동차	2020년식 UX250h 배기량(1,987cc)	16800	2740		0		19540	
202603	2417	QQ429063	국회의원	국회	국회의원	서명옥	예금	본인		(주)KEB하나은행 1,932,754(595,265 감소), 교보생명보험 22,500(18,000 증가), 농협은행 34,869(28,901 감소),대한지방행정공제회 696,029(391,010 증가), 빗썸 0(10 감소), 삼성생명보험 100,000(11,106 감소), 신한은행 125(1,457 감소), 하나증권 1,644(9,483 감소),한국투자증권 72,174(72,174 증가)	3025133	1099231		1264269		2860095	생활비 지출 등
202603	2418	QQ429063	국회의원	국회	국회의원	서명옥	예금	배우자		(주)KEB하나은행 83,137(32,430 감소), 농협은행 283,농협중앙회 609(1,148 감소), 흥국생명보험 0(18,276 감소)	135883	2627		54481		84029	생활비 지출 등
202603	2419	QQ429063	국회의원	국회	국회의원	서명옥	정치자금법에 따른 정치자금의 수입 및 지출을 위한 예금계좌의 예금	본인		농협은행 35,812(6,369 감소)	42181	0		6369		35812	의정활동 지출
202603	2420	QQ429063	국회의원	국회	국회의원	서명옥	증권	본인	상장주식	HS효성첨단소재 0주(3주 감소), 버크셔해서웨이B 3주(3주 증가), 삼성전자 225주(247주 감소), 엔비디아 2주(2주증가), 카카오 0주(32주 감소)	26855	4565		1745		29675	주식 매수 매도 등
202603	2421	QQ429063	국회의원	국회	국회의원	서명옥	증권	배우자	비상장주식	애플디앤씨주식회사 24,000주, 애플에너지주식회사4,000주	9913712	467496		72332		10308876	주식 매수 매도 등
202603	2422	QQ429063	국회의원	국회	국회의원	서명옥	채권	본인		사인간채권 증가	210000	204500		6000		408500	신규채권
202603	2423	QQ429063	국회의원	국회	국회의원	서명옥	채무	본인	금융채무	(주)KEB하나은행 3,000,000,토요타파이낸셜서비스코리아(주) 0(7,417 감소)	3007417	0		7417		3000000	
202603	2424	QQ429063	국회의원	국회	국회의원	서명옥	채무	본인	건물임대채무	서울특별시 광진구 광장동 임대보증금	20000	0		0		20000	
202603	2425	QQ429063	국회의원	국회	국회의원	서명옥	채무	본인	건물임대채무	서울특별시 강남구 삼성동 하영빌딩 임대보증금	210000	0		0		210000	
202603	2426	QQ429063	국회의원	국회	국회의원	서명옥	채무	배우자		사인간채무	500000	0		0		500000	
202603	2427	QQ429063	국회의원	국회	국회의원	서명옥	채무	배우자	금융채무	(주)KEB하나은행 2,100,000, 농협중앙회 800,000	2900000	0		0		2900000	
202603	2428	QQ429063	국회의원	국회	국회의원	서명옥	회원권	본인	헬스	한무개발(주)	33000	0		0		33000	
202603	2429	QQ429063	국회의원	국회	국회의원	서명옥	회원권	배우자	헬스	한무개발(주)	31000	0		0		31000	
202603	2430	QQ429063	국회의원	국회	국회의원	서명옥	가상자산	본인		디스체인 0.75092596개, 비토르토큰 622.301개(622.301개 증가), 비트코인 0.00005267개, 이더리움 0.00002596개, 이더리움피오더블유 0.75092596개, 페이코인 1개	7	0		1		6	가액변동
202603	2431	QQ429063	국회의원	국회	국회의원	서명옥	고지거부 및 등록제외사항	장남		고지거부	0	0		0		0	독립생계유지
202603	2432	51A45980	국회의원	국회	국회의원	서미화	토지	본인	답	전라남도 영암군 삼호읍 동호리 1574-3번지 782.00㎡	50418	0		0		50418	가액 변동 없음
202603	2433	51A45980	국회의원	국회	국회의원	서미화	토지	본인	답	전라남도 영암군 삼호읍 망산리 1282-1번지 0.00㎡ 중 0.00㎡ (총면적 4,993.20㎡ 감소, 지분면적 2,496.60㎡감소)	53675	0		53675	86535	0	매도
202603	2434	51A45980	국회의원	국회	국회의원	서미화	토지	배우자	잡종지	전라남도 신안군 압해읍 분매리 597-85번지 432.00㎡	13100	0		0		13100	가액 변동 없음
202603	2435	51A45980	국회의원	국회	국회의원	서미화	토지	배우자	답	전라남도 영암군 군서면 성양리 537-1번지 3,298.00㎡	32716	0		0		32716	가액 변동 없음
202603	2436	51A45980	국회의원	국회	국회의원	서미화	토지	배우자	답	전라남도 영암군 삼호읍 동호리 1574-4번지 1,259.00㎡	138684	0		0		138684	가액 변동 없음
202603	2437	51A45980	국회의원	국회	국회의원	서미화	토지	배우자	답	전라남도 영암군 삼호읍 동호리 1574-5번지 165.00㎡	10638	0		0		10638	가액 변동 없음
202603	2438	51A45980	국회의원	국회	국회의원	서미화	토지	배우자	답	전라남도 영암군 삼호읍 망산리 1282-1번지 0.00㎡ 중0.00㎡ (총면적 4,993.20㎡ 감소, 지분면적 2,496.60㎡ 감소)	53675	0		53675	86535	0	매도
202603	2439	51A45980	국회의원	국회	국회의원	서미화	토지	부	대지	전라남도 무안군 몽탄면 봉명리 133번지 380.00㎡	5168	38		0		5206	가액 변동
202603	2440	51A45980	국회의원	국회	국회의원	서미화	토지	부	전	전라남도 무안군 몽탄면 봉명리 384번지 3,517.00㎡	29472	282		0		29754	가액 변동
202603	2441	51A45980	국회의원	국회	국회의원	서미화	토지	부	답	전라남도 무안군 몽탄면 봉명리 385번지 594.00㎡	4829	42		0		4871	가액 변동
202603	2442	51A45980	국회의원	국회	국회의원	서미화	토지	부	답	전라남도 무안군 청계면 도림리 384-1번지 529.00㎡	57079	423		0		57502	가액 변동
202603	2443	51A45980	국회의원	국회	국회의원	서미화	건물	본인	오피스텔(전세(임차)권)	서울특별시 영등포구 여의도동 엘지여의도에클라트 대지3,562.00㎡ 건물 39.12㎡	10000	0		0		10000	변동 없음
202603	2444	51A45980	국회의원	국회	국회의원	서미화	건물	배우자	아파트	전라남도 목포시 옥암동 한국아델리움 건물 103.23㎡	195000	11000		0		206000	가액 변동
202603	2445	51A45980	국회의원	국회	국회의원	서미화	건물	부	다세대주택	전라남도 무안군 청계면 도림리 한일빌라 건물 64.35㎡	24500	0		0		24500	가액 변동 없음
202603	2446	51A45980	국회의원	국회	국회의원	서미화	부동산에 관한 규정이 준용되는 권리와 자동차·건설기계·선박 및 항공기	본인	자동차	2017년식 SM6 2.0 LPLi 배기량(1,998cc) 감소	4055	0		4055	2750	0	매도
202603	2447	51A45980	국회의원	국회	국회의원	서미화	부동산에 관한 규정이 준용되는 권리와 자동차·건설기계·선박 및 항공기	본인	자동차	2025년식 K8 자가용 HEV 배기량(1,598cc) 증가	0	23030	46060	0		23030	매입
202603	2448	51A45980	국회의원	국회	국회의원	서미화	부동산에 관한 규정이 준용되는 권리와 자동차·건설기계·선박 및 항공기	배우자	자동차	2017년식 SM6 2.0 LPLi 배기량(1,998cc) 감소	4055	0		4055	2750	0	매도
202603	2449	51A45980	국회의원	국회	국회의원	서미화	부동산에 관한 규정이 준용되는 권리와 자동차·건설기계·선박 및 항공기	배우자	자동차	2025년식 K8 자가용 HEV 배기량(1,598cc) 증가	0	23030		0		23030	매입
202603	2450	51A45980	국회의원	국회	국회의원	서미화	예금	본인		(주)KEB하나은행 39, 광주은행 102, 농협은행28,304(15,164 증가), 농협중앙회 6,357(2,293 증가),메리츠화재해상보험(보험) 3,888(684 증가), 삼성생명보험 26,357(2,474 증가), 신용협동조합중앙회 2, 신한라이프생명보험 36,855(6,318 증가),에이비엘생명보험 60,000(6,000 증가), 우체국 1,467(2 증가), 주식회사 아이엠라이프생명보험 28,500(6,840 증가), 중소기업은행 228, 키움증권 19,236(19,236 증가), 하나생명보험 4,653(1,802 증가), 흥국생명보험121,758(69,514 증가)	207419	136289		5962		337746	급여 저축 및 생활비 지출 등
202603	2451	51A45980	국회의원	국회	국회의원	서미화	예금	배우자		(주)KB손해보험 10,800, DB생명보험(주) 18,761(1,454증가), 경찰공제회 198,887(42,399 증가), 광주은행 951(1,476 감소), 국민은행 2,348(115 증가), 농협은행2,031(927 증가), 농협중앙회 1,815(1,268 증가),대신증권 4, 동양생명보험 3,460(944 증가),메리츠화재해상보험(보험) 21,569(2,317 증가), 삼성생명보험 190,040(6,044 증가), 새마을금고중앙회 300, 신용협동조합중앙회 14, 신한라이프생명보험24,506(1,200 증가), 업비트 2, 우체국 1,062,케이디비생명보험 21,063(2,747 증가), 하나증권 1,265(42 증가), 흥국생명보험 6,552	447449	59625		1644		505430	급여 저축 및 생활비 지출 등
202603	2452	51A45980	국회의원	국회	국회의원	서미화	예금	부		농협중앙회 23,329(6,260 감소), 신용협동조합중앙회78,533(18,221 증가), 신한은행 118(3 증가)	90016	98964		87000		101980	급여 저축 및 생활비 지출 등
202603	2453	51A45980	국회의원	국회	국회의원	서미화	예금	모		농협중앙회 4,257(698 감소), 메리츠화재해상보험(보험) 4,737(417 증가), 삼성화재해상보험 4,879(544 증가), 신용협동조합중앙회 13,020(16,906 감소), 우체국27,626(996 감소)	72158	3382		21021		54519	급여 저축 및 생활비 지출 등
202603	2454	51A45980	국회의원	국회	국회의원	서미화	예금	장남		(주)KEB하나은행 14, AIA생명보험주식회사 0(2,941 감소), IBK연금보험주식회사 4,200(3,600 증가), 국민은행 5, 농협생명보험 7,775(1,143 증가), 농협은행2,365(616 증가), 신한은행 73(63 증가), 주식회사아이엠라이프생명보험 31,274(4,611 증가),한국교직원공제회 72,309(12,710 증가)	98213	22743		2941		118015	급여 저축 및 생활비 지출 등
202603	2455	51A45980	국회의원	국회	국회의원	서미화	예금	장녀		(주)KEB하나은행 148(145 증가), (주)카카오페이증권 0(6감소), 국민은행 3,167(70 증가), 농협은행 83,동양생명보험 7,704(2,568 증가), 키움증권 3,418(1,553 증가), 하나생명보험 11,700(3,600 증가), 한국교직원공제회 25,754(1,519 증가)	42525	9455		6		51974	급여 저축 및 생활비 지출 등
202603	2456	51A45980	국회의원	국회	국회의원	서미화	정치자금법에 따른 정치자금의 수입 및 지출을 위한 예금계좌의 예금	본인		농협중앙회 7,062(67,646 감소)	74708	0		67646		7062	의정활동 지출
202603	2457	51A45980	국회의원	국회	국회의원	서미화	증권	배우자	상장주식	메타플랫폼스(페이스북) 0주(0.044219주 감소), 휴맥스3,029주(578주 증가)	3082	0		687		2395	평가액 변동
202603	2458	51A45980	국회의원	국회	국회의원	서미화	증권	장녀	상장주식	APPLEINC 35주(9주 증가), MICROSOFTCORP 18주(8주 증가), NIKEINC 5주, NVIDIACORP 50주(5주 증가), TESLAINC112주(12주 증가)	84570	27783		99		112254	평가액 변동
202603	2459	51A45980	국회의원	국회	국회의원	서미화	채무	본인	금융채무	농협중앙회 0(18,280 감소), 하나캐피탈 27,567(27,567증가)	18280	27567		18280		27567	차량리스
202603	2460	51A45980	국회의원	국회	국회의원	서미화	채무	배우자	금융채무	국민은행 148,692(114,265 증가), 농협중앙회 0(28,920감소), 현대캐피탈 31,423(31,423 증가)	63347	180115		63347		180115	사업 자금 등
202603	2461	51A45980	국회의원	국회	국회의원	서미화	가상자산	배우자		비트토렌트 0.00000652개, 에이피이앤에프티 744,055.25585578개, 윙크 1,230.24436533개, 저스트14.30220664개	0	0		0		0	
202603	2462	L7J93733	국회의원	국회	국회의원	서범수	토지	본인	임야	울산광역시 울주군 온산읍 덕신리 산 83-1번지 8,286.00㎡중 2,301.67㎡	25088	690		0		25778	가액변동
202603	2463	L7J93733	국회의원	국회	국회의원	서범수	토지	본인	임야	울산광역시 울주군 온산읍 덕신리 산 83-4번지 7,477.00㎡중 2,076.94㎡	22639	622		0		23261	가액변동
202603	2464	L7J93733	국회의원	국회	국회의원	서범수	토지	본인	임야	울산광역시 울주군 온산읍 덕신리 산 83-6번지 106.00㎡중 29.44㎡	492	2		0		494	가액변동
202603	2465	L7J93733	국회의원	국회	국회의원	서범수	토지	본인	답	울산광역시 울주군 범서읍 사연리 77-13번지 2,952.00㎡	360439	3837		0		364276	가액변동
202603	2466	L7J93733	국회의원	국회	국회의원	서범수	토지	본인	임야	울산광역시 울주군 범서읍 사연리 산 30번지 25,190.00㎡중 6,297.50㎡	24371	252		0		24623	가액변동
202603	2467	L7J93733	국회의원	국회	국회의원	서범수	토지	본인	임야	울산광역시 울주군 범서읍 사연리 산 31번지 298.00㎡ 중74.50㎡	297	2		0		299	가액변동
202603	2468	L7J93733	국회의원	국회	국회의원	서범수	토지	본인	임야	울산광역시 울주군 범서읍 사연리 산 32번지 68,231.00㎡중 17,057.75㎡	64819	512		0		65331	가액변동
202603	2469	L7J93733	국회의원	국회	국회의원	서범수	토지	본인	임야	울산광역시 울주군 범서읍 사연리 산 45번지 31,116.00㎡중 7,779.00㎡	9724	155		0		9879	가액변동
202603	2470	L7J93733	국회의원	국회	국회의원	서범수	토지	본인	임야	울산광역시 울주군 범서읍 서사리 산 236-1번지5,851.00㎡ 중 1,462.75㎡	7957	73		0		8030	가액변동
202603	2471	L7J93733	국회의원	국회	국회의원	서범수	건물	본인	아파트	부산광역시 해운대구 좌동 대림1차아파트 건물 0.00㎡(건물 164.84㎡ 감소)	432000	0		432000	790000	0	매도
202603	2472	L7J93733	국회의원	국회	국회의원	서범수	건물	본인	아파트	서울특별시 양천구 목동 목동신시가지아파트4단지 건물122.91㎡	1613000	209000		0		1822000	가액변동
202603	2473	L7J93733	국회의원	국회	국회의원	서범수	건물	본인	사무실(전세(임차)권)	울산광역시 울주군 범서읍 굴화리 인재빌딩 3층 건물116.34㎡	40000	0		0		40000	변동없음
202603	2474	L7J93733	국회의원	국회	국회의원	서범수	건물	본인	아파트(전세(임차)권)	울산광역시 울주군 범서읍 구영리 구영2차우미린아파트건물 74.99㎡	40000	0		0		40000	변동없음
202603	2475	L7J93733	국회의원	국회	국회의원	서범수	건물	배우자	아파트(전세(임차)권)	부산광역시 수영구 남천동 남천자이 건물 84.99㎡ (건물84.99㎡ 증가)	0	650000		0		650000	전세권
202603	2476	L7J93733	국회의원	국회	국회의원	서범수	부동산에 관한 규정이 준용되는 권리와 자동차·건설기계·선박 및 항공기	본인	자동차	2021년식 쏘나타 배기량(2,000cc)	12192	0		1925		10267	가액변동
202603	2477	L7J93733	국회의원	국회	국회의원	서범수	부동산에 관한 규정이 준용되는 권리와 자동차·건설기계·선박 및 항공기	본인	자동차	2024년식 G70 배기량(2,497cc)	24051	0		7851		16200	가액변동
202603	2478	L7J93733	국회의원	국회	국회의원	서범수	부동산에 관한 규정이 준용되는 권리와 자동차·건설기계·선박 및 항공기	배우자	자동차	2024년식 G70 배기량(2,497cc)	24052	0		7852		16200	가액변동
202603	2479	L7J93733	국회의원	국회	국회의원	서범수	예금	본인		(주)KEB하나은행 456, 교보생명보험 7,031(87,969 감소),농협은행 3,748(1,226 증가), 농협중앙회 18,000(12,000증가), 메리츠화재해상보험(보험) 57,250(3,000 증가), 미래에셋증권 35(1 증가), 부산은행 500(4,974 감소), 산림조합중앙회 2,208(72 증가), 삼성화재해상보험 0(7,804 감소), 새마을금고중앙회 3,762(3 증가),신한은행 3,670(3,670 증가), 협동조합 하우스 3,000	180435	27006		107781		99660	채권증가
202603	2480	L7J93733	국회의원	국회	국회의원	서범수	예금	배우자		(주)KEB하나은행 60,514(3,801 증가), 국민은행 14,088(6,493 증가), 농협은행 34, 부산은행 9, 삼성생명보험 22,775(2,589 증가), 우리은행 38,721(38,088 증가), 한국교직원공제회 328,410(165,248감소), 한화투자증권 403(1 증가)	579230	57711		171987		464954	채권증가
202603	2481	L7J93733	국회의원	국회	국회의원	서범수	정치자금법에 따른 정치자금의 수입 및 지출을 위한 예금계좌의 예금	본인		농협은행 10,634(16,736 감소)	27370	0		16736		10634	잔고감소
202603	2482	L7J93733	국회의원	국회	국회의원	서범수	증권	배우자	비상장주식	동의한약분석센터 20,000주	10700	900		0		11600	평가액증가
202603	2483	L7J93733	국회의원	국회	국회의원	서범수	채권	본인		사인간채권 증가	70000	300000		0		370000	채권증가
202603	2484	L7J93733	국회의원	국회	국회의원	서범수	채무	본인		사인간채무	175000	0		0		175000	변동없음
202603	2485	L7J93733	국회의원	국회	국회의원	서범수	채무	본인	금융채무	현대캐피탈 4,564(10,544 감소)	15108	0		10544		4564	일부변제
202603	2486	L7J93733	국회의원	국회	국회의원	서범수	채무	배우자	금융채무	국민은행 0(2,158 감소)	2158	0		2158		0	변제
202603	2487	L7J93733	국회의원	국회	국회의원	서범수	고지거부 및 등록제외사항	장남		고지거부	126392	0		126392		0	독립생계유지
202603	2488	L7J93733	국회의원	국회	국회의원	서범수	고지거부 및 등록제외사항	장녀		등록제외	52632	0		52632		0	혼인
202603	2489	FOK3459D	국회의원	국회	국회의원	서삼석	건물	배우자	아파트	서울특별시 성동구 금호동2가 신금호파크자이 건물59.98㎡	810000	122000		0		932000	가액변동
202603	2490	FOK3459D	국회의원	국회	국회의원	서삼석	건물	배우자	아파트(전세(임차)권)	전라남도 무안군 무안읍 성남리 대선해시앙 아파트 건물63.11㎡	30000	0		0		30000	변동없음
202603	2491	FOK3459D	국회의원	국회	국회의원	서삼석	예금	본인		광주은행 3, 국민은행 3,653(73,213 감소), 농협은행14,781(13,383 증가), 산림조합중앙회 265(12 증가), 신용협동조합중앙회 509(16 증가), 흥국화재해상보험(주) 29,821	108834	13411		73213		49032	연금 및 급여, 생활비, 장남 결혼준비
202603	2492	FOK3459D	국회의원	국회	국회의원	서삼석	예금	배우자		광주은행 0(21 감소), 농협은행 336,266(40,237 감소),농협중앙회 3, 삼성생명보험 98,358(1,961 증가), 주식회사 카카오뱅크 29(158 감소), 한국교직원공제회 140,000(55,000 감소), 한화생명보험주식회사34,296(1,059 증가)	701348	331683		424079		608952	연금 및 급여, 생활비, 장남 결혼준비
202603	2493	FOK3459D	국회의원	국회	국회의원	서삼석	예금	장남		(주)KEB하나은행 640(22,524 감소), 농협은행 10,034(38,064 감소), 농협중앙회 1(1,072 감소),주식회사 카카오뱅크 215(83 증가)	72467	1094		62671		10890	연금 및 급여, 생활비, 장남 결혼준비
202603	2494	FOK3459D	국회의원	국회	국회의원	서삼석	정치자금법에 따른 정치자금의 수입 및 지출을 위한 예금계좌의 예금	본인		국민은행 230,960(136,969 증가)	93991	136969		0		230960	정치자금 잔액
202603	2495	FOK3459D	국회의원	국회	국회의원	서삼석	채무	본인	금융채무	NH농협캐피탈 0(42,784 감소)	42784	0		42784		0	
202603	2496	FOK3459D	국회의원	국회	국회의원	서삼석	채무	배우자	금융채무	NH농협캐피탈 0(80,945 감소)	80945	0		80945		0	
202603	2497	FOK3459D	국회의원	국회	국회의원	서삼석	채무	장남	금융채무	(주)KEB하나은행 104,868(104,868 증가)	0	104868		0		104868	결혼준비 등
202603	2498	TKJ4800F	국회의원	국회	국회의원	서영교	토지	본인	임야	강원특별자치도 양양군 손양면 하양혈리 산 20-26번지661.00㎡	1871	33		0		1904	가액변동
202603	2499	TKJ4800F	국회의원	국회	국회의원	서영교	건물	본인	단독주택	서울특별시 중랑구 면목동 대지 0.00㎡ 건물 0.00㎡ (대지126.60㎡ 감소, 건물 302.96㎡ 감소)	251000	0		251000	251000	0	건물용도 변경 및 가액수정
202603	2500	TKJ4800F	국회의원	국회	국회의원	서영교	건물	본인	오피스텔(전세(임차)권)	서울특별시 중랑구 면목동 금호오피스 대지 284.60㎡ 건물133.74㎡	30000	0		0		30000	변동없음
202603	2501	TKJ4800F	국회의원	국회	국회의원	서영교	건물	본인	복합건물(주택+상가)	서울특별시 중랑구 면목동 대지 126.60㎡ 건물 302.96㎡(대지 126.60㎡ 증가, 건물 302.96㎡ 증가)	0	528035		0		528035	건물용도 변경 및 가액수정
202603	2502	TKJ4800F	국회의원	국회	국회의원	서영교	건물	배우자	근린생활시설(전세(임차)권)	서울특별시 중랑구 면목동 건물 0.00㎡ (건물 59.09㎡감소)	30000	0		30000		0	계약종료
202603	2503	TKJ4800F	국회의원	국회	국회의원	서영교	건물	배우자	아파트	서울특별시 중랑구 면목동 면목두산아파트 건물 134.20㎡	633000	0		0		633000	변동없음
202603	2504	TKJ4800F	국회의원	국회	국회의원	서영교	부동산에 관한 규정이 준용되는 권리와 자동차·건설기계·선박 및 항공기	배우자	자동차	2014년식 제네시스 330 배기량(3,342cc)	9840	0		1280		8560	감가상각
202603	2505	TKJ4800F	국회의원	국회	국회의원	서영교	예금	본인		(주)KB손해보험 17,556(1,584 증가), 국민은행 2,066, 농협생명보험 3,940(26,060 감소), 농협은행 61,462(51,869 증가), 농협중앙회 1,186,556(15,908증가), 삼성화재해상보험 9,400(2,400 증가), 새마을금고중앙회 257,891(7,654 증가),신용협동조합중앙회 261,460(19,076 감소),신한라이프생명보험 22,656, 신한은행 20,케이디비생명보험 7,128, 한화생명보험주식회사156,731(569 증가), 현대해상화재보험 56,757(5,493증가)	2003282	1425044		1384703		2043623	급여 저축 등
202603	2506	TKJ4800F	국회의원	국회	국회의원	서영교	예금	배우자		(주)KB손해보험 1,460(1,090 감소), (주)KEB하나은행 30,265(29,755 증가), AIA생명보험주식회사 20,081(1,104증가), DB손해보험(주) 231(231 증가), 교보생명보험 12,047(12,145 감소), 국민은행 3,274(201 증가),메리츠화재해상보험(보험) 12,068(1,174 증가),신한라이프생명보험 30,756, 신한은행 15, 우리은행 34,368(58,704 감소), 주식회사 카카오뱅크33,393(29,876 증가), 한화손해보험 12,000	199556	62341		71939		189958	급여 저축 등
202603	2507	TKJ4800F	국회의원	국회	국회의원	서영교	정치자금법에 따른 정치자금의 수입 및 지출을 위한 예금계좌의 예금	본인		농협은행 304,999(69,388 증가)	235611	69388		0		304999	후원회 후원금
202603	2508	TKJ4800F	국회의원	국회	국회의원	서영교	채무	본인	건물임대채무	서울특별시 중랑구 면목4동 임대보증금 증가	110000	10000		0		120000	계약만료
202603	2509	TKJ4800F	국회의원	국회	국회의원	서영교	채무	본인	건물임대채무	서울특별시 중랑구 면목동 임대보증금 감소	125000	25000		125000		25000	신규계약
202603	2510	TKJ4800F	국회의원	국회	국회의원	서영교	합명·합자·유한회사 출자지분	배우자	출자	법무법인 동서남북, 출자가액: 0천원(30,000천원 감소), 지분비율: 0%(10.0% 감소), 연간매출액: 623,482천원	30000	0		30000		0	출자금 회수
202603	2511	TKJ4800F	국회의원	국회	국회의원	서영교	고지거부 및 등록제외사항	부		고지거부	0	0		0		0	타인부양
202603	2512	TKJ4800F	국회의원	국회	국회의원	서영교	고지거부 및 등록제외사항	장남		고지거부	0	0		0		0	독립생계유지
202603	2513	XR24352K	국회의원	국회	국회의원	서영석	토지	본인	답	전라남도 광양시 옥룡면 용곡리 1462번지 1,673.00㎡ 중418.25㎡	13258	586		0		13844	공시지가 변동
202603	2514	XR24352K	국회의원	국회	국회의원	서영석	토지	본인	대지	전라남도 광양시 옥룡면 용곡리 1145-5번지 131.00㎡ 중32.75㎡	2135	46		0		2181	공시지가 변동
202603	2515	XR24352K	국회의원	국회	국회의원	서영석	토지	본인	대지	전라남도 광양시 옥룡면 용곡리 1145-2번지 736.00㎡ 중184.00㎡	11996	258		0		12254	공시지가 변동
202603	2516	XR24352K	국회의원	국회	국회의원	서영석	토지	본인	전	경기도 부천시 오정구 고강동 239-5번지 877.00㎡ 중438.50㎡	152773	4122		0		156895	공시지가 변동
202603	2517	XR24352K	국회의원	국회	국회의원	서영석	건물	본인	근린생활시설	경기도 부천시 오정구 고강동 건물 351.00㎡ 중 175.50㎡	263250	5089		0		268339	공시가격 변동
202603	2518	XR24352K	국회의원	국회	국회의원	서영석	건물	배우자	아파트	경기도 부천시 오정구 여월동 여월휴먼시아 건물 84.95㎡	456000	29000		0		485000	공시가격 변동
202603	2519	XR24352K	국회의원	국회	국회의원	서영석	건물	장녀	아파트(전세(임차)권)	경기도 양주시 옥정동 옥정25단지 건물 63.57㎡ (건물63.57㎡ 증가)	0	31320		0		31320	신규 임차
202603	2520	XR24352K	국회의원	국회	국회의원	서영석	부동산에 관한 규정이 준용되는 권리와 자동차·건설기계·선박 및 항공기	본인	자동차	2013년식 그렌저 배기량(2,999cc)	728	0		62		666	감가상각
202603	2521	XR24352K	국회의원	국회	국회의원	서영석	부동산에 관한 규정이 준용되는 권리와 자동차·건설기계·선박 및 항공기	장녀	자동차	2017년식 K3 1.6 배기량(1,591cc) 증가	0	4970	5980	0		4970	매입
202603	2522	XR24352K	국회의원	국회	국회의원	서영석	예금	본인		(주)KEB하나은행 2, 국민은행 38,959(27,127 증가),농협중앙회 336, 새마을금고중앙회 5,446(2,965 감소),스탠다드차타드은행 11, 신한은행 358, 우리은행 592,중소기업은행 3	21545	27133		2971		45707	예적금 생성 및 채무변제, 임금 등으로 인한 변동
202603	2523	XR24352K	국회의원	국회	국회의원	서영석	예금	배우자		DB손해보험(주) 2,556(1,227 증가), 국민은행 4,046(4,424 감소), 농협중앙회 42,메리츠화재해상보험(보험) 9,841(4,458 증가), 새마을금고중앙회 142(3 증가), 신한라이프생명보험11,965(4,951 증가), 중소기업은행 1,002(2 증가)	23377	10641		4424		29594	예적금 생성 및 채무변제, 임금 등으로 인한 변동
202603	2524	XR24352K	국회의원	국회	국회의원	서영석	예금	장남		(주)카카오페이증권 17(33 감소), DB손해보험(주) 0(109감소), 국민은행 3,124(1,340 감소), 농협중앙회 9	4632	1200		2682		3150	예적금 생성 및 채무변제, 임금 등으로 인한 변동
202603	2525	XR24352K	국회의원	국회	국회의원	서영석	예금	장녀		DB손해보험(주) 2,576(1,050 증가), 농협중앙회 320(320 증가), 대한지방행정공제회 329(132 증가), 메리츠화재해상보험(보험) 192(128 증가), 우리은행1,339(179 감소)	3305	1966		515		4756	예적금 생성 및 채무변제, 임금 등으로 인한 변동
202603	2526	XR24352K	국회의원	국회	국회의원	서영석	정치자금법에 따른 정치자금의 수입 및 지출을 위한 예금계좌의 예금	본인		농협중앙회 64,972(32,272 증가)	32700	32272		0		64972	정치자금 사용 및 후원금 이체로 인한 변동
202603	2527	XR24352K	국회의원	국회	국회의원	서영석	채무	본인		사인간채무	272500	0		0		272500	변동없음
202603	2528	XR24352K	국회의원	국회	국회의원	서영석	채무	본인	건물임대채무	경기도 부천시 오정구 고강동 임대보증금	10000	0		0		10000	변동없음
202603	2529	XR24352K	국회의원	국회	국회의원	서영석	채무	배우자	금융채무	국민은행 80,426(17,524 감소)	97950	0		17524		80426	채무변제로 인한 감소
202603	2530	XR24352K	국회의원	국회	국회의원	서영석	채무	장녀	금융채무	공무원연금공단 17,193(2,105 감소), 우리은행 1,890(712감소), 주식회사 카카오뱅크 2,998(8 증가), 토스뱅크(주) 2,996(1 감소)	27887	8		2818		25077	채무변제로 인한 감소
202603	2531	80C5885Z	국회의원	국회	국회의원	서왕진	건물	본인	아파트(전세(임차)권)	경기도 고양시 덕양구 지축동 고양 지축 위스테이 건물74.00㎡	154000	0		0		154000	변동 없음
202603	2532	80C5885Z	국회의원	국회	국회의원	서왕진	부동산에 관한 규정이 준용되는 권리와 자동차·건설기계·선박 및 항공기	본인	자동차	2010년식 그랜저 배기량(2,656cc)	3500	0		960		2540	가액변동
202603	2533	80C5885Z	국회의원	국회	국회의원	서왕진	예금	본인		(주)KEB하나은행 12,762(11 증가), KB라이프생명보험 78,753(4,666 증가), 국민은행 4,003, 농협은행227,816(92,923 증가), 신한은행 10,282(11,848 감소),우리은행 19,329(183,558 감소), 주식회사 카카오뱅크 2,567(741 감소)	454059	98040		196587		355512	의원실 경비 통장 및 의원 급여 통장 등 금액 변동
202603	2534	80C5885Z	국회의원	국회	국회의원	서왕진	정치자금법에 따른 정치자금의 수입 및 지출을 위한 예금계좌의 예금	본인		농협은행 81,446(14,596 증가)	66850	14596		0		81446	후원금 증가
202603	2535	80C5885Z	국회의원	국회	국회의원	서왕진	채권	본인		사인간채권 증가	35000	220000		0		255000	사인간 채권 신규등록
202603	2536	MR210505	국회의원	국회	국회의원	서일준	토지	본인	전	경상남도 거제시 연초면 한내리 369-2번지 1,371.00㎡	186867	0		959		185908	가액변동
202603	2537	MR210505	국회의원	국회	국회의원	서일준	토지	본인	대지	경상남도 거제시 연초면 한내리 369번지 296.00㎡	52836	0		296		52540	가액변동
202603	2538	MR210505	국회의원	국회	국회의원	서일준	토지	본인	답	경상남도 거제시 연초면 한내리 390번지 115.00㎡	15675	0		81		15594	가액변동
202603	2539	MR210505	국회의원	국회	국회의원	서일준	토지	본인	임야	경상남도 거제시 연초면 한내리 산 86번지 893.00㎡	10091	89		0		10180	가액변동
202603	2540	MR210505	국회의원	국회	국회의원	서일준	토지	본인	대지	경상남도 거제시 연초면 한내리 369-3번지 364.00㎡	64161	324		0		64485	가액변동
202603	2541	MR210505	국회의원	국회	국회의원	서일준	토지	모	답	경상남도 거제시 하청면 석포리 425번지 0.00㎡(1,098.00㎡ 감소)	119902	0		119902	99600	0	매도
202603	2542	MR210505	국회의원	국회	국회의원	서일준	건물	본인	아파트	서울특별시 강동구 명일동 삼익맨션 건물 82.45㎡	656000	0		21000		635000	가액변동
202603	2543	MR210505	국회의원	국회	국회의원	서일준	건물	본인	아파트(전세(임차)권)	경상남도 거제시 고현동 덕산베스트타운 건물 74.08㎡	5000	0		0		5000	변동없음
202603	2544	MR210505	국회의원	국회	국회의원	서일준	건물	본인	사무실(전세(임차)권)	경상남도 거제시 상동동 건물 257.00㎡	20000	0		0		20000	변동없음
202603	2545	MR210505	국회의원	국회	국회의원	서일준	건물	본인	아파트(전세(임차)권)	서울특별시 송파구 가락동 가락우성아파트 건물 127.75㎡	780000	0		0		780000	변동없음
202603	2546	MR210505	국회의원	국회	국회의원	서일준	건물	모	단독주택	경상남도 거제시 연초면 한내리 건물 86.46㎡	6324	0		1709		4615	가액변동
202603	2547	MR210505	국회의원	국회	국회의원	서일준	부동산에 관한 규정이 준용되는 권리와 자동차·건설기계·선박 및 항공기	본인	자동차	2020년식 더뉴그랜저 배기량(2,500cc)	17850	0		3070		14780	가액변동
202603	2548	MR210505	국회의원	국회	국회의원	서일준	예금	본인		(주)KEB하나은행 7,376(156 증가), 농협은행 17,345(12,048 증가), 농협중앙회 13,088(391 증가),롯데손해보험 44,532(468 감소), 산림조합중앙회 10,851(361 증가), 삼성생명보험 0(10,200 감소),새마을금고중앙회 21,251(13,761 증가), 수협중앙회 100, 신용협동조합중앙회 53,243(1,213 증가), 우리은행 4,337(2,748 감소), 우체국 18,500(6,000 증가)	170109	98492		77978		190623	급여저축 및 생활비 지출
202603	2549	MR210505	국회의원	국회	국회의원	서일준	예금	배우자		KB라이프생명보험 28,126(6,888 증가), 국민은행 48(48 증가), 농협중앙회 53(72,184 감소), 동양생명보험 24,759(1,292 증가), 메리츠화재해상보험(보험)19,124(3,771 증가), 미래에셋증권 150(3 증가),삼성생명보험 3,988, 새마을금고중앙회 50,649(1,378 증가), 신한라이프생명보험 26,514(1,337 증가), 신한은행 183(114 감소), 우리은행 2,765(902 증가),주식회사 카카오뱅크 0(3,228 감소), 키움증권 265(27 증가), 한화생명보험주식회사 36,412, 현대해상화재보험 14,297(875 증가), 흥국화재해상보험(주) 19,858(566증가)	285630	66367		124806		227191	급여저축 및 생활비 지출
202603	2550	MR210505	국회의원	국회	국회의원	서일준	예금	모		(주)KEB하나은행 1, DB손해보험(주) 1,180(120 증가),경남은행 2, 농협은행 1, 농협중앙회 118,217(90,739 증가), 메리츠화재해상보험(보험) 2,288(312 증가), 부산은행 3, 신용협동조합중앙회 480,한화생명보험주식회사 3,703(793 증가)	33911	103364		11400		125875	급여저축 및 생활비 지출
202603	2551	MR210505	국회의원	국회	국회의원	서일준	예금	장녀		(주)카카오페이증권 46(81 감소), KB라이프생명보험 27,943(6,209 증가), 국민은행 6,930(1,990 증가),삼성생명보험 2,993(1,098 증가), 삼성화재해상보험 1,050(360 증가), 새마을금고중앙회 160(160 증가),우리은행 1,500(712 감소), 주식회사 카카오뱅크 330(301 증가), 키움증권 4(207 감소), 한국투자증권 4(4 증가)	31838	12333		3211		40960	급여저축 및 생활비 지출
202603	2552	MR210505	국회의원	국회	국회의원	서일준	예금	차녀		(주)KEB하나은행 2,559(58 증가), 중소기업은행 11,260,케이뱅크 0(2,045 감소), 키움증권 178(1 증가)	15983	59		2045		13997	급여저축 및 생활비 지출
202603	2553	MR210505	국회의원	국회	국회의원	서일준	정치자금법에 따른 정치자금의 수입 및 지출을 위한 예금계좌의 예금	본인		농협은행 176,230(7,715 감소)	183945	0		7715		176230	의정활동 지출
202603	2554	MR210505	국회의원	국회	국회의원	서일준	증권	배우자	상장주식	이트론 0주(16,530주 감소), 이화전기공업 0주(500주감소), 플럼라인생명과학 2,680주(51주 증가)	15365	3231		4928		13668	매도, 매수, 평가액변동 등
202603	2555	MR210505	국회의원	국회	국회의원	서일준	증권	배우자	비상장주식	피앤텔 40주	20	0		0		20	매도, 매수, 평가액변동 등
202603	2556	MR210505	국회의원	국회	국회의원	서일준	증권	장녀	상장주식	NVIDIACORP 1주(1주 증가), 애플 0.039908주(0.039908주증가), 카카오보통주 8주(8주 증가), 플럼라인생명과학 1,970주(1,970주 증가)	0	10809		0		10809	매도, 매수, 평가액변동 등
202603	2557	MR210505	국회의원	국회	국회의원	서일준	채무	본인	건물임대채무	서울특별시 강동구 명일동 삼익맨션 임대보증금	470000	0		0		470000	변동없음
202603	2558	MR210505	국회의원	국회	국회의원	서일준	채무	장녀	금융채무	삼성카드 5,000(5,000 증가), 하나카드 5,488(5,488 증가)	0	10488		0		10488	신규대출
202603	2559	MR210505	국회의원	국회	국회의원	서일준	가상자산	배우자		비트코인 0.6406281개(0.6406281개 증가)	0	82504		0		82504	신규매수
202603	2560	MR210505	국회의원	국회	국회의원	서일준	가상자산	차녀		카이트 4,702개(4,702개 증가)	0	634		0		634	신규매수
202603	2561	P7U7800Z	국회의원	국회	국회의원	서지영	건물	본인	아파트	서울특별시 송파구 장지동 건물 84.93㎡	1195000	0		401000		794000	가액수정
202603	2562	P7U7800Z	국회의원	국회	국회의원	서지영	건물	본인	아파트(전세(임차)권)	서울특별시 양천구 신정동 길훈로즈빌 건물 103.00㎡	450000	0		0		450000	변동없음
202603	2563	P7U7800Z	국회의원	국회	국회의원	서지영	건물	본인	아파트(전세(임차)권)	부산광역시 동래구 온천동 이안 동래센트럴시티 건물91.00㎡	28000	0		0		28000	변동없음
202603	2564	P7U7800Z	국회의원	국회	국회의원	서지영	건물	본인	사무실(전세(임차)권)	부산광역시 동래구 명륜동 7층 대지 190.00㎡ 건물952.74㎡	30000	0		0		30000	변동없음
202603	2565	P7U7800Z	국회의원	국회	국회의원	서지영	건물	모	복합건물(주택+상가)(전세( 임차)권)	서울특별시 양천구 신정동 건물 33.20㎡	60000	0		0		60000	변동없음
202603	2566	P7U7800Z	국회의원	국회	국회의원	서지영	부동산에 관한 규정이 준용되는 권리와 자동차·건설기계·선박 및 항공기	본인	자동차	2015년식 E220 배기량(2,143cc)	14300	0		2930		11370	감가상각
202603	2567	P7U7800Z	국회의원	국회	국회의원	서지영	예금	본인		국민은행 43,595(9,524 증가), 농협생명보험 24,000,농협은행 185,417(169,336 증가), 부산은행 1,345, 삼성생명보험 3,648(2,432 증가), 삼성화재해상보험 1,890(360 증가), 신한라이프생명보험 27,413(1,678증가), 우리은행 1, 한화생명보험주식회사 12,000	115979	183330		0		299309	급여저축 및 임대보증금 등
202603	2568	P7U7800Z	국회의원	국회	국회의원	서지영	예금	모		국민은행 19,484(4,304 증가), 미래에셋증권71,905(71,833 증가), 흥국생명보험 6,428	21680	76137		0		97817	급여저축 및 임대보증금 등
202603	2569	P7U7800Z	국회의원	국회	국회의원	서지영	예금	장남		국민은행 3,901(716 증가), 주식회사 카카오뱅크 24,169(8,380 증가), 키움증권 3,928(3,856 증가),토스증권(주) 39,805(39,004 증가)	19847	52367		411		71803	급여저축 및 임대보증금 등
202603	2570	P7U7800Z	국회의원	국회	국회의원	서지영	예금	차남		국민은행 170(4,358 감소), 키움증권 21,359(5,652 증가)	20235	5652		4358		21529	급여저축 및 임대보증금 등
202603	2571	P7U7800Z	국회의원	국회	국회의원	서지영	정치자금법에 따른 정치자금의 수입 및 지출을 위한 예금계좌의 예금	본인		농협은행 14,620(8,590 증가)	6030	8590		0		14620	후원액 증가
202603	2572	P7U7800Z	국회의원	국회	국회의원	서지영	증권	모	상장주식	HMM 300주, 대한항공 0주(1,400주 감소), 삼성전자0주(228주 감소), 현대제철 200주	53277	2852		43769		12360	주식 매도·매수 및 평가액 변동
202603	2573	P7U7800Z	국회의원	국회	국회의원	서지영	증권	장남	상장주식	JOBYAVIATIONINC 30주(30주 증가), NVIDIACORP 24주,씨티그룹 2주, 아이온큐 1주, 애플 0.025774주, 에코페트롤(ADR) 1주, 코카콜라 1.258913주, 힘스앤허스헬스 15주	5674	2562		0		8236	주식 매도·매수 및 평가액 변동
202603	2574	P7U7800Z	국회의원	국회	국회의원	서지영	증권	차남	상장주식	ALPHABETINC 7주(7주 증가), IONQINC 2주(2주 증가), NVIDIACORP 85주, PFIZERINC 0주(38주 감소), TAIWANSEMICONDUCTORMANUFACTURINGSPON 19주(19주 증가)	18260	17522		1481		34301	주식 매도·매수 및 평가액 변동
202603	2575	P7U7800Z	국회의원	국회	국회의원	서지영	채무	본인		사인간채무	100000	0		0		100000	변동없음
202603	2576	P7U7800Z	국회의원	국회	국회의원	서지영	채무	본인	금융채무	농협은행 0(205,763 감소)	205763	0		205763		0	급여 등으로 상환
202603	2577	P7U7800Z	국회의원	국회	국회의원	서지영	채무	본인	건물임대채무	서울특별시 송파구 장지동 임대보증금 증가	0	400000		0		400000	신규 임대차계약
202603	2578	JP222486	국회의원	국회	국회의원	서천호	토지	본인	도로	경기도 용인시 처인구 양지면 평창리 15-31번지 130.00㎡중 25.00㎡	1250	0		0		1250	
202603	2579	JP222486	국회의원	국회	국회의원	서천호	토지	본인	도로	경기도 용인시 처인구 양지면 평창리 15-4번지 368.00㎡중 25.50㎡	1250	0		0		1250	
202603	2580	JP222486	국회의원	국회	국회의원	서천호	토지	본인	답	경기도 용인시 처인구 양지면 평창리 462-7번지 0.00㎡ 중 0.00㎡ (총면적 1,620.00㎡ 감소, 지분면적 628.50㎡ 감소)	292635	0		292635		0	건물에 합산 신고
202603	2581	JP222486	국회의원	국회	국회의원	서천호	토지	본인	전	경상남도 남해군 창선면 서대리 1065번지 152.00㎡ 중38.00㎡	307	0		0		307	
202603	2582	JP222486	국회의원	국회	국회의원	서천호	토지	본인	임야	경상남도 남해군 창선면 서대리 산 201-2번지 28,122.00㎡중 7,030.50㎡	6651	0		0		6651	
202603	2583	JP222486	국회의원	국회	국회의원	서천호	토지	본인	도로	경상남도 남해군 창선면 서대리 산 201-4번지 198.00㎡ 중49.50㎡	41	0		0		41	
202603	2584	JP222486	국회의원	국회	국회의원	서천호	토지	본인	임야	경상남도 남해군 창선면 서대리 산 215-1번지 31,369.00㎡중 6,273.80㎡	4304	37		0		4341	가액변동
202603	2585	JP222486	국회의원	국회	국회의원	서천호	토지	본인	전	경상남도 남해군 창선면 서대리 996-1번지 1,322.00㎡ 중330.50㎡	2842	49		0		2891	가액변동
202603	2586	JP222486	국회의원	국회	국회의원	서천호	토지	본인	답	경상남도 남해군 창선면 서대리 1114-2번지 916.00㎡ 중458.00㎡	7374	183		0		7557	가액변동
202603	2587	JP222486	국회의원	국회	국회의원	서천호	토지	본인	도로	경기도 용인시 처인구 양지읍 평창리 462-18번지 4.00㎡ 중 1.55㎡ (총면적 4.00㎡ 증가, 지분면적 1.55㎡ 증가)	0	103		0		103	지번 분할
202603	2588	JP222486	국회의원	국회	국회의원	서천호	토지	배우자	도로	경기도 용인시 처인구 양지면 평창리 15-31번지 130.00㎡중 25.00㎡	1250	0		0		1250	
202603	2589	JP222486	국회의원	국회	국회의원	서천호	토지	배우자	도로	경기도 용인시 처인구 양지면 평창리 15-4번지 368.00㎡ 중 25.50㎡	1250	0		0		1250	
202603	2590	JP222486	국회의원	국회	국회의원	서천호	토지	배우자	답	경기도 용인시 처인구 양지면 평창리 462-7번지 0.00㎡ 중 0.00㎡ (총면적 1,620.00㎡ 감소, 지분면적 628.50㎡ 감소)	292635	0		292635		0	건물에 합산 신고
202603	2591	JP222486	국회의원	국회	국회의원	서천호	토지	배우자	도로	경기도 용인시 처인구 양지읍 평창리 462-18번지 4.00㎡ 중 1.55㎡ (총면적 4.00㎡ 증가, 지분면적 1.55㎡ 증가)	0	103		0		103	지번 분할
202603	2592	JP222486	국회의원	국회	국회의원	서천호	건물	본인	단독주택	경기도 용인시 처인구 양지면 평창리 대지 610.00㎡ 중305.00㎡ 건물 139.01㎡ 중 69.50㎡	242500	0		0		242500	공실
202603	2593	JP222486	국회의원	국회	국회의원	서천호	건물	본인	단독주택	경상남도 사천시 죽림동 대지 0.00㎡ 건물 0.00㎡ (대지439.80㎡ 감소, 건물 90.75㎡ 감소)	250000	0		250000	280000	0	매도
202603	2594	JP222486	국회의원	국회	국회의원	서천호	건물	본인	근린생활시설	경기도 안성시 일죽면 송천리 선호빌딩 대지 0.00㎡ 중 0.00㎡건물 0.00㎡ 중 0.00㎡ (대지 지분면적 9.35㎡ 감소,건물 지분면적 14.27㎡ 감소)	20264	0		20264		0	지분 이전
202603	2595	JP222486	국회의원	국회	국회의원	서천호	건물	본인	근린생활시설	경기도 안성시 일죽면 송천리 선호빌딩 대지 0.00㎡ 중0.00㎡건물 0.00㎡ 중 0.00㎡ (대지 지분면적 36.56㎡ 감소, 건물 지분면적 55.78㎡ 감소)	79176	0		79176		0	지분 이전
202603	2596	JP222486	국회의원	국회	국회의원	서천호	건물	본인	근린생활시설	경기도 안성시 일죽면 송천리 선호빌딩 2,3,4층 대지  0.00㎡ 중 0.00㎡건물 0.00㎡ 중 0.00㎡ (대지 지분면적125.07㎡ 감소, 건물 지분면적 190.82㎡ 감소)	243892	0		243892		0	지분 이전
202603	2597	JP222486	국회의원	국회	국회의원	서천호	건물	본인	아파트(전세(임차)권)	경상남도 사천시 용현면 선진리 이편한세상 사천스카이마리나 건물 84.91㎡ (건물 84.91㎡ 증가)	0	25000		0		25000	지역 임대보증금
202603	2598	JP222486	국회의원	국회	국회의원	서천호	건물	본인	사무실(전세(임차)권)	경상남도 사천시 용현면 금문리 사천상공회의소 1층 건물151.50㎡ (건물 151.50㎡ 증가)	0	10000		0		10000	지역사무실
202603	2599	JP222486	국회의원	국회	국회의원	서천호	건물	본인	단독주택	경기도 용인시 처인구 양지읍 평창리 대지 1,616.00㎡ 중626.95㎡ 건물 229.10㎡ 중 114.55㎡ (대지 지분면적626.95㎡ 증가, 건물 지분면적 114.55㎡ 증가)	0	607205		0		607205	건물 신축
202603	2600	JP222486	국회의원	국회	국회의원	서천호	건물	배우자	단독주택	경기도 용인시 처인구 양지면 평창리 대지 610.00㎡ 중305.00㎡ 건물 139.01㎡ 중 69.50㎡	242500	0		0		242500	공실
202603	2601	JP222486	국회의원	국회	국회의원	서천호	건물	배우자	근린생활시설	경기도 안성시 일죽면 송천리 선호빌딩 대지 513.00㎡ 중 18.70㎡ 건물 782.65㎡ 중 28.54㎡ (대지 지분면적 9.35㎡ 증가, 건물 지분면적 14.27㎡ 증가)	20264	20264		0		40528	지분 이전
202603	2602	JP222486	국회의원	국회	국회의원	서천호	건물	배우자	근린생활시설	경기도 안성시 일죽면 송천리 선호빌딩 대지 513.00㎡ 중73.12㎡ 건물 782.65㎡ 중 111.56㎡ (대지 지분면적36.56㎡ 증가, 건물 지분면적 55.78㎡ 증가)	79176	79176		0		158352	지분 이전
202603	2603	JP222486	국회의원	국회	국회의원	서천호	건물	배우자	근린생활시설	경기도 안성시 일죽면 송천리 선호빌딩 2,3,4층 대지 513.00㎡ 중 250.14㎡ 건물 782.65㎡ 중 381.64㎡ (대지지분면적 125.07㎡ 증가, 건물 지분면적 190.82㎡ 증가)	243892	243892		0		487784	지분 이전
202603	2604	JP222486	국회의원	국회	국회의원	서천호	건물	배우자	단독주택	경기도 용인시 처인구 양지읍 평창리 대지 1,616.00㎡ 중626.95㎡ 건물 229.10㎡ 중 114.55㎡ (대지 지분면적626.95㎡ 증가, 건물 지분면적 114.55㎡ 증가)	0	607205		0		607205	건물 신축
202603	2605	JP222486	국회의원	국회	국회의원	서천호	부동산에 관한 규정이 준용되는 권리와 자동차·건설기계·선박 및 항공기	배우자	자동차	2018년식 그랜저하이브리드 배기량(2,359cc) 증가	0	12070	12070	0		12070	매입
202603	2606	JP222486	국회의원	국회	국회의원	서천호	예금	본인		(주)KB손해보험 3,977(1,029 증가), 국민은행 1,738(673증가), 농협은행 1,563(847 증가), 삼성생명보험 0(16,329감소), 우리은행 4, 현대해상화재보험 63,796(2,556 증가)	82302	5180		16404		71078	건축비용 등
202603	2607	JP222486	국회의원	국회	국회의원	서천호	예금	배우자		(주)KB손해보험 5,465(1,226 증가), 국민은행 4,911(906증가), 미래에셋증권 25(1 증가), 삼성증권 395(11,327감소), 에이비엘생명보험 26,040(217 증가), 하나증권 28,한국교직원공제회 2,050(600 증가),한화생명보험주식회사 28,110(28,199 감소)	103600	3712		40288		67024	건축비용 등
202603	2608	JP222486	국회의원	국회	국회의원	서천호	정치자금법에 따른 정치자금의 수입 및 지출을 위한 예금계좌의 예금	본인		농협은행 81,016(10,469 증가)	70547	10469		0		81016	후원금
202603	2609	JP222486	국회의원	국회	국회의원	서천호	증권	배우자	상장주식	루시드그룹 0주(1,210주 감소), 지슨 9,832주(4,345주 증가), 테슬라 23주(23주 증가), 한화에어로스페이스 0주(1주 감소), 현대바이오 3,674주(1,837주 증가)	72177	32940		53936		51181	매도 및 평가액변동
202603	2610	JP222486	국회의원	국회	국회의원	서천호	증권	배우자	비상장주식	엔에이치엔에듀 주식회사 500주	7380	0		6175		1205	매도 및 평가액변동
202603	2611	JP222486	국회의원	국회	국회의원	서천호	채무	본인	금융채무	국민은행 0(100,000 감소), 농협은행 150,000(150,000증가)	100000	150000		100000		150000	건축비용 등
202603	2612	JP222486	국회의원	국회	국회의원	서천호	채무	본인	건물임대채무	경기도 안성시 일죽면 송천리 선호빌딩 2건 임대보증금감소	8332	0		8332		0	지분 이전
202603	2613	JP222486	국회의원	국회	국회의원	서천호	채무	배우자		사인간채무 증가	100000	351250		100000		351250	건축비용 등
202603	2614	JP222486	국회의원	국회	국회의원	서천호	채무	배우자	금융채무	국민은행 34,000(66,000 감소)	100000	34000		100000		34000	건축비용 등
202603	2615	JP222486	국회의원	국회	국회의원	서천호	채무	배우자	건물임대채무	경기도 안성시 일죽면 송천리 선호빌딩 2건 임대보증금증가	8332	8332		0		16664	지분 이전
202603	2616	JP222486	국회의원	국회	국회의원	서천호	채무	배우자	건물임대채무	경기도 안성시 일죽면 송천리 선호빌딩 2,3,4층임대보증금 증가	9000	13000		0		22000	계약변경
202603	2617	7XY7109I	국회의원	국회	국회의원	성일종	토지	본인	대지	충청남도 서산시 해미면 기지리 96-9번지 317.00㎡ 중39.63㎡	1122	23		0		1145	가액변동
202603	2618	7XY7109I	국회의원	국회	국회의원	성일종	토지	본인	전	충청남도 서산시 해미면 기지리 96-10번지 942.00㎡ 중117.75㎡	2897	59		0		2956	가액변동
202603	2619	7XY7109I	국회의원	국회	국회의원	성일종	토지	본인	임야	충청남도 서산시 해미면 기지리 산 86-9번지 397.00㎡ 중49.63㎡	1087	20		0		1107	가액변동
202603	2620	7XY7109I	국회의원	국회	국회의원	성일종	토지	본인	임야	충청남도 서산시 해미면 기지리 104-3번지 966.00㎡ 중116.64㎡	2951	0		257		2694	가액변동
202603	2621	7XY7109I	국회의원	국회	국회의원	성일종	토지	본인	전	충청남도 서산시 해미면 기지리 128-5번지 230.00㎡ 중28.75㎡	624	0		52		572	가액변동
202603	2622	7XY7109I	국회의원	국회	국회의원	성일종	토지	본인	임야	충청남도 서산시 해미면 기지리 104-5번지 5,972.00㎡ 중746.50㎡	17991	0		1568		16423	가액변동
202603	2623	7XY7109I	국회의원	국회	국회의원	성일종	건물	본인	사무실(전세(임차)권)	충청남도 서산시 읍내동 건물 165.30㎡	100000	0		0		100000	변동없음
202603	2624	7XY7109I	국회의원	국회	국회의원	성일종	건물	본인	아파트	서울특별시 강남구 대치동 래미안 대치 팰리스(1단지)건물 84.97㎡ 중 66.27㎡	2067000	0		0		2067000	변동없음
202603	2625	7XY7109I	국회의원	국회	국회의원	성일종	건물	배우자	아파트	충청남도 서산시 석림동 신주공아파트 건물 58.14㎡	66000	1800		0		67800	가액변동
202603	2626	7XY7109I	국회의원	국회	국회의원	성일종	건물	배우자	아파트	서울특별시 강남구 대치동 래미안 대치 팰리스(1단지)건물 84.97㎡ 중 18.71㎡	583000	0		0		583000	변동없음
202603	2627	7XY7109I	국회의원	국회	국회의원	성일종	현금	본인		현금 증가	0	27000		0		27000	일시적 보유
202603	2628	7XY7109I	국회의원	국회	국회의원	성일종	예금	본인		(주)KB손해보험 36,000(300 증가), KB라이프생명보험 71,760, KB증권 131(2 증가), 농협은행 13,694(13,690증가), 농협중앙회 3,535(730 감소), 삼성생명보험 30,574, 신영증권 194(1 증가), 신한은행 67(1 감소),유안타증권 54(1 증가), 중소기업은행 62,404(9,167증가), 하나증권 99	196082	23162		732		218512	본인 급여저축 및 배우자 보험금 수령 등
202603	2629	7XY7109I	국회의원	국회	국회의원	성일종	예금	배우자		(주)KEB하나은행 20,580(77 감소), AIA생명보험주식회사 2,079, KB라이프생명보험 60,000, KB증권 90, 국민은행23,109(49,986 감소), 농협중앙회 19, 동양생명보험52,494(6,428 증가), 메리츠화재해상보험(보험)5,373(992 증가), 삼성생명보험 35,967(4,305 증가),새마을금고중앙회 124(1 증가), 스탠다드차타드은행 1,860(1 증가), 신한라이프생명보험 31,707(27 증가),신한은행 3, 중국은행 633, 하나증권 192,235(173,056 증가), 한화생명보험주식회사 85,793(3,918 증가)	373401	201905		63240		512066	본인 급여저축 및 배우자 보험금 수령 등
202603	2630	7XY7109I	국회의원	국회	국회의원	성일종	정치자금법에 따른 정치자금의 수입 및 지출을 위한 예금계좌의 예금	본인		농협은행 129,717(129,666 증가)	51	129666		0		129717	후원금
202603	2631	7XY7109I	국회의원	국회	국회의원	성일종	증권	본인	상장주식	LS네트웍스 3주(3주 증가)	0	10		0		10	채권 회수 금액으로 해외 유가증권 매수
202603	2632	7XY7109I	국회의원	국회	국회의원	성일종	증권	본인	비상장주식	주식회사 엔바이오컨스 1,529,391주	764695	0		0		764695	채권 회수 금액으로 해외 유가증권 매수
202603	2633	7XY7109I	국회의원	국회	국회의원	성일종	증권	배우자	상장주식	NEC 100주(100주 증가), TDK 100주(100주 증가), 마루베니 100주(100주 증가), 미쓰비시 100주(100주 증가), 미쓰비시전기 100주(100주 증가), 미쯔비시UFJ파이낸셜 200주(200주 증가), 미쯔비시부동산 100주(100주 증가), 미쯔이 100주(100주 증가), 미쯔이부동산 100주(100주 증가), 스미토모전기 100주(100주 증가), 카카오뱅크 6주, 후지쯔 100주(100주 증가), 히타치 100주(100주 증가)	126	46715		0		46841	채권 회수 금액으로 해외 유가증권 매수
202603	2634	7XY7109I	국회의원	국회	국회의원	성일종	증권	배우자	기타(채권)	환매조건부채권(RP)임의식(개인) 0주	50022	0		45258		4764	채권 회수 금액으로 해외 유가증권 매수
202603	2635	7XY7109I	국회의원	국회	국회의원	성일종	채권	본인		사인간채권	2130000	0		0		2130000	변동없음
202603	2636	7XY7109I	국회의원	국회	국회의원	성일종	채권	배우자		사인간채권	300000	0		0		300000	변동없음
202603	2637	7XY7109I	국회의원	국회	국회의원	성일종	고지거부 및 등록제외사항	장남		고지거부	0	0		0		0	독립생계유지
202603	2638	7XY7109I	국회의원	국회	국회의원	성일종	고지거부 및 등록제외사항	장녀		고지거부	0	0		0		0	독립생계유지
202603	2639	ZDR63255	국회의원	국회	국회의원	소병훈	토지	배우자	임야	강원특별자치도 인제군 인제읍 가리산리 626-4번지9,782.00㎡	7356	59		0		7415	가액변동
202603	2640	ZDR63255	국회의원	국회	국회의원	소병훈	토지	배우자	임야	강원특별자치도 인제군 인제읍 덕적리 산 18번지24,701.00㎡ 중 1,653.00㎡	1325	16		0		1341	가액변동
202603	2641	ZDR63255	국회의원	국회	국회의원	소병훈	토지	배우자	임야	강원특별자치도 인제군 인제읍 덕적리 산 37번지29,157.00㎡ 중 1,653.00㎡	1867	67		0		1934	가액변동
202603	2642	ZDR63255	국회의원	국회	국회의원	소병훈	토지	배우자	임야	강원특별자치도 인제군 인제읍 가리산리 626-3번지7,926.00㎡	5960	48		0		6008	가액변동
202603	2643	ZDR63255	국회의원	국회	국회의원	소병훈	건물	본인	아파트	경기도 광주시 탄벌동 경남아너스빌2단지 건물 159.94㎡	377000	0		7000		370000	가액변동
202603	2644	ZDR63255	국회의원	국회	국회의원	소병훈	건물	본인	사무실(전세(임차)권)	경기도 광주시 탄벌동 세양빌딩 건물 120.60㎡	30000	0		0		30000	변동없음
202603	2645	ZDR63255	국회의원	국회	국회의원	소병훈	건물	본인	근린생활시설	전북특별자치도 군산시 조촌동 대지 1,505.70㎡ 중167.30㎡ 건물 236.00㎡ 중 33.70㎡	92372	1352		0		93724	가액변동
202603	2646	ZDR63255	국회의원	국회	국회의원	소병훈	건물	배우자	사무실(전세(임차)권)	서울특별시 은평구 대조동 건물 98.86㎡	20000	0		0		20000	변동없음
202603	2647	ZDR63255	국회의원	국회	국회의원	소병훈	건물	장녀	근린생활시설	전북특별자치도 군산시 조촌동 대지 1,505.70㎡ 중167.30㎡ 건물 236.00㎡ 중 33.70㎡	92372	1352		0		93724	가액변동
202603	2648	ZDR63255	국회의원	국회	국회의원	소병훈	건물	차녀	근린생활시설	전북특별자치도 군산시 조촌동 대지 1,505.70㎡ 중167.30㎡ 건물 236.00㎡ 중 33.70㎡	92372	1352		0		93724	가액변동
202603	2649	ZDR63255	국회의원	국회	국회의원	소병훈	부동산에 관한 규정이 준용되는 권리와 자동차·건설기계·선박 및 항공기	배우자	기타	도서출판산하 서점 보관분 도서	180288	0		24462		155826	도서 일부 매도
202603	2650	ZDR63255	국회의원	국회	국회의원	소병훈	부동산에 관한 규정이 준용되는 권리와 자동차·건설기계·선박 및 항공기	배우자	기타	(주)문화유통북스 창고 재고도서	349488	0		70240		279248	도서 일부 매도
202603	2651	ZDR63255	국회의원	국회	국회의원	소병훈	부동산에 관한 규정이 준용되는 권리와 자동차·건설기계·선박 및 항공기	배우자	자동차	2023년식 더뉴소렌토2.5터보 배기량(2,500cc)	38110	0		7040		31070	가액변동
202603	2652	ZDR63255	국회의원	국회	국회의원	소병훈	부동산에 관한 규정이 준용되는 권리와 자동차·건설기계·선박 및 항공기	장녀	자동차	2021년식 5008 GT 2.0 BlueHDi 배기량(1,997cc)	25550	0		3240		22310	가액변동
202603	2653	ZDR63255	국회의원	국회	국회의원	소병훈	예금	본인		(주)KEB하나은행 8, AIA생명보험주식회사 30,855(1,657 증가), NH투자증권 494,243(366,531 증가), 국민은행 7,352(1,816 증가), 농협은행 241,689(426,241 감소),농협중앙회 86, 신용협동조합중앙회 11,474(368 증가),씨티은행 20, 한국투자증권 16(1 증가), 현대해상화재보험100,281(7,056 증가)	934836	419377		468189		886024	급여 저축·예적금 만기·생활비 지출 등
202603	2654	ZDR63255	국회의원	국회	국회의원	소병훈	예금	배우자		DB손해보험(주) 2,500(5,289 감소), 교보생명보험 13,670, 국민은행 51,334(15,638 증가), 농협중앙회6,919(298 감소), 새마을금고중앙회 1,401(1,401 증가),신용협동조합중앙회 1, 악사(AXA)손해보험 794(307 증가), 우리은행 3,714(3,714 증가), 주식회사 카카오뱅크 96(96 증가), 처브라이프생명 3,552(369 증가), 키움증권2,514(2,514 증가), 현대해상화재보험 37,309(3,312증가), 흥국생명보험 4,677(243 증가)	106474	40194		18187		128481	급여 저축·예적금 만기·생활비 지출 등
202603	2655	ZDR63255	국회의원	국회	국회의원	소병훈	예금	장녀		메리츠화재해상보험(보험) 12,214(2,017 증가), 미래에셋증권 690(43,136 감소), 삼성화재해상보험 832(156 증가), 상호저축은행중앙회 40,000,신용협동조합중앙회 1, 애큐온저축은행 0(20,000 감소),우리은행 0(5,440 감소), 우체국 69,408(6,205 증가),유안타증권 298(6 증가)	183635	8384		68576		123443	급여 저축·예적금 만기·생활비 지출 등
202603	2656	ZDR63255	국회의원	국회	국회의원	소병훈	예금	차녀		(주)KEB하나은행 18,836(9,556 증가), 농협은행 102,동양생명보험 31,563(6,012 증가),메리츠화재해상보험(보험) 1,399(730 증가),미래에셋증권 7,421(7,302 증가), 신용협동조합중앙회 1,우리은행 45,031(7,043 증가), 우체국 45,888(33,229증가), 코인원 271(666 감소)	87306	65054		1848		150512	급여 저축·예적금 만기·생활비 지출 등
202603	2657	ZDR63255	국회의원	국회	국회의원	소병훈	정치자금법에 따른 정치자금의 수입 및 지출을 위한 예금계좌의 예금	본인		농협은행 71,396(49,966 증가)	21430	49966		0		71396	후원 모금액 증가
202603	2658	ZDR63255	국회의원	국회	국회의원	소병훈	증권	본인	상장주식	디지털대성 56,544주	390153	54848		0		445001	가액 변동 및 매입 등
202603	2659	ZDR63255	국회의원	국회	국회의원	소병훈	증권	배우자	상장주식	두산에너빌리티보통주 5주(5주 증가), 삼성전자보통주 5주(5주 증가), 셀트리온제약 5주(5주 증가), 에코프로10주(10주 증가), 현대자동차보통주 3주(3주 증가)	0	3062		0		3062	가액 변동 및 매입 등
202603	2660	ZDR63255	국회의원	국회	국회의원	소병훈	증권	장녀	상장주식	LG디스플레이 30주, NAVER 10주(3주 증가), SK이노베이션 3주, 나이키 100주, 니콜라 0주(2주 감소), 대한항공 50주, 삼성전자 1,020주(820주 증가), 셰브론 5주, 스타벅스 50주, 애플 10주, 카카오 365주(255주 증가), 테슬라 21주	53016	131838		2686		182168	가액 변동 및 매입 등
202603	2661	ZDR63255	국회의원	국회	국회의원	소병훈	증권	차녀	상장주식	나이키B 122주(122주 증가), 남성 200주, 니콜라 0주(33주 감소), 디지털대성 514주(514주 증가), 삼성물산 10주, 삼성전자 80주(46주 감소), 아틀란틱네비게이션홀딩스 23,000주(23,000주 증가), 제주항공 50주(50주 증가), 카카오 80주, 카카오게임즈 20주, 퍼시픽센추리 3,600주(3,600주 증가), 화신자동차 4,000주(4,000주 증가), 회채홀딩스 12,000주(12,000주 증가)	11515	32783		2795		41503	가액 변동 및 매입 등
202603	2662	ZDR63255	국회의원	국회	국회의원	소병훈	채무	배우자	금융채무	국민은행 19,000(9,583 감소)	28583	0		9583		19000	일부 상환
202603	2663	ZDR63255	국회의원	국회	국회의원	소병훈	채무	장녀	금융채무	신한은행 5,969(4,969 증가), 우리은행 11,960(11,960증가)	1000	16929		0		17929	채무 증가
202603	2664	ZDR63255	국회의원	국회	국회의원	소병훈	합명·합자·유한회사 출자지분	배우자	출자	한국출판협동조합, 출자가액: 3,100천원, 지분비율:0.9%, 연간매출액: 5,740,000천원	3100	0		0		3100	변동없음
202603	2665	ZDR63255	국회의원	국회	국회의원	소병훈	가상자산	차녀		레디 5,689.0182804개, 루아토큰 249.775개, 마일벌스 418.02766418개, 맵프로토콜 1,296.6541405개, 미네랄9,225.80549542개, 밀크 139.06343017개, 바나나톡935.69899712개, 바이오패스포트 2,267.82641763개, 비비249.775개, 비트코인 0.02142844개(0.02142844개 증가),비트코인캐시 0.14104282개(0.14104282개 증가), 비트토렌트 49,952,819.9268개(30,649,819.6268개증가), 아이스타더스트 210,089.95685676개, 아이씨제트 56.64357486개, 아튜브 19.982개, 에이피이앤에프티697,853.3863개(464,386.5455개 증가), 엑스알피(리플)105.508006개(105.508006개 증가), 오르빗체인0.00002437개, 유니스왑 4.03247764개(4.03247764개 증가), 이더리움 0.00000312개(0.05995411개 감소),이더리움클래식 0.00000048개, 이더리움페어 0.05929308개, 이더리움피오더블유 0.05929308개, 이오스40.98638674개, 캠프코인 35,145.33558272개,케이브이아이 92,409.29591472개, 케이스타라이브 321.4469303개, 퀀텀 11.43833852개, 크립토뱅크20.15514403개, 클레이튼 501.92963986개(72.76044067개증가), 토로커스 81,660.05966996개, 파일코인 9.49482656개, 팔라네트워크 0.00001344개, 힙스5,844.28550491개	692	3202		554		3340	가액 변동 및 매입  등
202603	2666	ZDR63255	국회의원	국회	국회의원	소병훈	고지거부 및 등록제외사항	장남		고지거부	-7214	0		-7214		0	독립생계유지
202603	2667	ZDR63255	국회의원	국회	국회의원	소병훈	고지거부 및 등록제외사항	손녀1		고지거부	0	0		0		0	독립생계유지
202603	2668	JSA8739I	국회의원	국회	국회의원	손명수	건물	본인	아파트	서울특별시 송파구 오금동 현대2-4차 건물 84.98㎡	1077000	123000		0		1200000	가액변동
202603	2669	JSA8739I	국회의원	국회	국회의원	손명수	건물	본인	아파트(전세(임차)권)	경기도 용인시 기흥구 구갈동 기흥역 롯데캐슬레이시티/주상복합 건물 0.00㎡ (건물 84.95㎡ 감소)	300000	0		300000		0	임대차 계약 종료
202603	2670	JSA8739I	국회의원	국회	국회의원	손명수	건물	본인	사무실(전세(임차)권)	경기도 용인시 기흥구 구갈동 금강프라자 건물 105.84㎡	10000	0		0		10000	
202603	2671	JSA8739I	국회의원	국회	국회의원	손명수	건물	본인	오피스텔(전세( 임차)권)	경기도 용인시 기흥구 구갈동 기흥역 더샵 대지 19.22㎡ 건물 59.92㎡ (대지 19.22㎡ 증가, 건물 59.92㎡ 증가)	0	150000		0		150000	신규 임대차 계약 체결
202603	2672	JSA8739I	국회의원	국회	국회의원	손명수	예금	본인		NH투자증권 189,873(47,986 증가), 국민은행 8,농협생명보험 36,000, 농협은행 408,397(158,647 증가),메트라이프생명보험 100,000(100,000 증가),삼성생명보험 100,000, 신한라이프생명보험 0(63,000 감소), 우체국 32,869(11,930 감소), 주식회사 아이엠라이프생명보험 100,000, 중소기업은행4,580(16,683 감소)	756707	529884		314864		971727	근로소득 및 예금소득 증가
202603	2673	JSA8739I	국회의원	국회	국회의원	손명수	정치자금법에 따른 정치자금의 수입 및 지출을 위한 예금계좌의 예금	본인		국민은행 301,347(181,418 증가)	119929	181418		0		301347	후원금 이전으로 인한 예금액 증가
202603	2674	JSA8739I	국회의원	국회	국회의원	손명수	증권	본인	상장주식	ALPHABETCLAORD 3주(3주 증가), Amazon.com 23주, CJ대한통운 0주(17주 감소), CRCLINTNTORDA 13주(13주증가), Coca-Cola 33주(13주 증가), GS피앤엘 0주(34주 감소), JobyAviation 410주(1주 증가), LS마린솔루션 0주(1,200주 감소), Microsoft 4주(1주 증가), NuscalePower 60주(10주 증가), Nvidia 20주(10주 감소), SKC 50주(50주 증가), SOOP 0주(33주 감소), UnitySoftware 0주(50주 감소), VertivHoldg 5주(5주 감소), 감성코퍼레이션 0주(511주 감소), 경동나비엔 0주(26주 감소), 기아 0주(35주 감소), 대한항공 0주(178주 감소), 더존비즈온 50주(115주 감소), 두산 0주(22주 감소), 두산에너빌리티 0주(126주 감소), 리가켐바이오 0주(24주 감소), 메디톡스 0주(12주 감소), 삼성바이오로직스 0주(3주 감소), 삼성생명 0주(15주 감소), 삼성전기0주(20주 감소), 삼성중공업 0주(294주 감소), 삼성화재0주(4주 감소), 삼양식품 0주(7주 감소), 서진시스템0주(94주 감소), 세방전지 0주(36주 감소), 스튜디오드래곤 0주(18주 감소), 신한지주 0주(47주 감소), 에스티큐브 300주(100주 증가), 예스티 57,700주(22,700주 증가), 오리온 0주(25주 감소), 오리온홀딩스 50주(50주 증가), 우리금융지주 0주(156주 감소), 케이엔솔 200주, 코스메카코리아 0주(31주 감소), 테슬라 15주(5주 증가), 하나금융지주 0주(41주 감소), 한미반도체 0주(150주 감소), 한중엔시에스 0주(48주 감소), 효성중공업 0주(14주 감소)	490778	702193		108562		1084409	일부 주식 매도 및 매수, 주가 증가
202603	2675	JSA8739I	국회의원	국회	국회의원	손명수	증권	본인	국채	국민주택1종24-05 0주	189183	0		0		189183	일부 주식 매도 및 매수, 주가 증가
202603	2676	JSA8739I	국회의원	국회	국회의원	손명수	증권	본인	금융채	IBKD-DAY통장(단기중금채) 0주, IBK굴리기통장(단기중금채) 0주, 메리츠캐피탈254-1 0주,복리맞춤채권(원단위) 0주	293142	105680		203142		195680	일부 주식 매도 및 매수, 주가 증가
202603	2677	JSA8739I	국회의원	국회	국회의원	손명수	증권	본인	비상장주식	하이리움산업 9,150주(4,650주 증가), 하이리움산업 2우0주(4,650주 감소)	31045	0		26470		4575	일부 주식 매도 및 매수, 주가 증가
202603	2678	JSA8739I	국회의원	국회	국회의원	손명수	증권	본인	기타(채권)	T1.2505/15/50 0주	63660	0		0		63660	일부 주식 매도 및 매수, 주가 증가
202603	2679	JSA8739I	국회의원	국회	국회의원	손명수	가상자산	본인		솔로제닉 14.08237069개, 에이피이앤에프티291,885.70631385개, 엑스코어 1.75655042개	0	0		0		0	
202603	2680	2KM3589W	국회의원	국회	국회의원	손솔	건물	본인	다가구주택(전세(임차)권)	서울특별시 서대문구 북아현동 건물 419.94㎡ 중 53.00㎡	50000	0		0		50000	
202603	2681	2KM3589W	국회의원	국회	국회의원	손솔	예금	본인		농협은행 14,945(14,945 증가), 새마을금고중앙회 24(24증가), 신한은행 8,751(8,751 증가)	0	23720		0		23720	급여 저축
202603	2682	2KM3589W	국회의원	국회	국회의원	손솔	정치자금법에 따른 정치자금의 수입 및 지출을 위한 예금계좌의 예금	본인		농협은행 1,186(1,186 증가)	0	1186		0		1186	후원회 설립으로 수입 증가
202603	2683	2KM3589W	국회의원	국회	국회의원	손솔	채무	본인		사인간채무	50000	0		0		50000	
202603	2684	2KM3589W	국회의원	국회	국회의원	손솔	채무	본인	기타	한국장학재단 감소	7977	0		1473		6504	
202603	2685	2KM3589W	국회의원	국회	국회의원	손솔	고지거부 및 등록제외사항	부		고지거부	0	0		0		0	독립생계유지
202603	2686	2KM3589W	국회의원	국회	국회의원	손솔	고지거부 및 등록제외사항	모		고지거부	0	0		0		0	독립생계유지
202603	2687	SQ36001H	국회의원	국회	국회의원	송기헌	토지	배우자	대지	강원특별자치도 원주시 소초면 흥양리 944-129번지147.00㎡ 중 7.00㎡	1454	23		0		1477	가액 변동
202603	2688	SQ36001H	국회의원	국회	국회의원	송기헌	토지	배우자	대지	강원특별자치도 원주시 소초면 흥양리 944-13번지872.00㎡ 중 42.00㎡	8723	139		0		8862	가액 변동
202603	2689	SQ36001H	국회의원	국회	국회의원	송기헌	토지	배우자	도로	강원특별자치도 원주시 소초면 흥양리 944-28번지2,830.00㎡ 중 178.00㎡	14471	214		0		14685	가액 변동
202603	2690	SQ36001H	국회의원	국회	국회의원	송기헌	건물	본인	사무실(전세(임차)권)	강원특별자치도 원주시 단구동 501호 건물 238.50㎡	20000	0		0		20000	변동 없음
202603	2691	SQ36001H	국회의원	국회	국회의원	송기헌	건물	배우자	아파트	서울특별시 양천구 목동 청구아파트 건물 84.77㎡	893000	89000		0		982000	가액 변동
202603	2692	SQ36001H	국회의원	국회	국회의원	송기헌	건물	배우자	단독주택	강원특별자치도 원주시 소초면 흥양리 대지 918.00㎡ 건물225.81㎡	280900	0		100		280800	가액 변동
202603	2693	SQ36001H	국회의원	국회	국회의원	송기헌	부동산에 관한 규정이 준용되는 권리와 자동차·건설기계·선박 및 항공기	배우자	자동차	2020년식 그랜저 하이브리드 배기량(2,359cc)	2324	21116		0		23440	가액 수정
202603	2694	SQ36001H	국회의원	국회	국회의원	송기헌	현금	본인		현금	30000	0		0		30000	변동 없음
202603	2695	SQ36001H	국회의원	국회	국회의원	송기헌	예금	본인		MG손해보험(주) 0(18,002 감소), 국민은행 132(120 증가),농협은행 4,835(4,679 증가), 농협중앙회 4,647(6,013 감소), 삼성화재해상보험 500(500 증가), 새마을금고중앙회 1,194(38 증가), 스탠다드차타드은행 25, 신용협동조합중앙회 14, 신한은행 2,945(2,878 증가),우체국 0(4 감소)	30096	10165		25969		14292	급여 저축 및 생활비 지출
202603	2696	SQ36001H	국회의원	국회	국회의원	송기헌	예금	배우자		DB손해보험(주) 720(6,694 감소), 국민은행 2,868(904증가), 농협은행 54(15 증가), 농협중앙회 7, 동양생명보험 34,473(3,347 증가), 라이나생명보험 0(4,203 감소), 롯데손해보험 24,456(2,367 증가),메리츠화재해상보험(보험) 4,780(858 증가),신용협동조합중앙회 81(3 증가), 우체국 1,979(2,019 감소), 한화생명보험주식회사 17,256, 한화손해보험 10,375(996 증가)	101475	9520		13946		97049	급여 저축 및 생활비 지출
202603	2697	SQ36001H	국회의원	국회	국회의원	송기헌	예금	부		농협중앙회 5,232(4,110 증가)	1122	4110		0		5232	급여 저축 및 생활비 지출
202603	2698	SQ36001H	국회의원	국회	국회의원	송기헌	예금	장남		(주)카카오페이증권 140(84 감소), 국민은행 8,395(8,276 증가), 우리은행 750, 주식회사 카카오뱅크 14(14 증가)	1093	8290		84		9299	급여 저축 및 생활비 지출
202603	2699	SQ36001H	국회의원	국회	국회의원	송기헌	정치자금법에 따른 정치자금의 수입 및 지출을 위한 예금계좌의 예금	본인		농협중앙회 50,540(35,285 증가)	15255	35285		0		50540	정치후원금 잔액
202603	2700	SQ36001H	국회의원	국회	국회의원	송기헌	채권	본인		사인간채권	90000	0		0		90000	변동 없음
202603	2701	SQ36001H	국회의원	국회	국회의원	송기헌	채무	본인	금융채무	MG손해보험(주) 0(6,050 감소), 국민은행 78,900(78,900증가), 농협은행 134,499(10,138 감소), 신한은행 31,808(10,288 증가), 씨티은행 0(78,900 감소)	251107	90352		96252		245207	채무 일부 상환
202603	2702	SQ36001H	국회의원	국회	국회의원	송기헌	채무	배우자	금융채무	농협은행 19,800(7,200 감소), 동양생명보험 5,320,삼성카드 16,000(16,000 증가), 신한카드 0(9,889 감소),한화생명보험주식회사 15,550, 현대카드(주) 0(10,000 감소)	67759	16000		27089		56670	채무 일부 상환
202603	2703	SQ36001H	국회의원	국회	국회의원	송기헌	채무	배우자	건물임대채무	서울특별시 양천구 목동 청구아파트 임대보증금	830000	0		0		830000	변동 없음
202603	2704	SQ36001H	국회의원	국회	국회의원	송기헌	채무	장남	금융채무	KB국민카드 27,132(17,966 증가)	9166	27132		9166		27132	생활비 지출
202603	2705	SQ36001H	국회의원	국회	국회의원	송기헌	고지거부 및 등록제외사항	장녀		고지거부	0	0		0		0	독립생계유지
202603	2706	CNW5754J	국회의원	국회	국회의원	송석준	토지	본인	전	경기도 이천시 설성면 수산리 322-1번지 149.00㎡ 중22.92㎡ (지분면적 4.29㎡ 증가)	598	147		0		745	공시지가 상승
202603	2707	CNW5754J	국회의원	국회	국회의원	송석준	토지	본인	전	경기도 이천시 설성면 수산리 323-2번지 89.00㎡ 중13.69㎡ (지분면적 2.57㎡ 증가)	383	84		0		467	공시지가 상승
202603	2708	CNW5754J	국회의원	국회	국회의원	송석준	토지	본인	답	경기도 이천시 설성면 수산리 393번지 572.00㎡	23452	229		0		23681	공시지가 상승
202603	2709	CNW5754J	국회의원	국회	국회의원	송석준	토지	모	답	경기도 이천시 설성면 수산리 204번지 1,759.00㎡	78099	2463		0		80562	공시지가 상승
202603	2710	CNW5754J	국회의원	국회	국회의원	송석준	토지	모	전	경기도 이천시 설성면 수산리 322-1번지 149.00㎡ 중11.46㎡ (지분면적 7.17㎡ 감소)	598	0		226		372	공시지가 하락
202603	2711	CNW5754J	국회의원	국회	국회의원	송석준	토지	모	전	경기도 이천시 설성면 수산리 323-2번지 89.00㎡ 중 6.84㎡(지분면적 4.28㎡ 감소)	383	0		150		233	공시지가 하락
202603	2712	CNW5754J	국회의원	국회	국회의원	송석준	건물	본인	아파트	경기도 의왕시 포일동 포일숲속마을 건물 134.82㎡ 중67.41㎡	330500	22026		0		352526	공시가격 상승
202603	2713	CNW5754J	국회의원	국회	국회의원	송석준	건물	본인	아파트(전세(임차)권)	경기도 이천시 증포동 증포동한솔솔파크 건물 117.22㎡	220000	0		0		220000	가액변동 없음
202603	2714	CNW5754J	국회의원	국회	국회의원	송석준	건물	배우자	아파트	경기도 의왕시 포일동 포일숲속마을 건물 134.82㎡ 중67.41㎡	330500	22026		0		352526	공시가격 상승
202603	2715	CNW5754J	국회의원	국회	국회의원	송석준	건물	배우자	근린생활시설	서울특별시 강남구 청담동 대지 18.08㎡ 중 4.01㎡ 건물28.70㎡ 중 6.37㎡	83721	4094		0		87815	공시가격 상승
202603	2716	CNW5754J	국회의원	국회	국회의원	송석준	건물	모	단독주택	경기도 이천시 설성면 수산리 대지 205.00㎡ 건물 65.20㎡	23200	1000		0		24200	공시가격 상승
202603	2717	CNW5754J	국회의원	국회	국회의원	송석준	부동산에 관한 규정이 준용되는 권리와 자동차·건설기계·선박 및 항공기	본인	자동차	2022년식 스포티지 하이브리드 배기량(1,598cc)	11905	0		2825		9080	가액감소
202603	2718	CNW5754J	국회의원	국회	국회의원	송석준	부동산에 관한 규정이 준용되는 권리와 자동차·건설기계·선박 및 항공기	배우자	자동차	2022년식 스포티지 하이브리드 배기량(1,598cc)	11905	0		2825		9080	가액감소
202603	2719	CNW5754J	국회의원	국회	국회의원	송석준	부동산에 관한 규정이 준용되는 권리와 자동차·건설기계·선박 및 항공기	배우자	자동차	2017년식 G80 배기량(3,342cc)	14690	0		2230		12460	가액감소
202603	2720	CNW5754J	국회의원	국회	국회의원	송석준	현금	본인		현금	40000	0		0		40000	변동없음
202603	2721	CNW5754J	국회의원	국회	국회의원	송석준	현금	모		현금	10000	0		0		10000	변동없음
202603	2722	CNW5754J	국회의원	국회	국회의원	송석준	예금	본인		KB증권 551(28 증가), 국민은행 100,871(32,143 증가),농협은행 272,624(7,926 감소), 삼성생명보험 5,576(6,424 감소), 새마을금고중앙회 50, 신용협동조합중앙회 447(13 증가), 신한라이프생명보험 28,967(2,105 증가), 우리은행 16,157(2,986 증가),우체국 0(2 감소), 유안타증권 328, 처브라이프생명17,608(781 증가)	419475	51453		27749		443179	저축 등으로 가액변동
202603	2723	CNW5754J	국회의원	국회	국회의원	송석준	예금	배우자		(주)KEB하나은행 14, DB손해보험(주) 8,736(1,327 증가),KB증권 1,419(83 증가), 국민은행 3,649(3,261 증가),농협은행 7,097(4,888 감소), 메리츠화재해상보험(보험) 22,275(3,199 증가), 새마을금고중앙회 3,190(463 증가),신용협동조합중앙회 0(32 감소), 신한은행 530(249 감소),우리은행 1,731(71 증가), 우체국 15,000(564 증가),유안타증권 1,032(883 증가), 흥국생명보험 9,234(1,232 증가)	67993	11083		5169		73907	저축 등으로 가액변동
202603	2724	CNW5754J	국회의원	국회	국회의원	송석준	예금	모		농협중앙회 98,449(11,603 증가)	86846	96060		84457		98449	저축 등으로 가액변동
202603	2725	CNW5754J	국회의원	국회	국회의원	송석준	정치자금법에 따른 정치자금의 수입 및 지출을 위한 예금계좌의 예금	본인		농협중앙회 2,855(58,701 감소)	61556	0		58701		2855	정치자금 지출로 가액변동
202603	2726	CNW5754J	국회의원	국회	국회의원	송석준	증권	본인	상장주식	SK스퀘어 3주, SK텔레콤 6주, 현대건설 22주	1126	1851		10		2967	평가액변동
202603	2727	CNW5754J	국회의원	국회	국회의원	송석준	증권	배우자	상장주식	HL만도보통주 50주, LG유플러스 113주, NAVER보통주 60주, 두산에너빌리티보통주 20주(10주 감소), 에스원보통주 20주, 이미지스테크놀로지 130주, 지에스리테일보통주42주, 지에스피앤엘보통주 0주(9주 감소), 차바이오텍110주, 카카오보통주 21주, 한국전력 50주, 효성티앤씨보통주 5주	22335	7575		473		29437	평가액변동
202603	2728	CNW5754J	국회의원	국회	국회의원	송석준	채무	본인		사인간채무	167220	0		0		167220	변동없음
202603	2729	CNW5754J	국회의원	국회	국회의원	송석준	채무	본인	금융채무	우리은행 168,797(9,880 감소)	178677	0		9880		168797	채무변제
202603	2730	CNW5754J	국회의원	국회	국회의원	송석준	채무	배우자	건물임대채무	서울특별시 강남구 청담동 제1층 임대보증금	6666	0		0		6666	변동없음
202603	2731	CNW5754J	국회의원	국회	국회의원	송석준	고지거부 및 등록제외사항	장남		고지거부	127130	0		127130		0	독립생계유지
202603	2732	CNW5754J	국회의원	국회	국회의원	송석준	고지거부 및 등록제외사항	장녀		고지거부	0	0		0		0	독립생계유지
202603	2733	6EN68926	국회의원	국회	국회의원	송언석	토지	본인	전	경상북도 김천시 구성면 미평리 668번지 695.00㎡	15360	139		0		15499	공시지가 변동
202603	2734	6EN68926	국회의원	국회	국회의원	송언석	토지	본인	답	경상북도 김천시 구성면 구미리 95-23번지 1,424.00㎡(711.00㎡ 증가)	16827	17064		0		33891	상속에 의한 지분면적 증가
202603	2735	6EN68926	국회의원	국회	국회의원	송언석	토지	본인	임야	경상북도 김천시 구성면 미평리 485번지 7,201.00㎡	5034	36		0		5070	공시지가 변동
202603	2736	6EN68926	국회의원	국회	국회의원	송언석	토지	본인	전	경상북도 김천시 구성면 미평리 528번지 1,828.00㎡	38022	366		0		38388	공시지가 변동
202603	2737	6EN68926	국회의원	국회	국회의원	송언석	토지	본인	답	경상북도 김천시 구성면 미평리 610-1번지 586.00㎡	11837	117		0		11954	공시지가 변동
202603	2738	6EN68926	국회의원	국회	국회의원	송언석	토지	본인	답	경상북도 김천시 구성면 미평리 613번지 1,753.00㎡	35411	350		0		35761	공시지가 변동
202603	2739	6EN68926	국회의원	국회	국회의원	송언석	토지	본인	전	경상북도 김천시 구성면 미평리 652번지 3,038.00㎡	45570	304		0		45874	공시지가 변동
202603	2740	6EN68926	국회의원	국회	국회의원	송언석	토지	본인	전	경상북도 김천시 구성면 미평리 662번지 982.00㎡	21702	197		0		21899	공시지가 변동
202603	2741	6EN68926	국회의원	국회	국회의원	송언석	토지	본인	답	경상북도 김천시 구성면 미평리 665-1번지 208.00㎡	4368	42		0		4410	공시지가 변동
202603	2742	6EN68926	국회의원	국회	국회의원	송언석	토지	본인	답	경상북도 김천시 구성면 미평리 688번지 201.00㎡	1174	8		0		1182	공시지가 변동
202603	2743	6EN68926	국회의원	국회	국회의원	송언석	토지	본인	답	경상북도 김천시 구성면 미평리 689번지 198.00㎡	1156	8		0		1164	공시지가 변동
202603	2744	6EN68926	국회의원	국회	국회의원	송언석	토지	본인	전	경상북도 김천시 구성면 미평리 755번지 294.00㎡(147.00㎡ 증가)	1940	1970		0		3910	상속에 의한 지분면적 증가
202603	2745	6EN68926	국회의원	국회	국회의원	송언석	토지	본인	제방	경상북도 김천시 구성면 구미리 266-3번지 103.00㎡(103.00㎡ 증가)	0	0		0		0	상속
202603	2746	6EN68926	국회의원	국회	국회의원	송언석	토지	본인	답	경상북도 김천시 구성면 구미리 68번지 3,084.00㎡(3,084.00㎡ 증가)	0	74633		0		74633	상속
202603	2747	6EN68926	국회의원	국회	국회의원	송언석	토지	본인	답	경상북도 김천시 구성면 구미리 69-1번지 883.00㎡(883.00㎡ 증가)	0	22163		0		22163	상속
202603	2748	6EN68926	국회의원	국회	국회의원	송언석	토지	본인	답	경상북도 김천시 구성면 구미리 69-2번지 1,657.00㎡(1,657.00㎡ 증가)	0	38608		0		38608	상속
202603	2749	6EN68926	국회의원	국회	국회의원	송언석	토지	본인	답	경상북도 김천시 구성면 구미리 70-1번지 880.00㎡(880.00㎡ 증가)	0	22352		0		22352	상속
202603	2750	6EN68926	국회의원	국회	국회의원	송언석	토지	본인	답	경상북도 김천시 구성면 미평리 332번지 902.00㎡(902.00㎡ 증가)	0	4474		0		4474	상속
202603	2751	6EN68926	국회의원	국회	국회의원	송언석	토지	본인	답	경상북도 김천시 구성면 미평리 333번지 60.00㎡ (60.00㎡증가)	0	302		0		302	상속
202603	2752	6EN68926	국회의원	국회	국회의원	송언석	토지	본인	답	경상북도 김천시 구성면 미평리 334번지 60.00㎡ (60.00㎡증가)	0	275		0		275	상속
202603	2753	6EN68926	국회의원	국회	국회의원	송언석	토지	본인	대지	경상북도 김천시 구성면 미평리 576번지 483.00㎡(483.00㎡ 증가)	0	11109		0		11109	상속
202603	2754	6EN68926	국회의원	국회	국회의원	송언석	토지	본인	답	경상북도 김천시 구성면 미평리 595-1번지 562.00㎡(562.00㎡ 증가)	0	8767		0		8767	상속
202603	2755	6EN68926	국회의원	국회	국회의원	송언석	토지	본인	답	경상북도 김천시 구성면 미평리 612번지 342.00㎡(342.00㎡ 증가)	0	6977		0		6977	상속
202603	2756	6EN68926	국회의원	국회	국회의원	송언석	토지	본인	전	경상북도 김천시 구성면 미평리 619-2번지 436.00㎡ 중 145.00㎡ (총면적 436.00㎡ 증가, 지분면적 145.00㎡ 증가)	0	3234		0		3234	상속
202603	2757	6EN68926	국회의원	국회	국회의원	송언석	토지	본인	전	경상북도 김천시 구성면 미평리 620-1번지 378.00㎡ 중 126.00㎡ (총면적 378.00㎡ 증가, 지분면적 126.00㎡ 증가)	0	2810		0		2810	상속
202603	2758	6EN68926	국회의원	국회	국회의원	송언석	토지	본인	답	경상북도 김천시 구성면 미평리 620-2번지 152.00㎡ 중 51.00㎡ (총면적 152.00㎡ 증가, 지분면적 51.00㎡ 증가)	0	1010		0		1010	상속
202603	2759	6EN68926	국회의원	국회	국회의원	송언석	토지	본인	답	경상북도 김천시 구성면 미평리 621-2번지 278.00㎡(278.00㎡ 증가)	0	5504		0		5504	상속
202603	2760	6EN68926	국회의원	국회	국회의원	송언석	토지	본인	답	경상북도 김천시 구성면 미평리 650번지 155.00㎡(155.00㎡ 증가)	0	2217		0		2217	상속
202603	2761	6EN68926	국회의원	국회	국회의원	송언석	토지	본인	답	경상북도 김천시 구성면 미평리 680-2번지 146.00㎡(146.00㎡ 증가)	0	3095		0		3095	상속
202603	2762	6EN68926	국회의원	국회	국회의원	송언석	토지	본인	전	경상북도 김천시 구성면 미평리 682-2번지 654.00㎡(654.00㎡ 증가)	0	3832		0		3832	상속
202603	2763	6EN68926	국회의원	국회	국회의원	송언석	토지	본인	답	경상북도 김천시 구성면 미평리 691번지 3,240.00㎡ 중 2,414.00㎡ (총면적 3,240.00㎡ 증가, 지분면적2,414.00㎡ 증가)	0	26795		0		26795	상속
202603	2764	6EN68926	국회의원	국회	국회의원	송언석	토지	본인	전	경상북도 김천시 구성면 미평리 739번지 165.00㎡(165.00㎡ 증가)	0	221		0		221	상속
202603	2765	6EN68926	국회의원	국회	국회의원	송언석	토지	본인	임야	경상북도 김천시 구성면 미평리 산 79번지 26,182.00㎡ 중 3,272.00㎡ (총면적 26,182.00㎡ 증가, 지분면적3,272.00㎡ 증가)	0	1256		0		1256	상속
202603	2766	6EN68926	국회의원	국회	국회의원	송언석	토지	본인	대지	경상북도 김천시 증산면 황정리 478번지 655.00㎡(655.00㎡ 증가)	0	9301		0		9301	상속
202603	2767	6EN68926	국회의원	국회	국회의원	송언석	토지	본인	임야	경상북도 김천시 지례면 교리 산 71-1번지 19,074.00㎡ 중 6,358.00㎡ (총면적 19,074.00㎡ 증가, 지분면적6,358.00㎡ 증가)	0	7312		0		7312	상속
202603	2768	6EN68926	국회의원	국회	국회의원	송언석	토지	본인	대지	경상북도 김천시 구성면 미평리 574번지 307.00㎡ 중 30.00㎡ (총면적 307.00㎡ 증가, 지분면적 30.00㎡ 증가)	0	735		0		735	상속
202603	2769	6EN68926	국회의원	국회	국회의원	송언석	건물	본인	아파트	서울특별시 강남구 대치동 미도아파트 건물 64.00㎡	1134000	158500		0		1292500	공시가격 변동
202603	2770	6EN68926	국회의원	국회	국회의원	송언석	건물	본인	상가	경상북도 김천시 평화동 대지 130.60㎡ 중 65.30㎡ 건물346.37㎡ 중 173.19㎡ (대지 지분면적 21.77㎡ 증가, 건물 지분면적 57.73㎡ 증가)	131964	69043		0		201007	상속에 의한 지분면적 증가
202603	2771	6EN68926	국회의원	국회	국회의원	송언석	건물	본인	단독주택	경상북도 김천시 구성면 미평리 대지 783.00㎡ 건물 18.00㎡ (대지 783.00㎡ 증가, 건물 18.00㎡ 증가)	0	23880		0		23880	상속
202603	2772	6EN68926	국회의원	국회	국회의원	송언석	건물	배우자	아파트	서울특별시 강남구 대치동 미도아파트 건물 64.00㎡	1134000	158500		0		1292500	공시가격 변동
202603	2773	6EN68926	국회의원	국회	국회의원	송언석	건물	배우자	아파트(전세(임차)권)	서울특별시 서초구 방배동 방배롯데캐슬아르떼 건물147.72㎡	1650000	0		0		1650000	변동없음
202603	2774	6EN68926	국회의원	국회	국회의원	송언석	부동산에 관한 규정이 준용되는 권리와 자동차·건설기계·선박 및 항공기	배우자	자동차	2019년식 스팅어 배기량(1,998cc)	13317	0		2062		11255	가액변동
202603	2775	6EN68926	국회의원	국회	국회의원	송언석	현금	본인		현금 감소	90000	0		90000		0	예금 전환
202603	2776	6EN68926	국회의원	국회	국회의원	송언석	현금	배우자		현금 감소	30000	0		30000		0	예금 전환
202603	2777	6EN68926	국회의원	국회	국회의원	송언석	예금	본인		(주)KEB하나은행 37,031(162,276 감소),KB라이프생명보험 73,764, 국민은행 6,451(130,021감소), 농협은행 225,463(122,228 감소), 농협중앙회 7,산림조합중앙회 55(2 증가), 삼성증권 869(115 증가), 상호저축은행중앙회 0(130,000 감소), 새마을금고중앙회 80,000, 신용협동조합중앙회 20,103(45,718 감소),중소기업은행 555(1 증가), 케이디비생명보험 0(24,000감소), 한양증권 739(64 증가)	1059098	238697		852758		445037	급여저축 및 생활비 지출 등
202603	2778	6EN68926	국회의원	국회	국회의원	송언석	예금	배우자		(주)KEB하나은행 19,200, SBI저축은행 7, 교보생명보험32,809(4,791 감소), 동양생명보험 42,000,상호저축은행중앙회 0(735,004 감소),스탠다드차타드은행 329,072(126,546 증가), 신용협동조합중앙회 10,526(55,126 감소), 우체국 312,079(91,332 감소), 유안타증권 140(1 증가),중소기업은행 20	1505559	233217		992923		745853	급여저축 및 생활비 지출 등
202603	2779	6EN68926	국회의원	국회	국회의원	송언석	정치자금법에 따른 정치자금의 수입 및 지출을 위한 예금계좌의 예금	본인		농협은행 318,387(47,889 증가)	270498	47889		0		318387	후원금 증가
202603	2780	6EN68926	국회의원	국회	국회의원	송언석	증권	본인	상장주식	POSCO 7주, 한국금융지주 32주	4055	3254		0		7309	평가액 변동
202603	2781	6EN68926	국회의원	국회	국회의원	송언석	채권	본인		사인간채권 증가	65000	700000		0		765000	신규채권
202603	2782	6EN68926	국회의원	국회	국회의원	송언석	채권	배우자		사인간채권 증가	0	890000		0		890000	신규채권
202603	2783	6EN68926	국회의원	국회	국회의원	송언석	채무	본인	건물임대채무	서울특별시 강남구 대치동 미도아파트 임대보증금	400000	0		0		400000	변동없음
202603	2784	6EN68926	국회의원	국회	국회의원	송언석	채무	배우자	건물임대채무	서울특별시 강남구 대치동 미도아파트 임대보증금	400000	0		0		400000	변동없음
202603	2785	6EN68926	국회의원	국회	국회의원	송언석	고지거부 및 등록제외사항	모		고지거부	0	0		0		0	독립생계유지
202603	2786	3249208I	국회의원	국회	국회의원	송옥주	건물	본인	사무실(전세(임차)권)	경기도 화성시 향남읍 하길리 연세메디칼프라자 대지64.65㎡ 건물 206.10㎡	30000	0		0		30000	
202603	2787	3249208I	국회의원	국회	국회의원	송옥주	건물	본인	아파트	경기도 화성시 향남읍 행정리향남시범넓은들마을신명스카이뷰 건물 84.98㎡	397000	0		0		397000	
202603	2788	3249208I	국회의원	국회	국회의원	송옥주	부동산에 관한 규정이 준용되는 권리와 자동차·건설기계·선박 및 항공기	본인	자동차	2018년식 소나타 배기량(2,000cc)	11100	0		1600		9500	
202603	2789	3249208I	국회의원	국회	국회의원	송옥주	예금	본인		교보생명보험 10,363(13,637 감소), 국민은행 0(15 감소),농협은행 20,039(4,918 감소), 농협중앙회 1(300 감소),삼성생명보험 29,607, 수협은행 66,091(1,091 증가),스탠다드차타드은행 285(39,965 감소), 신용협동조합중앙회 224,748(7,434 증가), 우리은행 12(228 감소), 우리투자증권 83,030(83,030 증가),중소기업은행 349, 한화생명보험주식회사 0(5,602 감소)	407635	382241		355351		434525	생활비 지출 및 급여 저축
202603	2790	3249208I	국회의원	국회	국회의원	송옥주	정치자금법에 따른 정치자금의 수입 및 지출을 위한 예금계좌의 예금	본인		농협은행 27,070(12,263 증가)	14807	12263		0		27070	후원금 증가
202603	2791	3249208I	국회의원	국회	국회의원	송옥주	채권	본인		사인간채권	30000	0		0		30000	
202603	2792	RG972910	국회의원	국회	국회의원	송재봉	토지	본인	전	강원특별자치도 삼척시 하장면 대전리 53번지 400.00㎡	1276	0		92		1184	가액변동
202603	2793	RG972910	국회의원	국회	국회의원	송재봉	토지	본인	임야	강원특별자치도 삼척시 하장면 대전리 산 17번지1,984.00㎡	625	10		0		635	가액변동
202603	2794	RG972910	국회의원	국회	국회의원	송재봉	토지	본인	임야	강원특별자치도 정선군 화암면 몰운리 368번지 4,145.00㎡	2193	0		0		2193	변동없음
202603	2795	RG972910	국회의원	국회	국회의원	송재봉	토지	본인	전	강원특별자치도 정선군 화암면 몰운리 593번지 0.00㎡(1,726.00㎡ 감소)	1519	0		1519		0	지목변경
202603	2796	RG972910	국회의원	국회	국회의원	송재봉	토지	본인	전	강원특별자치도 정선군 화암면 몰운리 594번지 0.00㎡(1,488.00㎡ 감소)	1309	0		1309		0	지목변경
202603	2797	RG972910	국회의원	국회	국회의원	송재봉	토지	본인	전	강원특별자치도 정선군 화암면 몰운리 595번지 0.00㎡(3,931.00㎡ 감소)	3389	0		3389		0	지목변경
202603	2798	RG972910	국회의원	국회	국회의원	송재봉	토지	본인	전	강원특별자치도 정선군 화암면 몰운리 596번지 0.00㎡(1,957.00㎡ 감소)	17907	0		17907		0	지목변경
202603	2799	RG972910	국회의원	국회	국회의원	송재봉	토지	본인	전	강원특별자치도 정선군 화암면 몰운리 602-3번지4,246.00㎡	57746	424		0		58170	가액변동
202603	2800	RG972910	국회의원	국회	국회의원	송재봉	토지	본인	임야	강원특별자치도 정선군 화암면 몰운리 산 161-6번지13,216.00㎡ 중 2,202.00㎡	1277	16		0		1293	가액변동
202603	2801	RG972910	국회의원	국회	국회의원	송재봉	토지	본인	임야	강원특별자치도 정선군 화암면 몰운리 산 161번지88,133.00㎡ 중 14,688.00㎡	6184	0		44		6140	가액변동
202603	2802	RG972910	국회의원	국회	국회의원	송재봉	토지	본인	임야	강원특별자치도 정선군 화암면 몰운리 593번지 1,726.00㎡(1,726.00㎡ 증가)	0	1405		0		1405	지목변경
202603	2803	RG972910	국회의원	국회	국회의원	송재봉	토지	본인	임야	강원특별자치도 정선군 화암면 몰운리 594번지 1,488.00㎡(1,488.00㎡ 증가)	0	1211		0		1211	지목변경
202603	2804	RG972910	국회의원	국회	국회의원	송재봉	토지	본인	임야	강원특별자치도 정선군 화암면 몰운리 595번지 3,931.00㎡(3,931.00㎡ 증가)	0	3137		0		3137	지목변경
202603	2805	RG972910	국회의원	국회	국회의원	송재봉	토지	본인	임야	강원특별자치도 정선군 화암면 몰운리 596번지 1,957.00㎡(1,957.00㎡ 증가)	0	1593		0		1593	지목변경
202603	2806	RG972910	국회의원	국회	국회의원	송재봉	건물	본인	단독주택	강원특별자치도 정선군 화암면 몰운리 대지 274.00㎡ 중45.60㎡ 건물 93.17㎡ 중 15.53㎡	2254	230		0		2484	가액변동
202603	2807	RG972910	국회의원	국회	국회의원	송재봉	건물	본인	아파트	충청북도 청주시 청원구 오창읍 각리 코아루아파트 건물84.97㎡	303000	0		0		303000	변동없음
202603	2808	RG972910	국회의원	국회	국회의원	송재봉	건물	본인	상가(전세(임차)권)	충청북도 청주시 청원구 오창읍 양청리 대운프라자 건물137.16㎡	30000	0		0		30000	변동없음
202603	2809	RG972910	국회의원	국회	국회의원	송재봉	건물	본인	오피스텔(전세(임차)권)	서울특별시 영등포구 당산동 건물 18.00㎡	10000	0		0		10000	변동없음
202603	2810	RG972910	국회의원	국회	국회의원	송재봉	건물	장남	다세대주택(전세(임차)권)	서울특별시 성북구 종암동 건물 23.10㎡ (건물 23.10㎡증가)	0	3000		0		3000	전세계약
202603	2811	RG972910	국회의원	국회	국회의원	송재봉	건물	장녀	다세대주택(전세(임차)권)	서울특별시 동작구 대방동 건물 0.00㎡ (건물 18.00㎡감소)	500	0		500		0	계약만료
202603	2812	RG972910	국회의원	국회	국회의원	송재봉	부동산에 관한 규정이 준용되는 권리와 자동차·건설기계·선박 및 항공기	본인	자동차	2018년식 그랜저IG 배기량(2,999cc)	13690	0		1690		12000	가액변동
202603	2813	RG972910	국회의원	국회	국회의원	송재봉	부동산에 관한 규정이 준용되는 권리와 자동차·건설기계·선박 및 항공기	장녀	자동차	2023년식 캐스퍼 배기량(998cc)	10295	0		1577		8718	가액변동
202603	2814	RG972910	국회의원	국회	국회의원	송재봉	예금	본인		(주)카카오페이증권 2,056(1,852 증가), 농협은행 27,479(12,238 증가), 신용협동조합중앙회 573(95 감소), 신한은행 1,589(3,686 감소), 주식회사 카카오뱅크 418(419 감소), 한화생명보험주식회사 3,500(3,000증가), 현대해상화재보험 11,160(485 증가)	33400	17893		4518		46775	급여 저축 및 생활비 지출
202603	2815	RG972910	국회의원	국회	국회의원	송재봉	예금	배우자		(주)카카오페이증권 10(99 감소), 농협중앙회 87(87 증가), 동양생명보험 1,771(195 증가), 라이나생명보험 4,733(496 증가), 삼성생명보험 0(12,846 감소),신용협동조합중앙회 112(1 증가), 우리은행 5, 주식회사 카카오뱅크 2,650(2,650 증가), 현대해상화재보험12,043(1,537 증가)	29390	4966		12945		21411	급여 저축 및 생활비 지출
202603	2816	RG972910	국회의원	국회	국회의원	송재봉	예금	장남		(주)카카오페이증권 940(940 증가), DB손해보험(주) 692(214 증가), KB증권 31(31 증가), 국민은행 3,122(972증가), 농협중앙회 41(41 증가), 현대해상화재보험5,421(1,052 증가)	6997	3250		0		10247	급여 저축 및 생활비 지출
202603	2817	RG972910	국회의원	국회	국회의원	송재봉	예금	장녀		(주)카카오페이증권 16(8 증가), 농협은행 7,191(1,991 증가), 삼성화재해상보험 330(132 증가), 신용협동조합중앙회 102(1 증가), 신한은행 31(1,499 감소), 주식회사 카카오뱅크 1,145(546 증가), 키움증권 16(16 증가), 한국투자증권 4(221 감소),현대해상화재보험 5,169(876 증가)	12154	3619		1769		14004	급여 저축 및 생활비 지출
202603	2818	RG972910	국회의원	국회	국회의원	송재봉	정치자금법에 따른 정치자금의 수입 및 지출을 위한 예금계좌의 예금	본인		농협은행 108,098(42,502 증가)	65596	42502		0		108098	후원금 모금액 증가
202603	2819	RG972910	국회의원	국회	국회의원	송재봉	채무	본인	금융채무	농협은행 185,649(25,696 증가)	159953	29280		3584		185649	일부상환 및 추가대출
202603	2820	RG972910	국회의원	국회	국회의원	송재봉	채무	배우자	금융채무	농협중앙회 0(4,714 감소), 삼성생명보험 0(5,870 감소),현대해상화재보험 2,100	12684	0		10584		2100	일부상환
202603	2821	OWD1018N	국회의원	국회	국회의원	신동욱	건물	본인	아파트	서울특별시 용산구 이촌동 건물 135.87㎡ 중 95.11㎡	922600	82611		0		1005211	가액변동
202603	2822	OWD1018N	국회의원	국회	국회의원	신동욱	건물	본인	사무실(전세(임차)권)	서울특별시 서초구 양재동 양재역환승주차장 건물 0.00㎡(건물 93.74㎡ 감소)	18000	0		18000		0	계약만료
202603	2823	OWD1018N	국회의원	국회	국회의원	신동욱	건물	본인	아파트(전세(임차)권)	서울특별시 서초구 서초동 상지리츠빌 건물 177.36㎡	1600000	0		0		1600000	변동없음
202603	2824	OWD1018N	국회의원	국회	국회의원	신동욱	건물	배우자	아파트	서울특별시 용산구 이촌동 건물 135.87㎡ 중 40.76㎡	395400	35389		0		430789	가액변동
202603	2825	OWD1018N	국회의원	국회	국회의원	신동욱	건물	배우자	오피스텔	서울특별시 마포구 마포동 한신오피스텔 대지 8.20㎡ 건물79.68㎡	165336	10677		0		176013	가액변동
202603	2826	OWD1018N	국회의원	국회	국회의원	신동욱	부동산에 관한 규정이 준용되는 권리와 자동차·건설기계·선박 및 항공기	본인	자동차	2023년식 GV80 배기량(2,500cc)	51470	0		5350		46120	가액변동
202603	2827	OWD1018N	국회의원	국회	국회의원	신동욱	예금	본인		(주)KB손해보험 25,654(1,524 증가), (주)KEB하나은행 97,469(178,354 감소), DB생명보험(주) 14,134(792증가), DB손해보험(주) 18,149(1,835 증가), KB라이프생명보험 69,526(2,917 증가), 국민은행 12,561(154 증가), 농협은행 2,813(1,406 증가), 대신증권15, 미래에셋증권 1, 신한은행 149,835(35,535 증가),키움증권 393,208(355,813 증가), 한국투자증권 209(2 증가)	561950	439974		218350		783574	주식 매도금 예치, 예금상품 수익증가
202603	2828	OWD1018N	국회의원	국회	국회의원	신동욱	예금	배우자		(주)KB손해보험 9,900(600 증가), (주)KEB하나은행 44,595(16,659 감소), KB증권 10,108(93 증가), 삼성증권877(28 증가), 우리은행 2,458(2 증가)	83874	723		16659		67938	주식 매도금 예치, 예금상품 수익증가
202603	2829	OWD1018N	국회의원	국회	국회의원	신동욱	예금	모		농협중앙회 11,292(1,462 감소), 새마을금고중앙회46,612(16,097 증가)	43269	16097		1462		57904	주식 매도금 예치, 예금상품 수익증가
202603	2830	OWD1018N	국회의원	국회	국회의원	신동욱	예금	장남		(주)카카오페이증권 1(1 증가), 농협은행 10,483(2,981 감소), 우리은행 5,438(891 증가), 주식회사 카카오뱅크 65(12 증가), 중소기업은행 300(298 증가)	18066	1229		3008		16287	주식 매도금 예치, 예금상품 수익증가
202603	2831	OWD1018N	국회의원	국회	국회의원	신동욱	정치자금법에 따른 정치자금의 수입 및 지출을 위한 예금계좌의 예금	본인		농협은행 305,099(136,732 증가)	168367	136732		0		305099	후원금 증가
202603	2832	OWD1018N	국회의원	국회	국회의원	신동욱	증권	본인	상장주식	JD-SW 4주, 맥쿼리한국인프라투융자회사보통주 1,000주(1,000주 증가), 알루코보통주 3,000주, 제넥신6,000주, 카카오뱅크보통주 400주, 현대퓨처넷보통주0주(38,500주 감소)	192299	11830		149672		54457	일부 매매 및 평가액변동
202603	2833	OWD1018N	국회의원	국회	국회의원	신동욱	증권	배우자	상장주식	SK스퀘어 5주, SK텔레콤 9주, 젬백스링크 1,675주,한미약품 5주	4501	2302		824		5979	일부 매매 및 평가액변동
202603	2834	OWD1018N	국회의원	국회	국회의원	신동욱	증권	장남	상장주식	엔비디아 0.117주(0.117주 증가), 테슬라0.0564주(0.0564주 증가)	0	67		0		67	일부 매매 및 평가액변동
202603	2835	OWD1018N	국회의원	국회	국회의원	신동욱	채권	모		사인간채권 감소	50000	0		15000		35000	채권 일부 환수
202603	2836	OWD1018N	국회의원	국회	국회의원	신동욱	채무	본인	건물임대채무	서울특별시 용산구 이촌동 임대보증금	770000	0		0		770000	변동없음
202603	2837	OWD1018N	국회의원	국회	국회의원	신동욱	채무	배우자	건물임대채무	서울특별시 마포구 마포동 한신오피스텔 임대보증금	7000	0		0		7000	변동없음
202603	2838	OWD1018N	국회의원	국회	국회의원	신동욱	채무	배우자	건물임대채무	서울특별시 용산구 이촌동 임대보증금	330000	0		0		330000	변동없음
202603	2839	OWD1018N	국회의원	국회	국회의원	신동욱	회원권	배우자	헬스	하얏트호텔휘트니스	95000	0		0		95000	변동없음
202603	2840	OWD1018N	국회의원	국회	국회의원	신동욱	회원권	배우자	콘도미니엄	오크밸리휴양콘도미니엄 증가	0	43000	43000	0		43000	신규매입(지분1/10)
202603	2841	RMC1840P	국회의원	국회	국회의원	신성범	토지	본인	전	경상남도 거창군 북상면 산수리 13번지 116.00㎡	203	1		0		204	
202603	2842	RMC1840P	국회의원	국회	국회의원	신성범	토지	본인	전	경상남도 거창군 북상면 산수리 21번지 959.00㎡	1084	9		0		1093	
202603	2843	RMC1840P	국회의원	국회	국회의원	신성범	토지	본인	전	경상남도 거창군 북상면 산수리 26번지 304.00㎡	602	0		6		596	
202603	2844	RMC1840P	국회의원	국회	국회의원	신성범	토지	본인	도로	경상남도 거창군 북상면 산수리 274-3번지 41.00㎡	111	1		0		112	
202603	2845	RMC1840P	국회의원	국회	국회의원	신성범	토지	본인	도로	경상남도 거창군 북상면 산수리 275-3번지 51.00㎡	138	1		0		139	
202603	2846	RMC1840P	국회의원	국회	국회의원	신성범	토지	본인	도로	경상남도 거창군 북상면 산수리 276-3번지 23.00㎡	62	1		0		63	
202603	2847	RMC1840P	국회의원	국회	국회의원	신성범	토지	본인	전	경상남도 거창군 북상면 산수리 279번지 255.00㎡	520	10		0		530	
202603	2848	RMC1840P	국회의원	국회	국회의원	신성범	토지	본인	전	경상남도 거창군 북상면 산수리 280번지 169.00㎡	367	6		0		373	
202603	2849	RMC1840P	국회의원	국회	국회의원	신성범	토지	본인	답	경상남도 거창군 북상면 산수리 281번지 258.00㎡	1631	4		0		1635	
202603	2850	RMC1840P	국회의원	국회	국회의원	신성범	토지	본인	대지	경상남도 거창군 북상면 산수리 284번지 0.00㎡ (532.00㎡감소)	12236	0		12236		0	건물항목에 합산하여 신고
202603	2851	RMC1840P	국회의원	국회	국회의원	신성범	토지	본인	전	경상남도 거창군 북상면 산수리 29번지 202.00㎡	347	2		0		349	
202603	2852	RMC1840P	국회의원	국회	국회의원	신성범	토지	본인	임야	경상남도 거창군 북상면 산수리 2번지 145.00㎡	84	0		0		84	
202603	2853	RMC1840P	국회의원	국회	국회의원	신성범	토지	본인	전	경상남도 거창군 북상면 산수리 30번지 195.00㎡	386	0		4		382	
202603	2854	RMC1840P	국회의원	국회	국회의원	신성범	토지	본인	전	경상남도 거창군 북상면 산수리 32번지 3,121.00㎡	6180	0		63		6117	
202603	2855	RMC1840P	국회의원	국회	국회의원	신성범	토지	본인	전	경상남도 거창군 북상면 산수리 35번지 840.00㎡	1000	0		0		1000	
202603	2856	RMC1840P	국회의원	국회	국회의원	신성범	토지	본인	전	경상남도 거창군 북상면 산수리 36번지 264.00㎡	314	0		0		314	
202603	2857	RMC1840P	국회의원	국회	국회의원	신성범	토지	본인	전	경상남도 거창군 북상면 산수리 4번지 218.00㎡	137	0		0		137	
202603	2858	RMC1840P	국회의원	국회	국회의원	신성범	토지	본인	전	경상남도 거창군 북상면 산수리 5번지 182.00㎡	114	1		0		115	
202603	2859	RMC1840P	국회의원	국회	국회의원	신성범	토지	본인	답	경상남도 거창군 북상면 산수리 873-1번지 623.00㎡	4853	37		0		4890	
202603	2860	RMC1840P	국회의원	국회	국회의원	신성범	토지	본인	답	경상남도 거창군 북상면 산수리 873-2번지 1,157.00㎡	9013	69		0		9082	
202603	2861	RMC1840P	국회의원	국회	국회의원	신성범	토지	본인	전	경상남도 거창군 북상면 산수리 24번지 294.00㎡(294.00㎡ 증가)	0	532		0		532	건물항목에서 이동 신고
202603	2862	RMC1840P	국회의원	국회	국회의원	신성범	건물	본인	아파트	서울특별시 강남구 청담동 삼성청담아파트 건물 114.83㎡중 57.41㎡	692000	40500		0		732500	
202603	2863	RMC1840P	국회의원	국회	국회의원	신성범	건물	본인	단독주택	경상남도 거창군 북상면 산수리 대지 0.00㎡ 건물 0.00㎡(대지 294.00㎡ 감소, 건물 76.70㎡ 감소)	9810	0		9810		0	지번 반영하여 재신고
202603	2864	RMC1840P	국회의원	국회	국회의원	신성범	건물	본인	단독주택	경상남도 거창군 북상면 산수리 대지 532.00㎡ 건물 76.70㎡ (대지 532.00㎡ 증가, 건물 76.70㎡ 증가)	0	18900		0		18900	지번 반영하여 재신고
202603	2865	RMC1840P	국회의원	국회	국회의원	신성범	건물	본인	사무실(전세(임 차)권)	경상남도 거창군 거창읍 대평리 2층 대지 208.00㎡ 건물75.64㎡ (대지 208.00㎡ 증가, 건물 75.64㎡ 증가)	0	10000		0		10000	
202603	2866	RMC1840P	국회의원	국회	국회의원	신성범	건물	본인	사무실(전세(임 차)권)	경상남도 산청군 산청읍 산청리 2층 대지 398.00㎡ 건물 140.00㎡ (대지 398.00㎡ 증가, 건물 140.00㎡ 증가)	0	5000		0		5000	
202603	2867	RMC1840P	국회의원	국회	국회의원	신성범	건물	본인	사무실(전세(임차)권)	경상남도 합천군 합천읍 합천리 1층 건물 200.00㎡ (건물200.00㎡ 증가)	0	10000		0		10000	
202603	2868	RMC1840P	국회의원	국회	국회의원	신성범	건물	배우자	아파트	서울특별시 강남구 청담동 삼성청담아파트 건물 114.83㎡중 57.41㎡	692000	40500		0		732500	
202603	2869	RMC1840P	국회의원	국회	국회의원	신성범	건물	배우자	오피스텔(전세(임차)권)	경상남도 거창군 거창읍 대평리 거창 이에스 아뜨리움 건물49.50㎡	47000	2000		0		49000	
202603	2870	RMC1840P	국회의원	국회	국회의원	신성범	부동산에 관한 규정이 준용되는 권리와 자동차·건설기계·선박 및 항공기	본인	자동차	2015년식 산타페2.0 배기량(1,995cc)	8380	0		760		7620	
202603	2871	RMC1840P	국회의원	국회	국회의원	신성범	예금	본인		(주)KEB하나은행 2,339(1,784 증가), 농협은행 9,808(6,480 감소), 농협중앙회 44, 대신증권 15, 신한은행 39,560(24,574 증가), 현대해상화재보험0(18,803 감소)	50691	26358		25283		51766	급여 저축 및 생활비 지출
202603	2872	RMC1840P	국회의원	국회	국회의원	신성범	예금	배우자		(주)KB손해보험 468(416 증가), DB손해보험(주) 38,210(2,113 증가), 농협은행 6, 신한라이프생명보험5,747(331 증가), 신한은행 20,518(13,179 증가),주식회사 카카오뱅크 6,085(949 증가), 키움증권 1	54047	20610		3622		71035	급여 저축 및 생활비 지출
202603	2873	RMC1840P	국회의원	국회	국회의원	신성범	예금	삼녀		(주)KEB하나은행 0(22 감소), DB손해보험(주) 0(6,029감소), 신한은행 1,855(786 증가), 주식회사 카카오뱅크 3,505(736 증가)	9889	2586		7115		5360	급여 저축 및 생활비 지출
202603	2874	RMC1840P	국회의원	국회	국회의원	신성범	정치자금법에 따른 정치자금의 수입 및 지출을 위한 예금계좌의 예금	본인		농협은행 150,446(122,839 증가)	27607	122839		0		150446	후원금 증가
202603	2875	RMC1840P	국회의원	국회	국회의원	신성범	채무	본인	금융채무	신한은행 255,916(12,333 감소), 현대해상화재보험15,000(5,000 감소)	288249	0		17333		270916	
202603	2876	RMC1840P	국회의원	국회	국회의원	신성범	채무	삼녀	금융채무	신한카드 12,801(12,801 증가)	0	12801		0		12801	
202603	2877	NPD75153	국회의원	국회	국회의원	신장식	건물	본인	다가구주택(전세(임차)권)	경기도 고양시 덕양구 향동동 건물 42.84㎡	30000	0		0		30000	변동없음
202603	2878	NPD75153	국회의원	국회	국회의원	신장식	건물	부	아파트(전세(임차)권)	충청북도 청주시 서원구 성화동 성화 휴먼시아5단지 건물36.50㎡	15920	0		0		15920	변동없음
202603	2879	NPD75153	국회의원	국회	국회의원	신장식	부동산에 관한 규정이 준용되는 권리와 자동차·건설기계·선박 및 항공기	본인	자동차	2020년식 G80 배기량(2,497cc)	32360	0		3920		28440	가액 변동
202603	2880	NPD75153	국회의원	국회	국회의원	신장식	예금	본인		국민은행 1, 농협은행 0(223 감소), 신한라이프생명보험18,546(1,268 증가), 신한은행 463,662(4,829 감소),우리은행 14,510(1,801 증가)	498702	132789		134772		496719	근로소득 저축
202603	2881	NPD75153	국회의원	국회	국회의원	신장식	예금	부		새마을금고중앙회 4,498(1,623 감소), 신한은행 9,845(3,732 증가), 우리은행 10	12244	3733		1624		14353	근로소득 저축
202603	2882	NPD75153	국회의원	국회	국회의원	신장식	예금	모		농협중앙회 4, 새마을금고중앙회 54(2 증가)	56	2		0		58	근로소득 저축
202603	2883	NPD75153	국회의원	국회	국회의원	신장식	예금	장녀		(주)KEB하나은행 27,412(5,116 증가), 신한은행 68(585감소), 중소기업은행 151	23100	5116		585		27631	근로소득 저축
202603	2884	NPD75153	국회의원	국회	국회의원	신장식	정치자금법에 따른 정치자금의 수입 및 지출을 위한 예금계좌의 예금	본인		농협은행 109,813(17,490 증가)	92323	17490		0		109813	정치후원금 모금액
202603	2885	NPD75153	국회의원	국회	국회의원	신장식	증권	본인	비상장주식	주식회사 민본 4,000주	26048	0		0		26048	변동없음, 상장 폐지된 주식
202603	2886	NPD75153	국회의원	국회	국회의원	신장식	채권	본인		사인간채권	50000	0		0		50000	변동없음
202603	2887	M7O7878U	국회의원	국회	국회의원	신정훈	토지	배우자	답	전라남도 나주시 봉황면 유곡리 681번지 322.00㎡ 중107.30㎡	4367	171		0		4538	공시지가 변동
202603	2888	M7O7878U	국회의원	국회	국회의원	신정훈	토지	배우자	전	전라남도 나주시 봉황면 유곡리 681-8번지 592.00㎡ 중197.30㎡	7221	197		0		7418	공시지가 변동
202603	2889	M7O7878U	국회의원	국회	국회의원	신정훈	토지	배우자	답	전라남도 나주시 봉황면 유곡리 682번지 460.00㎡ 중153.30㎡	5933	244		0		6177	공시지가 변동
202603	2890	M7O7878U	국회의원	국회	국회의원	신정훈	토지	배우자	답	전라남도 나주시 봉황면 유곡리 683번지 948.00㎡ 중316.00㎡	12766	221		0		12987	공시지가 변동
202603	2891	M7O7878U	국회의원	국회	국회의원	신정훈	토지	배우자	답	전라남도 나주시 봉황면 유곡리 683-1번지 1,031.00㎡ 중343.70㎡	13885	241		0		14126	공시지가 변동
202603	2892	M7O7878U	국회의원	국회	국회의원	신정훈	토지	배우자	답	전라남도 나주시 봉황면 유곡리 683-2번지 281.00㎡ 중93.70㎡	3879	75		0		3954	공시지가 변동
202603	2893	M7O7878U	국회의원	국회	국회의원	신정훈	토지	배우자	답	전라남도 나주시 봉황면 유곡리 686번지 559.00㎡ 중186.30㎡	8775	148		0		8923	공시지가 변동
202603	2894	M7O7878U	국회의원	국회	국회의원	신정훈	토지	배우자	답	전라남도 나주시 봉황면 유곡리 693번지 840.00㎡ 중280.00㎡	11172	420		0		11592	공시지가 변동
202603	2895	M7O7878U	국회의원	국회	국회의원	신정훈	부동산에 관한 규정이 준용되는 권리와 자동차·건설기계·선박 및 항공기	배우자	자동차	2019년식 코나 일렉트릭 배기량(180cc)	17100	0		3790		13310	가액 변동
202603	2896	M7O7878U	국회의원	국회	국회의원	신정훈	예금	본인		DB손해보험(주) 11,572(1,150 증가), 교보생명보험 40,080(1,174 증가), 농협은행 4,562(225 감소),농협중앙회 3,012(2,181 증가)	54946	4507		227		59226	급여소득 저축
202603	2897	M7O7878U	국회의원	국회	국회의원	신정훈	예금	배우자		DB생명보험(주) 7,970(2,333 증가), DB손해보험(주) 9,715(894 증가), 광주은행 4, 교보생명보험 44,393(3,771 증가), 농협은행 3,961(241 증가), 농협중앙회 30,155(6,282 증가), 메리츠화재해상보험(보험)1,530(360 증가), 삼성생명보험 3,673(6,259 감소),삼성화재해상보험 1,830(360 증가), 신용협동조합중앙회 4,274(165 증가), 우체국 35,544, 케이디비생명보험44,287(3,224 증가), 한화생명보험주식회사 18,018	193983	22855		11484		205354	급여소득 저축
202603	2898	M7O7878U	국회의원	국회	국회의원	신정훈	정치자금법에 따른 정치자금의 수입 및 지출을 위한 예금계좌의 예금	본인		농협중앙회 1,099(39,434 감소)	40533	0		39434		1099	의정활동으로 지출
202603	2899	M7O7878U	국회의원	국회	국회의원	신정훈	채무	본인	금융채무	농협은행 48,872(6,963 증가)	41909	6963		0		48872	마이너스통장
202603	2900	M7O7878U	국회의원	국회	국회의원	신정훈	고지거부 및 등록제외사항	장남		고지거부	0	0		0		0	독립생계유지
202603	2901	M7O7878U	국회의원	국회	국회의원	신정훈	고지거부 및 등록제외사항	차남		고지거부	0	0		0		0	독립생계유지
202603	2902	EB16073M	국회의원	국회	국회의원	안도걸	토지	본인	답	광주광역시 서구 유촌동 598-7번지 4,000.00㎡	1021200	29600		0		1050800	가액변동
202603	2903	EB16073M	국회의원	국회	국회의원	안도걸	건물	본인	오피스텔(전세(임차)권)	광주광역시 동구 용산동 무등산골드클래스2차 건물95.00㎡	20000	0		0		20000	변동없음
202603	2904	EB16073M	국회의원	국회	국회의원	안도걸	건물	본인	아파트	서울특별시 강남구 개포동 개포자이 프레지던스 건물84.59㎡ 중 42.29㎡	953500	142500		0		1096000	가액변동
202603	2905	EB16073M	국회의원	국회	국회의원	안도걸	건물	본인	아파트(전세(임차)권)	서울특별시 용산구 한강로3가 용산시티파크1단지 건물181.89㎡ 중 90.94㎡	660000	159000		0		819000	전세 재연장
202603	2906	EB16073M	국회의원	국회	국회의원	안도걸	건물	본인	아파트(전세(임차)권)	광주광역시 동구 산수동 무등산 그린웰로제비앙 건물64.00㎡	40000	0		0		40000	변동없음
202603	2907	EB16073M	국회의원	국회	국회의원	안도걸	건물	배우자	아파트	서울특별시 강남구 개포동 개포자이 프레지던스 건물84.59㎡ 중 42.29㎡	953500	142500		0		1096000	가액변동
202603	2908	EB16073M	국회의원	국회	국회의원	안도걸	건물	배우자	아파트(전세(임차)권)	서울특별시 용산구 한강로3가 용산시티파크1단지 건물181.89㎡ 중 90.94㎡	660000	159000		0		819000	전세 재연장
202603	2909	EB16073M	국회의원	국회	국회의원	안도걸	건물	장남	아파트(전세(임차)권)	서울특별시 서초구 방배동 방배대우디오빌 건물 29.60㎡(건물 29.60㎡ 증가)	0	270000		0		270000	신규임차
202603	2910	EB16073M	국회의원	국회	국회의원	안도걸	부동산에 관한 규정이 준용되는 권리와 자동차·건설기계·선박 및 항공기	배우자	자동차	2019년식 K7 하이브리드 배기량(2,359cc)	16780	0		580		16200	가액변동
202603	2911	EB16073M	국회의원	국회	국회의원	안도걸	부동산에 관한 규정이 준용되는 권리와 자동차·건설기계·선박 및 항공기	배우자	자동차	2020년식 쏘나타 센슈어스 1.6 배기량(1,598cc)	7540	0		540		7000	가액변동
202603	2912	EB16073M	국회의원	국회	국회의원	안도걸	부동산에 관한 규정이 준용되는 권리와 자동차·건설기계·선박 및 항공기	장남	자동차	2020년식 쏘나타 센슈어스 1.6 배기량(1,598cc)	7540	0		540		7000	가액변동
202603	2913	EB16073M	국회의원	국회	국회의원	안도걸	현금	배우자		현금 감소	20000	0		10000		10000	생활비 등
202603	2914	EB16073M	국회의원	국회	국회의원	안도걸	예금	본인		(주)KEB하나은행 29, 농협은행 26,038(38,967 감소),삼성생명보험 18,000, 삼성화재해상보험 6,950,새마을금고중앙회 920, 신영증권 54,883(35,590 증가), 신용협동조합중앙회 105(4 증가), 신한라이프생명보험 40,185(515 증가), 신한은행 4,187(1,187 증가),현대해상화재보험 11,310(1,087 증가)	163191	39152		39736		162607	급여저축(ETF,펀드) 및 생활비 지출 등
202603	2915	EB16073M	국회의원	국회	국회의원	안도걸	예금	배우자		(주)카카오페이증권 1,840(1,773 증가), 농협은행 4,757(4,606 증가), 삼성생명보험 10,746, 삼성증권 4,삼성화재해상보험 11,881, 신영증권 145,551(101,532 증가), 신한라이프생명보험 2,397(2,397 증가), 신한은행 21,533(14,917 감소), 신한투자증권 6,214(6,214 증가),씨티은행 85, 엔에이치저축은행(주) 1, 우체국9,042(1,402 증가), 케이디비생명보험 1,107(1,107 증가)	111044	119031		14917		215158	급여저축(ETF,펀드) 및 생활비 지출 등
202603	2916	EB16073M	국회의원	국회	국회의원	안도걸	예금	장남		(주)카카오페이증권 1,135(862 증가), NH투자증권 26,075(26,075 증가), 과학기술인공제회 15,296(3,863증가), 국민은행 1,845(603 증가), 삼성증권 43,292(20,614 증가), 신영증권 9,948(21,103 감소),신한은행 8,722(19,321 감소), 업비트 5,544(5,128 증가),주식회사 카카오뱅크 17,665(3,931 증가), 중소기업은행 2, 케이뱅크 15	108887	75034		54382		129539	급여저축(ETF,펀드) 및 생활비 지출 등
202603	2917	EB16073M	국회의원	국회	국회의원	안도걸	예금	차남		국민은행 3(23 감소), 삼성증권 13,809(3,093 감소),스탠다드차타드은행 9, 신영증권 11,870(6,268 증가),신한은행 19,949(9,477 증가)	33011	22181		9552		45640	급여저축(ETF,펀드) 및 생활비 지출 등
202603	2918	EB16073M	국회의원	국회	국회의원	안도걸	정치자금법에 따른 정치자금의 수입 및 지출을 위한 예금계좌의 예금	본인		농협은행 209,548(121,114 증가)	88434	121114		0		209548	후원금 증가
202603	2919	EB16073M	국회의원	국회	국회의원	안도걸	증권	배우자	상장주식	셀트리온 1주(30주 감소), 엔비디아 56주(56주 증가),현대차 5주(5주 증가)	5812	16468		5631		16649	주식 매수 및 매도
202603	2920	EB16073M	국회의원	국회	국회의원	안도걸	증권	장남	상장주식	AST스페이스모바일 70주(70주 증가), GE버노바 4주(4주 증가), LG에너지솔루션 30주(150주 감소), LG에너지솔루션보통주 0주(471주 감소), LG전자 0주(23주 감소), SBS 0주(25주 감소), SK하이닉 0주(19주 감소), SK하이닉스 0주(5주 감소), 네비우스그룹 30주(30주 증가), 뉴스케일파워 123주(110주 증가), 로켓랩 118주(118주 증가), 로켓랩USA 0주(9주 감소), 리커젼파마슈티컬스 80주(80주 증가), 마이크로소프트 7주(5주 증가), 메지온 0주(25주 감소), 메타 5주(5주 증가), 브로드컴 8주(8주 증가), 사우스웨스트에어라인스 15주(15주 증가), 삼성전자 0주(48주 감소), 셀레스티카5주(5주 증가), 슈뢰딩거 48주(48주 증가), 스텔로직1,671주(1,671주 증가), 아이렌 61주(61주 증가), 아이온큐 97주(97주 증가), 알파벳ClassA 40주, 애플 8주(7주 증가), 엔비디아 28주(16주 증가), 유나이티드헬스그룹 9주(9주 증가), 유니티소프트웨어 0주(19주 감소), 제이피모간체이스 8주(8주 증가), 조비에비에이션 262주(262주 증가), 코카콜라 26주(11주 증가), 크리테오ADR 24주(24주 증가), 테슬라 0주(9주 감소), 템퍼스AI 31주(31주 증가), 팔란티어테크놀로지스 37주(37주 증가), 포스코DX보통주 1주	259923	102252		231961		130214	주식 매수 및 매도
202603	2921	EB16073M	국회의원	국회	국회의원	안도걸	증권	차남	상장주식	GraniteShares2xLongNVDADailyETF 0주(80주 감소), InvescoQQQTrustSeries1 0주(4주 감소),T-Rex2XLongMSTRDailyTargetETF 200주(200주 증가), iShares20+YearTreasuryBondETF 0주(26주 감소), iSharesGoldTrust 0주(20주 감소), 로켓랩 1주(1주 증가), 맥쿼리인프라 0주(31주 감소), 비트마인이머전테크놀로지스 30주(30주 증가), 삼성전자 0주(54주 감소), 세렌스 81주(81주 증가), 애플 10주(10주 증가), 유나이티드헬스그룹 42주(42주 증가), 테슬라8주(8주 증가), 휴온스 0주(55주 감소)	20312	34004		20312		34004	주식 매수 및 매도
202603	2922	EB16073M	국회의원	국회	국회의원	안도걸	채무	본인	금융채무	공무원연금공단 0(2,050 감소)	2050	0		2050		0	
202603	2923	EB16073M	국회의원	국회	국회의원	안도걸	채무	본인	건물임대채무	서울특별시 강남구 개포동 개포자이 프레지던스임대보증금 증가	615000	30750		0		645750	
202603	2924	EB16073M	국회의원	국회	국회의원	안도걸	채무	배우자	금융채무	농협은행 300,000(300,000 증가)	0	300000		0		300000	전세 재연장
202603	2925	EB16073M	국회의원	국회	국회의원	안도걸	채무	배우자	건물임대채무	서울특별시 강남구 개포동 개포자이 프레지던스임대보증금 증가	615000	30750		0		645750	
202603	2926	EB16073M	국회의원	국회	국회의원	안도걸	채무	장남	금융채무	토스뱅크(주) 237,600(237,600 증가), 한국증권금융0(121,100 감소)	121100	237600		121100		237600	신규 임차
202603	2927	EB16073M	국회의원	국회	국회의원	안도걸	회원권	본인	콘도미니엄	소노호텔앤리조트/(구)대명	31600	0		0		31600	변동없음
202603	2928	EB16073M	국회의원	국회	국회의원	안도걸	가상자산	장남		가스 0.00992833개, 니어프로토콜 48.47437561개(48.47437561개 증가), 비트코인0.05983327개(0.05983327개 증가), 송버드15.36867784개, 에이피이앤에프티 54,754.62028863개, 엑스알피(리플) 2,155.93442259개(2,155.93442259개 증가), 이더리움 1.73544409개(1.73544409개 증가), 플레어 15.36867784개	0	21186		0		21186	신규매입
202603	2929	EB16073M	국회의원	국회	국회의원	안도걸	가상자산	차남		비트코인 0.00193497개(0.00193497개 증가), 이더리움0.03321427개(0.03321427개 증가)	0	392		0		392	신규매입
202603	2930	PYA8594I	국회의원	국회	국회의원	안상훈	토지	배우자	전	경상남도 거제시 장목면 시방리 280-3번지 332.00㎡	12848	0		99		12749	가액변동
202603	2931	PYA8594I	국회의원	국회	국회의원	안상훈	토지	배우자	잡종지	경상남도 거제시 장목면 시방리 280-5번지 330.00㎡	71874	198		0		72072	가액변동
202603	2932	PYA8594I	국회의원	국회	국회의원	안상훈	토지	배우자	대지	서울특별시 종로구 평창동 507-4번지 608.00㎡ 중198.00㎡	821106	31482		0		852588	가액변동
202603	2933	PYA8594I	국회의원	국회	국회의원	안상훈	건물	본인	아파트	서울특별시 강남구 압구정동 현대아파트 건물 163.67㎡ 중90.02㎡	1816650	381187		0		2197837	가액변동
202603	2934	PYA8594I	국회의원	국회	국회의원	안상훈	건물	배우자	아파트	서울특별시 강남구 압구정동 현대아파트 건물 163.67㎡ 중73.65㎡	1486350	311813		0		1798163	가액변동
202603	2935	PYA8594I	국회의원	국회	국회의원	안상훈	부동산에 관한 규정이 준용되는 권리와 자동차·건설기계·선박 및 항공기	본인	자동차	2020년식 GV80 배기량(3,470cc) 증가	0	34640	26918	0		34640	신규매입
202603	2936	PYA8594I	국회의원	국회	국회의원	안상훈	예금	본인		KB라이프생명보험 43,629(1,763 증가), 교보생명보험 1,981(16,151 감소), 농협생명보험 48,917(10,683 감소),농협은행 1,015,429(7,788 증가), 동양생명보험 40,000,미래에셋증권 0(3,151 감소)	1170390	464868		485302		1149956	본인과 가족의 급여 저축 및 예금, 생활비 사용, 국채 매입 등 투자 포트폴리오 변경
202603	2937	PYA8594I	국회의원	국회	국회의원	안상훈	예금	배우자		AIA생명보험주식회사 43,047(1,053 감소), 국민은행 210,555(5,795 증가), 미래에셋생명보험 36,000,미래에셋증권 0(114 감소), 삼성생명보험 60,000, 삼성증권 16,075(51,726 감소), 삼성화재해상보험 298(239 증가), 신한라이프생명보험 0(108,000 감소),신한은행 0(523 감소), 우리은행 386,974(41,009 감소),하나증권 9,188(7,517 증가)	951011	276450		465324		762137	본인과 가족의 급여 저축 및 예금, 생활비 사용, 국채 매입 등 투자 포트폴리오 변경
202603	2938	PYA8594I	국회의원	국회	국회의원	안상훈	예금	장녀		미래에셋생명보험 50,000, 미래에셋증권 5, 우리은행129,283(5,435 증가)	173853	125435		120000		179288	본인과 가족의 급여 저축 및 예금, 생활비 사용, 국채 매입 등 투자 포트폴리오 변경
202603	2939	PYA8594I	국회의원	국회	국회의원	안상훈	정치자금법에 따른 정치자금의 수입 및 지출을 위한 예금계좌의 예금	본인		농협은행 141,147(41,308 증가)	99839	41308		0		141147	정치 후원금 증가
202603	2940	PYA8594I	국회의원	국회	국회의원	안상훈	증권	본인	상장주식	기업은행 0주(98주 감소)	1404	0		1404		0	신규 매입 및 평가액 변동
202603	2941	PYA8594I	국회의원	국회	국회의원	안상훈	증권	본인	국채	개인투자용국채02655-3007 0주,개인투자용국채02885-3507 0주	0	153200		0		153200	신규 매입 및 평가액 변동
202603	2942	PYA8594I	국회의원	국회	국회의원	안상훈	증권	본인	기타(채권)	개인투자용국채03220-4407 0주	100000	0		0		100000	신규 매입 및 평가액 변동
202603	2943	PYA8594I	국회의원	국회	국회의원	안상훈	증권	배우자	상장주식	LG디스플레이 0주(922주 감소), 두산에너빌리티 229주(229주 증가), 로빈후드 40주(40주 증가), 마이크로소프트 0주(50주 감소), 삼성전자우 0주(107주 감소), 아마존닷컴 0주(99주 감소), 조비에비에이션 1,000주(1,000주 증가), 카카오뱅크 0주(8주 감소), 코인베이스글로벌 36주(36주 증가), 현대로템125주(125주 증가), 화이자 500주(500주 증가)	76744	96217		76744		96217	신규 매입 및 평가액 변동
202603	2944	PYA8594I	국회의원	국회	국회의원	안상훈	증권	배우자	국채	개인투자용국채02885-3507 0주	0	50000		0		50000	신규 매입 및 평가액 변동
202603	2945	PYA8594I	국회의원	국회	국회의원	안상훈	증권	배우자	기타(채권)	개인투자용국채03220-4407 0주,개인투자용국채03540-3406 0주, 외화수시RP 44,382주(44,382주 증가)	100000	63966		0		163966	신규 매입 및 평가액 변동
202603	2946	PYA8594I	국회의원	국회	국회의원	안상훈	회원권	배우자	콘도미니엄	오크밸리리조트	32000	0		0		32000	변동없음
202603	2947	PYA8594I	국회의원	국회	국회의원	안상훈	회원권	배우자	헬스	반얀트리 클럽	130000	0		0		130000	변동없음
202603	2948	PYA8594I	국회의원	국회	국회의원	안상훈	고지거부 및 등록제외사항	모		고지거부	0	0		0		0	독립생계유지
202603	2949	YOG1280B	국회의원	국회	국회의원	안철수	건물	본인	복합건물(주택+상가)(전세(임 차)권)	경기도 성남시 분당구 백현동 알파리움1단지 건물 142,013.00㎡	1900000	0		0		1900000	
202603	2950	YOG1280B	국회의원	국회	국회의원	안철수	건물	본인	사무실(전세(임차)권)	경기도 성남시 분당구 야탑동 분당메트로 3층 건물120.17㎡	30000	0		0		30000	
202603	2951	YOG1280B	국회의원	국회	국회의원	안철수	건물	모	아파트	부산광역시 해운대구 우동 해운대자이 1단지 건물120.36㎡	905000	8000		0		913000	공시가격 변동
202603	2952	YOG1280B	국회의원	국회	국회의원	안철수	건물	모	아파트(전세(임차)권)	서울특별시 송파구 문정동 올림픽훼밀리타운 건물 84.75㎡	770000	0		0		770000	
202603	2953	YOG1280B	국회의원	국회	국회의원	안철수	부동산에 관한 규정이 준용되는 권리와 자동차·건설기계·선박 및 항공기	본인	자동차	2025년식 카니발하이브리드 배기량(1,598cc)	48030	0		10240		37790	가액 변동
202603	2954	YOG1280B	국회의원	국회	국회의원	안철수	예금	본인		Bank of America 55,308(29,326 감소), KB라이프생명보험 42,480, 국민은행 15,744(230 증가), 농협은행 489(290증가), 신한은행 77,518, 우리은행 665,407(651,503증가), 우체국 103,685(87,938 증가), 한국투자증권 4,255,703(2,487,543 증가), 한화생명보험주식회사100,000	2118156	4740153		1541975		5316334	급여 및 생활비 지출 외
202603	2955	YOG1280B	국회의원	국회	국회의원	안철수	예금	배우자		삼성생명보험 24,141, 삼성증권 12, 신한라이프생명보험24,000(2,000 증가), 우리은행 719,625(670,738 증가),한국산업은행 0(500,000 감소), 한국투자증권 925,850(730,614 증가), 한화생명보험주식회사 100,000	890276	1403352		500000		1793628	급여 및 생활비 지출 외
202603	2956	YOG1280B	국회의원	국회	국회의원	안철수	예금	모		(주)KEB하나은행 186,934(197,972 감소), 부산은행 5,708(25,829 감소), 삼성화재해상보험 809(335 증가)	416917	163181		386647		193451	급여 및 생활비 지출 외
202603	2957	YOG1280B	국회의원	국회	국회의원	안철수	정치자금법에 따른 정치자금의 수입 및 지출을 위한 예금계좌의 예금	본인		우체국 7,227(556 증가)	6671	556		0		7227	후원금 증가
202603	2958	YOG1280B	국회의원	국회	국회의원	안철수	증권	본인	상장주식	안랩 1,860,000주	123132000	0		11346000		111786000	가액 변동
202603	2959	YOG1280B	국회의원	국회	국회의원	안철수	증권	본인	회사채	한국남부발전53-1 0주	2020610	0		2020610		0	가액 변동
202603	2960	YOG1280B	국회의원	국회	국회의원	안철수	증권	본인	기타(채권)	한국해양진흥공사6 0주	910102	0		910102		0	가액 변동
202603	2961	YOG1280B	국회의원	국회	국회의원	안철수	증권	배우자	국채	국고01125-2509(20-6) 0주, 국민주택1종21-08  0주	3542058	2044933		3542058		2044933	가액 변동
202603	2962	YOG1280B	국회의원	국회	국회의원	안철수	증권	배우자	금융채	원화산금채발행액 0주	0	500000		0		500000	가액 변동
202603	2963	YOG1280B	국회의원	국회	국회의원	안철수	채권	본인		기타 증가	0	162500		0		162500	부동산 매매 계약금
202603	2964	YOG1280B	국회의원	국회	국회의원	안철수	채권	본인		사인간채권 증가	870000	550700		0		1420700	실버타운 입주보증금
202603	2965	YOG1280B	국회의원	국회	국회의원	안철수	채권	배우자		기타 증가	0	162500		0		162500	부동산 매매 계약금
202603	2966	YOG1280B	국회의원	국회	국회의원	안철수	채권	모		사인간채권	100000	0		0		100000	
202603	2967	YOG1280B	국회의원	국회	국회의원	안철수	채무	모		사인간채무 증가	870000	550700		0		1420700	실버타운 입주보증금
202603	2968	YOG1280B	국회의원	국회	국회의원	안철수	비영리법인에 출연한 재산	본인	출연	재단법인 동그라미재단, 출연재산: 121,114,133천원,보유직위: 해당없음	-	-		-		-	
202603	2969	YOG1280B	국회의원	국회	국회의원	안철수	고지거부 및 등록제외사항	장녀		등록제외	0	0		0		0	혼인
202603	2970	W8L9421K	국회의원	국회	국회의원	안태준	토지	본인	임야	경기도 광주시 곤지암읍 유사리 57-1번지 1,029.00㎡	68480	0		0		68480	
202603	2971	W8L9421K	국회의원	국회	국회의원	안태준	토지	본인	임야	경기도 광주시 곤지암읍 유사리 58-10번지 81.00㎡	5390	0		0		5390	
202603	2972	W8L9421K	국회의원	국회	국회의원	안태준	토지	본인	임야	경기도 광주시 곤지암읍 유사리 58-11번지 208.00㎡	13842	0		0		13842	
202603	2973	W8L9421K	국회의원	국회	국회의원	안태준	토지	본인	임야	경기도 광주시 곤지암읍 유사리 58-12번지 859.00㎡	57166	0		0		57166	
202603	2974	W8L9421K	국회의원	국회	국회의원	안태준	토지	본인	임야	경기도 광주시 곤지암읍 유사리 58-1번지 1,045.00㎡	69545	0		0		69545	
202603	2975	W8L9421K	국회의원	국회	국회의원	안태준	토지	본인	임야	경기도 광주시 곤지암읍 유사리 58-4번지 980.00㎡	65219	0		0		65219	
202603	2976	W8L9421K	국회의원	국회	국회의원	안태준	토지	본인	임야	경기도 광주시 곤지암읍 유사리 58-7번지 934.00㎡	62157	0		0		62157	
202603	2977	W8L9421K	국회의원	국회	국회의원	안태준	토지	본인	임야	경기도 광주시 곤지암읍 유사리 58-8번지 60.00㎡	3993	0		0		3993	
202603	2978	W8L9421K	국회의원	국회	국회의원	안태준	토지	본인	임야	경기도 광주시 곤지암읍 유사리 58-9번지 13.00㎡	865	0		0		865	
202603	2979	W8L9421K	국회의원	국회	국회의원	안태준	토지	본인	답	전북특별자치도 고창군 성송면 암치리 700번지 3,097.70㎡중 1,032.00㎡	10251	59		0		10310	
202603	2980	W8L9421K	국회의원	국회	국회의원	안태준	건물	본인	단독주택	전북특별자치도 고창군 고창읍 읍내리 백조 대지 0.00㎡ 중 0.00㎡건물 0.00㎡ 중 0.00㎡ (대지 지분면적 53.00㎡감소, 건물 지분면적 61.38㎡ 감소)	47576	0		47576	51666	0	
202603	2981	W8L9421K	국회의원	국회	국회의원	안태준	건물	배우자	아파트	경기도 광주시 송정동 송정현대 건물 120.58㎡	385000	0		0		385000	
202603	2982	W8L9421K	국회의원	국회	국회의원	안태준	부동산에 관한 규정이 준용되는 권리와 자동차·건설기계·선박 및 항공기	본인	자동차	2018년식 XC60 배기량(1,969cc)	22910	0		3080		19830	
202603	2983	W8L9421K	국회의원	국회	국회의원	안태준	예금	본인		국민은행 92, 농협생명보험 5,126(567 증가), 농협은행87,765(79,902 증가), 농협중앙회 167(4 증가),미래에셋증권 2, 산림조합중앙회 31(14 감소), 신한은행228, 악사(AXA)손해보험 772(182 증가), 키움증권5,444(5,237 증가)	13749	86005		127		99627	건물 매매금액 및 급여 예금저축
202603	2984	W8L9421K	국회의원	국회	국회의원	안태준	예금	배우자		DB손해보험(주) 22,068(2,011 감소), 국민은행 4,850(775증가), 농협은행 3,600(1,200 증가), 농협중앙회 1, 신한라이프생명보험 18,022(1,279 증가), 주식회사 카카오뱅크 3,063(3,063 증가), 토스증권(주) 3,466(3,466 증가), 현대해상화재보험 792(792 증가),흥국화재해상보험(주) 8,607(1,867 증가)	54038	14517		4086		64469	건물 매매금액 및 급여 예금저축
202603	2985	W8L9421K	국회의원	국회	국회의원	안태준	예금	장남		농협은행 10,400(1,200 증가), 농협중앙회 0(212 감소), 토스뱅크(주) 19(11,666 감소), 토스증권(주)1,015(1,015 증가)	21097	2215		11878		11434	건물 매매금액 및 급여 예금저축
202603	2986	W8L9421K	국회의원	국회	국회의원	안태준	예금	장녀		농협은행 15,808(6,608 증가), 농협중앙회 337(332 증가),토스뱅크(주) 0(3,383 감소), 토스증권(주) 1,056(1,056 증가)	12588	7996		3383		17201	건물 매매금액 및 급여 예금저축
202603	2987	W8L9421K	국회의원	국회	국회의원	안태준	정치자금법에 따른 정치자금의 수입 및 지출을 위한 예금계좌의 예금	본인		농협은행 283,552(189,678 증가)	93874	189678		0		283552	후원금으로 인한 증가
202603	2988	W8L9421K	국회의원	국회	국회의원	안태준	증권	본인	상장주식	에이엔피보통주 30,993주(7,189주 증가)	13805	0		479		13326	가액변동
202603	2989	W8L9421K	국회의원	국회	국회의원	안태준	채권	본인		사인간채권	96487	0		0		96487	
202603	2990	W8L9421K	국회의원	국회	국회의원	안태준	채권	배우자		사인간채권 증가	0	23600		0		23600	
202603	2991	W8L9421K	국회의원	국회	국회의원	안태준	채무	본인	금융채무	농협중앙회 170,995(13,559 감소), 산림조합중앙회145,000	329554	0		13559		315995	
202603	2992	W8L9421K	국회의원	국회	국회의원	안태준	채무	배우자	금융채무	KB국민카드 25,437(10,335 증가), 신한라이프생명보험10,430	25532	22230		11895		35867	
202603	2993	XEF29171	국회의원	국회	국회의원	안호영	토지	배우자	대지	전북특별자치도 진안군 상전면 192-11번지 595.00㎡	20825	238		0		21063	공시지가 변동
202603	2994	XEF29171	국회의원	국회	국회의원	안호영	건물	본인	오피스텔(전세(임차)권)	서울특별시 영등포구 영등포동8가 건물 25.34㎡	10000	0		0		10000	
202603	2995	XEF29171	국회의원	국회	국회의원	안호영	건물	본인	사무실(전세(임차)권)	전북특별자치도 완주군 봉동읍 둔산리 건물 156.37㎡	10000	0		0		10000	
202603	2996	XEF29171	국회의원	국회	국회의원	안호영	건물	배우자	상가	전북특별자치도 전주시 덕진구 우아동2가 대지 280.10㎡건물 190.80㎡	264555	0		0		264555	공시지가 변동
202603	2997	XEF29171	국회의원	국회	국회의원	안호영	건물	배우자	아파트	전북특별자치도 완주군 봉동읍 둔산리 모아엘가아파트건물 0.00㎡ (건물 69.85㎡ 감소)	146000	0		146000	148000	0	이사로 인한 매도
202603	2998	XEF29171	국회의원	국회	국회의원	안호영	건물	배우자	아파트(전세(임차)권)	전북특별자치도 완주군 용진읍 운곡리 모아엘가2차 건물164.83㎡ (건물 164.83㎡ 증가)	0	220090		0		220090	이사로 인한 전세계약
202603	2999	XEF29171	국회의원	국회	국회의원	안호영	건물	차남	다세대주택(전세(임차)권)	서울특별시 성북구 정릉동 제이브릭하우스 건물 0.00㎡(건물 15.00㎡ 감소)	10000	0		10000		0	본가전입으로 인한 계약해지
202603	3000	XEF29171	국회의원	국회	국회의원	안호영	부동산에 관한 규정이 준용되는 권리와 자동차·건설기계·선박 및 항공기	배우자	자동차	2021년식 넥쏘(NEXO)수소전기차 배기량(0cc)	32760	599		0		33359	감가반영
202603	3001	XEF29171	국회의원	국회	국회의원	안호영	부동산에 관한 규정이 준용되는 권리와 자동차·건설기계·선박 및 항공기	배우자	자동차	2017년식 아이오닉일렉트릭 배기량(78cc)	117	0		19		98	감가반영
202603	3002	XEF29171	국회의원	국회	국회의원	안호영	예금	본인		KB라이프생명보험 217,050(8,191 증가), 교보생명보험 28,200, 국민은행 1,418(12,838 감소), 농협은행 595(1증가), 농협중앙회 34,228(2,335 감소), 동양생명보험 1,351, 메트라이프생명보험 27,000(27,000 증가), 삼성생명보험 89,992(5,896 증가), 스탠다드차타드은행 1,544(1 증가), 신한은행 0(2 감소), 신한투자증권 947(8증가), 전북은행 151, 하나증권 5,946(52 증가),한화생명보험주식회사 36,138	418586	42180		16206		444560	배우자 퇴직금 수령, 급여저축 및 생활비 지출
202603	3003	XEF29171	국회의원	국회	국회의원	안호영	예금	배우자		(주)KB손해보험 681(681 증가), (주)카카오페이증권 25(51 감소), NH투자증권 54(414 감소), 농협은행109,507(59,738 감소), 농협중앙회 2,920(2,672 증가),미래에셋생명보험 10,892(344 증가), 삼성생명보험 2,020(2,020 증가), 신용협동조합중앙회 신용공제사업부7,847(2,047 증가), 주식회사 카카오뱅크 12(3 증가), 한국교직원공제회 472,400(258,127 증가), 한국투자증권120,548(39,025 증가)	482190	327239		82523		726906	배우자 퇴직금 수령, 급여저축 및 생활비 지출
202603	3004	XEF29171	국회의원	국회	국회의원	안호영	예금	차남		농협은행 2,837(2,837 증가), 농협중앙회 4(4 증가),주식회사 카카오뱅크 243(243 증가)	0	3084		0		3084	배우자 퇴직금 수령, 급여저축 및 생활비 지출
202603	3005	XEF29171	국회의원	국회	국회의원	안호영	정치자금법에 따른 정치자금의 수입 및 지출을 위한 예금계좌의 예금	본인		농협중앙회 93,918(38,059 증가)	55859	38059		0		93918	후원금 등
202603	3006	XEF29171	국회의원	국회	국회의원	안호영	증권	배우자	상장주식	NAVER 4주(4주 증가), 삼성전자 3주(3주 증가), 삼성전자우 14주(14주 증가), 엔비디아 1.482주(1.482주증가), 현대차우 2주(2주 증가)	0	3385		0		3385	증권 매도 및 매매로 인한 변동
202603	3007	XEF29171	국회의원	국회	국회의원	안호영	채무	본인		사인간채무 감소	470000	0		100000		370000	일부상환
202603	3008	XEF29171	국회의원	국회	국회의원	안호영	채무	배우자	건물임대채무	전북특별자치도 전주시 덕진구 우아동2가 임대보증금 감소	37000	0		7000		30000	일부상환
202603	3009	XEF29171	국회의원	국회	국회의원	안호영	고지거부 및 등록제외사항	부		고지거부	0	0		0		0	독립생계유지
202603	3010	XEF29171	국회의원	국회	국회의원	안호영	고지거부 및 등록제외사항	모		고지거부	0	0		0		0	독립생계유지
202603	3011	XEF29171	국회의원	국회	국회의원	안호영	고지거부 및 등록제외사항	장남		고지거부	15096	0		15096		0	독립생계유지
202603	3012	3OQ8273H	국회의원	국회	국회의원	양문석	건물	본인	아파트	서울특별시 서초구 잠원동 신반포4 건물 0.00㎡ 중 0.00㎡ (건물 총면적 137.10㎡ 감소, 지분면적 34.27㎡ 감소)	780000	0		780000	78000	0	
202603	3013	3OQ8273H	국회의원	국회	국회의원	양문석	건물	본인	아파트(전세(임 차)권)	경기도 안산시 상록구 본오동 한양아파트 건물 28.21㎡	5000	0		0		5000	
202603	3014	3OQ8273H	국회의원	국회	국회의원	양문석	건물	배우자	아파트	서울특별시 서초구 잠원동 신반포4 건물 0.00㎡ 중 0.00㎡ (건물 총면적 137.10㎡ 감소, 지분면적 102.82㎡ 감소)	2340000	0		2340000	2340000	0	
202603	3015	3OQ8273H	국회의원	국회	국회의원	양문석	건물	배우자	아파트(전세(임 차)권)	서울특별시 서초구 잠원동 신반포4차아파트 건물 137.10㎡ (건물 137.10㎡ 증가)	0	1100000		0		1100000	
202603	3016	3OQ8273H	국회의원	국회	국회의원	양문석	부동산에 관한 규정이 준용되는 권리와 자동차·건설기계·선박 및 항공기	본인	자동차	2021년식 투싼 하이브리드 배기량(1,598cc)	19090	0		3470		15620	
202603	3017	3OQ8273H	국회의원	국회	국회의원	양문석	부동산에 관한 규정이 준용되는 권리와 자동차·건설기계·선박 및 항공기	배우자	자동차	2014년식 E300 배기량(3,498cc)	12500	290		0		12790	
202603	3018	3OQ8273H	국회의원	국회	국회의원	양문석	예금	본인		(주)KEB하나은행 11, DB손해보험(주) 31,463(7,905증가), 국민은행 27,401(19,673 증가), 농협은행 12,농협중앙회 63, 롯데손해보험 8,122(3,610 증가), 삼성증권 73(73 증가), 신한은행 542(578 감소), 우리은행 7, 한화생명보험주식회사 5,600(2,400 증가)	40211	34568		1485		73294	예금액 증가
202603	3019	3OQ8273H	국회의원	국회	국회의원	양문석	예금	배우자		(주)KEB하나은행 8, DB손해보험(주) 14,384(1,215 증가),국민은행 2,689(935 증가), 농협은행 2(52 감소),메리츠화재해상보험(보험) 4,171(609 증가), 미래에셋증권 98,811(98,811 증가), 삼성생명보험 29,070(7,566 감소), 삼성증권 888(17 증가),신한투자증권 625,494(620,356 증가), 유안타증권 45,116(45,116 증가), 주식회사 카카오뱅크 4,142(3,998증가), 한국교직원공제회 0(167,529 감소),한화생명보험주식회사 4,872(3,246 감소)	236983	771057		178393		829647	예금액 증가
202603	3020	3OQ8273H	국회의원	국회	국회의원	양문석	예금	장남		(주)KEB하나은행 0(2,600 감소), 국민은행 5,107(134 감소), 메리츠화재해상보험(보험) 182(182 증가), 신한라이프생명보험 411(411 증가), 토스뱅크(주)202(200 증가)	7843	4255		6196		5902	예금액 증가
202603	3021	3OQ8273H	국회의원	국회	국회의원	양문석	예금	장녀		국민은행 17,200(1,216 증가), 삼성증권 223, 새마을금고중앙회 26(1 증가), 신한라이프생명보험 417(417 증가), 주식회사 카카오뱅크 26,512(20,332증가), 토스증권(주) 68(562 감소)	23042	27160		5756		44446	예금액 증가
202603	3022	3OQ8273H	국회의원	국회	국회의원	양문석	정치자금법에 따른 정치자금의 수입 및 지출을 위한 예금계좌의 예금	본인		국민은행 6,411(81,027 감소)	87438	0		81027		6411	정치자금 사용으로 인한 금액 감소
202603	3023	3OQ8273H	국회의원	국회	국회의원	양문석	증권	본인	상장주식	삼성중공업 1,202주(1,202주 증가)	0	28968		0		28968	주식 구매로 인한 금액 증가
202603	3024	3OQ8273H	국회의원	국회	국회의원	양문석	증권	배우자	상장주식	BNK금융지주보통주 67주(67주 증가), F&F보통주 9주(9주 증가), LIG넥스원보통주 2주(2주 증가), 넥슨게임즈 18주(18주 증가), 디어유 7주(7주 증가), 로켓랩33주(33주 증가), 루멘텀홀딩스 5주(5주 증가), 마이크론테크놀로지 3주(3주 증가), 브로드컴 3주(3주 증가), 삼성전자보통주 28주(28주 증가), 삼양식품보통주 2주(2주 증가), 아이엠금융지주보통주 71주(71주 증가), 앱러빈 4주(4주 증가), 에스케이하이닉스보통주 3주(3주 증가), 에이치디현대중공업보통주 4주(4주 증가), 에이피알보통주 17주(17주 증가), 엔비디아 10주(10주 증가), 오라클 9주(9주 증가), 우리금융지주보통주 52주(52주 증가), 테라울프 56주(56주 증가), 테슬라3주(3주 증가), 파마리서치 3주(3주 증가), 팔란티어테크13주(13주 증가), 하나금융지주보통주 13주(13주 증가), 한화에어로스페이스보통주 2주(2주 증가), 현대로템보통주 16주(16주 증가)	0	50529		0		50529	주식 구매로 인한 금액 증가
202603	3025	3OQ8273H	국회의원	국회	국회의원	양문석	증권	장녀	상장주식	뉴스케일파워 23주(23주 증가), 메타 1주(1주 증가), 산일전기보통주 3주(3주 증가), 아이온큐 8주(8주 증가), 오클로 2주(2주 증가), 테슬라 1주(1주 증가)	0	3169		0		3169	주식 구매로 인한 금액 증가
202603	3026	3OQ8273H	국회의원	국회	국회의원	양문석	채권	배우자		사인간채권 감소	20000	0		20000		0	채권 전액 회수
202603	3027	3OQ8273H	국회의원	국회	국회의원	양문석	채무	본인	금융채무	농협생명보험 16,000(1,870 감소)	17870	0		1870		16000	
202603	3028	3OQ8273H	국회의원	국회	국회의원	양문석	채무	배우자	금융채무	국민은행 181,800, 농협은행 0(50,000 감소),한국교직원공제회 0(203,700 감소)	435500	0		253700		181800	
202603	3029	3OQ8273H	국회의원	국회	국회의원	양문석	가상자산	장남		리플 0개(452.6479206개 감소)	1389	0		1389		0	전량 매도
202603	3030	CK143054	국회의원	국회	국회의원	양부남	토지	본인	답	전라남도 담양군 월산면 화방리 388번지 1,788.00㎡	58110	358		0		58468	
202603	3031	CK143054	국회의원	국회	국회의원	양부남	토지	본인	임야	전라남도 담양군 월산면 화방리 산 11-1번지 4,769.00㎡중 1,589.00㎡	3893	16		0		3909	
202603	3032	CK143054	국회의원	국회	국회의원	양부남	토지	배우자	목장용지	전라남도 강진군 작천면 갈동리 1300-1번지 9,767.00㎡	86729	0		0		86729	
202603	3033	CK143054	국회의원	국회	국회의원	양부남	토지	배우자	목장용지	전라남도 강진군 작천면 갈동리 산 389-1번지107,386.00㎡	127462	0		0		127462	
202603	3034	CK143054	국회의원	국회	국회의원	양부남	토지	배우자	임야	전라남도 강진군 작천면 갈동리 산 389-4번지 9,346.00㎡	6934	0		0		6934	
202603	3035	CK143054	국회의원	국회	국회의원	양부남	건물	본인	아파트(전세(임차)권)	광주광역시 서구 풍암동 우미광장아파트 건물 81.40㎡	165000	0		0		165000	
202603	3036	CK143054	국회의원	국회	국회의원	양부남	건물	배우자	아파트	광주광역시 남구 봉선동 한국아델리움 건물 155.82㎡	1080000	0		0		1080000	
202603	3037	CK143054	국회의원	국회	국회의원	양부남	건물	배우자	상가	광주광역시 북구 문흥동 우산복합상가동 건물 36.30㎡	90000	0		0		90000	
202603	3038	CK143054	국회의원	국회	국회의원	양부남	건물	배우자	상가(전세(임차)권)	광주광역시 북구 문흥동 건물 132.00㎡	40000	0		0		40000	
202603	3039	CK143054	국회의원	국회	국회의원	양부남	건물	배우자	아파트(전세(임차)권)	서울특별시 성동구 상왕십리동 텐즈힐 건물 84.90㎡	800000	0		0		800000	
202603	3040	CK143054	국회의원	국회	국회의원	양부남	건물	장남	단독주택	서울특별시 용산구 한남동 건물 177.78㎡ 중 88.89㎡	478000	14000		0		492000	
202603	3041	CK143054	국회의원	국회	국회의원	양부남	건물	차남	단독주택	서울특별시 용산구 한남동 건물 177.78㎡ 중 88.89㎡	478000	14000		0		492000	
202603	3042	CK143054	국회의원	국회	국회의원	양부남	부동산에 관한 규정이 준용되는 권리와 자동차·건설기계·선박 및 항공기	본인	자동차	2020년식 GV80 배기량(2,497cc)	38070	0		3280		34790	
202603	3043	CK143054	국회의원	국회	국회의원	양부남	부동산에 관한 규정이 준용되는 권리와 자동차·건설기계·선박 및 항공기	본인	자동차	2024년식 카니발 하이리무진 배기량(3,470cc)	19470	0		0		19470	
202603	3044	CK143054	국회의원	국회	국회의원	양부남	부동산에 관한 규정이 준용되는 권리와 자동차·건설기계·선박 및 항공기	배우자	자동차	2018년식 E클래스 배기량(1,991cc)	23640	0		890		22750	
202603	3045	CK143054	국회의원	국회	국회의원	양부남	부동산에 관한 규정이 준용되는 권리와 자동차·건설기계·선박 및 항공기	배우자	자동차	2024년식 GV70 배기량(2,500cc)	21160	0		1885		19275	
202603	3046	CK143054	국회의원	국회	국회의원	양부남	부동산에 관한 규정이 준용되는 권리와 자동차·건설기계·선박 및 항공기	장남	자동차	2024년식 GV70 배기량(2,500cc)	21160	0		1885		19275	
202603	3047	CK143054	국회의원	국회	국회의원	양부남	예금	본인		광주은행 184,271(21,757 증가), 농협은행 4,189(3,295감소), 산림조합중앙회 200, 삼성생명보험 44,700(3,656 증가), 신용협동조합중앙회 223(4 증가), 신한은행 110,328(388,100 감소)	709889	25417		391395		343911	급여저축 및 생활비 지출 등
202603	3048	CK143054	국회의원	국회	국회의원	양부남	예금	배우자		DB생명보험(주) 490,733(40,061 증가), DB손해보험(주) 2,622(456 증가), KB라이프생명보험 61,872, KB증권 29(1증가), 광주은행 913,111(53,457 감소), 교보생명보험 425,200(313,800 증가), 국민은행 23,700(927 증가),농협생명보험 31,448, 농협손해보험 23,206(3,863 증가), 농협은행 813,820(111,490 증가), 동양생명보험60,000(40,000 증가), 롯데손해보험 8,704(923 증가), 메리츠화재해상보험(보험) 15,317(1,579 증가), 삼성생명보험 690,730(29,346 감소), 삼성증권 179,453(23,864 증가), 삼성화재해상보험 2,800(19,200감소), 신영증권 102,925(10,145 증가), 신용협동조합중앙회 333,007(10,334 증가),에이비엘생명보험 100,000, 우리은행 253, 주식회사카카오뱅크 675(284 감소), 중소기업은행 70,606(516 증가), 하나증권 424,187(145,518 증가),한화생명보험주식회사 26,727(8,555 증가), 한화손해보험 10,215(2,440 증가)	4199155	1141497		529312		4811340	급여저축 및 생활비 지출 등
202603	3049	CK143054	국회의원	국회	국회의원	양부남	예금	장남		광주은행 6, 교보생명보험 34,015(12,006 증가), 국민은행2,940(2,461 증가)	22494	14467		0		36961	급여저축 및 생활비 지출 등
202603	3050	CK143054	국회의원	국회	국회의원	양부남	예금	차남		(주)카카오페이증권 0(19 감소), 교보생명보험34,131(12,047 증가), 국민은행 1,759(14 증가)	23848	12061		19		35890	급여저축 및 생활비 지출 등
202603	3051	CK143054	국회의원	국회	국회의원	양부남	정치자금법에 따른 정치자금의 수입 및 지출을 위한 예금계좌의 예금	본인		농협은행 11,522(5,383 증가)	6139	5383		0		11522	후원금 증가
202603	3052	CK143054	국회의원	국회	국회의원	양부남	증권	배우자	상장주식	POSCO홀딩스 50주	12675	2575		0		15250	평가액 변동
202603	3053	CK143054	국회의원	국회	국회의원	양부남	채권	배우자		사인간채권	174000	0		0		174000	
202603	3054	CK143054	국회의원	국회	국회의원	양부남	채무	배우자	금융채무	광주은행 40,000, 국민은행 89,000, 농협은행 45,000	174000	0		0		174000	
202603	3055	CK143054	국회의원	국회	국회의원	양부남	채무	배우자	건물임대채무	광주광역시 북구 문흥동 우산복합상가동 임대보증금	2000	0		0		2000	
202603	3056	CK143054	국회의원	국회	국회의원	양부남	회원권	배우자	골프	중흥골드레이크 컨트리클럽	28000	0		0		28000	
202603	3057	8FB1535Y	국회의원	국회	국회의원	어기구	토지	부	대지	강원특별자치도 속초시 장사동 산 44번지 1,650.00㎡	110715	2970		0		113685	가액변동
202603	3058	8FB1535Y	국회의원	국회	국회의원	어기구	토지	부	잡종지	충청남도 당진시 송악읍 고대리 194-1159번지 173.00㎡	45706	243		0		45949	가액변동
202603	3059	8FB1535Y	국회의원	국회	국회의원	어기구	토지	부	도로	충청남도 당진시 송악읍 고대리 194-1172번지 890.00㎡	73158	356		0		73514	가액변동
202603	3060	8FB1535Y	국회의원	국회	국회의원	어기구	건물	배우자	아파트	충청남도 당진시 원당동 원당마을 건물 59.10㎡	96600	0		8100		88500	가액변동
202603	3061	8FB1535Y	국회의원	국회	국회의원	어기구	건물	부	단독주택	충청남도 당진시 송악읍 고대리 대지 938.00㎡ 건물189.00㎡	271000	15000		0		286000	가액변동
202603	3062	8FB1535Y	국회의원	국회	국회의원	어기구	부동산에 관한 규정이 준용되는 권리와 자동차·건설기계·선박 및 항공기	배우자	자동차	2017년식 소나타 배기량(1,999cc)	7850	0		0		7850	가액변동
202603	3063	8FB1535Y	국회의원	국회	국회의원	어기구	부동산에 관한 규정이 준용되는 권리와 자동차·건설기계·선박 및 항공기	배우자	자동차	2025년식 팰리세이드 배기량(2,497cc) 증가	0	60340	60876	0		60340	매입
202603	3064	8FB1535Y	국회의원	국회	국회의원	어기구	예금	본인		(주)KEB하나은행 6,133(115 감소), 국민은행 40,240(1,263 감소), 농협은행 117,950(21,146 증가),미래에셋생명보험 4,129, 신용협동조합중앙회 506(3증가)	149187	26262		6491		168958	급여 저축 및 생활비 등 지출
202603	3065	8FB1535Y	국회의원	국회	국회의원	어기구	예금	배우자		교보생명보험 16,207(1,768 증가), 국민은행 36, 농협은행2,675(2,425 증가), 신용협동조합중앙회 5,170(21 증가), 우리은행 8,970(1,563 증가), 흥국화재해상보험(주) 30,091(1,755 증가)	55617	7532		0		63149	급여 저축 및 생활비 등 지출
202603	3066	8FB1535Y	국회의원	국회	국회의원	어기구	예금	부		농협중앙회 18, 새마을금고중앙회 6,229(91 증가),신용협동조합중앙회 237(6 증가)	6387	97		0		6484	급여 저축 및 생활비 등 지출
202603	3067	8FB1535Y	국회의원	국회	국회의원	어기구	예금	모		농협은행 13, 새마을금고중앙회 11,835(2,208 증가),신용협동조합중앙회 30,092(170 증가)	39562	30066		27688		41940	급여 저축 및 생활비 등 지출
202603	3068	8FB1535Y	국회의원	국회	국회의원	어기구	예금	장남		NH투자증권 10,530(2,441 증가), 국민은행 878(189 감소),농협은행 2,468(1,552 증가), 우리은행 3,960(240 증가)	13792	4233		189		17836	급여 저축 및 생활비 등 지출
202603	3069	8FB1535Y	국회의원	국회	국회의원	어기구	정치자금법에 따른 정치자금의 수입 및 지출을 위한 예금계좌의 예금	본인		농협중앙회 117,607(52,803 증가)	64804	52803		0		117607	정치후원금 변동
202603	3070	8FB1535Y	국회의원	국회	국회의원	어기구	증권	장남	상장주식	AT&T 75주, Berkshire 0.000045주, DigitalOceanHldg 2주, NAVER 13주, WarnerBrosDis 18주, 삼성전자 29주	7041	3192		0		10233	평가액 변동
202603	3071	8FB1535Y	국회의원	국회	국회의원	어기구	증권	장남	비상장주식	케이뱅크 2주	10	0		0		10	평가액 변동
202603	3072	8FB1535Y	국회의원	국회	국회의원	어기구	채무	배우자		사인간채무 감소	100000	0		100000		0	차용금 예금으로 전액 상환
202603	3073	8FB1535Y	국회의원	국회	국회의원	어기구	채무	부	금융채무	농협중앙회 3,838(4,120 감소)	7958	0		4120		3838	일부 상환
202603	3074	8348421R	국회의원	국회	국회의원	엄태영	건물	배우자	아파트	서울특별시 강서구 가양동 도시개발9 건물 49.50㎡	376000	18000		0		394000	공시가격 반영
202603	3075	8348421R	국회의원	국회	국회의원	엄태영	건물	배우자	아파트	충청북도 제천시 하소동 제천 그린코아루 아파트 건물84.98㎡	285000	0		0		285000	
202603	3076	8348421R	국회의원	국회	국회의원	엄태영	부동산에 관한 규정이 준용되는 권리와 자동차·건설기계·선박 및 항공기	배우자	자동차	2025년식 GV70 배기량(2,497cc) 증가	0	59540	59540	0		59540	신규취득
202603	3077	8348421R	국회의원	국회	국회의원	엄태영	현금	배우자		현금	25000	0		0		25000	
202603	3078	8348421R	국회의원	국회	국회의원	엄태영	예금	본인		(주)KEB하나은행 5, 국민은행 89, 농협은행 29,347(11,264 감소), 삼성화재해상보험 0(1,690 감소), 새마을금고중앙회 500(16 증가), 신용협동조합중앙회 427(12 증가), 신한라이프생명보험 23,904, 신한은행 403,우체국 0(13 감소)	67614	15583		28522		54675	자동차 신규구입, 사인간채권 증가 및 가계비용 증가
202603	3079	8348421R	국회의원	국회	국회의원	엄태영	예금	배우자		국민은행 29, 농협은행 31,361(154,591 감소), 농협중앙회108,730(8,004 증가), 삼성화재해상보험 32,859(3,369증가), 우리은행 0(6,000 감소)	322197	111613		260831		172979	자동차 신규구입, 사인간채권 증가 및 가계비용 증가
202603	3080	8348421R	국회의원	국회	국회의원	엄태영	예금	모		농협중앙회 650(296 증가)	354	296		0		650	자동차 신규구입, 사인간채권 증가 및 가계비용 증가
202603	3081	8348421R	국회의원	국회	국회의원	엄태영	정치자금법에 따른 정치자금의 수입 및 지출을 위한 예금계좌의 예금	본인		농협중앙회 7,940(47,308 감소)	55248	0		47308		7940	정치자금 사용으로 잔액 감소
202603	3082	8348421R	국회의원	국회	국회의원	엄태영	채권	배우자		사인간채권 증가	97060	140000		2520		234540	사인간채권 증가
202603	3083	8348421R	국회의원	국회	국회의원	엄태영	채무	배우자	금융채무	농협은행 94,540(2,520 감소)	97060	0		2520		94540	채무 일부 변제
202603	3084	8348421R	국회의원	국회	국회의원	엄태영	고지거부 및 등록제외사항	장남		고지거부	0	0		0		0	독립생계유지
202603	3085	8348421R	국회의원	국회	국회의원	엄태영	고지거부 및 등록제외사항	손자1		고지거부	0	0		0		0	독립생계유지
202603	3086	URX8075K	국회의원	국회	국회의원	염태영	토지	본인	답	경기도 수원시 권선구 입북동 231-1번지 881.00㎡	283682	12951		0		296633	가액 변동
202603	3087	URX8075K	국회의원	국회	국회의원	염태영	토지	본인	답	경기도 수원시 권선구 입북동 231-2번지 1,249.00㎡	402178	18360		0		420538	가액 변동
202603	3088	URX8075K	국회의원	국회	국회의원	염태영	토지	본인	답	경기도 수원시 권선구 입북동 230-9번지 429.00㎡	122951	3647		0		126598	가액 변동
202603	3089	URX8075K	국회의원	국회	국회의원	염태영	건물	본인	사무실(전세(임차)권)	경기도 수원시 권선구 권선동 하이안에이 건물 128.72㎡	20000	0		0		20000	변동 없음
202603	3090	URX8075K	국회의원	국회	국회의원	염태영	건물	배우자	아파트	경기도 수원시 장안구 정자동 연꽃마을 풍림아파트 건물0.00㎡ (건물 99.18㎡ 감소)	383000	0		383000	620000	0	25.1월 매도 완료 및 소유권 상실
202603	3091	URX8075K	국회의원	국회	국회의원	염태영	건물	배우자	아파트	경기도 수원시 권선구 권선동 수원아이파크시티2단지 건물123.60㎡	800000	0		0		800000	변동 없음
202603	3092	URX8075K	국회의원	국회	국회의원	염태영	예금	본인		KB라이프생명보험 58,690(1,438 증가), 국민은행 187,998(118,049 증가), 농협은행 350(350 증가),새마을금고중앙회 414(10 증가), 신한은행 3,602(2,848증가), 신한투자증권 3, 중소기업은행 9,931(3,856 증가),한국투자증권 4,601(4,601 증가)	134437	186815		55663		265589	아파트 매도 잔금 및 급여 저축
202603	3093	URX8075K	국회의원	국회	국회의원	염태영	예금	배우자		(주)KB손해보험 70(70 증가), (주)KEB하나은행 57,584(7,583 증가), KB라이프생명보험 114,534(16,147증가), 국민은행 105,730(22,041 증가), 농협은행 100,180(45,715 증가), 삼성생명보험 1,491(16,113감소), 우리은행 40, 우체국 18,624(81 증가), 주식회사 카카오뱅크 107,614(95,006 증가), 중소기업은행 2,040(1,440 증가), 한국투자증권 4(11 감소),한화생명보험주식회사 36,000(1,800 증가)	370152	380646		206887		543911	아파트 매도 잔금 및 급여 저축
202603	3094	URX8075K	국회의원	국회	국회의원	염태영	정치자금법에 따른 정치자금의 수입 및 지출을 위한 예금계좌의 예금	본인		중소기업은행 19,422(4,604 감소)	24026	0		4604		19422	의정활동 경비 지출
202603	3095	URX8075K	국회의원	국회	국회의원	염태영	증권	배우자	상장주식	CJ제일제당 3주, JW생명과학 24주, KG케미칼 50주, LX하우시스 6주, 더네이쳐홀딩스 25주, 빙그레 0주(6주 감소), 에스에프에이 23주, 인선이엔티 20주, 한일시멘트20주	2970	283		680		2573	주식 평가액 변동
202603	3096	URX8075K	국회의원	국회	국회의원	염태영	채권	배우자		사인간채권	100000	0		0		100000	변동없음
202603	3097	URX8075K	국회의원	국회	국회의원	염태영	채무	배우자		사인간채무 감소	500000	0		500000		0	아파트 매도로 소멸
202603	3098	URX8075K	국회의원	국회	국회의원	염태영	고지거부 및 등록제외사항	장남		고지거부	0	0		0		0	독립생계유지
202603	3099	OIA3741M	국회의원	국회	국회의원	오기형	건물	본인	사무실(전세(임차)권)	서울특별시 도봉구 방학동 우리들메디빌딩 건물 129.16㎡	20000	0		0		20000	
202603	3100	OIA3741M	국회의원	국회	국회의원	오기형	건물	배우자	아파트	서울특별시 도봉구 방학동 방학동삼성래미안 건물 84.94㎡	609000	0		0		609000	
202603	3101	OIA3741M	국회의원	국회	국회의원	오기형	건물	모	아파트	서울특별시 도봉구 도봉동 도봉한신아파트 건물 84.94㎡	430000	0		0		430000	
202603	3102	OIA3741M	국회의원	국회	국회의원	오기형	건물	장남	다가구주택(전세(임차)권)	서울특별시 관악구 봉천동 골드빌라 건물 0.00㎡ (건물144.51㎡ 감소)	10000	0		10000		0	임대차 계약 만료
202603	3103	OIA3741M	국회의원	국회	국회의원	오기형	건물	장남	다가구주택(전세(임차)권)	서울특별시 관악구 봉천동 건물 24.00㎡ (건물 24.00㎡증가)	0	10000		0		10000	신규 임대차 계약
202603	3104	OIA3741M	국회의원	국회	국회의원	오기형	부동산에 관한 규정이 준용되는 권리와 자동차·건설기계·선박 및 항공기	본인	자동차	2006년식 그랜져 배기량(2,656cc)	1780	0		250		1530	가액 변동
202603	3105	OIA3741M	국회의원	국회	국회의원	오기형	예금	본인		(주)KEB하나은행 1,231, 국민은행 33,100(519 증가),농협은행 46,196(6,161 감소), 농협중앙회 2,923(5,481감소), 대신증권 875(5 증가), 신한은행 139,513(19,756 증가), 하나은행중국유한공사 20,715(503 증가)	235412	21383		12242		244553	급여 저축, 생활비 및 활동비 지출 증가
202603	3106	OIA3741M	국회의원	국회	국회의원	오기형	예금	배우자		국민은행 20, 미래에셋증권 87,767(87,754 증가),신한은행 80,943(116,555 감소), 우체국 1,251(429 증가),주식회사 카카오뱅크 53,699(52,382 증가)	199670	200657		176647		223680	급여 저축, 생활비 및 활동비 지출 증가
202603	3107	OIA3741M	국회의원	국회	국회의원	오기형	예금	모		농협손해보험 3,855, 신한은행 168,012(75,165 감소),우체국 13,531(1,677 감소)	262240	178158		255000		185398	급여 저축, 생활비 및 활동비 지출 증가
202603	3108	OIA3741M	국회의원	국회	국회의원	오기형	예금	장남		신한은행 7,198(1,496 감소), 우리은행 8(146 감소),토스증권(주) 14,340(6,016 증가)	17172	7520		3146		21546	급여 저축, 생활비 및 활동비 지출 증가
202603	3109	OIA3741M	국회의원	국회	국회의원	오기형	정치자금법에 따른 정치자금의 수입 및 지출을 위한 예금계좌의 예금	본인		농협은행 129,445(29,101 증가)	100344	29101		0		129445	후원금 증가
202603	3110	BRU2690F	국회의원	국회	국회의원	오세희	건물	본인	아파트(전세(임차)권)	서울특별시 성동구 행당동 서울숲리버뷰자이 건물108.82㎡	1500000	0		0		1500000	변동없음
202603	3111	BRU2690F	국회의원	국회	국회의원	오세희	건물	본인	아파트(전세(임차)권)	서울특별시 중구 입정동 힐스테이트세운센트럴 2단지 건물45.98㎡	540000	0		0		540000	변동없음
202603	3112	BRU2690F	국회의원	국회	국회의원	오세희	건물	장녀	근린생활시설(전세(임차)권)	서울특별시 강남구 신사동 2층 건물 107.70㎡	30000	0		0		30000	변동없음
202603	3113	BRU2690F	국회의원	국회	국회의원	오세희	부동산에 관한 규정이 준용되는 권리와 자동차·건설기계·선박 및 항공기	본인	자동차	2023년식 GV70 배기량(2,497cc)	46240	0		11690		34550	가액 변동
202603	3114	BRU2690F	국회의원	국회	국회의원	오세희	부동산에 관한 규정이 준용되는 권리와 자동차·건설기계·선박 및 항공기	장녀	자동차	2020년식 E300 배기량(1,991cc) 감소	35370	0		35370	26500	0	차량 매도
202603	3115	BRU2690F	국회의원	국회	국회의원	오세희	부동산에 관한 규정이 준용되는 권리와 자동차·건설기계·선박 및 항공기	차녀	자동차	2024년식 코나하이브리드 배기량(1,580cc)	29280	0		6260		23020	가액 변동
202603	3116	BRU2690F	국회의원	국회	국회의원	오세희	예금	본인		(주)KEB하나은행 2,004,431(9,564 감소),KB라이프생명보험 80,791, 국민은행 282, 농협은행334(110 감소), 신한은행 3,685,323(132,288 감소),우리은행 18,318(1,145 증가), 현대해상화재보험 51,784(4,145 증가)	5977935	5605308		5741980		5841263	법률 자문 및 세금 납부
202603	3117	BRU2690F	국회의원	국회	국회의원	오세희	예금	장녀		(주)카카오페이증권 45(44 증가), KB라이프생명보험 79,312, 국민은행 1,154(4,037 감소), 신한은행 2,526(1,348 증가), 업비트 0(32 감소), 전북은행 0(3감소), 주식회사 카카오뱅크 5(1 증가)	85721	2843		5522		83042	법률 자문 및 세금 납부
202603	3118	BRU2690F	국회의원	국회	국회의원	오세희	예금	차녀		(주)KEB하나은행 10(9 증가), KB라이프생명보험 82,219,부산은행 51, 신한은행 893(226 증가), 주식회사카카오뱅크 162(116 증가), 한국투자증권 2	82986	365		14		83337	법률 자문 및 세금 납부
202603	3119	BRU2690F	국회의원	국회	국회의원	오세희	정치자금법에 따른 정치자금의 수입 및 지출을 위한 예금계좌의 예금	본인		농협은행 126,874(86,687 증가)	40187	86687		0		126874	후원회 기부금 증가
202603	3120	BRU2690F	국회의원	국회	국회의원	오세희	증권	장녀	상장주식	삼성전자보통주 0주(10주 감소)	532	0		532		0	보유주식 매도
202603	3121	BRU2690F	국회의원	국회	국회의원	오세희	증권	차녀	상장주식	신일전자 0주(3주 감소)	4	0		4		0	보유주식 매도
202603	3122	BRU2690F	국회의원	국회	국회의원	오세희	채무	장녀	금융채무	(주)KEB하나은행 8,792(8,792 증가), KB라이프생명보험 106,990(7,905 증가), KB캐피탈 0(45,457 감소), 신한은행3,619(3,424 감소), 신한카드 30,326(15,326 증가), 전북은행0(3,902 감소), 주식회사 카카오뱅크 685(3,793 감소)	174965	47023		71576		150412	채무 일부 변제
202603	3123	BRU2690F	국회의원	국회	국회의원	오세희	채무	차녀	금융채무	KB라이프생명보험 0(41,462 감소), 주식회사 카카오뱅크2,037(666 감소)	44165	0		42128		2037	채무 일부 변제
202603	3124	BRU2690F	국회의원	국회	국회의원	오세희	가상자산	장녀		리플 0개(6.599816개 감소), 비트코인 0개(0.00326631개감소)	474	0		474		0	보유 가상자산 매도
202603	3125	BRU2690F	국회의원	국회	국회의원	오세희	고지거부 및 등록제외사항	장남		고지거부	110055	0		110055		0	독립생계유지
202603	3126	GE71932C	국회의원	국회	국회의원	용혜인	건물	본인	아파트(전세(임차)권)	서울특별시 영등포구 양평동4가 성원아파트 건물 84.60㎡	600000	0		0		600000	
202603	3127	GE71932C	국회의원	국회	국회의원	용혜인	건물	배우자	아파트(전세(임차)권)	경기도 안산시 상록구 사동 안산고잔7차푸르지오 건물0.00㎡ (건물 88.94㎡ 감소)	30000	0		30000		0	계약해지
202603	3128	GE71932C	국회의원	국회	국회의원	용혜인	건물	부	아파트	경기도 안산시 상록구 사동 안산고잔7차푸르지오 건물89.21㎡ 중 44.60㎡	146500	2000		0		148500	가액변동
202603	3129	GE71932C	국회의원	국회	국회의원	용혜인	건물	모	아파트	경기도 안산시 상록구 사동 안산고잔7차푸르지오 건물89.21㎡ 중 44.60㎡	146500	2000		0		148500	가액변동
202603	3130	GE71932C	국회의원	국회	국회의원	용혜인	부동산에 관한 규정이 준용되는 권리와 자동차·건설기계·선박 및 항공기	배우자	자동차	2023년식 XM3 E-TECH(SP) 배기량(1,598cc)	27640	0		4280		23360	가액변동
202603	3131	GE71932C	국회의원	국회	국회의원	용혜인	부동산에 관한 규정이 준용되는 권리와 자동차·건설기계·선박 및 항공기	부	자동차	2010년식 YF소나타 배기량(1,998cc)	2900	0		790		2110	가액변동
202603	3132	GE71932C	국회의원	국회	국회의원	용혜인	부동산에 관한 규정이 준용되는 권리와 자동차·건설기계·선박 및 항공기	모	자동차	2020년식 카니발 배기량(2,151cc)	24100	0		1360		22740	가액변동
202603	3133	GE71932C	국회의원	국회	국회의원	용혜인	예금	본인		국민은행 8,712(4,971 증가), 농협은행 12,856(2,348증가), 롯데손해보험 398(45 증가), 신한은행 4,현대해상화재보험 11,766(1,465 증가)	24907	8829		0		33736	생활비 지출, 급여저축 등으로 인한 변동
202603	3134	GE71932C	국회의원	국회	국회의원	용혜인	예금	배우자		신용협동조합중앙회 2, 신한은행 3,050(1,022 감소),우리은행 995(432 증가)	4637	432		1022		4047	생활비 지출, 급여저축 등으로 인한 변동
202603	3135	GE71932C	국회의원	국회	국회의원	용혜인	예금	부		KB증권 4, 교보생명보험 34,827(2,654 증가), 국민은행 65,농협은행 44(48 감소), 농협중앙회 30(3,132 감소), 신한은행 1,856(877 증가), 한화생명보험주식회사 8,810(452 증가)	44833	3983		3180		45636	생활비 지출, 급여저축 등으로 인한 변동
202603	3136	GE71932C	국회의원	국회	국회의원	용혜인	예금	모		국민은행 1,666(190 증가), 농협중앙회 1,467(309 감소),신용협동조합중앙회 60, 에이비엘생명보험 3,144	6456	190		309		6337	생활비 지출, 급여저축 등으로 인한 변동
202603	3137	GE71932C	국회의원	국회	국회의원	용혜인	예금	장남		농협은행 1,250(1,250 증가), 신한라이프생명보험9,520(9,520 증가)	0	10770		0		10770	생활비 지출, 급여저축 등으로 인한 변동
202603	3138	GE71932C	국회의원	국회	국회의원	용혜인	정치자금법에 따른 정치자금의 수입 및 지출을 위한 예금계좌의 예금	본인		농협은행 78,590(58,837 증가)	19753	58837		0		78590	정치 후원금 증가
202603	3139	GE71932C	국회의원	국회	국회의원	용혜인	채권	본인		사인간채권	30000	0		0		30000	
202603	3140	GE71932C	국회의원	국회	국회의원	용혜인	채권	배우자		사인간채권	20000	0		0		20000	
202603	3141	GE71932C	국회의원	국회	국회의원	용혜인	채무	본인	금융채무	농협은행 450,000(50,000 감소)	500000	0		50000		450000	일부상환
202603	3142	GE71932C	국회의원	국회	국회의원	용혜인	채무	부	금융채무	교보생명보험 1,230, 한화생명보험주식회사174,261(3,704 감소), 현대카드(주) 5,000(5,000 증가)	179195	5000		3704		180491	생활비 등
202603	3143	GE71932C	국회의원	국회	국회의원	용혜인	채무	모	금융채무	현대캐피탈 0(2,908 감소)	2908	0		2908		0	차량할부완납
202603	3144	8UC4779G	국회의원	국회	국회의원	우재준	건물	본인	숙박시설	제주특별자치도 제주시 한림읍 협재리 라온프라이빗타운 대지 0.00㎡ 중 0.00㎡건물 0.00㎡ 중 0.00㎡ (대지 지분면적 6.16㎡ 감소, 건물 지분면적 1.10㎡ 감소)	5000	0		5000	5000	0	소유권 상실
202603	3145	8UC4779G	국회의원	국회	국회의원	우재준	건물	본인	오피스텔(전세(임차)권)	서울특별시 영등포구 여의도동 브라이튼 여의도 건물29.56㎡	380000	19000		0		399000	전세보증금 인상
202603	3146	8UC4779G	국회의원	국회	국회의원	우재준	건물	본인	아파트(전세(임차)권)	대구광역시 북구 복현동 복현아이파크 건물 59.94㎡	20000	0		0		20000	변동없음
202603	3147	8UC4779G	국회의원	국회	국회의원	우재준	부동산에 관한 규정이 준용되는 권리와 자동차·건설기계·선박 및 항공기	본인	자동차	2015년식 뉴QM5 2.0 배기량(1,998cc)	8170	0		1750		6420	가액변동
202603	3148	8UC4779G	국회의원	국회	국회의원	우재준	예금	본인		(주)KEB하나은행 43,983(43,683 증가), DB생명보험(주) 17,456(3,174 증가), 교보생명보험 60,000, 국민은행20,118(16,637 증가), 농협은행 8,712(1,389 증가),롯데손해보험 4,275(754 증가), 신한은행 810(1 증가),우리은행 501,215(501,215 증가)	89716	566853		0		656569	주식 매각 대금 선지급 (매각 진행중)
202603	3149	8UC4779G	국회의원	국회	국회의원	우재준	정치자금법에 따른 정치자금의 수입 및 지출을 위한 예금계좌의 예금	본인		농협은행 15,489(13,681 감소)	29170	0		13681		15489	정치자금사용
202603	3150	8UC4779G	국회의원	국회	국회의원	우재준	증권	본인	상장주식	모나미 1주, 삼익악기 1주, 오스코텍 1주, 자이에스앤디1주	30	22		1		51	백지신탁체결 (매각 예정)
202603	3151	8UC4779G	국회의원	국회	국회의원	우재준	증권	본인	비상장주식	주식회사 동황 0주(165,000주 감소)	2592810	0		2592810		0	백지신탁체결 (매각 예정)
202603	3152	8UC4779G	국회의원	국회	국회의원	우재준	채무	본인	금융채무	(주)KEB하나은행 0(89,332 감소)	89332	0		89332		0	전액상환
202603	3153	8UC4779G	국회의원	국회	국회의원	우재준	채무	본인	기타	주식회사 동황 감소	520000	0		520000		0	전액상환
202603	3154	8UC4779G	국회의원	국회	국회의원	우재준	고지거부 및 등록제외사항	부		고지거부	0	0		0		0	독립생계유지
202603	3155	8UC4779G	국회의원	국회	국회의원	우재준	고지거부 및 등록제외사항	모		고지거부	0	0		0		0	독립생계유지
202603	3156	RQQ3807K	국회의원	국회	국회의원	위성곤	건물	본인	오피스텔(전세(임차)권)	서울특별시 영등포구 영등포동8가 리마크빌 영등포 건물89.00㎡	15000	0		0		15000	변동없음
202603	3157	RQQ3807K	국회의원	국회	국회의원	위성곤	건물	본인	사무실(전세(임차)권)	제주특별자치도 서귀포시 동홍동 2층국회의원위성곤사무실 건물 50.00㎡	9000	0		0		9000	변동없음
202603	3158	RQQ3807K	국회의원	국회	국회의원	위성곤	건물	배우자	다세대주택(전세(임차)권)	충청북도 청주시 흥덕구 복대동 하얀나래 건물 0.00㎡(건물 19.00㎡ 감소)	3000	0		3000		0	계약 해지
202603	3159	RQQ3807K	국회의원	국회	국회의원	위성곤	건물	배우자	아파트	제주특별자치도 서귀포시 동홍동 가나노블휘닉스 건물83.39㎡	155000	0		4000		151000	가액변동
202603	3160	RQQ3807K	국회의원	국회	국회의원	위성곤	건물	모	아파트	제주특별자치도 서귀포시 동홍동 동홍4 주공아파트 건물58.80㎡	112000	0		4000		108000	가액변동
202603	3161	RQQ3807K	국회의원	국회	국회의원	위성곤	건물	장녀	아파트(전세(임차)권)	충청북도 청주시 흥덕구 복대동 포빌 건물 47.21㎡ (건물47.21㎡ 증가)	0	10000		0		10000	전세계약
202603	3162	RQQ3807K	국회의원	국회	국회의원	위성곤	부동산에 관한 규정이 준용되는 권리와 자동차·건설기계·선박 및 항공기	배우자	자동차	2017년식 k3 배기량(1,591cc)	5580	0		570		5010	가액변동
202603	3163	RQQ3807K	국회의원	국회	국회의원	위성곤	예금	본인		국민은행 309, 농협은행 63,339(36,108 증가), 농협중앙회246, 미래에셋증권 4,000(4,000 증가), 새마을금고중앙회34,744(2,873 증가), 신용협동조합중앙회 71(2 증가),제주은행 532, 주식회사 카카오뱅크 9, 한화생명보험주식회사 4,622(715 감소), 한화손해보험 57, 현대해상화재보험 0(17,400 감소)	83061	42983		18115		107929	급여저축 및 생활비 지출 등
202603	3164	RQQ3807K	국회의원	국회	국회의원	위성곤	예금	배우자		농협손해보험 4,000(600 증가), 농협은행 64(1 증가),새마을금고중앙회 100, 신용협동조합중앙회 1,050(34 증가), 우체국 47,286(1,455 증가), 주식회사 카카오뱅크 0(35 감소), 현대해상화재보험 32,160(8,623 증가)	73982	14904		4226		84660	급여저축 및 생활비 지출 등
202603	3165	RQQ3807K	국회의원	국회	국회의원	위성곤	예금	모		농협중앙회 10,160(1,905 증가), 삼성생명보험 0(13,000 감소), 새마을금고중앙회 59,087(17,153 증가), 우체국 1,165(2 증가), 한화생명보험주식회사 23,047,현대해상화재보험 9,207(368 증가)	96238	64525		58097		102666	급여저축 및 생활비 지출 등
202603	3166	RQQ3807K	국회의원	국회	국회의원	위성곤	예금	장남		국민은행 48(30 감소)	78	0		30		48	급여저축 및 생활비 지출 등
202603	3167	RQQ3807K	국회의원	국회	국회의원	위성곤	예금	장녀		우리은행 2,432(75 감소), 주식회사 카카오뱅크 33(20증가)	2520	260		315		2465	급여저축 및 생활비 지출 등
202603	3168	RQQ3807K	국회의원	국회	국회의원	위성곤	정치자금법에 따른 정치자금의 수입 및 지출을 위한 예금계좌의 예금	본인		농협은행 53,684(13,873 감소)	67557	0		13873		53684	의정활동지출
202603	3169	RQQ3807K	국회의원	국회	국회의원	위성곤	채권	모		사인간채권	155000	0		0		155000	변동없음
202603	3170	RQQ3807K	국회의원	국회	국회의원	위성곤	채무	본인		사인간채무	160000	0		0		160000	변동없음
202603	3171	RQQ3807K	국회의원	국회	국회의원	위성곤	채무	본인	금융채무	농협은행 71,071(12,675 감소)	83746	0		12675		71071	일부상환
202603	3172	RQQ3807K	국회의원	국회	국회의원	위성곤	채무	배우자	금융채무	우체국 3,900(3,900 증가), 현대해상화재보험 5,500	5500	3900		0		9400	생활비지출
202603	3173	RQQ3807K	국회의원	국회	국회의원	위성곤	채무	모	금융채무	한화생명보험주식회사 1,100	1100	0		0		1100	변동없음
202603	3174	GX38539O	국회의원	국회	국회의원	유동수	토지	본인	임야	제주특별자치도 서귀포시 안덕면 감산리 689-1번지1,402.00㎡	66034	0		981		65053	가액변동
202603	3175	GX38539O	국회의원	국회	국회의원	유동수	토지	본인	전	전북특별자치도 부안군 부안읍 봉덕리 394-12번지 39.00㎡중 5.50㎡	103	1		0		104	가액변동
202603	3176	GX38539O	국회의원	국회	국회의원	유동수	토지	본인	전	전북특별자치도 부안군 부안읍 봉덕리 394-13번지235.00㎡	13419	305		0		13724	가액변동
202603	3177	GX38539O	국회의원	국회	국회의원	유동수	토지	본인	전	전북특별자치도 부안군 부안읍 봉덕리 394-4번지 219.00㎡	12505	284		0		12789	가액변동
202603	3178	GX38539O	국회의원	국회	국회의원	유동수	토지	배우자	도로	인천광역시 계양구 다남동 62-6번지 14.00㎡ 중 7.00㎡	1565	17		0		1582	가액변동
202603	3179	GX38539O	국회의원	국회	국회의원	유동수	토지	배우자	도로	인천광역시 계양구 다남동 62-7번지 1.00㎡ 중 0.50㎡	112	1		0		113	가액변동
202603	3180	GX38539O	국회의원	국회	국회의원	유동수	토지	배우자	도로	인천광역시 계양구 다남동 62-8번지 23.00㎡ 중 11.50㎡	2570	30		0		2600	가액변동
202603	3181	GX38539O	국회의원	국회	국회의원	유동수	토지	배우자	도로	인천광역시 계양구 다남동 55-18번지 196.00㎡ 중 98.00㎡	21903	254		0		22157	가액변동
202603	3182	GX38539O	국회의원	국회	국회의원	유동수	토지	배우자	도로	인천광역시 계양구 다남동 62-9번지 36.00㎡ 중 18.00㎡	5612	59		0		5671	가액변동
202603	3183	GX38539O	국회의원	국회	국회의원	유동수	토지	배우자	전	인천광역시 남동구 도림동 229번지 1,626.00㎡ 중823.50㎡	250000	0		0		250000	변동없음
202603	3184	GX38539O	국회의원	국회	국회의원	유동수	토지	배우자	도로	인천광역시 계양구 다남동 55-19번지 82.70㎡ 중 41.35㎡	9242	107		0		9349	가액변동
202603	3185	GX38539O	국회의원	국회	국회의원	유동수	토지	배우자	도로	인천광역시 계양구 다남동 55-20번지 101.30㎡ 중 50.65㎡	11320	131		0		11451	가액변동
202603	3186	GX38539O	국회의원	국회	국회의원	유동수	건물	본인	사무실(전세(임차)권)	인천광역시 계양구 작전동 덕영빌딩 건물 125.40㎡	20000	0		0		20000	변동없음
202603	3187	GX38539O	국회의원	국회	국회의원	유동수	건물	배우자	아파트	인천광역시 계양구 작전동 동보2차아파트 건물 234.03㎡	365000	0		0		365000	변동없음
202603	3188	GX38539O	국회의원	국회	국회의원	유동수	부동산에 관한 규정이 준용되는 권리와 자동차·건설기계·선박 및 항공기	배우자	자동차	2021년식 G80 2.5T(3세대) 배기량(2,497cc)	32100	0		1970		30130	가액변동
202603	3189	GX38539O	국회의원	국회	국회의원	유동수	예금	본인		SK증권 13, 국민은행 11,899(222 증가), 농협은행78,460(200,242 감소), 농협중앙회 1,010, 대신증권 29, 메리츠종금증권 0(44 감소), 미래에셋증권 265,797(132,421 감소), 삼성증권 0(9 감소),삼성화재해상보험 0(5,900 감소), 새마을금고중앙회 195,514(160,249 증가), 스탠다드차타드은행 1,296(2 증가), 신용협동조합중앙회 107,060(100,220 증가), 신한은행 0(2 감소), 신한투자증권 5, 씨티은행 0(865감소), 중소기업은행 9, 한화투자증권 4	739886	271405		350195		661096	저축 증가, 금융상품 신규거래 및 생활비 일부 증감, 사인간채권 거래 등
202603	3190	GX38539O	국회의원	국회	국회의원	유동수	예금	배우자		KB라이프생명보험 43,680, 국민은행 815,781(211,073증가), 농협손해보험 2,199(599 증가), 농협은행 0(4 감소), 롯데손해보험 15,600(1,560 증가), 메리츠종금증권 44, 미래에셋증권 391(46 증가), 삼성생명보험 211,066(6,276 증가), 새마을금고중앙회 29,197(2,044 증가), 신한투자증권 908(8 증가),한국투자증권 2, 한양증권 79	897345	729364		507762		1118947	저축 증가, 금융상품 신규거래 및 생활비 일부 증감, 사인간채권 거래 등
202603	3191	GX38539O	국회의원	국회	국회의원	유동수	예금	장녀		농협은행 2,945(27,049 감소), 미래에셋증권 1, 빗썸 0(10감소), 아이비케이투자증권(주) 3	30008	0		27059		2949	저축 증가, 금융상품 신규거래 및 생활비 일부 증감, 사인간채권 거래 등
202603	3192	GX38539O	국회의원	국회	국회의원	유동수	정치자금법에 따른 정치자금의 수입 및 지출을 위한 예금계좌의 예금	본인		농협은행 109,826(84,140 증가)	25686	84140		0		109826	후원기부금 증가
202603	3193	GX38539O	국회의원	국회	국회의원	유동수	증권	본인	상장주식	쿠팡 2,000주(2,000주 증가)	0	67698		0		67698	가액변동, 해외주식 신규거래 등
202603	3194	GX38539O	국회의원	국회	국회의원	유동수	증권	본인	국채	국민주택1종채권23-06 0주	171013	0		0		171013	가액변동, 해외주식 신규거래 등
202603	3195	GX38539O	국회의원	국회	국회의원	유동수	증권	배우자	상장주식	덕성 204주, 한국단자 10주	2039	4		376		1667	가액변동, 해외주식 신규거래 등
202603	3196	GX38539O	국회의원	국회	국회의원	유동수	채권	본인		사인간채권	545000	0		0		545000	변동없음
202603	3197	GX38539O	국회의원	국회	국회의원	유동수	채권	배우자		사인간채권 증가	430000	167850		0		597850	사인간채권 증가
202603	3198	GX38539O	국회의원	국회	국회의원	유동수	회원권	배우자	골프	김포 SEASIDE 컨트리클럽(김포CC)	123000	0		0		123000	변동없음
202603	3199	GX38539O	국회의원	국회	국회의원	유동수	가상자산	배우자		네스트리 0.00001798개, 더마이다스터치골드 0.00004316개, 도지코인 34.89168644개(34.89168644개증가), 라이트코인 0.00009602개, 리플 0.00000064개(114,429.16830552개 감소), 베리5,882.3529개, 비트코인 0개(0.05047864개 감소), 솔라나0.00298289개(0.00298289개 증가), 송버드 0.00000428개, 스텔라루멘 0개(3,471.91015162개 감소), 윙크 3,565.9675개, 이더리움 0.00022517개(0.00022517개증가), 이더리움네임서비스 0개(46.85076682개 감소), 저스트 3.170797개, 클레이다이스 81.5528개, 파일코인 0개(167.2895103개 감소), 폴카닷0.07972528개(0.07972528개 증가)	363571	6		363571		6	가상자산 보유로 인해 소속 상임위의 활동과 이해관계 충돌 여지가 있어 협의 후 매각 및 일부 가액변동
202603	3200	GX38539O	국회의원	국회	국회의원	유동수	가상자산	장녀		Pundi X PURSE 0.00000015개, 가스 0.04327785개,디스체인 15.37337493개, 리플 86.0379492개, 미스릴 2,116.5018779개, 밋원 241.42627357개, 버지0.00000013개, 비트코인 0.00014285개, 비트토렌트0.00000903개, 솔로제닉 293.06947528개, 송버드573.46550924개, 아이오타 549.4550968개, 애드241.42627357개, 에이피이앤에프티 181,317.47108594개,엑스코어 88.07315392개, 엑스파이 0.05525584개, 오미세고 0.95037429개, 온톨로지 2.92836052개, 온톨로지가스 0.78145608개, 윙크 12,010.37141078개,유니스왑 2개, 이더리움 0.000089개, 이더리움피오더블유 15.37337493개, 이오스블랙 482.85254714개, 저스트139.62658041개, 챌린지닥 965.70509428개, 퀀텀0.0000379개, 크로노스 0.0000574개, 키토큰196.71573412개, 플레어 573.46507905개, 호루스페이482.85254714개	588	0		236		352	가상자산 보유로 인해 소속 상임위의 활동과 이해관계 충돌 여지가 있어 협의 후 매각 및 일부 가액변동
202603	3201	GX38539O	국회의원	국회	국회의원	유동수	고지거부 및 등록제외사항	차녀		고지거부	0	0		0		0	독립생계유지
202603	3202	MU69217P	국회의원	국회	국회의원	유상범	건물	본인	아파트	서울특별시 서초구 반포동 반포써밋 건물 106.52㎡	2397000	311000		0		2708000	가액변동
202603	3203	MU69217P	국회의원	국회	국회의원	유상범	건물	본인	사무실(전세(임차)권)	강원특별자치도 횡성군 횡성읍 읍상리 2층 건물 0.00㎡(건물 102.60㎡ 감소)	10000	0		10000		0	국회의원사무소 계약해지
202603	3204	MU69217P	국회의원	국회	국회의원	유상범	건물	본인	사무실(전세(임차)권)	강원특별자치도 홍천군 홍천읍 신장대리 2층 건물132.00㎡	5000	0		0		5000	변동없음
202603	3205	MU69217P	국회의원	국회	국회의원	유상범	건물	본인	사무실(전세(임차)권)	강원특별자치도 횡성군 횡성읍 읍상리 3층 건물 210.40㎡(건물 210.40㎡ 증가)	0	10000		0		10000	국회의원사무소 계약신규
202603	3206	MU69217P	국회의원	국회	국회의원	유상범	부동산에 관한 규정이 준용되는 권리와 자동차·건설기계·선박 및 항공기	본인	자동차	2020년식 E300 배기량(2,996cc)	35090	0		5430		29660	가액변동
202603	3207	MU69217P	국회의원	국회	국회의원	유상범	예금	본인		KB라이프생명보험 64,985(644 감소), 농협은행 203,379(3,338 증가), 농협중앙회 5,메리츠화재해상보험(보험) 2,129(484 증가), 신한은행93,835(43,275 감소)	404430	205830		245927		364333	본인, 배우자, 차남의 급여저축
202603	3208	MU69217P	국회의원	국회	국회의원	유상범	예금	배우자		(주)KEB하나은행 125,440(14,279 감소),AIA생명보험주식회사 810(348 증가),메리츠화재해상보험(보험) 21,410(2,199 증가), 미래에셋생명보험 57,100(3,600 증가), 삼성화재해상보험 119(3,581 감소), 신한은행 120,377(20,392 증가), 우체국 2,338, 유안타증권 6,785(87 증가), 주식회사 카카오뱅크1,843(1,369 증가), 중소기업은행 3, 키움증권120,876(120,863 증가)	326103	203082		72084		457101	본인, 배우자, 차남의 급여저축
202603	3209	MU69217P	국회의원	국회	국회의원	유상범	예금	차남		신한은행 116,944(60,889 증가), 키움증권 6,417(5,689증가), 토스증권(주) 0(26 감소)	56809	105306		38754		123361	본인, 배우자, 차남의 급여저축
202603	3210	MU69217P	국회의원	국회	국회의원	유상범	정치자금법에 따른 정치자금의 수입 및 지출을 위한 예금계좌의 예금	본인		농협은행 82,565(88,051 감소)	170616	0		88051		82565	의정활동 지출
202603	3211	MU69217P	국회의원	국회	국회의원	유상범	증권	배우자	상장주식	나인테크 0주(33주 감소), 데일리블록체인 17주, 디오 30주(3주 증가), 바이오니아 36주(1주 증가), 삼성전자보통주 0주(39주 감소), 삼성중공업보통주 117주(117주 증가), 서울반도체 0주(72주 감소), 셀루메드33주, 셀리버리 0주(181주 감소), 시프트업보통주40주(23주 증가), 아미코젠 70주(10주 감소), 아이큐어186주, 알체라 81주, 알테오젠 0주(1주 감소), 압타바이오17주(15주 감소), 애경산업보통주 8주(4주 감소), 에스씨엠생명과학 58주, 에이치엘비 41주(41주 증가), 에이프릴바이오 0주(36주 감소), 에코프로에이치엔 20주(8주 증가), 엘에스머트리얼즈 0주(4주 감소), 오스코텍 2주(64주 감소), 우진엔텍 0주(94주 감소), 웹케시 0주(26주 감소), 이엔플러스보통 3주(31주 감소), 진매트릭스 17주, 카카오보통주 0주(14주 감소), 컨버즈보통주 7주, 큐렉소 0주(80주 감소), 토니모리보통주 0주(178주 감소), 파두 12주(12주 증가), 파로스아이바이오 0주(143주 감소), 파미셀보통주 24주(30주 감소), 피씨엘 0주(97주 감소), 한국콜마보통주0주(40주 감소), 한미글로벌건축사사무소보통주24주(24주 증가), 한미반도체보통주 0주(54주 감소), 한화인더스트리얼솔루션즈보통주 9주(19주 감소), 현대건설1우선주 9주(9주 증가), 현대로템보통주 40주(40주 증가), 현대자동차보통주 0주(3주 감소)	23957	14226		19688		18495	주식매매 및 평가액 변동
202603	3212	MU69217P	국회의원	국회	국회의원	유상범	채권	본인		사인간채권 감소	190000	0		12000		178000	일부회수
202603	3213	MU69217P	국회의원	국회	국회의원	유상범	채권	배우자		사인간채권 감소	190000	0		12000		178000	일부회수
202603	3214	MU69217P	국회의원	국회	국회의원	유상범	고지거부 및 등록제외사항	장남		고지거부	0	0		0		0	독립생계유지
202603	3215	JZV5283U	국회의원	국회	국회의원	유영하	토지	본인	임야	경상북도 구미시 도개면 용산리 산 21-3번지 8,974.00㎡	22256	448		0		22704	공시지가변동
202603	3216	JZV5283U	국회의원	국회	국회의원	유영하	토지	장남	임야	경상북도 구미시 도개면 용산리 산 19-2번지 5,649.00㎡	15987	339		0		16326	공시지가변동
202603	3217	JZV5283U	국회의원	국회	국회의원	유영하	토지	장남	임야	경상북도 구미시 도개면 용산리 산 21-1번지 13,584.00㎡	33824	679		0		34503	공시지가변동
202603	3218	JZV5283U	국회의원	국회	국회의원	유영하	토지	장남	임야	경상북도 의성군 단밀면 낙정리 산 1-1번지 4,144.00㎡	5594	0		1848		3746	공시지가변동
202603	3219	JZV5283U	국회의원	국회	국회의원	유영하	토지	장남	임야	경상북도 의성군 단밀면 낙정리 산 95번지 15,074.00㎡	11758	437		0		12195	공시지가변동
202603	3220	JZV5283U	국회의원	국회	국회의원	유영하	건물	본인	아파트	서울특별시 강남구 개포동 경남아파트 건물 166.48㎡ 중99.89㎡	1330800	92300		0		1423100	공시가격변동
202603	3221	JZV5283U	국회의원	국회	국회의원	유영하	건물	본인	아파트(전세(임차)권)	대구광역시 달서구 용산동 용산롯데캐슬그랜드 건물84.73㎡ (건물 84.73㎡ 증가)	0	20000		0		20000	임대차계약
202603	3222	JZV5283U	국회의원	국회	국회의원	유영하	건물	배우자	아파트	서울특별시 강남구 개포동 경남아파트 건물 166.48㎡ 중66.59㎡	887200	61600		0		948800	공시가격변동
202603	3223	JZV5283U	국회의원	국회	국회의원	유영하	건물	배우자	아파트(전세(임차)권)	대구광역시 달서구 용산동 용산롯데캐슬그랜드 건물0.00㎡ (건물 84.73㎡ 감소)	20000	0		20000		0	임대차계약종료
202603	3224	JZV5283U	국회의원	국회	국회의원	유영하	부동산에 관한 규정이 준용되는 권리와 자동차·건설기계·선박 및 항공기	배우자	자동차	2020년식 GV80 배기량(2,996cc)	51500	0		16500		35000	감가상각액변동
202603	3225	JZV5283U	국회의원	국회	국회의원	유영하	예금	본인		DB손해보험(주) 1,932(155 증가), 농협은행 8,490(8,017감소), 삼성생명보험 65,159(2,757 증가), 상호저축은행중앙회 21, 새마을금고중앙회 12, 신한은행36, 씨티은행 889	81644	2912		8017		76539	신규보험가입 외 계좌개설
202603	3226	JZV5283U	국회의원	국회	국회의원	유영하	예금	배우자		(주)카카오페이증권 230(230 증가), 교보생명보험 20,000(12,000 증가), 농협중앙회 21, 삼성생명보험73,914(7,517 증가), 삼성화재해상보험 1,020(1,020증가), 신한은행 119,171(2,362 증가)	191227	24571		1442		214356	신규보험가입 외 계좌개설
202603	3227	JZV5283U	국회의원	국회	국회의원	유영하	예금	장남		(주)카카오페이증권 1, 농협은행 1, 삼성증권 2,196(100 증가), 신한은행 7,175(3,561 감소), 우리은행 0(30 감소),주식회사 카카오뱅크 2	12866	118		3609		9375	신규보험가입 외 계좌개설
202603	3228	JZV5283U	국회의원	국회	국회의원	유영하	정치자금법에 따른 정치자금의 수입 및 지출을 위한 예금계좌의 예금	본인		농협은행 125,243(23,593 감소)	148836	0		23593		125243	지출로 인한 변동
202603	3229	JZV5283U	국회의원	국회	국회의원	유영하	증권	장남	상장주식	이엠넷 1,300주(1,300주 증가)	0	2524		0		2524	신규계좌개설에 따른 변동
202603	3230	JZV5283U	국회의원	국회	국회의원	유영하	채무	본인	금융채무	신한은행 257,536(13,284 감소)	270820	0		13284		257536	채무변제로 인한 변동
202603	3231	JZV5283U	국회의원	국회	국회의원	유영하	고지거부 및 등록제외사항	장녀		고지거부	0	0		0		0	독립생계유지
202603	3232	KBK8836C	국회의원	국회	국회의원	유용원	건물	본인	아파트	서울특별시 서초구 잠원동 반포센트럴자이 건물 98.87㎡	2822000	472000		0		3294000	가액변동
202603	3233	KBK8836C	국회의원	국회	국회의원	유용원	건물	모	교육연구 및 복지시설(전세(임차)권)	경기도 안성시 양성면 미산리 미리내실버타운 건물 28.05㎡ (건물 28.05㎡ 증가)	0	100000		0		100000	
202603	3234	KBK8836C	국회의원	국회	국회의원	유용원	부동산에 관한 규정이 준용되는 권리와 자동차·건설기계·선박 및 항공기	본인	자동차	2018년식 C300 배기량(1,991cc)	144	0		29		115	가액변동
202603	3235	KBK8836C	국회의원	국회	국회의원	유용원	예금	본인		(주)DB저축은행 5(42,000 감소), (주)대신저축은행 33,000, (주)카카오페이증권 2(2 증가),KB라이프생명보험 31,652, NH투자증권 8,207(646 증가),SBI저축은행 5,303(39,903 감소), 국민은행 174,142(90감소), 농협은행 2,663(1,929 감소), 삼성생명보험 4,776, 삼성증권 82,961(82,961 증가), 삼성화재해상보험 45,140(3,564 증가), 상호저축은행중앙회 32,000,새마을금고중앙회 15,811(46,512 감소), 신한라이프생명보험 32,586(168 증가), 신한은행 2,336(343,785 감소), 엔에이치저축은행(주) 1, 우리은행5,998(4,867 감소), 한국산업은행 60,002(22,565 감소),한국투자증권 206(2 증가)	951099	163150		577458		536791	생활비 지출 및 급여 저축, 주식매매
202603	3236	KBK8836C	국회의원	국회	국회의원	유용원	예금	배우자		(주)DB저축은행 12(48,000 감소), (주)KEB하나은행 0(2,508 감소), SBI저축은행 10,076(38,563 감소),국민은행 2(16 감소), 삼성증권 540,455(337,400 증가),상호저축은행중앙회 16, 새마을금고중앙회 48,218(81,269 감소), 신한은행 11,897(2,514 증가), 에이비엘생명보험 18,036(808 증가), 엔에이치저축은행(주) 11, 우리은행333(246 증가), 웰컴저축은행 11, 토스뱅크(주) 4,한국산업은행 4	458463	389179		218567		629075	생활비 지출 및 급여 저축, 주식매매
202603	3237	KBK8836C	국회의원	국회	국회의원	유용원	예금	차남		(주)DB저축은행 40,053(6,053 증가), 국민은행 635(2,752감소), 삼성증권 101,010(34,702 증가), 새마을금고중앙회 177(86,974 감소), 신한은행 46(46증가), 케이뱅크 1(1 증가), 토스뱅크(주) 4,713(4,713증가)	190846	45550		89761		146635	생활비 지출 및 급여 저축, 주식매매
202603	3238	KBK8836C	국회의원	국회	국회의원	유용원	정치자금법에 따른 정치자금의 수입 및 지출을 위한 예금계좌의 예금	본인		농협중앙회 36,731(16,708 증가)	20023	16708		0		36731	후원금 모금
202603	3239	KBK8836C	국회의원	국회	국회의원	유용원	증권	본인	상장주식	NAVER 107주, 삼성전자 0주(70주 감소), 아르킷퀀텀 149주(149주 증가), 아이온큐 16주(16주 증가), 카카오345주, 캐터필러 24주(24주 증가), 코스트코홀세일18주(18주 증가)	38185	60191		3724		94652	평가액 변동 및 주식거래
202603	3240	KBK8836C	국회의원	국회	국회의원	유용원	증권	본인	기타(채권)	외화수시RP 0주	0	219300		0		219300	평가액 변동 및 주식거래
202603	3241	KBK8836C	국회의원	국회	국회의원	유용원	증권	배우자	상장주식	NAVER 210주, NH투자증권 926주(1,000주 감소),골드만삭스 29주, 삼성전자 0주(1,100주 감소), 삼성전자우 100주, 삼성증권 292주(280주 감소), 아르킷퀀텀 356주(356주 증가), 아이온큐 35주(35주 증가), 애플 179주, 우리금융지주 396주(396주 증가), 카카오 200주, 캐터필러 12주(12주 증가), 코스트코홀세일 12주(12주 증가), 코카콜라 351주	286914	86867		68715		305066	평가액 변동 및 주식거래
202603	3242	KBK8836C	국회의원	국회	국회의원	유용원	증권	배우자	기타(채권)	외화수시RP 0주	0	259684		0		259684	평가액 변동 및 주식거래
202603	3243	KBK8836C	국회의원	국회	국회의원	유용원	증권	차남	상장주식	아르킷퀀텀 193주(193주 증가), 아이온큐 129주(129주 증가), 알파벳ClassA 2주(2주 증가), 에이피알 164주(164주 증가), 캐터필러 10주(10주 증가),코스트코홀세일 6주(6주 증가)	0	68981		0		68981	평가액 변동 및 주식거래
202603	3244	KBK8836C	국회의원	국회	국회의원	유용원	증권	차남	기타(채권)	외화수시RP 0주	0	76309		0		76309	평가액 변동 및 주식거래
202603	3245	KBK8836C	국회의원	국회	국회의원	유용원	고지거부 및 등록제외사항	장남		고지거부	173209	0		173209		0	독립생계유지
202603	3246	GP07421U	국회의원	국회	국회의원	윤건영	건물	배우자	아파트	서울특별시 성북구 돈암동 현대아파트 건물 84.80㎡	424000	10000		0		434000	
202603	3247	GP07421U	국회의원	국회	국회의원	윤건영	건물	배우자	아파트(전세(임차)권)	서울특별시 구로구 신도림동 신도림 대림아파트 건물134.99㎡	750000	0		0		750000	
202603	3248	GP07421U	국회의원	국회	국회의원	윤건영	현금	본인		현금 증가	0	60000		0		60000	상으로 인한 일시적 증가
202603	3249	GP07421U	국회의원	국회	국회의원	윤건영	예금	본인		국민은행 60,315(19,825 증가), 농협은행 64,056(19,622증가), 미래에셋증권 63(1 증가), 삼성증권 9,새마을금고중앙회 50, 신용협동조합중앙회 221(2 증가),신한라이프생명보험 86,053(1,044 증가),한화생명보험주식회사 56,927(32,137 증가)	195063	82143		9512		267694	급여 저축 및 생활비 지출, 모임회비통장 등
202603	3250	GP07421U	국회의원	국회	국회의원	윤건영	예금	배우자		DB손해보험(주) 16,479(1,921 증가), 국민은행 4,389(1,993 증가), 농협은행 2,617(163 증가),메리츠화재해상보험(보험) 9,037(843 증가),신한라이프생명보험 3,258, 신한은행 45,313(16,091 증가), 한화생명보험주식회사 81,691(7,419 증가), 한화손해보험 1,450(297 증가)	135507	31169		2442		164234	급여 저축 및 생활비 지출, 모임회비통장 등
202603	3251	GP07421U	국회의원	국회	국회의원	윤건영	예금	부		국민은행 10,340(8,004 증가), 부산은행 9,새마을금고중앙회 30,321(614 감소), 우체국 815(182 감소), 한화생명보험주식회사 9,133(2,220 증가)	41190	10224		796		50618	급여 저축 및 생활비 지출, 모임회비통장 등
202603	3252	GP07421U	국회의원	국회	국회의원	윤건영	예금	모		부산은행 942(676 감소), 새마을금고중앙회 107(813 감소), 케이디비생명보험 2,916, 한화생명보험주식회사11,720(3,223 증가)	13951	3223		1489		15685	급여 저축 및 생활비 지출, 모임회비통장 등
202603	3253	GP07421U	국회의원	국회	국회의원	윤건영	예금	장남		DB손해보험(주) 5,798(431 증가), 국민은행 13,014(3,233증가), 신한은행 6,036(2,343 증가), 주식회사 카카오뱅크 554(38 증가), 한화생명보험주식회사 863(275 증가)	19945	6320		0		26265	급여 저축 및 생활비 지출, 모임회비통장 등
202603	3254	GP07421U	국회의원	국회	국회의원	윤건영	예금	장녀		(주)KEB하나은행 13(12 증가), DB손해보험(주) 5,234(396 증가), 국민은행 16,731(5,935 증가), 신한은행 5,642(2,066 증가), 우리은행 16(16 증가), 주식회사카카오뱅크 5,180(8,501 감소)	32892	12231		12307		32816	급여 저축 및 생활비 지출, 모임회비통장 등
202603	3255	GP07421U	국회의원	국회	국회의원	윤건영	정치자금법에 따른 정치자금의 수입 및 지출을 위한 예금계좌의 예금	본인		농협은행 224,161(125,376 증가)	98785	125376		0		224161	후원금 증가
202603	3256	GP07421U	국회의원	국회	국회의원	윤건영	채무	본인	금융채무	농협은행 0(38 감소)	38	0		38		0	
202603	3257	GP07421U	국회의원	국회	국회의원	윤건영	채무	배우자	금융채무	농협은행 0(55,000 감소)	55000	0		55000		0	
202603	3258	GP07421U	국회의원	국회	국회의원	윤건영	채무	배우자	건물임대채무	서울특별시 성북구 돈암동 현대아파트 임대보증금	300000	0		0		300000	
202603	3259	MSY7784L	국회의원	국회	국회의원	윤상현	토지	본인	임야	경기도 용인시 기흥구 마북동 산 2-12번지 108,617.00㎡중 3,072.59㎡	122596	1229		0		123825	
202603	3260	MSY7784L	국회의원	국회	국회의원	윤상현	건물	본인	오피스텔	서울특별시 강남구 논현동 대지 8.85㎡ 건물 129.10㎡	295281	14319		0		309600	
202603	3261	MSY7784L	국회의원	국회	국회의원	윤상현	건물	본인	아파트	서울특별시 강남구 개포동 우성3차아파트 건물 133.46㎡	2054000	61000		0		2115000	
202603	3262	MSY7784L	국회의원	국회	국회의원	윤상현	건물	본인	상가(전세(임차)권)	인천광역시 미추홀구 용현동 동신메디컬센터 건물180.18㎡	30000	0		0		30000	
202603	3263	MSY7784L	국회의원	국회	국회의원	윤상현	건물	본인	아파트	인천광역시 미추홀구 학익동 학익동풍림아이원아파트건물 155.93㎡	310000	0		4000		306000	
202603	3264	MSY7784L	국회의원	국회	국회의원	윤상현	건물	본인	아파트(전세(임차)권)	인천광역시 미추홀구 용현동 인천 SK Sky VIEW 건물 0.00㎡(건물 59.99㎡ 감소)	20000	0		20000		0	
202603	3265	MSY7784L	국회의원	국회	국회의원	윤상현	부동산에 관한 규정이 준용되는 권리와 자동차·건설기계·선박 및 항공기	본인	자동차	2022년식 G90롱휠베이스 배기량(3,470cc)	132040	0		31130		100910	
202603	3266	MSY7784L	국회의원	국회	국회의원	윤상현	부동산에 관한 규정이 준용되는 권리와 자동차·건설기계·선박 및 항공기	배우자	자동차	2022년식 g80 배기량(2,497cc)	40490	0		4800		35690	
202603	3267	MSY7784L	국회의원	국회	국회의원	윤상현	예금	본인		(주)KEB하나은행 769,548(157,001 증가), 교보증권 20, 농협은행 108,812(14,206 감소), 농협중앙회 55,412(77,050 감소), 메리츠종금증권 1, 삼성생명보험70,765(3,410 증가), 상호저축은행중앙회 49,626(1,626증가), 새마을금고중앙회 237,834(30,119 감소), 신용협동조합중앙회 12,158(397 증가), 신한은행 332(6,988 감소), 씨티은행 13,911(246 증가),웰컴저축은행 54,476(1,909 증가), 유안타증권52,016(1,198 증가)	1387487	573387		535963		1424911	급여 저축 및 생활비 지출 등
202603	3268	MSY7784L	국회의원	국회	국회의원	윤상현	예금	배우자		(주)KEB하나은행 142,874(142,721 증가),AIA생명보험주식회사 102,738(102,738 증가), DB금융투자 679,702(180,428 증가), SK증권 170,283(39,393 증가),국민은행 9,911(1,985 증가), 부산은행 25, 삼성생명보험0(65,628 감소), 신한은행 317,053(308,140 감소),유안타증권 382,281(91,727 증가)	1619643	559915		374691		1804867	급여 저축 및 생활비 지출 등
202603	3269	MSY7784L	국회의원	국회	국회의원	윤상현	예금	삼녀		(주)KEB하나은행 4,949(4,949 증가), 국민은행 1,211(454 증가), 유안타증권 1,020,401(1,010,602 증가)	10556	1016005		0		1026561	급여 저축 및 생활비 지출 등
202603	3270	MSY7784L	국회의원	국회	국회의원	윤상현	정치자금법에 따른 정치자금의 수입 및 지출을 위한 예금계좌의 예금	본인		농협은행 113,785(110,973 증가)	2812	110973		0		113785	후원금 증가
202603	3271	MSY7784L	국회의원	국회	국회의원	윤상현	증권	본인	상장주식	삼성전자보통주 700주	37240	46690		0		83930	주식 매수,매도 등
202603	3272	MSY7784L	국회의원	국회	국회의원	윤상현	증권	배우자	상장주식	SK아이이테크놀로지보통주 45주, TSMC(ADR) 0주(123주 감소), 고대디 0주(71주 감소), 델테크놀로지스 0주(433주 감소), 로켓랩 3,371주(3,371주 증가), 루멘텀홀딩스 421주(421주 증가), 마이크론테크놀로지 45주(45주 증가), 미래에셋증권보통주 312주, 브로드컴 261주(261주 증가), 삼성전자보통주 27,406주, 셀레스티카 0주(415주감소), 앱플로빈 356주(21주 증가), 에스케이바이오사이언스보통주 53주, 엔비디아 362주(253주 감소), 오라클 446주(11주 감소), 테라울프4,874주(4,874주 증가), 테슬라 180주(113주 감소), 토스트0주(2,050주 감소), 팔란티어테크 934주(809주 감소)	2541807	4146303		1682484		5005626	주식 매수,매도 등
202603	3273	MSY7784L	국회의원	국회	국회의원	윤상현	증권	배우자	비상장주식	농업회사법인 삼경축산(주) 90,000주, 대선건설 479,897주, 주식회사 푸르밀 126,000주, 히얼위고 3,334주	8617386	7830		7686		8617530	주식 매수,매도 등
202603	3274	MSY7784L	국회의원	국회	국회의원	윤상현	증권	배우자	기타(채권)	일반RP(일반) 0주	0	168233		0		168233	주식 매수,매도 등
202603	3275	MSY7784L	국회의원	국회	국회의원	윤상현	증권	삼녀	상장주식	삼성전자보통주 521주	27717	34750		0		62467	주식 매수,매도 등
202603	3276	MSY7784L	국회의원	국회	국회의원	윤상현	회원권	본인	골프	이스트밸리CC	120000	0		0		120000	
202603	3277	MSY7784L	국회의원	국회	국회의원	윤상현	회원권	본인	헬스	메리어트호텔	32000	0		0		32000	
202603	3278	MSY7784L	국회의원	국회	국회의원	윤상현	회원권	본인	골프	제일CC	200000	0		0		200000	
202603	3279	MSY7784L	국회의원	국회	국회의원	윤상현	회원권	배우자	헬스	반얀트리클럽앤스파	120000	0		0		120000	
202603	3280	MSY7784L	국회의원	국회	국회의원	윤상현	고지거부 및 등록제외사항	부		고지거부	0	0		0		0	독립생계유지
202603	3281	MSY7784L	국회의원	국회	국회의원	윤상현	고지거부 및 등록제외사항	모		고지거부	0	0		0		0	독립생계유지
202603	3282	MSY7784L	국회의원	국회	국회의원	윤상현	고지거부 및 등록제외사항	차녀		고지거부	0	0		0		0	기타
202603	3283	9VR65006	국회의원	국회	국회의원	윤영석	건물	본인	아파트	서울특별시 강남구 개포동 래미안블레스티지 건물 99.96㎡중 49.98㎡	1140000	136000		0		1276000	공시가액 변동
202603	3284	9VR65006	국회의원	국회	국회의원	윤영석	건물	본인	아파트(전세(임차)권)	경상남도 양산시 물금읍 가촌리 양산 대방노블랜드연리지(3차) 건물 59.99㎡	30000	0		0		30000	변동없음
202603	3285	9VR65006	국회의원	국회	국회의원	윤영석	건물	배우자	아파트	서울특별시 강남구 개포동 래미안블레스티지 건물 99.96㎡중 49.98㎡	1140000	136000		0		1276000	공시가액 변동
202603	3286	9VR65006	국회의원	국회	국회의원	윤영석	부동산에 관한 규정이 준용되는 권리와 자동차·건설기계·선박 및 항공기	본인	자동차	2012년식 제네시스 배기량(3,300cc)	500	0		0		500	변동없음
202603	3287	9VR65006	국회의원	국회	국회의원	윤영석	예금	본인		(주)KB손해보험 27,480(2,106 증가), KB증권 10, 농협은행3,390(877 증가), 새마을금고중앙회 1,704(5 증가)	29596	3734		746		32584	세비, 급여 저금(자녀)
202603	3288	9VR65006	국회의원	국회	국회의원	윤영석	예금	배우자		(주)KEB하나은행 131(105 증가), DB손해보험(주) 0(137감소), 국민은행 363	526	105		137		494	세비, 급여 저금(자녀)
202603	3289	9VR65006	국회의원	국회	국회의원	윤영석	예금	장녀		(주)KEB하나은행 1,712(788 감소), IBK저축은행 0(10 감소), 상호저축은행중앙회 13,274(13,274 증가), 스탠다드차타드은행 405, 신한은행 3,898(2,398 증가),우리은행 12,495(3,270 감소), 중소기업은행 10(10 증가),케이뱅크 85(85 증가), 한국투자증권 6,551(6,551 증가)	20180	33828		15578		38430	세비, 급여 저금(자녀)
202603	3290	9VR65006	국회의원	국회	국회의원	윤영석	예금	차녀		우리은행 1,028(1,028 증가)	0	1028		0		1028	세비, 급여 저금(자녀)
202603	3291	9VR65006	국회의원	국회	국회의원	윤영석	정치자금법에 따른 정치자금의 수입 및 지출을 위한 예금계좌의 예금	본인		농협은행 122,694(122,436 증가)	258	122436		0		122694	후원금모금
202603	3292	9VR65006	국회의원	국회	국회의원	윤영석	채무	본인		사인간채무	70000	0		0		70000	변동없음
202603	3293	9VR65006	국회의원	국회	국회의원	윤영석	채무	본인	금융채무	국민은행 357,648(7,760 감소), 농협은행 185,440(13,360감소)	564208	0		21120		543088	일부상환
202603	3294	9VR65006	국회의원	국회	국회의원	윤영석	채무	배우자		사인간채무	250000	0		0		250000	변동없음
202603	3295	ZRF3039U	국회의원	국회	국회의원	윤재옥	토지	부	임야	경상남도 합천군 덕곡면 포두리 1327번지 1,064.00㎡	1649	11		0		1660	가액변동
202603	3296	ZRF3039U	국회의원	국회	국회의원	윤재옥	건물	본인	아파트	서울특별시 송파구 오금동 현대아파트 건물 130.93㎡	1285000	112000		0		1397000	가액변동
202603	3297	ZRF3039U	국회의원	국회	국회의원	윤재옥	건물	본인	사무실(전세(임차)권)	대구광역시 달서구 상인동 건물 261.00㎡	250000	0		0		250000	변동없음
202603	3298	ZRF3039U	국회의원	국회	국회의원	윤재옥	건물	배우자	아파트	대구광역시 달서구 도원동 사계절타운아파트 건물 84.96㎡	141000	0		6000		135000	가액변동
202603	3299	ZRF3039U	국회의원	국회	국회의원	윤재옥	건물	부	아파트	대구광역시 달서구 월성동 월성영남맨션 건물 84.89㎡	151000	0		5000		146000	가액변동
202603	3300	ZRF3039U	국회의원	국회	국회의원	윤재옥	예금	본인		(주)KEB하나은행 215,718, 국민은행 360,400(69,590증가), 농협은행 36,755(10,059 증가), 신용협동조합중앙회 51, 신한라이프생명보험 8,400,아이엠뱅크 100, 중소기업은행 50	541825	353277		273628		621474	급여/저축 등
202603	3301	ZRF3039U	국회의원	국회	국회의원	윤재옥	예금	배우자		DB손해보험(주) 823(206 증가), KB라이프생명보험 50,000(50,000 증가), KB라이프생명보험(KB생명보험)0(50,000 감소), 국민은행 166,931(4,691 증가),동양생명보험 2,462(469 증가), 미래에셋증권 978(66 감소), 삼성화재해상보험 287(58 증가), 신한라이프생명보험 8,450(670 증가)	223903	56094		50066		229931	급여/저축 등
202603	3302	ZRF3039U	국회의원	국회	국회의원	윤재옥	예금	부		농협중앙회 1,054(1,054 증가), 새마을금고중앙회 9(9증가), 우체국 5(5 증가)	0	1068		0		1068	급여/저축 등
202603	3303	ZRF3039U	국회의원	국회	국회의원	윤재옥	정치자금법에 따른 정치자금의 수입 및 지출을 위한 예금계좌의 예금	본인		농협은행 109,005(50,395 감소)	159400	0		50395		109005	의정활동 지출
202603	3304	ZRF3039U	국회의원	국회	국회의원	윤재옥	채무	본인	금융채무	현대캐피탈 39,310(3,135 증가)	36175	19448		16313		39310	차량 리스료 일부 상환 및 신규계약 체결
202603	3305	ZRF3039U	국회의원	국회	국회의원	윤재옥	고지거부 및 등록제외사항	차녀		고지거부	0	0		0		0	독립생계유지
202603	3306	ZRF3039U	국회의원	국회	국회의원	윤재옥	고지거부 및 등록제외사항	삼녀		고지거부	23370	0		23370		0	독립생계유지
202603	3307	MQK9493H	국회의원	국회	국회의원	윤종군	토지	배우자	대지	서울특별시 용산구 이태원동 131-2번지 253.20㎡ 중12.66㎡	170226	5102		0		175328	가액변동
202603	3308	MQK9493H	국회의원	국회	국회의원	윤종군	건물	본인	아파트	경기도 안성시 공도읍 만정리 디자인시티블루밍 건물130.10㎡ 중 65.05㎡	147500	0		0		147500	
202603	3309	MQK9493H	국회의원	국회	국회의원	윤종군	건물	본인	사무실(전세(임차)권)	경기도 안성시 공도읍 만정리 2층 건물 189.35㎡	30000	0		0		30000	
202603	3310	MQK9493H	국회의원	국회	국회의원	윤종군	건물	배우자	아파트	경기도 안성시 공도읍 만정리 디자인시티블루밍 건물130.10㎡ 중 65.05㎡	147500	0		0		147500	
202603	3311	MQK9493H	국회의원	국회	국회의원	윤종군	건물	배우자	아파트	경기도 안성시 공도읍 승두리 쌍용더플래티넘프리미어건물 84.96㎡	320700	0		0		320700	
202603	3312	MQK9493H	국회의원	국회	국회의원	윤종군	건물	배우자	상가	경기도 안성시 공도읍 승두리 공도우방아이유쉘 대지19.97㎡ 건물 53.90㎡	147000	0		0		147000	
202603	3313	MQK9493H	국회의원	국회	국회의원	윤종군	부동산에 관한 규정이 준용되는 권리와 자동차·건설기계·선박 및 항공기	배우자	자동차	2019년식 더뉴카니발 배기량(2,199cc) 감소	12920	0		12920	12100	0	
202603	3314	MQK9493H	국회의원	국회	국회의원	윤종군	부동산에 관한 규정이 준용되는 권리와 자동차·건설기계·선박 및 항공기	배우자	자동차	2019년식 니로EV 배기량(0cc)	20840	0		3300		17540	가액변동
202603	3315	MQK9493H	국회의원	국회	국회의원	윤종군	예금	본인		(주)KB손해보험 4,792(257 증가), AIA생명보험주식회사 12,563(242 증가), 국민은행 2,301(2,001 증가), 농협은행25,450(11,261 증가), 농협중앙회 482,메리츠화재해상보험(보험) 16,782(2,137 증가),삼성생명보험 12,660(9,660 증가), 수협은행 465(81 증가), 스탠다드차타드은행 807(1 증가), 신용협동조합중앙회 1,552(6 증가), 신한은행 4(387감소), 우리은행 106, 한화생명보험주식회사 553(553증가)	52705	26199		387		78517	급여 저축 및 생활비 지출 등
202603	3316	MQK9493H	국회의원	국회	국회의원	윤종군	예금	배우자		(주)KEB하나은행 15,133(3,398 증가), 국민은행 612(289증가), 노란우산공제 18,000(3,000 증가), 농협은행 98(76 증가), 농협중앙회 5,488(5,125 증가), 삼성생명보험 5,831, 삼성화재해상보험 52,797(4,202 증가), 수협은행4, 수협중앙회 30,000(30,000 증가), 스탠다드차타드은행1, 신용협동조합중앙회 56(2 증가), 신한은행 738(3,866 감소), 우리은행 20(6 증가), 우체국 373(300 증가), 유안타증권 264(86 증가), 중소기업은행 1,550(703 감소),키움증권 7, 한화생명보험주식회사 11,538(11,538 증가),현대해상화재보험 12,300(6,000 증가)	95357	64892		5439		154810	급여 저축 및 생활비 지출 등
202603	3317	MQK9493H	국회의원	국회	국회의원	윤종군	예금	장남		농협은행 237, 농협중앙회 25, 동양생명보험 3,648(3,648 증가), 신용협동조합중앙회 356(335 증가), 우리은행420(159 증가), 케이뱅크 73(25 증가)	592	4168		1		4759	급여 저축 및 생활비 지출 등
202603	3318	MQK9493H	국회의원	국회	국회의원	윤종군	예금	장녀		주식회사 카카오뱅크 1(1 증가)	0	1		0		1	급여 저축 및 생활비 지출 등
202603	3319	MQK9493H	국회의원	국회	국회의원	윤종군	정치자금법에 따른 정치자금의 수입 및 지출을 위한 예금계좌의 예금	본인		농협중앙회 208,158(96,544 증가)	111614	96544		0		208158	후원금 증가
202603	3320	MQK9493H	국회의원	국회	국회의원	윤종군	증권	배우자	상장주식	대한해운보통주 300주(300주 증가), 효성티앤씨보통주10주(10주 증가)	0	2752		0		2752	
202603	3321	MQK9493H	국회의원	국회	국회의원	윤종군	채무	본인		사인간채무 감소	70000	0		20000		50000	
202603	3322	MQK9493H	국회의원	국회	국회의원	윤종군	채무	본인	금융채무	농협은행 95,994(43,293 증가)	52701	45593		2300		95994	
202603	3323	MQK9493H	국회의원	국회	국회의원	윤종군	채무	배우자		사인간채무 감소	205000	0		65000		140000	금융채무 등으로 상환
202603	3324	MQK9493H	국회의원	국회	국회의원	윤종군	채무	배우자	금융채무	국민은행 80,000, 노란우산공제회 13,700(5,900 증가), 삼성화재해상보험 24,896(14,860 증가), 중소기업은행254,092(6,672 감소)	358600	20760		6672		372688	
202603	3325	MQK9493H	국회의원	국회	국회의원	윤종군	채무	배우자	건물임대채무	경기도 안성시 공도읍 승두리 공도우방아이유쉘임대보증금	20000	20000		20000		20000	계약만료 및 신규계약
202603	3326	MQK9493H	국회의원	국회	국회의원	윤종군	채무	배우자	건물임대채무	경기도 안성시 공도읍 승두리 쌍용더플래티넘프리미어임대보증금	20000	0		0		20000	
202603	3327	MQK9493H	국회의원	국회	국회의원	윤종군	채무	배우자	기타	한국감정평가사협회공제회 감소	33000	0		8000		25000	
202603	3328	3TP65086	국회의원	국회	국회의원	윤종오	토지	장남	임야	경상남도 합천군 합천읍 장계리 산 13-4번지 2,728.00㎡중 366.00㎡	10000	0		0		10000	
202603	3329	3TP65086	국회의원	국회	국회의원	윤종오	건물	본인	아파트	울산광역시 북구 명촌동 평창리비에르2차 건물 84.55㎡	284000	0		0		284000	
202603	3330	3TP65086	국회의원	국회	국회의원	윤종오	건물	본인	사무실(전세(임차)권)	울산광역시 북구 호계동 3층 대지 325.00㎡ 건물 174.58㎡	20000	0		0		20000	
202603	3331	3TP65086	국회의원	국회	국회의원	윤종오	건물	모	아파트(전세(임차)권)	울산광역시 북구 명촌동 울산명촌주공아파트 건물 51.49㎡	25784	0		0		25784	
202603	3332	3TP65086	국회의원	국회	국회의원	윤종오	건물	장남	다가구주택(전세(임차)권)	경기도 남양주시 별내동 한진빌딩 건물 0.00㎡ (건물40.00㎡ 감소)	40000	0		40000		0	이사로 인한 전세권 상실
202603	3333	3TP65086	국회의원	국회	국회의원	윤종오	건물	장남	다세대주택(전세(임차)권)	서울특별시 중랑구 상봉동 건물 60.79㎡ (건물 60.79㎡증가)	0	140000		0		140000	이사로 인한 전세권 취득
202603	3334	3TP65086	국회의원	국회	국회의원	윤종오	건물	차녀	다가구주택(전세(임차)권)	울산광역시 울주군 범서읍 구영리 승화빌 건물 39.67㎡	5000	0		0		5000	
202603	3335	3TP65086	국회의원	국회	국회의원	윤종오	부동산에 관한 규정이 준용되는 권리와 자동차·건설기계·선박 및 항공기	본인	자동차	2023년식 펠리세이드 배기량(2,199cc)	34240	0		250		33990	가액 변동
202603	3336	3TP65086	국회의원	국회	국회의원	윤종오	부동산에 관한 규정이 준용되는 권리와 자동차·건설기계·선박 및 항공기	본인	자동차	2021년식 팰리세이드 배기량(2,199cc)	21260	0		1800		19460	가액 변동
202603	3337	3TP65086	국회의원	국회	국회의원	윤종오	부동산에 관한 규정이 준용되는 권리와 자동차·건설기계·선박 및 항공기	본인	자동차	2017년식 아반떼 배기량(1,591cc)	50	0		2		48	가액 변동
202603	3338	3TP65086	국회의원	국회	국회의원	윤종오	부동산에 관한 규정이 준용되는 권리와 자동차·건설기계·선박 및 항공기	본인	자동차	2026년식 그랜저 배기량(2,497cc) 증가	0	46490	47760	0		46490	매입
202603	3339	3TP65086	국회의원	국회	국회의원	윤종오	부동산에 관한 규정이 준용되는 권리와 자동차·건설기계·선박 및 항공기	배우자	자동차	2012년식 엑센트 배기량(1,396cc) 감소	2390	0		2390	1000	0	매도
202603	3340	3TP65086	국회의원	국회	국회의원	윤종오	부동산에 관한 규정이 준용되는 권리와 자동차·건설기계·선박 및 항공기	차녀	자동차	2017년식 아반떼 배기량(1,591cc)	4950	0		218		4732	가액 변동
202603	3341	3TP65086	국회의원	국회	국회의원	윤종오	예금	본인		KB라이프생명보험 6,998(5,999 증가), KB증권 8,NH투자증권 7, 경남은행 258, 농협은행 12,378(2,698 증가), 농협중앙회 3,289(443 증가), 새마을금고중앙회 14,593(10,456 감소), 에이비엘생명보험 3,420,한화생명보험주식회사 38,568, 현대차증권 2,501(810증가)	82526	17977		18483		82020	급여 저축 등
202603	3342	3TP65086	국회의원	국회	국회의원	윤종오	예금	배우자		(주)KB손해보험 5,200(98 감소), KB증권 52, 국민은행 1,농협은행 476(2,926 감소), 농협중앙회 416(825 감소),라이나생명보험 7,496, 미래에셋증권 142(11 증가),새마을금고중앙회 520(6 증가), 신용협동조합중앙회 60, 신한은행 302, 우체국 5(261 감소), 주식회사 카카오뱅크  4	18767	977		5070		14674	급여 저축 등
202603	3343	3TP65086	국회의원	국회	국회의원	윤종오	예금	모		농협중앙회 3,588(794 증가), 부산은행 14,651(6,473증가), 새마을금고중앙회 506(117 감소)	11595	7273		123		18745	급여 저축 등
202603	3344	3TP65086	국회의원	국회	국회의원	윤종오	예금	장남		(주)KEB하나은행 12,543(8,541 증가),(주)카카오페이증권 4(267 감소), AIA생명보험주식회사 0(155 감소), 농협중앙회 7(1 증가), 우리은행 0(1 감소),주식회사 카카오뱅크 15(15 증가), 토스뱅크(주) 31(31증가)	4435	8588		423		12600	급여 저축 등
202603	3345	3TP65086	국회의원	국회	국회의원	윤종오	예금	차녀		(주)KEB하나은행 621(621 증가), 경남은행 9,760(3,552증가), 삼성생명보험 7,502(940 증가), 우리은행 0(409 감소), 주식회사 카카오뱅크 101(62 감소), 토스증권(주) 2(2 증가)	13342	5397		753		17986	급여 저축 등
202603	3346	3TP65086	국회의원	국회	국회의원	윤종오	정치자금법에 따른 정치자금의 수입 및 지출을 위한 예금계좌의 예금	본인		농협은행 50,149(15,333 증가)	34816	15333		0		50149	후원금 증가
202603	3347	3TP65086	국회의원	국회	국회의원	윤종오	증권	본인	상장주식	현대차 70주	14840	5915		0		20755	평가액 변동
202603	3348	3TP65086	국회의원	국회	국회의원	윤종오	증권	본인	비상장주식	(주)예당컴퍼니 69주	34	0		0		34	평가액 변동
202603	3349	3TP65086	국회의원	국회	국회의원	윤종오	채권	본인		사인간채권 증가	31000	185000		3000		213000	급여 등 대여
202603	3350	3TP65086	국회의원	국회	국회의원	윤종오	채무	본인	금융채무	농협은행 120,000(120,000 증가), 새마을금고중앙회 65,302(50,000 감소), 현대캐피탈 12,333(6,000 증가)	121635	130000		54000		197635	일부 상환 및 추가대출
202603	3351	3TP65086	국회의원	국회	국회의원	윤종오	채무	장남		사인간채무 증가	0	140000		0		140000	전세자금
202603	3352	3TP65086	국회의원	국회	국회의원	윤종오	채무	장남	금융채무	우리은행 9,000(23,000 감소)	32000	0		23000		9000	일부 상환
202603	3353	JC14718Q	국회의원	국회	국회의원	윤준병	토지	본인	임야	경기도 고양시 덕양구 향동동 산 104-17번지 1,865.00㎡중 191.00㎡	8595	286		0		8881	가액변동
202603	3354	JC14718Q	국회의원	국회	국회의원	윤준병	건물	본인	사무실(전세(임차)권)	전북특별자치도 고창군 고창읍 읍내리 2층 건물 123.21㎡	10000	0		0		10000	
202603	3355	JC14718Q	국회의원	국회	국회의원	윤준병	건물	본인	다세대주택(전세(임차)권)	전북특별자치도 고창군 고창읍 덕산리 굿모닝빌 건물64.00㎡	10000	0		0		10000	
202603	3356	JC14718Q	국회의원	국회	국회의원	윤준병	건물	본인	아파트(전세(임차)권)	전북특별자치도 정읍시 연지동 정읍연지동영무예다음건물 32.92㎡	50000	0		0		50000	
202603	3357	JC14718Q	국회의원	국회	국회의원	윤준병	건물	본인	사무실(전세(임차)권)	전북특별자치도 정읍시 수성동 지승빌딩 건물 149.11㎡	60000	0		0		60000	
202603	3358	JC14718Q	국회의원	국회	국회의원	윤준병	건물	본인	연립주택	서울특별시 종로구 구기동 건물 159.05㎡	433000	14000		0		447000	가액변동
202603	3359	JC14718Q	국회의원	국회	국회의원	윤준병	부동산에 관한 규정이 준용되는 권리와 자동차·건설기계·선박 및 항공기	본인	자동차	2007년식 프라이드 배기량(1,599cc)	1430	0		200		1230	가액변동
202603	3360	JC14718Q	국회의원	국회	국회의원	윤준병	부동산에 관한 규정이 준용되는 권리와 자동차·건설기계·선박 및 항공기	본인	자동차	2017년식 말리부 1.5터보 배기량(1,490cc)	8260	0		760		7500	가액변동
202603	3361	JC14718Q	국회의원	국회	국회의원	윤준병	부동산에 관한 규정이 준용되는 권리와 자동차·건설기계·선박 및 항공기	본인	자동차	2019년식 카니발리무진 배기량(2,199cc)	17130	0		1360		15770	가액변동
202603	3362	JC14718Q	국회의원	국회	국회의원	윤준병	예금	본인		농협은행 462,849(126,212 증가), 삼성생명보험 46,800,새마을금고중앙회 415(14 증가), 신한은행 100,343(84 증가), 신한투자증권 86,803(3,578 증가), 우리은행 130,544(3,802 감소), 우리투자증권 7,363(6 증가),현대해상화재보험 7,623(484 증가)	716164	135522		8946		842740	급여저축 및 생활비 지출 등
202603	3363	JC14718Q	국회의원	국회	국회의원	윤준병	예금	배우자		농협중앙회 14(14 증가), 새마을금고중앙회 51(1 증가)	50	15		0		65	급여저축 및 생활비 지출 등
202603	3364	JC14718Q	국회의원	국회	국회의원	윤준병	예금	장남		(주)KEB하나은행 58(18 감소), (주)카카오페이증권 317(317 증가), SBI저축은행 35,682(24,821 감소),국민은행 2,090(59 증가), 농협은행 283(99 감소), 미래에셋증권 724(724 증가), 상호저축은행중앙회 36,031(16,360 감소), 스탠다드차타드은행 2(2 증가),악사(AXA)손해보험 1,102(198 증가), 우리은행 9,146(66 감소), 주식회사 카카오뱅크 199(47 증가), 케이뱅크 123,256(44,189 증가), 키움증권 0(3 감소), 토스뱅크(주)6,631(52,473 감소)	263825	45590		93894		215521	급여저축 및 생활비 지출 등
202603	3365	JC14718Q	국회의원	국회	국회의원	윤준병	정치자금법에 따른 정치자금의 수입 및 지출을 위한 예금계좌의 예금	본인		농협은행 4,870(46,991 감소)	51861	0		46991		4870	의정활동 지출
202603	3366	JC14718Q	국회의원	국회	국회의원	윤준병	증권	본인	국채	브라질국채(2029년만기) 120,000주	25435	5224		0		30659	시세변동
202603	3367	JC14718Q	국회의원	국회	국회의원	윤준병	채권	본인		사인간채권	170000	0		0		170000	
202603	3368	JC14718Q	국회의원	국회	국회의원	윤준병	채무	본인	금융채무	우리은행 0(1,888 감소)	1888	0		1888		0	
202603	3369	JC14718Q	국회의원	국회	국회의원	윤준병	회원권	본인	콘도미니엄	글로리콘도	1500	0		0		1500	
202603	3370	JC14718Q	국회의원	국회	국회의원	윤준병	고지거부 및 등록제외사항	모		고지거부	0	0		0		0	독립생계유지
202603	3371	8X15119P	국회의원	국회	국회의원	윤한홍	건물	본인	아파트(전세(임차)권)	경상남도 창원시 마산회원구 양덕동 한일타운4차아파트건물 83.68㎡	260000	0		0		260000	
202603	3372	8X15119P	국회의원	국회	국회의원	윤한홍	건물	배우자	아파트(전세(임차)권)	서울특별시 강남구 삼성동 삼부아그레빌 건물 125.00㎡	750000	0		0		750000	
202603	3373	8X15119P	국회의원	국회	국회의원	윤한홍	건물	배우자	아파트(분양권)	경상남도 창원시 성산구 신월동 신월2주택재건축정비사업조합 건물 103.47㎡	568710	98640		0		667350	중도금 추가 납부
202603	3374	8X15119P	국회의원	국회	국회의원	윤한홍	예금	본인		경남은행 12, 농협은행 23,951(12,138 증가),삼성생명보험 45,054, 새마을금고중앙회 205(5 증가),신용협동조합중앙회 55, 우리은행 1,638(359 증가)	58413	12535		33		70915	급여 저축 및 생활비 등 지출
202603	3375	8X15119P	국회의원	국회	국회의원	윤한홍	예금	배우자		(주)KEB하나은행 371,050(20,102 증가),(주)카카오페이증권 12(12 증가), AIA생명보험주식회사 22,100(1,676 증가), 경남은행 25, 국민은행 202(1,231감소), 농협은행 76, 삼성생명보험 24,300,신용협동조합중앙회 666, 우리은행 433,689(64,909 증가)	766652	702588		617120		852120	급여 저축 및 생활비 등 지출
202603	3376	8X15119P	국회의원	국회	국회의원	윤한홍	정치자금법에 따른 정치자금의 수입 및 지출을 위한 예금계좌의 예금	본인		농협은행 460,483(149,879 증가)	310604	149879		0		460483	후원금 증가
202603	3377	8X15119P	국회의원	국회	국회의원	윤한홍	채무	배우자	금융채무	경남은행 246,600(98,640 증가)	147960	98640		0		246600	재건축 관련
202603	3378	8X15119P	국회의원	국회	국회의원	윤한홍	회원권	배우자	헬스	그랜드인터컨티넨탈서울파르나스	8000	0		0		8000	
202603	3379	8X15119P	국회의원	국회	국회의원	윤한홍	회원권	배우자	콘도미니엄	오크밸리 휴양 콘도미니엄 증가	0	43000		0		43000	신규 매입
202603	3380	8X15119P	국회의원	국회	국회의원	윤한홍	고지거부 및 등록제외사항	장남		고지거부	0	0		0		0	독립생계유지
202603	3381	8X15119P	국회의원	국회	국회의원	윤한홍	고지거부 및 등록제외사항	차남		고지거부	153658	0		153658		0	독립생계유지
202603	3382	O7R5461J	국회의원	국회	국회의원	윤후덕	건물	본인	사무실(전세(임차)권)	경기도 파주시 와동동 건물 174.14㎡ (건물 89.18㎡ 증가)	30000	0		0		30000	변동없음(건물면적 오기수정)
202603	3383	O7R5461J	국회의원	국회	국회의원	윤후덕	건물	본인	아파트(전세(임차)권)	경기도 파주시 와동동 건물 126.68㎡	430000	0		0		430000	변동없음
202603	3384	O7R5461J	국회의원	국회	국회의원	윤후덕	건물	배우자	아파트	서울특별시 영등포구 여의도동 여의도시범아파트 건물118.12㎡	1672000	216000		0		1888000	가액변동
202603	3385	O7R5461J	국회의원	국회	국회의원	윤후덕	건물	배우자	아파트(전세(임차)권)	서울특별시 강서구 등촌동 등촌5단지주공아파트 건물58.14㎡ (건물 58.14㎡ 증가)	0	440000		0		440000	이사로 인한 전세(임차)권 추가
202603	3386	O7R5461J	국회의원	국회	국회의원	윤후덕	건물	장남	다세대주택(전세(임차)권)	서울특별시 양천구 목동 화신빌라 건물 0.00㎡ (건물35.04㎡ 감소)	40000	0		40000		0	이사로 인한 전세(임차)권 상실
202603	3387	O7R5461J	국회의원	국회	국회의원	윤후덕	부동산에 관한 규정이 준용되는 권리와 자동차·건설기계·선박 및 항공기	배우자	자동차	2011년식 그랜져HG 배기량(2,359cc)	4630	0		660		3970	가액변동
202603	3388	O7R5461J	국회의원	국회	국회의원	윤후덕	예금	본인		(주)KEB하나은행 119, KB라이프생명보험 46,206, KB증권18, 국민은행 6,957(83 증가), 농협은행 46,827(18,383증가), 대신증권 120, 삼성화재해상보험 46,169(5,873증가), 신용협동조합중앙회 50,050, 신한은행 1,신한투자증권 26, 아이비케이투자증권(주) 33,734(33,734증가), 우리은행 14,726(21,158 감소), 중소기업은행 7	208045	114671		77756		244960	급여 저축, 보험금 적립, 생활비  지출, 예금상품 변경, 증권(금융채) 매도 후 예금 전환, 임차보증금과 임대보증금 차액 입금 등
202603	3389	O7R5461J	국회의원	국회	국회의원	윤후덕	예금	배우자		(주)KEB하나은행 3, KB라이프생명보험 12,396, SK증권 3,국민은행 77(49,974 감소), 농협중앙회 100,022(22 증가), 미래에셋증권 21,747(11,977 증가), 새마을금고중앙회 860,810(280,053 증가), 신용협동조합중앙회50,093(50,000 증가), 신한은행 349(182 증가), 우체국 18,중소기업은행 47(40 증가), 흥국생명보험 3,064	756329	1016333		724033		1048629	급여 저축, 보험금 적립, 생활비  지출, 예금상품 변경, 증권(금융채) 매도 후 예금 전환, 임차보증금과 임대보증금 차액 입금 등
202603	3390	O7R5461J	국회의원	국회	국회의원	윤후덕	예금	장남		(주)KEB하나은행 3, (주)카카오페이증권 100(100 증가),국민은행 53,958(19,324 증가), 스탠다드차타드은행 20,중소기업은행 1	34658	45785		26361		54082	급여 저축, 보험금 적립, 생활비  지출, 예금상품 변경, 증권(금융채) 매도 후 예금 전환, 임차보증금과 임대보증금 차액 입금 등
202603	3391	O7R5461J	국회의원	국회	국회의원	윤후덕	정치자금법에 따른 정치자금의 수입 및 지출을 위한 예금계좌의 예금	본인		국민은행 210,418(71,217 증가)	139201	71217		0		210418	후원금
202603	3392	O7R5461J	국회의원	국회	국회의원	윤후덕	증권	배우자	금융채	D-Day 통장(단기중금채) 0주	51824	0		51824		0	매도
202603	3393	O7R5461J	국회의원	국회	국회의원	윤후덕	채권	배우자		사인간채권 감소	18500	0		18500		0	전액환수
202603	3394	O7R5461J	국회의원	국회	국회의원	윤후덕	채무	배우자	건물임대채무	서울특별시 영등포구 여의도동 여의도시범아파트임대보증금 증가	0	580000		0		580000	전세 임대
202603	3395	O7R5461J	국회의원	국회	국회의원	윤후덕	채무	장남		사인간채무 감소	18500	0		18500		0	전액상환
202603	3396	AEO5706C	국회의원	국회	국회의원	이강일	건물	본인	상가	경기도 안양시 만안구 안양동 프로젝트500타워 건물16.88㎡	74000	0		0		74000	변동없음
202603	3397	AEO5706C	국회의원	국회	국회의원	이강일	건물	본인	상가	경기도 안양시 만안구 안양동 프로젝트500타워 건물12.83㎡	70000	0		0		70000	변동없음
202603	3398	AEO5706C	국회의원	국회	국회의원	이강일	건물	본인	상가	경기도 안양시 만안구 안양동 PROJECT 500 TOWER 건물0.00㎡ (건물 15.42㎡ 감소)	94000	0		94000	94000	0	공매
202603	3399	AEO5706C	국회의원	국회	국회의원	이강일	건물	본인	상가	경기도 안양시 만안구 안양동 PROJECT 500 TOWER 건물0.00㎡ (건물 16.88㎡ 감소)	97000	0		97000	97000	0	공매
202603	3400	AEO5706C	국회의원	국회	국회의원	이강일	건물	본인	상가	경기도 안양시 만안구 안양동 PROJECT 500 TOWER 건물40.05㎡	145000	0		0		145000	변동없음
202603	3401	AEO5706C	국회의원	국회	국회의원	이강일	건물	본인	교육연구 및 복지시설(전세(임차)권)	충청북도 청주시 상당구 용담동 M PLUS 건물 124.34㎡	10000	0		0		10000	변동없음
202603	3402	AEO5706C	국회의원	국회	국회의원	이강일	건물	배우자	아파트(전세(임차)권)	충청북도 청주시 상당구 탑동 청주센트럴 힐데스하임 건물0.00㎡ (건물 84.84㎡ 감소)	260000	0		260000		0	이사
202603	3403	AEO5706C	국회의원	국회	국회의원	이강일	건물	배우자	아파트(전세(임차)권)	서울특별시 성북구 돈암동 돈암동 삼성아파트 건물84.59㎡	460000	0		0		460000	변동없음
202603	3404	AEO5706C	국회의원	국회	국회의원	이강일	건물	배우자	아파트(전세(임차)권)	충청북도 청주시 상당구 탑동 센트럴 힐데스하임 건물84.84㎡ (건물 84.84㎡ 증가)	0	350000		0		350000	이사
202603	3405	AEO5706C	국회의원	국회	국회의원	이강일	부동산에 관한 규정이 준용되는 권리와 자동차·건설기계·선박 및 항공기	본인	자동차	2011년식 포터2시티밴 배기량(2,497cc)	9000	0		0		9000	변동없음
202603	3406	AEO5706C	국회의원	국회	국회의원	이강일	예금	본인		NH투자증권 5, 국민은행 3, 미래에셋증권 3, 삼성생명보험6,060, 우리은행 579,056(470,885 감소), 키움증권528,998(528,998 증가)	1056012	757741		699628		1114125	급여저축
202603	3407	AEO5706C	국회의원	국회	국회의원	이강일	예금	배우자		(주)카카오페이증권 50(9 증가), KB라이프생명보험 30,290(2,280 증가), 국민은행 6,513(3,998 감소),농협은행 1,369(7,396 감소), 농협중앙회 25,005(5 증가), 메리츠화재해상보험(보험) 63(63 증가), 미래에셋증권 606(6,480 감소), 삼성생명보험 4,356, 새마을금고중앙회7,090(310 감소), 수협중앙회 41, 신용협동조합중앙회10,531(13,835 감소), 신한라이프생명보험 3,870,우리은행 32,312(21,802 증가), 토스뱅크(주) 0(171 감소)	130127	56534		64565		122096	급여저축
202603	3408	AEO5706C	국회의원	국회	국회의원	이강일	예금	장녀		KB증권 28,050(3,152 감소), 농협생명보험 23,100(3,600증가), 농협중앙회 300(300 증가), 미래에셋증권 3,829(370 증가), 우리은행 15,259(1,146 증가), 키움증권28,032(24,573 증가)	71733	40399		13562		98570	급여저축
202603	3409	AEO5706C	국회의원	국회	국회의원	이강일	예금	차녀		국민은행 15,000, 농협생명보험 23,100(3,600 증가),농협은행 300(300 증가), 우리은행 15,683(4,608 감소), 주식회사 카카오뱅크 1,002(14,050 감소), 토스증권(주) 7,323(7,323 증가)	69843	12615		20050		62408	급여저축
202603	3410	AEO5706C	국회의원	국회	국회의원	이강일	정치자금법에 따른 정치자금의 수입 및 지출을 위한 예금계좌의 예금	본인		중소기업은행 160,239(159,868 증가)	371	159868		0		160239	정치후원금 증가
202603	3411	AEO5706C	국회의원	국회	국회의원	이강일	증권	배우자	상장주식	현대차 0주(180주 감소)	38160	0		38160		0	매매
202603	3412	AEO5706C	국회의원	국회	국회의원	이강일	증권	장녀	상장주식	ADVANCEDMICRODEVICESINC 4주(4주 증가), LG에너지솔루션 1주, MICROBOTMEDICALINC 200주(200주 증가), NVIDIACORP0.0045주(0.0045주 증가), REALTYINCOMECORP 4주(4주증가), SK하이닉스 0주(18주 감소), TAIWANSEMICONDUCTORMANUFACTURINGSPON 3주(3주 증가),씨엠티엑스 1주(1주 증가)	3478	3553		3130		3901	매매
202603	3413	AEO5706C	국회의원	국회	국회의원	이강일	증권	장녀	국채	국민주택1종 23-08 0주, 국민주택1종23-09 0주,국민주택1종23-10 0주, 국민주택1종23-11 0주	2000	0		0		2000	매매
202603	3414	AEO5706C	국회의원	국회	국회의원	이강일	증권	장녀	회사채	SK에코플랜트180-2 0주, SK에코플랜트180-3 0주, 삼척블루파워8 0주, 삼척블루파워9 0주,씨제이씨지브이36 0주	8000	0		0		8000	매매
202603	3415	AEO5706C	국회의원	국회	국회의원	이강일	증권	차녀	상장주식	LG에너지솔루션 2주, 네비우스그룹 20주(20주 증가), 두산에너빌리티보통주 53주(53주 증가), 아이렌 17.435931주(17.435931주 증가),크리도테크놀로지그룹홀딩 6주(6주 증가),한화오션보통주 36주(36주 증가)	696	12704		0		13400	매매
202603	3416	AEO5706C	국회의원	국회	국회의원	이강일	채권	본인		사인간채권 증가	0	30000		0		30000	대여
202603	3417	AEO5706C	국회의원	국회	국회의원	이강일	금 및 백금	본인		금 24K 161g(161g 증가)	0	33368		0		33368	매입
202603	3418	AEO5706C	국회의원	국회	국회의원	이강일	금 및 백금	배우자		금 24K 187g(187g 증가)	0	38800		0		38800	매입
202603	3419	AEO5706C	국회의원	국회	국회의원	이강일	고지거부 및 등록제외사항	모		고지거부	0	0		0		0	독립생계유지
202603	3420	I7R13867	국회의원	국회	국회의원	이개호	토지	본인	임야	전라남도 담양군 대전면 서옥리 산 82-7번지 6,994.00㎡	29234	490		0		29724	
202603	3421	I7R13867	국회의원	국회	국회의원	이개호	토지	배우자	임야	광주광역시 광산구 남산동 186번지 838.38㎡	19283	418		0		19701	
202603	3422	I7R13867	국회의원	국회	국회의원	이개호	토지	배우자	임야	광주광역시 광산구 남산동 산 10번지 6,545.54㎡	21469	458		0		21927	
202603	3423	I7R13867	국회의원	국회	국회의원	이개호	토지	배우자	임야	광주광역시 광산구 박호동 산 117번지 13,140.05㎡	52035	0		0		52035	
202603	3424	I7R13867	국회의원	국회	국회의원	이개호	토지	배우자	임야	광주광역시 광산구 왕동 산 126-3번지 1,884.60㎡	20165	188		0		20353	
202603	3425	I7R13867	국회의원	국회	국회의원	이개호	토지	배우자	임야	광주광역시 광산구 왕동 산 89번지 2,746.38㎡	8624	82		0		8706	
202603	3426	I7R13867	국회의원	국회	국회의원	이개호	토지	배우자	답	광주광역시 광산구 남산동 770-5번지 375.00㎡	12750	187		0		12937	
202603	3427	I7R13867	국회의원	국회	국회의원	이개호	토지	배우자	전	광주광역시 광산구 남산동 251번지 943.00㎡ 중 47.15㎡	1132	13		0		1145	
202603	3428	I7R13867	국회의원	국회	국회의원	이개호	토지	배우자	답	광주광역시 광산구 남산동 381-5번지 1,547.00㎡ 중77.35㎡	3272	46		0		3318	
202603	3429	I7R13867	국회의원	국회	국회의원	이개호	토지	배우자	답	광주광역시 광산구 송산동 229-7번지 1,110.00㎡ 중55.50㎡	1965	0		0		1965	
202603	3430	I7R13867	국회의원	국회	국회의원	이개호	토지	배우자	답	광주광역시 광산구 송산동 229-8번지 575.00㎡ 중 28.75㎡	1018	0		0		1018	
202603	3431	I7R13867	국회의원	국회	국회의원	이개호	건물	본인	사무실(전세(임차)권)	전라남도 영광군 영광읍 녹사리 2층 건물 177.92㎡	30000	0		0		30000	
202603	3432	I7R13867	국회의원	국회	국회의원	이개호	건물	배우자	아파트	광주광역시 북구 운암동 나산건강아파트 건물 183.99㎡	260000	19000		0		279000	
202603	3433	I7R13867	국회의원	국회	국회의원	이개호	건물	배우자	아파트(전세(임차)권)	서울특별시 영등포구 당산동5가 당산센트럴아이파크 건물46.98㎡	605000	0		0		605000	
202603	3434	I7R13867	국회의원	국회	국회의원	이개호	건물	차남	오피스텔(전세(임차)권)	광주광역시 광산구 지죽동 광산엘리체 레이크시티 건물0.00㎡ (건물 84.97㎡ 감소)	30000	0		30000		0	계약 만료
202603	3435	I7R13867	국회의원	국회	국회의원	이개호	건물	차남	오피스텔(전세(임차)권)	서울특별시 서초구 서초동 CONEST 건물 73.23㎡ (건물73.23㎡ 증가)	0	124000		0		124000	신규 계약
202603	3436	I7R13867	국회의원	국회	국회의원	이개호	부동산에 관한 규정이 준용되는 권리와 자동차·건설기계·선박 및 항공기	본인	자동차	2005년식 그랜저 TG 배기량(2,700cc)	1720	0		290		1430	
202603	3437	I7R13867	국회의원	국회	국회의원	이개호	부동산에 관한 규정이 준용되는 권리와 자동차·건설기계·선박 및 항공기	본인	자동차	2017년식 말리부 2.0 TURBO 배기량(1,998cc)	9150	0		1070		8080	
202603	3438	I7R13867	국회의원	국회	국회의원	이개호	예금	본인		광주은행 21,848(6,360 감소), 국민은행 3, 농협은행37,177(359 감소), 농협중앙회 70, 삼성생명보험 48,387	114204	26		6745		107485	급여 저축 등
202603	3439	I7R13867	국회의원	국회	국회의원	이개호	예금	배우자		(주)KB손해보험 81,505(6,417 증가), 광주은행 345,001(180,000 증가), 농협은행 6,035(13,318 감소),대신증권 4,812(286 증가), 메리츠화재해상보험(보험) 6,767(408 증가), 산림조합중앙회 5, 삼성생명보험236,215(300 증가), 신한은행 483,560(14,058 감소),우리은행 782,000(22,000 증가), 하나증권 302	1764167	1609027		1426992		1946202	급여 저축 등
202603	3440	I7R13867	국회의원	국회	국회의원	이개호	예금	모		광주은행 3(5 감소), 새마을금고중앙회 407(9 증가)	406	9		5		410	급여 저축 등
202603	3441	I7R13867	국회의원	국회	국회의원	이개호	예금	차남		(주)카카오페이증권 1,197(337 감소), 광주은행 2,국민은행 4, 농협중앙회 53,000, 신한은행 16, 우체국 7, 주식회사 카카오뱅크 47,351(88,486 감소)	190400	53000		141823		101577	급여 저축 등
202603	3442	I7R13867	국회의원	국회	국회의원	이개호	정치자금법에 따른 정치자금의 수입 및 지출을 위한 예금계좌의 예금	본인		농협은행 2,195(88,032 감소)	90227	0		88032		2195	의정활동 지출
202603	3443	I7R13867	국회의원	국회	국회의원	이개호	증권	배우자	상장주식	POSCO 30주	7605	1545		0		9150	평가액 변동
202603	3444	I7R13867	국회의원	국회	국회의원	이개호	채무	차남		사인간채무	135000	0		0		135000	
202603	3445	I7R13867	국회의원	국회	국회의원	이개호	가상자산	차남		디스체인 0.81322851개, 보바토큰 276.5675126개, 비토르토큰 18,479.22201985개, 솔로제닉 20.74752045개, 아쿠아 79,038.9107136개(4,391.0505952개 증가),에이피이앤에프티 3,695,443.94727721개, 엑스코어 14.19466336개, 이더리움피오더블유 0.81322851개, 테더0.05406646개	93	72		77		88	평가액 변동 등
202603	3446	7YC6702R	국회의원	국회	국회의원	이건태	토지	부	전	전라남도 영암군 도포면 구학리 1709-15번지 2,262.00㎡중 377.00㎡	3106	0		60		3046	가액변동
202603	3447	7YC6702R	국회의원	국회	국회의원	이건태	토지	부	전	전라남도 영암군 도포면 구학리 1709-17번지 14.00㎡ 중2.33㎡	16	0		0		16	가액변동 없음
202603	3448	7YC6702R	국회의원	국회	국회의원	이건태	토지	부	전	전라남도 영암군 도포면 구학리 1709-18번지 24.00㎡ 중4.00㎡	30	0		0		30	가액변동 없음
202603	3449	7YC6702R	국회의원	국회	국회의원	이건태	토지	부	전	전라남도 영암군 도포면 구학리 1709-21번지 53.00㎡ 중8.80㎡	68	0		0		68	가액변동 없음
202603	3450	7YC6702R	국회의원	국회	국회의원	이건태	토지	부	전	전라남도 영암군 도포면 구학리 1709-4번지 106.00㎡ 중17.60㎡	120	0		0		120	가액변동 없음
202603	3451	7YC6702R	국회의원	국회	국회의원	이건태	토지	부	전	전라남도 영암군 도포면 구학리 1709-5번지 222.00㎡ 중37.00㎡	253	0		0		253	가액변동 없음
202603	3452	7YC6702R	국회의원	국회	국회의원	이건태	토지	부	전	전라남도 영암군 도포면 구학리 270-1번지 1,835.00㎡	20919	0		183		20736	가액변동
202603	3453	7YC6702R	국회의원	국회	국회의원	이건태	토지	부	전	전라남도 영암군 도포면 구학리 274-1번지 622.00㎡	6058	0		112		5946	가액변동
202603	3454	7YC6702R	국회의원	국회	국회의원	이건태	토지	부	답	전라남도 영암군 도포면 구학리 1333-3번지 1,834.00㎡	14654	0		0		14654	가액변동 없음
202603	3455	7YC6702R	국회의원	국회	국회의원	이건태	토지	부	답	전라남도 영암군 도포면 구학리 1333-4번지 2,924.00㎡	23363	0		0		23363	가액변동 없음
202603	3456	7YC6702R	국회의원	국회	국회의원	이건태	토지	부	답	전라남도 영암군 도포면 영호리 1025-2번지 3,452.60㎡	27586	0		0		27586	가액변동 없음
202603	3457	7YC6702R	국회의원	국회	국회의원	이건태	토지	부	답	전라남도 영암군 도포면 영호리 1025-3번지 2,016.40㎡	16111	0		0		16111	가액변동 없음
202603	3458	7YC6702R	국회의원	국회	국회의원	이건태	토지	부	임야	전라남도 영암군 도포면 구학리 1311-29번지 3,905.00㎡중 650.80㎡	4165	0		0		4165	가액변동 없음
202603	3459	7YC6702R	국회의원	국회	국회의원	이건태	토지	부	도로	전라남도 영암군 도포면 구학리 1311-41번지 44.00㎡ 중7.30㎡	19	0		0		19	가액변동 없음
202603	3460	7YC6702R	국회의원	국회	국회의원	이건태	건물	본인	아파트	서울특별시 서초구 신원동 건물 101.47㎡ 중 50.73㎡	572500	17000		0		589500	가액변동
202603	3461	7YC6702R	국회의원	국회	국회의원	이건태	건물	본인	근린생활시설(전세(임차)권)	경기도 부천시 소사구 심곡본동 데카에셋빌딩 건물75.40㎡ (건물 75.40㎡ 증가)	0	10000		0		10000	지역사무소 계약
202603	3462	7YC6702R	국회의원	국회	국회의원	이건태	건물	배우자	아파트(전세(임차)권)	경기도 부천시 소사구 범박동 일루미스테이트 건물84.97㎡	250000	0		0		250000	변동없음
202603	3463	7YC6702R	국회의원	국회	국회의원	이건태	건물	배우자	아파트	서울특별시 서초구 신원동 건물 101.47㎡ 중 50.73㎡	572500	17000		0		589500	가액변동
202603	3464	7YC6702R	국회의원	국회	국회의원	이건태	건물	배우자	아파트	서울특별시 마포구 상수동 래미안밤섬리베뉴Ⅰ 건물84.99㎡ 중 15.45㎡ (건물 총면적 84.99㎡ 증가, 지분면적15.45㎡ 증가)	0	184000		0		184000	상속
202603	3465	7YC6702R	국회의원	국회	국회의원	이건태	건물	부	단독주택	전라남도 영암군 도포면 구학리 대지 3,518.00㎡ 건물102.60㎡ (대지 3,518.00㎡ 증가)	4790	27503		0		32293	가액변동
202603	3466	7YC6702R	국회의원	국회	국회의원	이건태	건물	부	단독주택	전라남도 영암군 도포면 구학리 대지 813.00㎡ 건물75.00㎡ (건물 56.20㎡ 감소)	12710	0		1627		11083	가액변동
202603	3467	7YC6702R	국회의원	국회	국회의원	이건태	건물	장남	오피스텔(전세(임차)권)	서울특별시 서초구 신원동 해피트리앤 건물 45.00㎡	30000	0		0		30000	변동없음
202603	3468	7YC6702R	국회의원	국회	국회의원	이건태	부동산에 관한 규정이 준용되는 권리와 자동차·건설기계·선박 및 항공기	본인	자동차	2018년식 뉴SM5 배기량(1,998cc)	7720	0		1200		6520	가액변동
202603	3469	7YC6702R	국회의원	국회	국회의원	이건태	부동산에 관한 규정이 준용되는 권리와 자동차·건설기계·선박 및 항공기	본인	자동차	2013년식 에쿠스 배기량(3,778cc)	17870	0		4460		13410	가액변동
202603	3470	7YC6702R	국회의원	국회	국회의원	이건태	예금	본인		국민은행 7,329(27 증가), 농협은행 2,884(1,796 감소), 삼성생명보험 60,200(4,200 증가), 상호저축은행중앙회 316,003(25,001 증가), 신용협동조합중앙회 57(1 증가), 신한라이프생명보험 67,461(2,752 증가), 신한은행9,098(5,433 증가)	427414	181414		145796		463032	급여저축 및 예금이자, 생활비지출 등
202603	3471	7YC6702R	국회의원	국회	국회의원	이건태	예금	배우자		(주)DB저축은행 55,540(2,951 증가),(주)비엔케이저축은행 24,563(28,123 감소), KB증권 130(25 증가), NH투자증권 462(135 증가), OSB저축은행48,000(742 감소), SBI저축은행 96,014(45,969 증가),국민은행 6,000, 농협은행 14,572(14,568 증가),농협중앙회 12,180(10,725 증가),메리츠화재해상보험(보험) 70(70 증가), 삼성증권 32(14 증가), 상호저축은행중앙회 2,162,396(306,210 증가), 신한라이프생명보험 732,000, 신한은행 1,애큐온저축은행 12,437(37,836 감소), 엔에이치저축은행(주) 57,026(8,026 증가), 우리은행 0(254 감소), 웰컴저축은행 25,001(19,999 감소),푸른저축은행 0(46,500 감소)	2991185	1337866		1082627		3246424	급여저축 및 예금이자, 생활비지출 등
202603	3472	7YC6702R	국회의원	국회	국회의원	이건태	예금	부		농협손해보험 4,099(1,199 증가), 농협중앙회 13,214(25,177 감소), 산림조합중앙회 12, 우체국1,015(399 감소)	42717	6022		30399		18340	급여저축 및 예금이자, 생활비지출 등
202603	3473	7YC6702R	국회의원	국회	국회의원	이건태	예금	모		농협중앙회 36,095(3,470 증가), 우체국 1,801(200 감소)	34626	35270		32000		37896	급여저축 및 예금이자, 생활비지출 등
202603	3474	7YC6702R	국회의원	국회	국회의원	이건태	예금	장남		(주)카카오페이증권 406(20 감소), 농협중앙회 1,752(56증가), 미래에셋증권 2,749(343 증가), 삼성증권 1, 상호저축은행중앙회 0(5,000 감소), 신한은행 16,122(3,778 증가), 아이비케이투자증권(주) 65(65 증가), 우리은행 8,314(5,469 증가), 중소기업은행 19,304(14,858 증가), 토스증권(주) 983(983 증가),한국투자증권 477(477 증가)	29164	32529		11520		50173	급여저축 및 예금이자, 생활비지출 등
202603	3475	7YC6702R	국회의원	국회	국회의원	이건태	예금	장녀		(주)KEB하나은행 0(3 감소), 미래에셋증권 1, 스탠다드차타드은행 1,000(1,000 증가), 신한은행 12,587(2,820 증가), 엔에이치저축은행(주)38,395(19,351 증가)	28815	40501		17333		51983	급여저축 및 예금이자, 생활비지출 등
202603	3476	7YC6702R	국회의원	국회	국회의원	이건태	정치자금법에 따른 정치자금의 수입 및 지출을 위한 예금계좌의 예금	본인		농협은행 6,034(6,034 증가), 신한은행 111,645(108,387증가)	3258	114421		0		117679	국회의원이건태후원회와 최고위원경선후보자이건태후원회 기부금으로 증가
202603	3477	7YC6702R	국회의원	국회	국회의원	이건태	증권	배우자	상장주식	대한해운보통주 1주, 삼성전자 114주, 신세계 3주, 이마트8주	6972	8089		1		15060	평가액변동 등
202603	3478	7YC6702R	국회의원	국회	국회의원	이건태	증권	장남	상장주식	삼성중공업보통주 0주(1주 감소), 애플 0주(0.000271주감소), 윌비스보통주 0주(1주 감소)	12	0		12		0	평가액변동 등
202603	3479	7YC6702R	국회의원	국회	국회의원	이건태	채권	본인		사인간채권	30000	0		0		30000	변동없음
202603	3480	7YC6702R	국회의원	국회	국회의원	이건태	채무	본인	건물임대채무	서울특별시 서초구 신원동 임대보증금	150000	0		0		150000	변동없음
202603	3481	7YC6702R	국회의원	국회	국회의원	이건태	채무	배우자	건물임대채무	서울특별시 서초구 신원동 임대보증금	150000	0		0		150000	변동없음
202603	3482	7YC6702R	국회의원	국회	국회의원	이건태	채무	장남		사인간채무	30000	0		0		30000	변동없음
202603	3483	95J3282H	국회의원	국회	국회의원	이광희	건물	배우자	아파트	충청북도 청주시 서원구 산남동 유승한내들아파트 건물59.89㎡	118000	0		1000		117000	
202603	3484	95J3282H	국회의원	국회	국회의원	이광희	건물	장남	아파트(전세(임차)권)	서울특별시 용산구 효창동 용산 데시앙 포레 건물 39.44㎡	132130	0		0		132130	
202603	3485	95J3282H	국회의원	국회	국회의원	이광희	부동산에 관한 규정이 준용되는 권리와 자동차·건설기계·선박 및 항공기	본인	자동차	2011년식 그랜저 배기량(2,359cc) 감소	5600	0		5600		0	
202603	3486	95J3282H	국회의원	국회	국회의원	이광희	부동산에 관한 규정이 준용되는 권리와 자동차·건설기계·선박 및 항공기	본인	자동차	2011년식 그랜저 배기량(2,359cc) 증가	0	4851	4851	0		4851	
202603	3487	95J3282H	국회의원	국회	국회의원	이광희	부동산에 관한 규정이 준용되는 권리와 자동차·건설기계·선박 및 항공기	배우자	자동차	2007년식 뉴마티즈 배기량(796cc) 감소	380	0		380		0	
202603	3488	95J3282H	국회의원	국회	국회의원	이광희	부동산에 관한 규정이 준용되는 권리와 자동차·건설기계·선박 및 항공기	배우자	자동차	2011년식 그랜저 배기량(2,359cc) 증가	0	49	49	0		49	
202603	3489	95J3282H	국회의원	국회	국회의원	이광희	예금	본인		농협은행 33,530(16,772 증가),메리츠화재해상보험(보험) 18(18 증가), 삼성화재해상보험 3,605(135 감소), 신용협동조합중앙회 68, 신한은행 7,770(2,017 증가)	26319	19755		1083		44991	급여저축 및 생활비 지출 등
202603	3490	95J3282H	국회의원	국회	국회의원	이광희	예금	배우자		(주)카카오페이증권 3,992(1,061 증가), KB증권 2, 농협은행 1,205(419 증가), 메리츠화재해상보험(보험) 14,615(1,579 증가), 삼성생명보험 46,993, 신한은행17,213(3,403 증가), 주식회사 카카오뱅크 2,295(2,286감소), 토스증권(주) 3(3 증가)	82139	6465		2286		86318	급여저축 및 생활비 지출 등
202603	3491	95J3282H	국회의원	국회	국회의원	이광희	예금	장남		(주)카카오페이증권 112(7 증가), 롯데손해보험 4,258(851 증가), 메리츠화재해상보험(보험) 7,697(516 증가), 신한은행 11,148(2,923 증가), 주식회사카카오뱅크 0(9 감소)	18927	4597		309		23215	급여저축 및 생활비 지출 등
202603	3492	95J3282H	국회의원	국회	국회의원	이광희	정치자금법에 따른 정치자금의 수입 및 지출을 위한 예금계좌의 예금	본인		농협중앙회 102,759(49,875 증가)	52884	49875		0		102759	후원금 증가
202603	3493	95J3282H	국회의원	국회	국회의원	이광희	채무	본인	금융채무	농협은행 0(18,644 감소)	18644	0		18644		0	
202603	3494	95J3282H	국회의원	국회	국회의원	이광희	채무	배우자	금융채무	신한은행 52,672(35,243 감소)	87915	0		35243		52672	
202603	3495	95J3282H	국회의원	국회	국회의원	이광희	채무	장남	금융채무	신한은행 57,600(6,400 감소)	64000	0		6400		57600	
202603	3496	95J3282H	국회의원	국회	국회의원	이광희	고지거부 및 등록제외사항	모		고지거부	0	0		0		0	타인부양
202603	3497	95J3282H	국회의원	국회	국회의원	이광희	고지거부 및 등록제외사항	장녀		등록제외	16133	0		16133		0	혼인
202603	3498	W3U3344O	국회의원	국회	국회의원	이기헌	건물	본인	오피스텔	경기도 고양시 일산동구 장항동 엠시티타워&엠시티오피스텔 대지 27.77㎡ 중 13.88㎡ 건물118.13㎡ 중 59.06㎡	212500	0		0		212500	
202603	3499	W3U3344O	국회의원	국회	국회의원	이기헌	건물	본인	빌딩(전세(임차)권)	경기도 고양시 일산동구 장항동 센트럴프라자 대지26.01㎡ 건물 115.87㎡	20000	0		0		20000	
202603	3500	W3U3344O	국회의원	국회	국회의원	이기헌	건물	본인	복합건물(주택+ 상가)	서울특별시 관악구 봉천동 대지 195.00㎡ 중 39.00㎡ 건물 475.00㎡ 중 95.00㎡ (대지 지분면적 39.00㎡ 증가, 건물지분면적 95.00㎡ 증가)	0	288437		0		288437	상속
202603	3501	W3U3344O	국회의원	국회	국회의원	이기헌	건물	배우자	오피스텔	경기도 고양시 일산동구 장항동 엠시티타워&엠시티오피스텔 대지 27.77㎡ 중 13.88㎡ 건물118.13㎡ 중 59.06㎡	212500	0		0		212500	
202603	3502	W3U3344O	국회의원	국회	국회의원	이기헌	건물	장녀	오피스텔(전세( 임차)권)	서울특별시 영등포구 당산동1가 더채움오피스텔 대지0.00㎡ 건물 0.00㎡ (대지 11.35㎡ 감소, 건물 27.94㎡ 감소)	20000	0		20000		0	계약만료
202603	3503	W3U3344O	국회의원	국회	국회의원	이기헌	부동산에 관한 규정이 준용되는 권리와 자동차·건설기계·선박 및 항공기	본인	자동차	2014년식 k7 배기량(2,400cc)	10000	0		1000		9000	가액변동
202603	3504	W3U3344O	국회의원	국회	국회의원	이기헌	부동산에 관한 규정이 준용되는 권리와 자동차·건설기계·선박 및 항공기	배우자	자동차	2024년식 싼타페 하이브리드 배기량(1,600cc)	37850	0		6250		31600	가액변동
202603	3505	W3U3344O	국회의원	국회	국회의원	이기헌	예금	본인		국민은행 1,763(1,201 증가), 농협은행 7,322(56,185감소), 새마을금고중앙회 0(10,537 감소), 신한라이프생명보험 29,403(1,394 증가)	102615	6595		70722		38488	급여저축 등
202603	3506	W3U3344O	국회의원	국회	국회의원	이기헌	예금	배우자		(주)카카오페이증권 0(110 감소), KB증권 5, 국민은행91,831(52,555 증가), 농협중앙회 139, 미래에셋증권1,267(182 증가), 삼성생명보험 17,725(925 증가),새마을금고중앙회 36,613(1,731 감소), 스탠다드차타드은행 10, 주식회사 카카오뱅크 6,169(3,702 증가), 한화생명보험주식회사 13,393(1,461 증가), 현대해상화재보험 301(190 증가)	110279	92418		35244		167453	급여저축 등
202603	3507	W3U3344O	국회의원	국회	국회의원	이기헌	예금	장녀		국민은행 47,568(33,672 증가), 농협은행 8,714(5,470증가), 새마을금고중앙회 14,974(705 감소), 스탠다드차타드은행 0(270 감소), 중소기업은행 1,키움증권 45(45 증가), 토스뱅크(주) 96(96 증가)	33090	41845		3537		71398	급여저축 등
202603	3508	W3U3344O	국회의원	국회	국회의원	이기헌	정치자금법에 따른 정치자금의 수입 및 지출을 위한 예금계좌의 예금	본인		농협은행 205,620(146,620 증가)	59000	146620		0		205620	후원금 증가
202603	3509	W3U3344O	국회의원	국회	국회의원	이기헌	채권	본인		사인간채권	150000	0		0		150000	
202603	3510	W3U3344O	국회의원	국회	국회의원	이기헌	채무	본인	금융채무	농협은행 190,000(100,000 감소)	290000	0		100000		190000	일부상환
202603	3511	W3U3344O	국회의원	국회	국회의원	이기헌	고지거부 및 등록제외사항	모		고지거부	0	0		0		0	독립생계유지
202603	3512	ROS6754L	국회의원	국회	국회의원	이달희	건물	본인	오피스텔(전세(임차)권)	서울특별시 서초구 방배동 반포래디앙 시그니처 건물43.52㎡	490000	0		0		490000	변동 없음
202603	3513	ROS6754L	국회의원	국회	국회의원	이달희	건물	배우자	아파트	대구광역시 북구 구암동 미래타운 건물 134.99㎡	350000	0		0		350000	변동 없음
202603	3514	ROS6754L	국회의원	국회	국회의원	이달희	부동산에 관한 규정이 준용되는 권리와 자동차·건설기계·선박 및 항공기	배우자	자동차	2016년식 K9 배기량(3,800cc)	16600	0		2360		14240	가액 변동
202603	3515	ROS6754L	국회의원	국회	국회의원	이달희	부동산에 관한 규정이 준용되는 권리와 자동차·건설기계·선박 및 항공기	장녀	자동차	2015년식 그랜저 배기량(2,359cc) 증가	0	6390	6000	0		6390	추가 신고
202603	3516	ROS6754L	국회의원	국회	국회의원	이달희	예금	본인		KB라이프생명보험 27,988, 농협은행 40,654(29,972 증가), 메리츠종금증권 97(34 감소), 메리츠화재해상보험(보험) 3,234(1,213 증가), 미래에셋생명보험 17,056(71 증가), 삼성생명보험 64,308, 삼성화재해상보험 12,685(8,890 감소),새마을금고중앙회 10,948, 아이엠뱅크 6,155(10,278감소), 키움증권 12	171083	35375		23321		183137	급여 저축
202603	3517	ROS6754L	국회의원	국회	국회의원	이달희	예금	배우자		KB라이프생명보험 38,057, 국민은행 330,315(42,952증가), 삼성증권 2, 새마을금고중앙회 0(23 감소),우리은행 6	325451	240900		197971		368380	급여 저축
202603	3518	ROS6754L	국회의원	국회	국회의원	이달희	정치자금법에 따른 정치자금의 수입 및 지출을 위한 예금계좌의 예금	본인		농협은행 86,907(86,907 증가)	0	86907		0		86907	후원금 증가
202603	3519	ROS6754L	국회의원	국회	국회의원	이달희	증권	본인	상장주식	CAESARSENTERTAINMENTINCNEW 3주, NAVER 51주(51주증가), 교촌에프앤비 662주(662주 증가), 삼성전자 1주(1주 증가)	147	15359		47		15459	신규 매입 및 보유 주식 가액 변동
202603	3520	ROS6754L	국회의원	국회	국회의원	이달희	채권	본인		사인간채권	50000	0		0		50000	변동 없음
202603	3521	ROS6754L	국회의원	국회	국회의원	이달희	채무	본인	금융채무	아이엠뱅크 300,000	300000	0		0		300000	변동 없음
202603	3522	ROS6754L	국회의원	국회	국회의원	이달희	채무	장녀	금융채무	신한은행 38,930(38,930 증가)	0	38930		0		38930	추가 신고
202603	3523	ROS6754L	국회의원	국회	국회의원	이달희	가상자산	장녀		비트코인 0.000145개(0.000145개 증가), 이더리움0.000321개(0.000321개 증가)	0	19		0		19	매입
202603	3524	ROS6754L	국회의원	국회	국회의원	이달희	고지거부 및 등록제외사항	장남		고지거부	0	0		0		0	독립생계유지
202603	3525	OSV9142K	국회의원	국회	국회의원	이만희	토지	본인	답	경상북도 영천시 고경면 대성리 155번지 887.00㎡ 중887.00㎡	22352	533		0		22885	가액 변동
202603	3526	OSV9142K	국회의원	국회	국회의원	이만희	토지	본인	답	경상북도 영천시 고경면 대성리 156번지 1,181.00㎡	30352	708		0		31060	가액변동
202603	3527	OSV9142K	국회의원	국회	국회의원	이만희	토지	본인	임야	경상북도 영천시 고경면 오류리 812-1번지 1,181.00㎡ 중84.35㎡	403	2		0		405	가액변동
202603	3528	OSV9142K	국회의원	국회	국회의원	이만희	토지	본인	대지	경상북도 영천시 고경면 대성리 269-1번지 23.00㎡	1559	33		0		1592	가액변동
202603	3529	OSV9142K	국회의원	국회	국회의원	이만희	토지	본인	임야	경상북도 영천시 고경면 오류리 산 19-14번지 360.00㎡ 중174.05㎡	423	2		0		425	가액변동
202603	3530	OSV9142K	국회의원	국회	국회의원	이만희	토지	본인	대지	경상북도 영천시 고경면 대성리 277번지 337.00㎡	40000	0		0		40000	가액변동없음
202603	3531	OSV9142K	국회의원	국회	국회의원	이만희	토지	본인	임야	경상북도 영천시 고경면 오류리 산 19-5번지 1,402.00㎡중 677.83㎡	1701	34		0		1735	가액변동
202603	3532	OSV9142K	국회의원	국회	국회의원	이만희	토지	본인	임야	경상북도 영천시 고경면 오류리 산 19-12번지 9,515.00㎡중 4,600.27㎡	13203	46		0		13249	가액변동
202603	3533	OSV9142K	국회의원	국회	국회의원	이만희	토지	본인	임야	경상북도 영천시 고경면 오류리 산 19-2번지 28,297.00㎡중 13,680.91㎡	16964	274		0		17238	가액변동
202603	3534	OSV9142K	국회의원	국회	국회의원	이만희	토지	본인	임야	경상북도 영천시 고경면 오류리 산 19-21번지 146.00㎡ 중70.59㎡	227	1		0		228	가액변동
202603	3535	OSV9142K	국회의원	국회	국회의원	이만희	토지	본인	답	경상북도 영천시 고경면 대성리 154번지 2,163.00㎡	54508	1297		0		55805	가액변동
202603	3536	OSV9142K	국회의원	국회	국회의원	이만희	토지	본인	답	경상북도 영천시 고경면 대성리 227번지 457.00㎡	11151	274		0		11425	가액변동
202603	3537	OSV9142K	국회의원	국회	국회의원	이만희	건물	본인	아파트	서울특별시 광진구 광장동 극동아파트 건물 126.94㎡	1306000	248000		0		1554000	가액변동
202603	3538	OSV9142K	국회의원	국회	국회의원	이만희	건물	본인	단독주택	경상북도 영천시 고경면 대성리 대지 2,116.00㎡ 건물182.91㎡	121000	2000		0		123000	가액변동
202603	3539	OSV9142K	국회의원	국회	국회의원	이만희	건물	본인	상가	서울특별시 중구 서소문동 유원빌딩 대지 7.25㎡ 중 3.62㎡건물 36.49㎡ 중 18.25㎡	336183	0		0		336183	가액변동없음
202603	3540	OSV9142K	국회의원	국회	국회의원	이만희	건물	본인	사무실(전세(임차)권)	경상북도 영천시 완산동 2층 건물 246.40㎡	20000	0		0		20000	임차보증금
202603	3541	OSV9142K	국회의원	국회	국회의원	이만희	건물	본인	사무실(전세(임차)권)	경상북도 청도군 화양읍 범곡리 2층 건물 144.77㎡ (건물144.77㎡ 증가)	0	20000		0		20000	임차보증금
202603	3542	OSV9142K	국회의원	국회	국회의원	이만희	건물	배우자	상가	서울특별시 중구 서소문동 유원빌딩 대지 7.25㎡ 중 3.62㎡건물 36.49㎡ 중 18.25㎡	336183	0		0		336183	가액변동없음
202603	3543	OSV9142K	국회의원	국회	국회의원	이만희	건물	배우자	상가(전세(임차)권)	서울특별시 중구 서소문동 유원빌딩 대지 3.62㎡ 건물18.25㎡ (대지 3.62㎡ 증가, 건물 18.25㎡ 증가)	0	20000		0		20000	임차보증금
202603	3544	OSV9142K	국회의원	국회	국회의원	이만희	부동산에 관한 규정이 준용되는 권리와 자동차·건설기계·선박 및 항공기	본인	자동차	2017년식 그랜저 배기량(2,359cc)	8760	0		1160		7600	가액변동
202603	3545	OSV9142K	국회의원	국회	국회의원	이만희	예금	본인		KB라이프생명보험 60,000, 국민은행 24,609(6,490 감소),농협은행 199,829(115,440 감소), 중소기업은행 2,207(2 증가)	408573	28002		149930		286645	가계지출 및 채무상환
202603	3546	OSV9142K	국회의원	국회	국회의원	이만희	예금	배우자		DB손해보험(주) 15,066(3,359 증가), KB라이프생명보험 57,820(1,200 감소), 국민은행 13,149(197 증가),삼성생명보험 43,218(7,700 감소), 삼성화재해상보험 126,204(6,372 증가), 에이비엘생명보험 36,000,우리은행 5,761(13,103 감소), 우체국 184,536(6,110증가), 중소기업은행 49,483(7,570 증가), 중소기업중앙회 1,000(1,000 증가), 케이디비생명보험 119,040, 한화손해보험 9,840(720 증가)	657792	27569		24244		661117	가계지출 및 채무상환
202603	3547	OSV9142K	국회의원	국회	국회의원	이만희	예금	모		농협중앙회 5,929(191 감소), 영천시산림조합 616	6736	5		196		6545	가계지출 및 채무상환
202603	3548	OSV9142K	국회의원	국회	국회의원	이만희	정치자금법에 따른 정치자금의 수입 및 지출을 위한 예금계좌의 예금	본인		농협중앙회 19,741(12,190 증가)	7551	12190		0		19741	후원금 증가
202603	3549	OSV9142K	국회의원	국회	국회의원	이만희	채권	본인		사인간채권	30000	0		0		30000	변동없음
202603	3550	OSV9142K	국회의원	국회	국회의원	이만희	채권	모		사인간채권	125000	0		0		125000	변동없음
202603	3551	OSV9142K	국회의원	국회	국회의원	이만희	채무	본인		사인간채무	145000	0		0		145000	변동없음
202603	3552	OSV9142K	국회의원	국회	국회의원	이만희	채무	본인	건물임대채무	서울특별시 중구 서소문동 유원빌딩 임대보증금 감소	25000	20000		25000		20000	계약변경
202603	3553	OSV9142K	국회의원	국회	국회의원	이만희	채무	배우자		사인간채무 증가	0	28053		0		28053	외상매입금
202603	3554	OSV9142K	국회의원	국회	국회의원	이만희	채무	배우자	금융채무	우리은행 320,000	320000	0		0		320000	변동없음
202603	3555	OSV9142K	국회의원	국회	국회의원	이만희	채무	배우자	건물임대채무	서울특별시 중구 서소문동 유원빌딩 임대보증금 감소	25000	0		25000		0	전액 상환
202603	3556	OSV9142K	국회의원	국회	국회의원	이만희	고지거부 및 등록제외사항	장남		고지거부	0	0		0		0	독립생계유지
202603	3557	W8W95421	국회의원	국회	국회의원	이상식	건물	본인	아파트(전세(임차)권)	경기도 용인시 처인구 역북동 우미 린 센트럴파크 건물84.96㎡	50000	0		0		50000	
202603	3558	W8W95421	국회의원	국회	국회의원	이상식	건물	본인	근린생활시설(전세(임차)권)	경기도 용인시 처인구 김량장동 수빌딩 대지 206.08㎡ 건물206.08㎡	30000	0		0		30000	
202603	3559	W8W95421	국회의원	국회	국회의원	이상식	건물	본인	아파트(전세(임차)권)	서울특별시 성동구 행당동 서울숲리버뷰자이 건물38,351.00㎡ 중 128.52㎡	500000	0		0		500000	
202603	3560	W8W95421	국회의원	국회	국회의원	이상식	부동산에 관한 규정이 준용되는 권리와 자동차·건설기계·선박 및 항공기	본인	자동차	2022년식 GV80 배기량(2,996cc)	39320	1240		0		40560	
202603	3561	W8W95421	국회의원	국회	국회의원	이상식	부동산에 관한 규정이 준용되는 권리와 자동차·건설기계·선박 및 항공기	배우자	자동차	2022년식 카니발 하이리무진 배기량(2,151cc)	36080	0		870		35210	
202603	3562	W8W95421	국회의원	국회	국회의원	이상식	부동산에 관한 규정이 준용되는 권리와 자동차·건설기계·선박 및 항공기	배우자	자동차	2017년식 포터 II 배기량(2,497cc)	3330	2610		0		5940	
202603	3563	W8W95421	국회의원	국회	국회의원	이상식	현금	본인		현금 증가	0	50000		0		50000	채권자가 채무자로부터 현금으로 상환 받음
202603	3564	W8W95421	국회의원	국회	국회의원	이상식	현금	배우자		현금	200000	0		0		200000	
202603	3565	W8W95421	국회의원	국회	국회의원	이상식	예금	본인		국민은행 17,837(7,531 증가), 신용협동조합중앙회 104(3 증가), 신한은행 9,743(3,486 증가), 한화생명보험주식회사 2,880, 현대해상화재보험7,783(1,639 증가)	25688	12659		0		38347	소득
202603	3566	W8W95421	국회의원	국회	국회의원	이상식	예금	배우자		(주)카카오페이증권 3(3 증가), KB라이프생명보험 29,358(12,149 증가), NH투자증권 16,메리츠화재해상보험(보험) 2,401(857 증가), 삼성화재해상보험 1,040(480 증가), 신용협동조합중앙회 104(4 증가), 신한은행 20(3,356 감소), 씨티은행 2,우리은행 9, 한화생명보험주식회사 24,027(9,937 증가),흥국생명보험 9,625(2,511 증가)	44020	25941		3356		66605	소득
202603	3567	W8W95421	국회의원	국회	국회의원	이상식	예금	차남		삼성증권 11, 신한은행 10,681, 악사(AXA)손해보험 27,중소기업은행 0(314 감소)	11033	0		314		10719	소득
202603	3568	W8W95421	국회의원	국회	국회의원	이상식	정치자금법에 따른 정치자금의 수입 및 지출을 위한 예금계좌의 예금	본인		신한은행 25,704(16,465 증가)	9239	16465		0		25704	후원금
202603	3569	W8W95421	국회의원	국회	국회의원	이상식	채권	본인		사인간채권 감소	150000	0		50000		100000	채무자가 채권자에게 현금으로 상환함
202603	3570	W8W95421	국회의원	국회	국회의원	이상식	채권	배우자		사인간채권 감소	3650000	0		2650000		1000000	채무자가 채권자에게 예술품으로 반환함
202603	3571	W8W95421	국회의원	국회	국회의원	이상식	채무	배우자	금융채무	(주)와이펀드 200,000(200,000 증가), KB라이프생명보험 7,800(7,800 증가), 우리카드 1,028(1,028 증가)	0	208828		0		208828	
202603	3572	W8W95421	국회의원	국회	국회의원	이상식	채무	차남	금융채무	주식회사 카카오뱅크 0(499 감소)	499	0		499		0	
202603	3573	W8W95421	국회의원	국회	국회의원	이상식	보석류	배우자		다이아몬드 감소	150000	0		150000		0	분실
202603	3574	W8W95421	국회의원	국회	국회의원	이상식	보석류	배우자		사파이어	50000	0		0		50000	
202603	3575	W8W95421	국회의원	국회	국회의원	이상식	골동품 및 예술품	배우자		회화 (다이얼로그(블루), 162*131Cm, 이우환, 2010)	1000000	0		0		1000000	
202603	3576	W8W95421	국회의원	국회	국회의원	이상식	골동품 및 예술품	배우자		회화 (B.Q.O. 27, 183*122Cm, 바이런 킴, 2022)	70000	0		0		70000	
202603	3577	W8W95421	국회의원	국회	국회의원	이상식	골동품 및 예술품	배우자		회화 (다이얼로그(그레이), 162*131Cm, 이우환, 2007)증가	325000	25000		0		350000	
202603	3578	W8W95421	국회의원	국회	국회의원	이상식	골동품 및 예술품	배우자		회화 (도화, 120호Cm, 차규선, 2008)	20000	0		0		20000	
202603	3579	W8W95421	국회의원	국회	국회의원	이상식	골동품 및 예술품	배우자		회화 (화원, 100호Cm, 차규선, 2021)	20000	0		0		20000	
202603	3580	W8W95421	국회의원	국회	국회의원	이상식	골동품 및 예술품	배우자		회화 (Landscape Over Being, 100호Cm, 유주희, 2021)	20000	0		0		20000	
202603	3581	W8W95421	국회의원	국회	국회의원	이상식	골동품 및 예술품	배우자		회화 (Repetition-Trace of Meditation(반복-사유의명상))	20000	0		0		20000	
202603	3582	W8W95421	국회의원	국회	국회의원	이상식	골동품 및 예술품	배우자		공예 (Heart to Heart 03, 108*60*81Cm, 이철희, 연도 미상)	20000	0		0		20000	
202603	3583	W8W95421	국회의원	국회	국회의원	이상식	골동품 및 예술품	배우자		회화 (석류, 50호Cm, 승지민, 2023)	7000	0		0		7000	
202603	3584	W8W95421	국회의원	국회	국회의원	이상식	골동품 및 예술품	배우자		회화 (다이얼로그(오렌지), 100호Cm, 이우환, 2015) 증가	0	1200000		0		1200000	채권자가 채무자로부터 예술품으로 반환 받음
202603	3585	W8W95421	국회의원	국회	국회의원	이상식	골동품 및 예술품	배우자		회화 (다이얼로그, 100호Cm, 이우환, 2010) 증가	0	800000		0		800000	채권자가 채무자로부터 예술품으로 반환 받음
202603	3586	W8W95421	국회의원	국회	국회의원	이상식	골동품 및 예술품	배우자		회화 (Aggregation 14 NV064(Desire 140), 전광영) 증가	0	250000		0		250000	채권자가 채무자로부터 예술품으로 반환 받음
202603	3587	W8W95421	국회의원	국회	국회의원	이상식	골동품 및 예술품	배우자		회화 (With Wind, 100호Cm, 이우환, 1991) 증가	0	800000		0		800000	채권자가 채무자로부터 예술품으로 반환 받음
202603	3588	W8W95421	국회의원	국회	국회의원	이상식	고지거부 및 등록제외사항	모		고지거부	139906	0		139906		0	독립생계유지
202603	3589	W8W95421	국회의원	국회	국회의원	이상식	고지거부 및 등록제외사항	장남		고지거부	28215	0		28215		0	독립생계유지
202603	3590	8L52480G	국회의원	국회	국회의원	이상휘	토지	본인	전	충청북도 진천군 이월면 신계리 682-1번지 532.00㎡ 중266.00㎡	5081	53		0		5134	가액변동
202603	3591	8L52480G	국회의원	국회	국회의원	이상휘	토지	본인	답	충청북도 진천군 이월면 신계리 676번지 258.00㎡ 중129.00㎡	1613	51		0		1664	가액변동
202603	3592	8L52480G	국회의원	국회	국회의원	이상휘	토지	본인	답	충청북도 진천군 이월면 신계리 679-2번지 202.00㎡ 중101.00㎡	1081	0		10		1071	가액변동
202603	3593	8L52480G	국회의원	국회	국회의원	이상휘	토지	본인	임야	충청북도 진천군 이월면 신계리 산 62-5번지 12,606.00㎡중 6,303.00㎡	123500	0		0		123500	가액변동없음
202603	3594	8L52480G	국회의원	국회	국회의원	이상휘	토지	본인	유원지	충청북도 진천군 이월면 신계리 677번지 0.00㎡ 중 0.00㎡ (총면적 383.00㎡ 감소, 지분면적 191.50㎡ 감소)	15435	0		15435		0	건물에 합산하여 신고
202603	3595	8L52480G	국회의원	국회	국회의원	이상휘	토지	본인	유원지	충청북도 진천군 이월면 신계리 678번지 0.00㎡ 중 0.00㎡ (총면적 446.00㎡ 감소, 지분면적 223.00㎡ 감소)	17974	0		17974		0	건물에 합산하여 신고
202603	3596	8L52480G	국회의원	국회	국회의원	이상휘	토지	본인	유원지	충청북도 진천군 이월면 신계리 682번지 0.00㎡ 중 0.00㎡ (총면적 450.00㎡ 감소, 지분면적 225.00㎡ 감소)	18135	0		18135		0	건물에 합산하여 신고
202603	3597	8L52480G	국회의원	국회	국회의원	이상휘	토지	배우자	전	충청북도 진천군 이월면 신계리 682-1번지 532.00㎡ 중266.00㎡	5081	53		0		5134	가액변동
202603	3598	8L52480G	국회의원	국회	국회의원	이상휘	토지	배우자	답	충청북도 진천군 이월면 신계리 676번지 258.00㎡ 중129.00㎡	1613	51		0		1664	가액변동
202603	3599	8L52480G	국회의원	국회	국회의원	이상휘	토지	배우자	답	충청북도 진천군 이월면 신계리 679-2번지 202.00㎡ 중101.00㎡	1081	0		10		1071	가액변동
202603	3600	8L52480G	국회의원	국회	국회의원	이상휘	토지	배우자	임야	충청북도 진천군 이월면 신계리 산 62-5번지 12,606.00㎡중 6,303.00㎡	123500	0		0		123500	가액변동 없음
202603	3601	8L52480G	국회의원	국회	국회의원	이상휘	토지	배우자	유원지	충청북도 진천군 이월면 신계리 677번지 0.00㎡ 중 0.00㎡ (총면적 383.00㎡ 감소, 지분면적 191.50㎡ 감소)	15435	0		15435		0	건물에 합산하여 신고
202603	3602	8L52480G	국회의원	국회	국회의원	이상휘	토지	배우자	유원지	충청북도 진천군 이월면 신계리 678번지 0.00㎡ 중 0.00㎡ (총면적 446.00㎡ 감소, 지분면적 223.00㎡ 감소)	17974	0		17974		0	건물에 합산하여 신고
202603	3603	8L52480G	국회의원	국회	국회의원	이상휘	토지	배우자	유원지	충청북도 진천군 이월면 신계리 682번지 0.00㎡ 중 0.00㎡ (총면적 450.00㎡ 감소, 지분면적 225.00㎡ 감소)	18135	0		18135		0	건물에 합산하여 신고
202603	3604	8L52480G	국회의원	국회	국회의원	이상휘	토지	배우자	전	충청북도 진천군 이월면 신계리 681-1번지 212.00㎡	5000	0		0		5000	가액변동 없음
202603	3605	8L52480G	국회의원	국회	국회의원	이상휘	토지	배우자	도로	충청북도 진천군 이월면 신계리 681-2번지 23.00㎡	600	0		0		600	가액변동 없음
202603	3606	8L52480G	국회의원	국회	국회의원	이상휘	건물	본인	복합건물(주택+상가)	충청북도 진천군 이월면 신계리 대지 999.00㎡ 중 499.50㎡건물 334.68㎡ 중 167.34㎡	280500	0		0		280500	가액변동 없음
202603	3607	8L52480G	국회의원	국회	국회의원	이상휘	건물	본인	상가	충청북도 진천군 이월면 신계리 대지 0.00㎡ 중 0.00㎡건물0.00㎡ 중 0.00㎡ (대지 지분면적 855.50㎡ 감소, 건물 지분면적 57.88㎡ 감소)	112711	0		112711		0	건물 소재지번대지 포함하여 변경
202603	3608	8L52480G	국회의원	국회	국회의원	이상휘	건물	본인	아파트(전세(임차)권)	경상북도 포항시 남구 오천읍 원리 1차부영아파트 건물84.89㎡	20000	0		0		20000	변동없음
202603	3609	8L52480G	국회의원	국회	국회의원	이상휘	건물	본인	오피스텔(전세( 임차)권)	서울특별시 마포구 도화동 에스케이허브그린 건물 0.00㎡ 중 0.00㎡ (건물 총면적 2,083.50㎡ 감소, 지분면적27.79㎡ 감소)	10000	0		10000		0	계약종료
202603	3610	8L52480G	국회의원	국회	국회의원	이상휘	건물	본인	사무실(전세(임차)권)	경상북도 포항시 남구 대잠동 2층 건물 264.00㎡	15000	0		0		15000	변동없음
202603	3611	8L52480G	국회의원	국회	국회의원	이상휘	건물	본인	단독주택	경기도 성남시 분당구 운중동 대지 230.30㎡ 중 115.15㎡건물 238.96㎡ 중 119.48㎡	1080045	0		469045		611000	가액변동
202603	3612	8L52480G	국회의원	국회	국회의원	이상휘	건물	본인	상가	충청북도 진천군 이월면 신계리 대지 2,990.00㎡ 중 1,495.00㎡ 건물 115.76㎡ 중 57.88㎡ (대지 지분면적1,495.00㎡ 증가, 건물 지분면적 57.88㎡ 증가)	0	163067		0		163067	건물 소재지번대지 포함하여 변경
202603	3613	8L52480G	국회의원	국회	국회의원	이상휘	건물	배우자	상가	충청북도 진천군 이월면 신계리 대지 999.00㎡ 중 499.50㎡건물 334.68㎡ 중 167.34㎡	280500	0		0		280500	가액변동 없음
202603	3614	8L52480G	국회의원	국회	국회의원	이상휘	건물	배우자	상가	충청북도 진천군 이월면 신계리 대지 0.00㎡ 중 0.00㎡건물 0.00㎡ 중 0.00㎡ (대지 지분면적 855.50㎡ 감소, 건물지분면적 57.88㎡ 감소)	112711	0		112711		0	건물 소재지번대지 포함하여 변경
202603	3615	8L52480G	국회의원	국회	국회의원	이상휘	건물	배우자	단독주택	경기도 성남시 분당구 운중동 대지 230.30㎡ 중 115.15㎡건물 238.96㎡ 중 119.48㎡	1080045	0		469045		611000	가액변동
202603	3616	8L52480G	국회의원	국회	국회의원	이상휘	건물	배우자	상가	충청북도 진천군 이월면 신계리 대지 2,990.00㎡ 중 1,495.00㎡ 건물 115.76㎡ 중 57.88㎡ (대지 지분면적1,495.00㎡ 증가, 건물 지분면적 57.88㎡ 증가)	0	163067		0		163067	건물 소재지번대지 포함하여 변경
202603	3617	8L52480G	국회의원	국회	국회의원	이상휘	건물	장남	아파트(전세(임 차)권)	충청북도 진천군 진천읍 신정리 삼진동산아파트 건물 0.00㎡ 중 0.00㎡ (건물 총면적 11,668.00㎡ 감소,지분면적 48.12㎡ 감소)	5000	0		5000		0	이사
202603	3618	8L52480G	국회의원	국회	국회의원	이상휘	부동산에 관한 규정이 준용되는 권리와 자동차·건설기계·선박 및 항공기	본인	자동차	2012년식 이-카운티 배기량(3,933cc)	5460	0		780		4680	가액변동
202603	3619	8L52480G	국회의원	국회	국회의원	이상휘	부동산에 관한 규정이 준용되는 권리와 자동차·건설기계·선박 및 항공기	배우자	자동차	2017년식 308 1.6Blue-HDi Allure17 배기량(1,560cc) 감소	9080	0		9080	800	0	폐차
202603	3620	8L52480G	국회의원	국회	국회의원	이상휘	부동산에 관한 규정이 준용되는 권리와 자동차·건설기계·선박 및 항공기	배우자	자동차	2020년식 렉스턴 스포츠 칸 배기량(2,157cc)	16580	0		1950		14630	가액변동
202603	3621	8L52480G	국회의원	국회	국회의원	이상휘	부동산에 관한 규정이 준용되는 권리와 자동차·건설기계·선박 및 항공기	배우자	자동차	2018년식 GLA 220 Premium 배기량(1,991cc) 감소	17320	0		17320	10500	0	중고판매
202603	3622	8L52480G	국회의원	국회	국회의원	이상휘	부동산에 관한 규정이 준용되는 권리와 자동차·건설기계·선박 및 항공기	배우자	자동차	2025년식 New GV70가솔린 2.5터보 배기량(2,497cc) 증가	0	55940	63300	0		55940	차량구입
202603	3623	8L52480G	국회의원	국회	국회의원	이상휘	부동산에 관한 규정이 준용되는 권리와 자동차·건설기계·선박 및 항공기	장남	자동차	2019년식 코란도 C5 딜라이트 플러스 배기량(1,600cc)증가	0	12090	13300	0		12090	중고차량구입
202603	3624	8L52480G	국회의원	국회	국회의원	이상휘	예금	본인		(주)KEB하나은행 5,066(16 증가), 국민은행 7,330(2,779증가), 농협은행 1,016(1,000 증가), 농협중앙회 131(54증가), 신한은행 29, 아이엠뱅크 6,187, 우리은행 1	15911	4458		609		19760	급여저축 및 전세계약변동
202603	3625	8L52480G	국회의원	국회	국회의원	이상휘	예금	배우자		(주)KB손해보험 4,018(957 증가), KB라이프생명보험 12,721(505 증가), 국민은행 77,688(77,688 증가),삼성화재해상보험 3,021(1,250 증가),신한라이프생명보험 91,976(11,377 증가), 신한은행 1,신한투자증권 19, 한화손해보험 15,816(1,892 증가),현대해상화재보험 454(303 증가)	111742	93972		0		205714	급여저축 및 전세계약변동
202603	3626	8L52480G	국회의원	국회	국회의원	이상휘	예금	장남		국민은행 669(521 증가), 주식회사 카카오뱅크 177(177증가), 현대해상화재보험 17(17 증가)	148	715		0		863	급여저축 및 전세계약변동
202603	3627	8L52480G	국회의원	국회	국회의원	이상휘	정치자금법에 따른 정치자금의 수입 및 지출을 위한 예금계좌의 예금	본인		농협은행 25,647(16,346 증가)	9301	16346		0		25647	후원금 잔액변동
202603	3628	8L52480G	국회의원	국회	국회의원	이상휘	채무	본인	금융채무	농협중앙회 184,044(98,619 감소)	282663	13925		112544		184044	급여저축
202603	3629	8L52480G	국회의원	국회	국회의원	이상휘	채무	본인	건물임대채무	경기도 성남시 분당구 운중동 임대보증금 증가	800000	850000		800000		850000	전세계약변동
202603	3630	8L52480G	국회의원	국회	국회의원	이상휘	채무	배우자	금융채무	KB캐피탈 0(5,484 감소), 현대캐피탈 48,143(48,143 증가)	5484	48143		5484		48143	차량구입
202603	3631	8L52480G	국회의원	국회	국회의원	이상휘	채무	배우자	건물임대채무	경기도 성남시 분당구 운중동 임대보증금 증가	800000	850000		800000		850000	전세계약변동
202603	3632	8L52480G	국회의원	국회	국회의원	이상휘	가상자산	장남		비트코인 0.00007197개, 카이아 0.01480796개, 트론0.000002개, 핀시아 0개(0.0001개 감소)	10	0		1		9	가액변동
202603	3633	WXJ8352N	국회의원	국회	국회의원	이성권	토지	본인	전	경상남도 남해군 상주면 상주리 1894번지 1,426.00㎡	67307	571		0		67878	공시지가 변동
202603	3634	WXJ8352N	국회의원	국회	국회의원	이성권	토지	부	대지	경상남도 남해군 상주면 상주리 1000-10번지 261.00㎡	52226	627		0		52853	공시지가 변동
202603	3635	WXJ8352N	국회의원	국회	국회의원	이성권	건물	본인	상가(전세(임차)권)	부산광역시 사하구 당리동 건물 112.00㎡	50000	0		0		50000	
202603	3636	WXJ8352N	국회의원	국회	국회의원	이성권	건물	본인	아파트(전세(임차)권)	부산광역시 사하구 하단동 하단동에스케이뷰아파트 건물146.00㎡	370000	0		0		370000	
202603	3637	WXJ8352N	국회의원	국회	국회의원	이성권	건물	본인	창고	경상남도 남해군 상주면 상주리 건물 132.32㎡	1389	0		0		1389	
202603	3638	WXJ8352N	국회의원	국회	국회의원	이성권	건물	배우자	다세대주택	부산광역시 부산진구 가야동 대지 49.89㎡ 건물 49.89㎡	38300	1100		0		39400	공시가격 변동
202603	3639	WXJ8352N	국회의원	국회	국회의원	이성권	건물	배우자	근린생활시설	부산광역시 사상구 주례동 세창그린코아 건물 113.58㎡	203421	3934		0		207355	공시가격 변동
202603	3640	WXJ8352N	국회의원	국회	국회의원	이성권	건물	배우자	아파트(전세(임차)권)	부산광역시 부산진구 부암동 서면 지원 더 뷰 파크 건물0.00㎡ (건물 84.91㎡ 감소)	300000	0		300000		0	
202603	3641	WXJ8352N	국회의원	국회	국회의원	이성권	건물	부	단독주택	경상남도 남해군 상주면 상주리 대지 73.60㎡ 건물 73.60㎡	50300	1400		0		51700	공시가격 변동
202603	3642	WXJ8352N	국회의원	국회	국회의원	이성권	건물	장남	다세대주택(전세(임차)권)	서울특별시 영등포구 당산동1가 나비드 건물 26.95㎡	284000	0		0		284000	
202603	3643	WXJ8352N	국회의원	국회	국회의원	이성권	건물	장녀	오피스텔(전세(임차)권)	일본 치바현 나가레야마시 히가시후카이 이스트사이드건물 28.05㎡	500	0		0		500	
202603	3644	WXJ8352N	국회의원	국회	국회의원	이성권	부동산에 관한 규정이 준용되는 권리와 자동차·건설기계·선박 및 항공기	본인	자동차	2017년식 k7 배기량(2,359cc)	10260	0		1680		8580	가액 변동
202603	3645	WXJ8352N	국회의원	국회	국회의원	이성권	부동산에 관한 규정이 준용되는 권리와 자동차·건설기계·선박 및 항공기	본인	자동차	2018년식 스토닉카파 1.4 배기량(1,000cc)	4225	0		315		3910	가액 변동
202603	3646	WXJ8352N	국회의원	국회	국회의원	이성권	부동산에 관한 규정이 준용되는 권리와 자동차·건설기계·선박 및 항공기	배우자	자동차	2018년식 스토닉카파 1.4 배기량(1,000cc)	4225	0		315		3910	가액 변동
202603	3647	WXJ8352N	국회의원	국회	국회의원	이성권	예금	본인		(주)KB손해보험 739(372 증가), (주)KEB하나은행 9,754(9,049 증가), KB라이프생명보험 78,060(2,868증가), 국민은행 5,081(484 감소), 농협은행 9,221(4,058증가), 농협중앙회 0(35 감소), 부산은행 3,792(1,355 감소), 삼성생명보험 19,267(1,815 증가), 삼성증권 1,025(10 증가), 새마을금고중앙회 7,338(866 증가), 주식회사 카카오뱅크 661(219 감소)	117993	21863		4918		134938	급여소득 및 예금, 보험금 납입, 생활비 지출
202603	3648	WXJ8352N	국회의원	국회	국회의원	이성권	예금	배우자		(주)KB손해보험 2,016(1,577 증가), (주)KEB하나은행 0(2,390 감소), (주)카카오페이증권 0(476 감소),교보생명보험 4,231(3,627 증가), 국민은행 20(91 감소),롯데손해보험 3,090(705 증가),메리츠화재해상보험(보험) 16,679(1,403 증가),미래에셋증권 176,033(46,146 증가), 부산은행 4,400(874 감소), 에이비엘생명보험 60,000(4,000 증가), 에이스아메리칸화재해상보험 301, 우리은행 105,한화생명보험주식회사 5,674(3,783 증가),현대해상화재보험 126(126 증가)	215139	61454		3918		272675	급여소득 및 예금, 보험금 납입, 생활비 지출
202603	3649	WXJ8352N	국회의원	국회	국회의원	이성권	예금	부		농협중앙회 65,064(11,325 증가), 새마을금고중앙회 53,우체국 20,000	73792	71338		60013		85117	급여소득 및 예금, 보험금 납입, 생활비 지출
202603	3650	WXJ8352N	국회의원	국회	국회의원	이성권	예금	모		농협중앙회 2,253(508 증가), 신용협동조합중앙회 5,052,우체국 45,000	51797	50508		50000		52305	급여소득 및 예금, 보험금 납입, 생활비 지출
202603	3651	WXJ8352N	국회의원	국회	국회의원	이성권	예금	장남		국민은행 4,250(2,744 증가), 미래에셋증권 16(11 증가), 빗썸 0(10 감소), 삼성증권 13,557(3,044 증가), 신한은행 20, 중소기업은행 1,254(1,178 증가), 키움증권 10	12140	6977		10		19107	급여소득 및 예금, 보험금 납입, 생활비 지출
202603	3652	WXJ8352N	국회의원	국회	국회의원	이성권	예금	장녀		국민은행 496(146 증가), 미래에셋증권 1,435(1,273증가), 부산은행 0(867 감소), 우리은행 20	1399	1769		1217		1951	급여소득 및 예금, 보험금 납입, 생활비 지출
202603	3653	WXJ8352N	국회의원	국회	국회의원	이성권	정치자금법에 따른 정치자금의 수입 및 지출을 위한 예금계좌의 예금	본인		부산은행 118,376(105,325 증가)	13051	105325		0		118376	후원금 증가
202603	3654	WXJ8352N	국회의원	국회	국회의원	이성권	채무	본인		사인간채무 감소	350000	0		300000		50000	일부 상환
202603	3655	WXJ8352N	국회의원	국회	국회의원	이성권	채무	본인	금융채무	(주)KEB하나은행 0(150,000 감소)	150000	0		150000		0	만기 상환
202603	3656	WXJ8352N	국회의원	국회	국회의원	이성권	채무	배우자		사인간채무	40000	0		0		40000	
202603	3657	WXJ8352N	국회의원	국회	국회의원	이성권	채무	배우자	금융채무	미래에셋증권 0(1 감소), 에이비엘생명보험 30,000,우리은행 61,000	91001	0		1		91000	
202603	3658	WXJ8352N	국회의원	국회	국회의원	이성권	채무	배우자	건물임대채무	부산광역시 사상구 주례동 세창그린코아 임대보증금	25000	0		0		25000	
202603	3659	WXJ8352N	국회의원	국회	국회의원	이성권	채무	장남	금융채무	미래에셋증권 0(4 감소)	4	0		4		0	
202603	3660	N2P9317N	국회의원	국회	국회의원	이성윤	건물	본인	아파트	서울특별시 강동구 둔촌동 라이프아파트 건물 79.53㎡	417000	23000		0		440000	가액변동
202603	3661	N2P9317N	국회의원	국회	국회의원	이성윤	건물	본인	아파트(전세(임차)권)	전북특별자치도 전주시 완산구 서신동 중흥아파트 건물59.96㎡	50000	0		0		50000	변동없음
202603	3662	N2P9317N	국회의원	국회	국회의원	이성윤	부동산에 관한 규정이 준용되는 권리와 자동차·건설기계·선박 및 항공기	본인	자동차	2015년식 그랜져(2.4) 배기량(2,359cc)	7840	0		940		6900	가액변동
202603	3663	N2P9317N	국회의원	국회	국회의원	이성윤	예금	본인		AIA생명보험주식회사 45,622, 국민은행 7,680(7,680 감소), 농협은행 9,495(9,246 증가), 삼성생명보험 23,882(5,308 증가), 신한은행 144,454(44,510 증가),중소기업은행 6	179755	59064		7680		231139	급여 저축
202603	3664	N2P9317N	국회의원	국회	국회의원	이성윤	예금	배우자		BNP파리바카디프생명보험 240,000, IBK연금보험주식회사30,000, 국민은행 30,399(5,317 증가), 농협중앙회140,000(2,000 증가), 삼성생명보험 38,196(2,817 증가),삼성화재해상보험 20,649(2,308 증가), 주식회사 카카오뱅크 89(625 감소), 한국교직원공제회 73,646(7,269 감소)	568431	150442		145894		572979	급여 저축
202603	3665	N2P9317N	국회의원	국회	국회의원	이성윤	예금	장남		스탠다드차타드은행 202(333 감소), 신한은행 17	552	0		333		219	급여 저축
202603	3666	N2P9317N	국회의원	국회	국회의원	이성윤	예금	장녀		국민은행 5,106(5,059 증가), 삼성증권 4,670(4,670증가), 우리은행 35,821(3,308 감소)	39176	42770		36349		45597	급여 저축
202603	3667	N2P9317N	국회의원	국회	국회의원	이성윤	정치자금법에 따른 정치자금의 수입 및 지출을 위한 예금계좌의 예금	본인		농협은행 105,719(55,097 증가)	50622	55097		0		105719	후원금액 변동
202603	3668	N2P9317N	국회의원	국회	국회의원	이성윤	회원권	본인	콘도미니엄	주식회사 베어스 타운	4000	0		0		4000	해지
202603	3669	WTR5885Y	국회의원	국회	국회의원	이소영	건물	본인	아파트	서울특별시 서대문구 홍제동 홍제원현대 건물 84.90㎡	562000	4000		0		566000	공시가격 상승
202603	3670	WTR5885Y	국회의원	국회	국회의원	이소영	건물	본인	근린생활시설(전세(임차)권)	경기도 의왕시 오전동 서해그랑블 건물 90.85㎡	20000	0		0		20000	변동없음
202603	3671	WTR5885Y	국회의원	국회	국회의원	이소영	건물	배우자	아파트(전세(임차)권)	경기도 의왕시 학의동 의왕백운해링턴플레이스 2단지 건물84.94㎡	470000	0		0		470000	변동없음
202603	3672	WTR5885Y	국회의원	국회	국회의원	이소영	건물	모	다가구주택(전세(임차)권)	경기도 의왕시 학의동 건물 65.28㎡	270000	0		0		270000	변동없음
202603	3673	WTR5885Y	국회의원	국회	국회의원	이소영	부동산에 관한 규정이 준용되는 권리와 자동차·건설기계·선박 및 항공기	배우자	자동차	2024년식 아이오닉5 배기량(0cc)	59950	0		6860		53090	가액변경
202603	3674	WTR5885Y	국회의원	국회	국회의원	이소영	예금	본인		(주)KEB하나은행 0(3,851 감소), 교보생명보험 37,889(2,853 증가), 농협은행 1,039(2,291 감소),신용협동조합중앙회 21(1 증가), 우리은행 720(2 감소), 주식회사 카카오뱅크 2,566(2,566 증가), 키움증권 59,762(59,762 증가), 하나증권 20,109(16,675 증가),한국투자증권 35,189(35,189 증가)	46393	117046		6144		157295	급여 저축, ETF 투자, 주가 상승 등
202603	3675	WTR5885Y	국회의원	국회	국회의원	이소영	예금	배우자		(주)KEB하나은행 277(921 감소), 교보생명보험 31,196(4,108 증가), 농협중앙회 4, 미래에셋증권17,832(17,832 증가), 새마을금고중앙회 144(144 증가),신한은행 2,459(974 감소), 우리은행 3,760(271 감소), 주식회사 카카오뱅크 8,502(1,974 증가), 한국투자증권 24,460(15,460 증가), 한화생명보험주식회사 8,874,현대해상화재보험 6,925(404 증가)	66677	42300		4544		104433	급여 저축, ETF 투자, 주가 상승 등
202603	3676	WTR5885Y	국회의원	국회	국회의원	이소영	예금	모		AIA생명보험주식회사 10,242(532 증가), DB손해보험(주) 0(565 감소), 농협중앙회 28(28 증가), 롯데손해보험2,159(762 증가), 새마을금고중앙회 4, 신한은행2,242(431 증가), 케이디비생명보험 2,190(120 증가)	15557	2313		1005		16865	급여 저축, ETF 투자, 주가 상승 등
202603	3677	WTR5885Y	국회의원	국회	국회의원	이소영	정치자금법에 따른 정치자금의 수입 및 지출을 위한 예금계좌의 예금	본인		우리은행 70,587(24,519 증가)	46068	24519		0		70587	후원금 증가
202603	3678	WTR5885Y	국회의원	국회	국회의원	이소영	채권	본인		사인간채권 감소	85000	0		85000		0	대여금 환수
202603	3679	WTR5885Y	국회의원	국회	국회의원	이소영	채권	배우자		사인간채권 증가	183100	30000		0		213100	신규채권
202603	3680	WTR5885Y	국회의원	국회	국회의원	이소영	채무	본인	금융채무	(주)KEB하나은행 0(89,894 감소)	89894	0		89894		0	
202603	3681	WTR5885Y	국회의원	국회	국회의원	이소영	채무	본인	건물임대채무	서울특별시 서대문구 홍제동 홍제원현대 임대보증금 증가	475000	510000		475000		510000	신규계약
202603	3682	WTR5885Y	국회의원	국회	국회의원	이소영	채무	배우자	금융채무	신한은행 0(33,149 감소)	33149	0		33149		0	전액상환
202603	3683	WTR5885Y	국회의원	국회	국회의원	이소영	채무	모		사인간채무	183100	0		0		183100	변동없음
202603	3684	WTR5885Y	국회의원	국회	국회의원	이소영	고지거부 및 등록제외사항	부		고지거부	0	0		0		0	기타
202603	3685	0R68099X	국회의원	국회	국회의원	이수진	건물	본인	아파트(전세(임차)권)	경기도 성남시 중원구 하대원동 아튼빌 건물 84.99㎡	367500	18300		0		385800	전세보증금 증가
202603	3686	0R68099X	국회의원	국회	국회의원	이수진	건물	본인	사무실(전세(임차)권)	경기도 성남시 중원구 성남동 2층 대지 428.10㎡ 건물936.14㎡	20000	0		0		20000	변동없음
202603	3687	0R68099X	국회의원	국회	국회의원	이수진	건물	본인	아파트(분양권)	경기도 성남시 중원구 중앙동 건물 84.00㎡	237100	237100		0		474200	청약 중도금 납부
202603	3688	0R68099X	국회의원	국회	국회의원	이수진	부동산에 관한 규정이 준용되는 권리와 자동차·건설기계·선박 및 항공기	장남	자동차	2019년식 스파크 배기량(999cc)	9800	0		1380		8420	감가상각
202603	3689	0R68099X	국회의원	국회	국회의원	이수진	예금	본인		국민은행 6(5,994 감소), 농협은행 13,840(11,395 증가),삼성생명보험 121,239, 새마을금고중앙회 12,신용협동조합중앙회 0(592 감소), 주식회사 카카오뱅크 1, 토스뱅크(주) 15,812(5,149 증가), 토스증권(주) 40,919(40,918 증가), 한국교직원공제회 78,042(21,958감소), 현대해상화재보험 7,800(480 증가)	248273	61848		32450		277671	급여 저축 및 생활비 지출 등
202603	3690	0R68099X	국회의원	국회	국회의원	이수진	예금	배우자		농협중앙회 10,723(3,504 감소), 신한은행 63,중소기업은행 26	14316	0		3504		10812	급여 저축 및 생활비 지출 등
202603	3691	0R68099X	국회의원	국회	국회의원	이수진	예금	장남		KB라이프생명보험 9,897(1,237 증가), 신한은행 27,997(10,615 감소), 우리은행 28,371(8,355 증가),중소기업은행 3, 토스뱅크(주) 12,396(8,737 증가),토스증권(주) 6,128(6,128 증가)	70950	45337		31495		84792	급여 저축 및 생활비 지출 등
202603	3692	0R68099X	국회의원	국회	국회의원	이수진	예금	장녀		(주)카카오페이증권 1, KB라이프생명보험 8,689(1,242증가), 우리은행 34,999(16,389 증가), 중소기업은행 122	26180	20691		3060		43811	급여 저축 및 생활비 지출 등
202603	3693	0R68099X	국회의원	국회	국회의원	이수진	정치자금법에 따른 정치자금의 수입 및 지출을 위한 예금계좌의 예금	본인		농협은행 146,330(106,387 증가)	39943	106387		0		146330	후원금 증가
202603	3694	0R68099X	국회의원	국회	국회의원	이수진	채권	본인		사인간채권	90000	0		0		90000	변동없음
202603	3695	0R68099X	국회의원	국회	국회의원	이수진	채권	배우자		사인간채권	90000	0		0		90000	변동없음
202603	3696	0R68099X	국회의원	국회	국회의원	이수진	채무	본인	금융채무	농협은행 142,850(142,700 증가), 한국장학재단1,460(1,524 감소)	3134	142700		1524		144310	주택자금대출
202603	3697	0R68099X	국회의원	국회	국회의원	이수진	채무	배우자		사인간채무	90000	0		0		90000	변동없음
202603	3698	0R68099X	국회의원	국회	국회의원	이수진	고지거부 및 등록제외사항	부		고지거부	0	0		0		0	타인부양
202603	3699	0R68099X	국회의원	국회	국회의원	이수진	고지거부 및 등록제외사항	모		고지거부	0	0		0		0	타인부양
202603	3700	S9U45255	국회의원	국회	국회의원	이양수	건물	본인	사무실(전세(임차)권)	강원특별자치도 속초시 교동 보고빌딩 4층 건물 308.92㎡	20000	0		0		20000	변동없음
202603	3701	S9U45255	국회의원	국회	국회의원	이양수	건물	본인	아파트	강원특별자치도 속초시 조양동 부영아파트 건물 84.88㎡	210000	0		0		210000	변동없음
202603	3702	S9U45255	국회의원	국회	국회의원	이양수	건물	본인	사무실(전세(임차)권)	강원특별자치도 인제군 인제읍 상동리 201호 건물 49.58㎡	5000	0		0		5000	변동없음
202603	3703	S9U45255	국회의원	국회	국회의원	이양수	건물	본인	사무실(전세(임차)권)	강원특별자치도 고성군 간성읍 하리 2층 건물 76.03㎡	10000	0		0		10000	변동없음
202603	3704	S9U45255	국회의원	국회	국회의원	이양수	건물	본인	사무실(전세(임차)권)	강원특별자치도 양양군 양양읍 남문리 2층 건물 66.11㎡	5000	0		0		5000	변동없음
202603	3705	S9U45255	국회의원	국회	국회의원	이양수	건물	배우자	아파트	경기도 구리시 토평동 토평마을이편한세상아파트 건물84.59㎡	539000	14934		0		553934	가액변동
202603	3706	S9U45255	국회의원	국회	국회의원	이양수	건물	모	아파트(전세(임차)권)	서울특별시 성동구 하왕십리동 청계벽산아파트 건물26.90㎡	106000	0		0		106000	변동없음
202603	3707	S9U45255	국회의원	국회	국회의원	이양수	건물	장남	오피스텔(전세(임차)권)	서울특별시 영등포구 영등포동3가 더-위일 건물 17.66㎡(건물 17.66㎡ 증가)	0	30000		0		30000	임차보증금
202603	3708	S9U45255	국회의원	국회	국회의원	이양수	건물	장녀	오피스텔(전세(임차)권)	서울특별시 동작구 상도1동 상도 프라이드 522 건물18.51㎡	60000	0		0		60000	변동없음
202603	3709	S9U45255	국회의원	국회	국회의원	이양수	부동산에 관한 규정이 준용되는 권리와 자동차·건설기계·선박 및 항공기	배우자	자동차	2021년식 GV70 배기량(2,497cc)	34580	0		1580		33000	가액변동
202603	3710	S9U45255	국회의원	국회	국회의원	이양수	예금	본인		(주)KEB하나은행 2, 국민은행 349, 농협은행 6,878(6,645감소), 대신증권 1, 새마을금고중앙회 1,021(1 증가),속초신용협동조합 221, 우리은행 2	15118	1		6645		8474	급여저축, 생활비 지출 등
202603	3711	S9U45255	국회의원	국회	국회의원	이양수	예금	배우자		(주)KEB하나은행 5,765(105 증가), DB손해보험(주) 595, 교보생명보험 48,671(3,791 증가), 농협중앙회 85,735(6,529 감소), 미래에셋생명보험 14,495(12,425증가), 미래에셋증권 415(158 증가), 북원신용협동조합 14, 삼성생명보험 57,552, 삼성화재해상보험68,205(2,400 증가), 한화생명보험주식회사 69,614(5,149 증가), 한화손해보험 6,149(765 증가), 흥국생명보험4,595	343541	86793		68529		361805	급여저축, 생활비 지출 등
202603	3712	S9U45255	국회의원	국회	국회의원	이양수	예금	모		우리은행 56,948(11,207 증가), 우체국 410(32 증가)	46119	51239		40000		57358	급여저축, 생활비 지출 등
202603	3713	S9U45255	국회의원	국회	국회의원	이양수	예금	장남		KB증권 0(23,097 감소), 국민은행 6,304(3,326 증가),농협은행 0(375 감소), 농협중앙회 1, 빗썸 0(6 감소),애큐온저축은행 1,401(1,401 증가), 케이뱅크 2,토스뱅크(주) 5,873(3,331 증가), 토스증권(주) 0(1 감소), 한국투자증권 38,242(38,242 증가)	29002	47988		25167		51823	급여저축, 생활비 지출 등
202603	3714	S9U45255	국회의원	국회	국회의원	이양수	예금	장녀		국민은행 5,728(4,123 증가), 농협은행 37(1 증가),농협중앙회 3, 미래에셋증권 21,886(242 감소), 우리은행18,248(6,304 증가)	35716	11628		1442		45902	급여저축, 생활비 지출 등
202603	3715	S9U45255	국회의원	국회	국회의원	이양수	정치자금법에 따른 정치자금의 수입 및 지출을 위한 예금계좌의 예금	본인		농협은행 301,875(47,980 감소)	349855	0		47980		301875	후원금감소
202603	3716	S9U45255	국회의원	국회	국회의원	이양수	증권	본인	상장주식	신일전자보통주 1주	1	0		0		1	평가액변동, 매도 등
202603	3717	S9U45255	국회의원	국회	국회의원	이양수	증권	배우자	상장주식	현대엘리베이 30주	1572	1077		0		2649	평가액변동, 매도 등
202603	3718	S9U45255	국회의원	국회	국회의원	이양수	증권	장남	상장주식	BUDAPAC 0주(1,400주 감소), VNDIRECT증권 0주(210주감소), 경동나비엔 16주(16주 증가), 롯데케미칼 0주(34주 감소), 삼성전자 0주(154주 감소), 이노스페이스 0주(165주 감소), 플러그파워 3,500주(166주 증가), 호아팟그룹 0주(220주 감소)	25959	10781		25959		10781	평가액변동, 매도 등
202603	3719	S9U45255	국회의원	국회	국회의원	이양수	채권	본인		기타	30000	0		0		30000	변동없음
202603	3720	S9U45255	국회의원	국회	국회의원	이양수	채권	본인		사인간채권 증가	0	20000		0		20000	대여
202603	3721	S9U45255	국회의원	국회	국회의원	이양수	채무	장남		사인간채무 증가	0	20000		0		20000	차입
202603	3722	S9U45255	국회의원	국회	국회의원	이양수	가상자산	장남		디스체인 0.00000545개, 리플 0.00005308개, 보라 0.00008639개, 볼타 0.00011945개(0.00011945개 증가),소다코인 0.00005629개, 솔라나 0.00009033개, 송버드 166.17223302개, 스텔라루멘 0.00002417개, 아스타202,426.60816875개(202,426.60816874개 증가), 앵커0.0001개, 에이다 0.00000035개, 에이피이앤에프티0.0009472개, 오아시스299,739.30761146개(299,739.30761146개 증가), 위믹스0.04946862개, 윙크 331.874263개, 이더리움0.00000545개, 이더리움피오더블유 0.00000545개, 이오스0개(0.00011945개 감소), 저스트 1.886962개, 쿼크체인0.00003113개, 테더 0개(0.00000199개 감소), 트론0.0000022개(0.000002개 증가), 플레어 0.000025개	1	3722		1		3722	매입 등
202603	3723	JG77046J	국회의원	국회	국회의원	이언주	토지	배우자	임야	서울특별시 성북구 성북동 226-78번지 2,265.00㎡ 중323.57㎡	35366	874		0		36240	
202603	3724	JG77046J	국회의원	국회	국회의원	이언주	건물	본인	아파트	부산광역시 사하구 하단동 가락타운2·3단지 건물 85.00㎡중 84.96㎡	173000	0		11000		162000	
202603	3725	JG77046J	국회의원	국회	국회의원	이언주	건물	본인	상가(전세(임차)권)	경기도 용인시 기흥구 언남동 부성빌딩 3층 건물 295.00㎡중 142.68㎡	20000	0		0		20000	
202603	3726	JG77046J	국회의원	국회	국회의원	이언주	건물	본인	아파트	서울특별시 서초구 잠원동 신반포2지구아파트 건물68.91㎡ 중 52.66㎡	1592000	520000		0		2112000	
202603	3727	JG77046J	국회의원	국회	국회의원	이언주	건물	본인	아파트(전세(임차)권)	경기도 성남시 분당구 정자동 파크뷰 건물 0.00㎡ (건물84.99㎡ 감소)	819000	0		819000		0	
202603	3728	JG77046J	국회의원	국회	국회의원	이언주	건물	본인	아파트(전세(임차)권)	경기도 용인시 기흥구 동백동 백현마을모아미래도아파트건물 59.73㎡	30000	0		0		30000	
202603	3729	JG77046J	국회의원	국회	국회의원	이언주	건물	배우자	상가	서울특별시 강남구 대치동 대지 280.90㎡ 건물 90.88㎡	2975162	121060		0		3096222	
202603	3730	JG77046J	국회의원	국회	국회의원	이언주	건물	배우자	상가	서울특별시 강동구 명일동 대지 456.00㎡ 중 228.00㎡ 건물931.00㎡ 중 465.64㎡	2130490	83220		0		2213710	
202603	3731	JG77046J	국회의원	국회	국회의원	이언주	부동산에 관한 규정이 준용되는 권리와 자동차·건설기계·선박 및 항공기	배우자	자동차	2020년식 G80 3.8 배기량(3,800cc)	29810	0		4240		25570	
202603	3732	JG77046J	국회의원	국회	국회의원	이언주	예금	본인		(주)KEB하나은행 28, KB증권 91,151(91,151 증가),국민은행 101,319(85,284 증가), 농협은행 16,041(1,082증가), 농협중앙회 24,866(24,422 증가), 미래에셋생명보험 40,250, 새마을금고중앙회 1,138,신한라이프생명보험 24,054, 신한은행 5,138, 우리은행960, 한화생명보험주식회사 6,513(265 증가)	109254	202504		300		311458	전세 계약 종료에 따른 보증금 회수 및 소득 예금
202603	3733	JG77046J	국회의원	국회	국회의원	이언주	예금	배우자		(주)KEB하나은행 6,157(1,143 감소), SBI저축은행 40,935(11,629 증가), 국민은행 99,529(47,292 감소),신한은행 1, 우리은행 61,170(4,805 증가), 중소기업은행86, 한국투자증권 101,101(14,766 증가)	326214	76351		93586		308979	전세 계약 종료에 따른 보증금 회수 및 소득 예금
202603	3734	JG77046J	국회의원	국회	국회의원	이언주	예금	장남		신한은행 1,195	1195	0		0		1195	전세 계약 종료에 따른 보증금 회수 및 소득 예금
202603	3735	JG77046J	국회의원	국회	국회의원	이언주	정치자금법에 따른 정치자금의 수입 및 지출을 위한 예금계좌의 예금	본인		국민은행 11,694(34,121 감소)	45815	0		34121		11694	의정활동 지출
202603	3736	JG77046J	국회의원	국회	국회의원	이언주	채무	본인	금융채무	국민은행 0(329,234 감소)	329234	0		329234		0	
202603	3737	JG77046J	국회의원	국회	국회의원	이언주	채무	본인	건물임대채무	서울특별시 서초구 잠원동 신반포2지구아파트 임대보증금	440000	0		0		440000	
202603	3738	JG77046J	국회의원	국회	국회의원	이언주	채무	배우자	금융채무	국민은행 614,000(100,000 감소)	714000	0		100000		614000	
202603	3739	JG77046J	국회의원	국회	국회의원	이언주	채무	배우자	건물임대채무	서울특별시 강남구 대치동 임대보증금	70000	0		0		70000	
202603	3740	JG77046J	국회의원	국회	국회의원	이언주	채무	배우자	건물임대채무	서울특별시 강동구 명일동 임대보증금 증가	107000	10000		0		117000	
202603	3741	JG77046J	국회의원	국회	국회의원	이언주	회원권	배우자	콘도미니엄	대명콘도미니엄	13000	0		0		13000	
202603	3742	JG77046J	국회의원	국회	국회의원	이언주	회원권	배우자	콘도미니엄	용평리조트그린피아콘도	28000	0		0		28000	
202603	3743	JG77046J	국회의원	국회	국회의원	이언주	고지거부 및 등록제외사항	부		고지거부	0	0		0		0	타인부양
202603	3744	EBH1101V	국회의원	국회	국회의원	이연희	토지	모	대지	충청북도 옥천군 옥천읍 문정리 430-8번지 550.00㎡	70565	440		0		71005	가액 변동
202603	3745	EBH1101V	국회의원	국회	국회의원	이연희	건물	본인	아파트(전세(임차)권)	충청북도 청주시 흥덕구 복대동 두진하트리움아파트 건물0.00㎡ (건물 59.92㎡ 감소)	20000	0		20000		0	전세권 상실
202603	3746	EBH1101V	국회의원	국회	국회의원	이연희	건물	본인	근린생활시설(전세(임차)권)	충청북도 청주시 흥덕구 복대동 인승빌딩 7층국회의원이연희사무실 건물 342.40㎡	50000	0		0		50000	변동 없음
202603	3747	EBH1101V	국회의원	국회	국회의원	이연희	건물	본인	아파트(전세(임차)권)	충청북도 청주시 흥덕구 복대동 금호어울림2단지아파트건물 123.61㎡ (건물 123.61㎡ 증가)	0	420000		0		420000	전세권 취득
202603	3748	EBH1101V	국회의원	국회	국회의원	이연희	건물	배우자	아파트	서울특별시 동작구 신대방동 우성1차 건물 84.99㎡	668000	0		41000		627000	가액 변동
202603	3749	EBH1101V	국회의원	국회	국회의원	이연희	건물	모	아파트	충청북도 옥천군 옥천읍 문정리 하늘빛아파트 건물59.86㎡ 중 59.85㎡	124000	9000		0		133000	가액 변동
202603	3750	EBH1101V	국회의원	국회	국회의원	이연희	건물	모	아파트	충청북도 옥천군 옥천읍 문정리 문정주공아파트 건물49.62㎡	54600	2700		0		57300	가액 변동
202603	3751	EBH1101V	국회의원	국회	국회의원	이연희	부동산에 관한 규정이 준용되는 권리와 자동차·건설기계·선박 및 항공기	본인	자동차	2020년식 G80 배기량(2,497cc)	22707	0		3586		19121	차량 가액 변동
202603	3752	EBH1101V	국회의원	국회	국회의원	이연희	예금	본인		(주)KEB하나은행 1, KB라이프생명보험 36,742(1,505 증가), 국민은행 64,344(39,239 증가), 농협은행 25,339(50,142 감소), 농협중앙회 62, 대신증권 276(2,588감소), 신한라이프생명보험 23,562(1,457 증가),신한은행 83, 주식회사 카카오뱅크 30	160968	46962		57491		150439	생활비 저축 및 지출
202603	3753	EBH1101V	국회의원	국회	국회의원	이연희	예금	배우자		국민은행 2,361(13,922 감소), 신한라이프생명보험 25,567(2,144 증가), 씨티은행 45, 우리은행 13,유안타증권 7	39771	2164		13942		27993	생활비 저축 및 지출
202603	3754	EBH1101V	국회의원	국회	국회의원	이연희	예금	모		국민은행 11(54 감소), 농협은행 33, 농협중앙회 10,신용협동조합중앙회 53(2 증가), 우체국 370(183 증가)	346	185		54		477	생활비 저축 및 지출
202603	3755	EBH1101V	국회의원	국회	국회의원	이연희	예금	장녀		(주)KEB하나은행 1, 국민은행 1,043(893 증가),미래에셋증권 9(1 증가), 삼성증권 3(3 증가), 신한은행 8,720, 유안타증권 10	8889	1004		107		9786	생활비 저축 및 지출
202603	3756	EBH1101V	국회의원	국회	국회의원	이연희	정치자금법에 따른 정치자금의 수입 및 지출을 위한 예금계좌의 예금	본인		신한은행 10,113(19,606 감소)	29719	0		19606		10113	의정활동 지출
202603	3757	EBH1101V	국회의원	국회	국회의원	이연희	채무	본인	금융채무	국민은행 300,000(300,000 증가), 농협은행 140,000	140000	300000		0		440000	전세자금
202603	3758	EBH1101V	국회의원	국회	국회의원	이연희	채무	배우자	금융채무	KB국민카드 5,000(5,000 증가), 국민은행 256,170(7,679감소), 삼성카드 7,000(7,000 증가)	263849	12000		7679		268170	일부 상환 및 생활비
202603	3759	EBH1101V	국회의원	국회	국회의원	이연희	채무	모	금융채무	삼성카드 853(9,139 감소)	9992	0		9139		853	일부 상환
202603	3760	EBH1101V	국회의원	국회	국회의원	이연희	채무	모	건물임대채무	충청북도 옥천군 옥천읍 문정리 문정주공아파트임대보증금	60000	0		0		60000	변동 없음
202603	3761	EBH1101V	국회의원	국회	국회의원	이연희	채무	장녀	금융채무	KB국민카드 14,166(14,166 증가), 롯데캐피탈6,000(1,064 증가), 신한은행 8,700	13636	20166		4936		28866	일부 상환 및 생활비
202603	3762	9JF4562W	국회의원	국회	국회의원	이용선	건물	본인	근린생활시설	서울특별시 강동구 성내동 4층 대지 24.87㎡ 건물 58.40㎡	319584	12114		0		331698	가액변동
202603	3763	9JF4562W	국회의원	국회	국회의원	이용선	건물	본인	상가(전세(임차)권)	서울특별시 양천구 신월동 2층 건물 602.46㎡	20000	0		0		20000	변동없음
202603	3764	9JF4562W	국회의원	국회	국회의원	이용선	건물	배우자	아파트	서울특별시 양천구 신정동 신정6현대아파트 건물 84.60㎡	447000	12000		0		459000	가액변동
202603	3765	9JF4562W	국회의원	국회	국회의원	이용선	부동산에 관한 규정이 준용되는 권리와 자동차·건설기계·선박 및 항공기	본인	자동차	2013년식 싼타페 배기량(2,000cc) 감소	8040	0		8040		0	소유지분 변동
202603	3766	9JF4562W	국회의원	국회	국회의원	이용선	부동산에 관한 규정이 준용되는 권리와 자동차·건설기계·선박 및 항공기	본인	자동차	2013년식 싼타페 배기량(2,000cc) 증가	0	6831	6831	0		6831	소유지분 변동
202603	3767	9JF4562W	국회의원	국회	국회의원	이용선	부동산에 관한 규정이 준용되는 권리와 자동차·건설기계·선박 및 항공기	배우자	자동차	2013년식 싼타페 배기량(2,000cc) 증가	0	69	69	0		69	소유지분 변동
202603	3768	9JF4562W	국회의원	국회	국회의원	이용선	예금	본인		(주)KEB하나은행 12,249(2,434 증가), 국민은행 7,농협은행 11,937(2,366 증가), 새마을금고중앙회 861(7증가), 신용협동조합중앙회 786, 신한은행 1,226	22259	4807		0		27066	급여저축 및 생활비 지출 등
202603	3769	9JF4562W	국회의원	국회	국회의원	이용선	예금	배우자		(주)KB손해보험 3,342(671 증가), (주)KEB하나은행 61, (주)카카오페이증권 7(2 감소), NH투자증권 24,950(24,950 증가), 국민은행 54,537(53,144 증가),삼성생명보험 2,026(1,280 증가), 새마을금고중앙회 13,080(13,010 증가), 신용협동조합중앙회 0(103 감소),신한은행 18,084(38,640 감소), 우리은행 0(327 감소),흥국화재해상보험(주) 776(238 증가)	62642	105036		50815		116863	급여저축 및 생활비 지출 등
202603	3770	9JF4562W	국회의원	국회	국회의원	이용선	예금	장남		(주)KEB하나은행 45(244 감소), (주)카카오페이증권 250(250 증가), 국민은행 100(1,187 감소),새마을금고중앙회 2,890(2,890 증가), 신한은행 7,030(1,810 증가), 토스뱅크(주) 743(1,357 감소),토스증권(주) 9(10 감소), 하나증권 0(3 감소)	8918	5050		2901		11067	급여저축 및 생활비 지출 등
202603	3771	9JF4562W	국회의원	국회	국회의원	이용선	예금	차남		(주)카카오페이증권 247(79 증가), NH투자증권 4(197 감소), 국민은행 23(23 증가), 신한은행 2,562(160 증가), 키움증권 15(1 감소), 토스증권(주) 653(653 증가),하나증권 5(4 증가)	2788	919		198		3509	급여저축 및 생활비 지출 등
202603	3772	9JF4562W	국회의원	국회	국회의원	이용선	정치자금법에 따른 정치자금의 수입 및 지출을 위한 예금계좌의 예금	본인		농협중앙회 65,112(22,956 감소)	88068	0		22956		65112	후원금 감소
202603	3773	9JF4562W	국회의원	국회	국회의원	이용선	증권	배우자	상장주식	NAVER 25주(25주 증가), 기아 50주(50주 증가), 삼성전자 150주(150주 증가), 쿠콘 150주(150주 증가), 현대차50주(50주 증가)	0	49222		0		49222	신규매수 및 평가액변동
202603	3774	9JF4562W	국회의원	국회	국회의원	이용선	증권	장남	상장주식	리얼티인컴 4.283639주(3.267571주 증가), 스타벅스 0.009051주, 애플 0.01147주, 테슬라 0.003294주	87	266		0		353	신규매수 및 평가액변동
202603	3775	9JF4562W	국회의원	국회	국회의원	이용선	증권	장남	비상장주식	하임바이오 15,000주	7500	0		0		7500	신규매수 및 평가액변동
202603	3776	9JF4562W	국회의원	국회	국회의원	이용선	증권	차남	상장주식	LG씨엔에스 116주(116주 증가), SCHWABUSDIVIDENDEQUITYETF 1주, SPDRS&P500ETFTrust0.033주(0.033주 증가), SchwabUSDividendEquityETF 10.353주(6.24주 증가), 대주전자재료 0주(5주 감소), 두산테스나 0주(1주 감소), 리얼티인컴 12.661375주(11.361375주 증가), 마이크로소프트 0.005주, 알파벳A 0.473888주(0.473888주 증가),엔비디아 0주(0.006237주 감소), 우듬지팜 3주(2주 증가), 유나이티드헬스그룹 0.234894주(0.234894주 증가), 카스 0주(442주 감소), 코카콜라 0주(0.010782주 감소), 쿠팡0주(0.030951주 감소), 퀄컴 0.857244주(0.857244주증가), 크레오에스지 19주(19주 증가), 테슬라 0.0004주(0.0004주 증가), 후성 0주(1주 감소), 휴마시스0주(538주 감소), 휴메딕스 392주(392주 증가), 휴비츠1주(1주 증가)	2537	24696		2227		25006	신규매수 및 평가액변동
202603	3777	9JF4562W	국회의원	국회	국회의원	이용선	증권	차남	비상장주식	하임바이오 15,000주	7500	0		0		7500	신규매수 및 평가액변동
202603	3778	9JF4562W	국회의원	국회	국회의원	이용선	채권	배우자		사인간채권 감소	175000	140000		175000		140000	전액환수 및 신규채권
202603	3779	9JF4562W	국회의원	국회	국회의원	이용선	채무	배우자	금융채무	한국주택금융공사 12,611(12,261 감소)	24872	0		12261		12611	일부상환
202603	3780	9JF4562W	국회의원	국회	국회의원	이용선	가상자산	장남		알고랜드 262.79203155개	128	0		85		43	가격 변동
202603	3781	9JF4562W	국회의원	국회	국회의원	이용선	고지거부 및 등록제외사항	모		고지거부	0	0		0		0	독립생계유지
202603	3782	6K79158C	국회의원	국회	국회의원	이용우	건물	본인	오피스텔(전세(임차)권)	인천광역시 서구 청라동 청라 봄 빌딩 건물 2,378.20㎡ 중21.83㎡	80000	0		0		80000	
202603	3783	6K79158C	국회의원	국회	국회의원	이용우	건물	배우자	아파트(전세(임차)권)	서울특별시 양천구 신정동 신정동 아이파크 건물 114.75㎡	1240000	0		40000		1200000	
202603	3784	6K79158C	국회의원	국회	국회의원	이용우	부동산에 관한 규정이 준용되는 권리와 자동차·건설기계·선박 및 항공기	본인	자동차	2020년식 소나타 DN8 배기량(1,999cc)	8325	0		855		7470	
202603	3785	6K79158C	국회의원	국회	국회의원	이용우	부동산에 관한 규정이 준용되는 권리와 자동차·건설기계·선박 및 항공기	차녀	자동차	2020년식 소나타 DN8 배기량(1,999cc)	8325	0		855		7470	
202603	3786	6K79158C	국회의원	국회	국회의원	이용우	예금	본인		국민은행 70,790(65,083 증가), 농협은행 22,125(43,515감소), 메리츠화재해상보험(보험) 3,208(471 증가), 한화투자증권 22(1 증가)	74105	74930		52890		96145	급여 저축, 생활비 지출 등
202603	3787	6K79158C	국회의원	국회	국회의원	이용우	예금	배우자		국민은행 15,124(123 증가), 농협은행 33,926(33,570증가), 수협중앙회 49,845(3,852 증가), 주식회사 카카오뱅크 866(846 증가), 한국교직원공제회 42,703(4,939 증가)	99134	43330		0		142464	급여 저축, 생활비 지출 등
202603	3788	6K79158C	국회의원	국회	국회의원	이용우	예금	장녀		국민은행 5(5 증가), 농협은행 20(20 증가)	0	25		0		25	급여 저축, 생활비 지출 등
202603	3789	6K79158C	국회의원	국회	국회의원	이용우	예금	차녀		국민은행 5(5 증가), 농협은행 20(20 증가)	0	25		0		25	급여 저축, 생활비 지출 등
202603	3790	6K79158C	국회의원	국회	국회의원	이용우	정치자금법에 따른 정치자금의 수입 및 지출을 위한 예금계좌의 예금	본인		농협중앙회 221,096(139,762 증가)	81334	139762		0		221096	후원금 모금
202603	3791	6K79158C	국회의원	국회	국회의원	이용우	채무	배우자	금융채무	한국교직원공제회 1,662(26,672 감소)	28334	0		26672		1662	채무 변제
202603	3792	6K79158C	국회의원	국회	국회의원	이용우	고지거부 및 등록제외사항	모		고지거부	0	0		0		0	독립생계유지
202603	3793	DAV7257X	국회의원	국회	국회의원	이원택	토지	본인	답	전북특별자치도 김제시 백구면 유강리 730번지 3,932.10㎡	66845	0		2754		64091	가액변동
202603	3794	DAV7257X	국회의원	국회	국회의원	이원택	토지	본인	답	전북특별자치도 김제시 백구면 유강리 750번지 4,014.30㎡	68644	0		2815		65829	가액변동
202603	3795	DAV7257X	국회의원	국회	국회의원	이원택	토지	배우자	답	전북특별자치도 김제시 백구면 유강리 751번지 3,989.60㎡	68222	0		2804		65418	가액변동
202603	3796	DAV7257X	국회의원	국회	국회의원	이원택	건물	본인	아파트	전북특별자치도 김제시 신풍동 부영아파트3차 건물49.90㎡	66000	0		0		66000	가액변동 없음
202603	3797	DAV7257X	국회의원	국회	국회의원	이원택	건물	배우자	오피스텔(전세(임차)권)	전북특별자치도 전주시 완산구 효자동3가 로자벨시티오피스텔 건물 0.00㎡ (건물 0.00㎡ 감소)	0	0		0	0	0	주소수정
202603	3798	DAV7257X	국회의원	국회	국회의원	이원택	건물	배우자	오피스텔(전세(임차)권)	전북특별자치도 전주시 완산구 효자동3가로자벨시티오피스텔 건물 380.00㎡	165000	0		0		165000	주소수정
202603	3799	DAV7257X	국회의원	국회	국회의원	이원택	건물	모	단독주택	전북특별자치도 김제시 백구면 삼정리 건물 79.00㎡ (건물79.00㎡ 증가)	0	3900		0		3900	건물지분추가
202603	3800	DAV7257X	국회의원	국회	국회의원	이원택	부동산에 관한 규정이 준용되는 권리와 자동차·건설기계·선박 및 항공기	배우자	자동차	2014년식 YF소나타 배기량(1,999cc)	5480	0		330		5150	가액변동
202603	3801	DAV7257X	국회의원	국회	국회의원	이원택	예금	본인		농협은행 21,349(14,362 증가), 농협중앙회 10,307(3,299감소), 메리츠화재해상보험(보험) 2,370(360 증가), 미래에셋증권 117(2 증가), 삼성화재해상보험 36,192, 전북은행 20,008(16,124 증가), 현대해상화재보험 58,912(1,993 증가)	119713	39950		10408		149255	급여저축 증가
202603	3802	DAV7257X	국회의원	국회	국회의원	이원택	예금	배우자		DB손해보험(주) 16,600(600 증가), KB증권 5, 교보증권 5,농협생명보험 99,086(380 증가), 농협은행 89,925(13,675 증가), 농협중앙회 48(1 증가), 대한지방행정공제회 311,349(35,915 증가), 삼성생명보험 6,771,신한라이프생명보험 102,342(3,818 증가),처브라이프생명 24,200(1,100 증가),한화생명보험주식회사 12,012	606854	337266		281777		662343	급여저축 증가
202603	3803	DAV7257X	국회의원	국회	국회의원	이원택	예금	모		농협중앙회 1,161(282 증가)	879	282		0		1161	급여저축 증가
202603	3804	DAV7257X	국회의원	국회	국회의원	이원택	예금	장녀		국민은행 1, 농협은행 9,370(600 증가), 농협중앙회 4(15 감소), 업비트 0(14 감소), 주식회사 카카오뱅크 380(355증가)	8829	955		29		9755	급여저축 증가
202603	3805	DAV7257X	국회의원	국회	국회의원	이원택	예금	차녀		(주)KEB하나은행 63(249 감소), 농협은행 9,389(615 증가), 주식회사 카카오뱅크 7(642 감소), 토스뱅크(주)926(926 증가)	9735	1541		891		10385	급여저축 증가
202603	3806	DAV7257X	국회의원	국회	국회의원	이원택	정치자금법에 따른 정치자금의 수입 및 지출을 위한 예금계좌의 예금	본인		농협중앙회 3,455(952 감소)	4407	0		952		3455	의정활동 지출
202603	3807	DAV7257X	국회의원	국회	국회의원	이원택	채권	본인		사인간채권 증가	131300	80000		0		211300	정치자금계좌 차입 증가
202603	3808	DAV7257X	국회의원	국회	국회의원	이원택	채무	본인	금융채무	농협은행 20,000(9,160 감소), 전북은행 100,000(100,000증가)	29160	100000		9160		120000	신규대출
202603	3809	DWK26447	국회의원	국회	국회의원	이인선	토지	본인	하천	대구광역시 달성군 가창면 행정리 437-1번지 638.00㎡ 중212.00㎡	23150	276		0		23426	공시지가 반영
202603	3810	DWK26447	국회의원	국회	국회의원	이인선	토지	본인	하천	대구광역시 달성군 가창면 행정리 1061-7번지 325.00㎡ 중108.30㎡	33324	119		0		33443	공시지가 반영
202603	3811	DWK26447	국회의원	국회	국회의원	이인선	토지	본인	대지	대구광역시 달서구 장기동 118-3번지 27.00㎡ 중 6.75㎡	5698	40		0		5738	공시지가 반영
202603	3812	DWK26447	국회의원	국회	국회의원	이인선	토지	본인	하천	대구광역시 달성군 가창면 행정리 1061-16번지 8,263.00㎡중 2,754.33㎡	300773	3580		0		304353	공시지가 반영
202603	3813	DWK26447	국회의원	국회	국회의원	이인선	토지	배우자	대지	대구광역시 달서구 장기동 118-3번지 27.00㎡ 중 6.75㎡	5698	40		0		5738	공시지가 반영
202603	3814	DWK26447	국회의원	국회	국회의원	이인선	건물	본인	공장	대구광역시 달서구 장기동 대지 1,011.00㎡ 중 252.75㎡건물 609.76㎡ 중 152.44㎡	433721	3438		0		437159	공시가격 반영
202603	3815	DWK26447	국회의원	국회	국회의원	이인선	건물	본인	오피스텔(전세(임차)권)	서울특별시 마포구 신공덕동 마포케이씨씨웰츠타워 대지8.07㎡ 건물 45.42㎡	20000	0		0		20000	
202603	3816	DWK26447	국회의원	국회	국회의원	이인선	건물	본인	사무실(전세(임차)권)	대구광역시 수성구 지산동 5층 건물 266.40㎡	20000	0		0		20000	
202603	3817	DWK26447	국회의원	국회	국회의원	이인선	건물	배우자	상가(전세(임차)권)	대구광역시 중구 남산동 신남빌딩 2층 건물 1,235.00㎡	50000	0		0		50000	
202603	3818	DWK26447	국회의원	국회	국회의원	이인선	건물	배우자	아파트	대구광역시 수성구 수성동3가 수성 코오롱 하늘채 건물149.81㎡	832000	0		5000		827000	공시가격 반영
202603	3819	DWK26447	국회의원	국회	국회의원	이인선	건물	배우자	공장	대구광역시 달서구 장기동 대지 1,011.00㎡ 중 252.75㎡건물 609.76㎡ 중 152.44㎡	433721	3438		0		437159	공시가격 반영
202603	3820	DWK26447	국회의원	국회	국회의원	이인선	부동산에 관한 규정이 준용되는 권리와 자동차·건설기계·선박 및 항공기	본인	자동차	2008년식 제네시스380 배기량(3,280cc) 감소	36	0		36	10	0	매도
202603	3821	DWK26447	국회의원	국회	국회의원	이인선	부동산에 관한 규정이 준용되는 권리와 자동차·건설기계·선박 및 항공기	본인	자동차	2025년식 쏘나타(SONATA) 배기량(1,999cc) 증가	0	33798	34140	0		33798	매입
202603	3822	DWK26447	국회의원	국회	국회의원	이인선	부동산에 관한 규정이 준용되는 권리와 자동차·건설기계·선박 및 항공기	본인	자동차	2023년식 카니발 배기량(3,470cc) 증가	0	20490	27400	0		20490	매입
202603	3823	DWK26447	국회의원	국회	국회의원	이인선	부동산에 관한 규정이 준용되는 권리와 자동차·건설기계·선박 및 항공기	배우자	자동차	2015년식 E300 배기량(3,500cc)	17240	0		2170		15070	
202603	3824	DWK26447	국회의원	국회	국회의원	이인선	부동산에 관한 규정이 준용되는 권리와 자동차·건설기계·선박 및 항공기	배우자	자동차	2020년식 G80 배기량(2,497cc)	32520	130		0		32650	
202603	3825	DWK26447	국회의원	국회	국회의원	이인선	부동산에 관한 규정이 준용되는 권리와 자동차·건설기계·선박 및 항공기	배우자	자동차	2008년식 제네시스380 배기량(3,280cc) 감소	3594	0		3594	990	0	매도
202603	3826	DWK26447	국회의원	국회	국회의원	이인선	예금	본인		(주)KB손해보험 2,669(691 증가), 농협은행 18,602(1,705증가), 메트라이프생명보험 132,227(122,427 증가), 삼성생명보험 264,581(75 증가), 삼성증권 36,342(7,800 증가), 새마을금고중앙회 15,529(5,136 증가), 신용협동조합중앙회 40,000(1,183 감소), 신용협동조합중앙회 신용공제사업부 1(62,399 감소), 신한라이프생명보험 1,200(1,200 증가), 신한은행 4,씨티은행 0(7,366 감소), 아이엠뱅크 377,088(114,500 증가), 주식회사 아이엠라이프생명보험 125,636(19,714 증가), 한국교직원공제회 329,532(11,410 감소), 한화생명보험주식회사 359,606(9,740 증가),한화손해보험 4,448(1,484 증가), 한화투자증권 46(1증가), 흥국생명보험 5,535	1510931	466761		264646		1713046	급여저축 및 생활비 지출
202603	3827	DWK26447	국회의원	국회	국회의원	이인선	예금	배우자		국민은행 62,170(1,581 감소), 미래에셋생명보험 17,258(50,638 감소), 삼성생명보험 109,630(98,800 증가), 삼성증권 486,864(151,889 감소),신용협동조합중앙회 40,008(1,791 감소), 씨티은행 4,979(54,396 감소), 아이엠뱅크 102,190(49,804 증가),에이비엘생명보험 27,065(32,935 감소), 유진투자증권 139,449(51,913 증가), 한화투자증권 31,현대해상화재보험 23,881(1,592 증가), 흥국생명보험875,000, 흥국화재해상보험(주) 300,000	2279646	488306		579427		2188525	급여저축 및 생활비 지출
202603	3828	DWK26447	국회의원	국회	국회의원	이인선	정치자금법에 따른 정치자금의 수입 및 지출을 위한 예금계좌의 예금	본인		농협은행 146,169(104,597 증가)	41572	104597		0		146169	후원금 변동
202603	3829	DWK26447	국회의원	국회	국회의원	이인선	증권	본인	회사채	DGBFG조건부(상)6(신종-영구-5콜) 98,522,000주	98522	0		0		98522	평가액 변동 등
202603	3830	DWK26447	국회의원	국회	국회의원	이인선	증권	본인	기타(채권)	CMA(자유형) 0주(6,069,720주 감소)	6069	0		6069		0	평가액 변동 등
202603	3831	DWK26447	국회의원	국회	국회의원	이인선	증권	배우자	상장주식	BYD 1,800주(1,200주 증가), SK바이오팜 0주(20주 감소), 덴티움 0주(15주 감소), 동아쏘시오홀딩스 0주(20주 감소), 디앤디파마텍 0주(68주 감소), 리가켐바이오 0주(11주 감소), 만화화학 1,500주, 바텍 0주(44주 감소), 복성제약 2,000주, 삼성바이오로직스 0주(2주 감소), 서흥 0주(29주 감소), 셀트리온 0주(9주 감소), 아이센스0주(77주 감소), 알파벳ClassC 70주(70주 증가), 에스티팜0주(16주 감소), 에이비엘바이오 0주(80주 감소), 에이비온 0주(382주 감소), 오스코텍 0주(130주 감소), 유바이오로직스 0주(58주 감소), 유한양행 0주(11주 감소), 인벤티지랩 0주(98주 감소), 중국중면 0주(700주 감소), 지아이이노베이션 0주(272주 감소), 테슬라 75주(75주 증가), 한미약품 0주(15주 감소), 한올바이오파마 0주(11주 감소), 휴메딕스 0주(65주 감소), 휴온스 0주(16주 감소), 휴젤 0주(3주 감소)	115836	85236		50159		150913	평가액 변동 등
202603	3832	DWK26447	국회의원	국회	국회의원	이인선	증권	배우자	국채	국고01500-3609(16-6) 121,906,000주,국고01500-5003(20-2) 591,439,000주(305,521,000주증가)	407824	305521		0		713345	평가액 변동 등
202603	3833	DWK26447	국회의원	국회	국회의원	이인선	증권	배우자	금융채	DGB캐피탈69-3 0주(105,485,000주 감소)	105485	0		105485		0	평가액 변동 등
202603	3834	DWK26447	국회의원	국회	국회의원	이인선	증권	배우자	비상장주식	휴코드홀딩스 1,005주	1737	0		19		1718	평가액 변동 등
202603	3835	DWK26447	국회의원	국회	국회의원	이인선	증권	배우자	기타(채권)	T1.2505/15/50 0주, 협의식자유형117,285,860주(56,812,717주 증가)	60473	153920		0		214393	평가액 변동 등
202603	3836	DWK26447	국회의원	국회	국회의원	이인선	채권	배우자		사인간채권 감소	386000	0		24000		362000	일부환수
202603	3837	DWK26447	국회의원	국회	국회의원	이인선	채무	본인	금융채무	아이엠뱅크 110,000	110000	0		0		110000	
202603	3838	DWK26447	국회의원	국회	국회의원	이인선	채무	본인	건물임대채무	대구광역시 달서구 장기동 임대보증금	8750	0		0		8750	
202603	3839	DWK26447	국회의원	국회	국회의원	이인선	채무	배우자	금융채무	아이엠뱅크 110,000	110000	0		0		110000	
202603	3840	DWK26447	국회의원	국회	국회의원	이인선	채무	배우자	건물임대채무	대구광역시 달서구 장기동 임대보증금	8750	0		0		8750	
202603	3841	DWK26447	국회의원	국회	국회의원	이인선	고지거부 및 등록제외사항	장남		고지거부	0	0		0		0	독립생계유지
202603	3842	3ZR4438W	국회의원	국회	국회의원	이인영	건물	본인	근린생활시설(전세(임차)권)	서울특별시 구로구 개봉동 건물 151.94㎡	30000	0		0		30000	
202603	3843	3ZR4438W	국회의원	국회	국회의원	이인영	건물	배우자	아파트	서울특별시 구로구 오류동 동부골든아파트 건물 71.06㎡	305000	0		5000		300000	가액변동
202603	3844	3ZR4438W	국회의원	국회	국회의원	이인영	건물	모	아파트	충청북도 충주시 칠금동 코오롱동신아파트 건물 75.63㎡	119000	6000		0		125000	가액변동
202603	3845	3ZR4438W	국회의원	국회	국회의원	이인영	건물	장남	다가구주택(전세(임차)권)	서울특별시 용산구 용산동2가 건물 63.80㎡ 중 26.61㎡	10000	0		0		10000	
202603	3846	3ZR4438W	국회의원	국회	국회의원	이인영	부동산에 관한 규정이 준용되는 권리와 자동차·건설기계·선박 및 항공기	본인	자동차	2018년식 니로 하이브리드 배기량(1,580cc)	9520	0		840		8680	가액변동
202603	3847	3ZR4438W	국회의원	국회	국회의원	이인영	예금	본인		국민은행 207,159(1,798 증가), 농협은행 135,967(56,975증가), 새마을금고중앙회 134, 신용협동조합중앙회 251,우리은행 20, 우체국 2,592, 케이뱅크 96	287446	325509		266736		346219	저축
202603	3848	3ZR4438W	국회의원	국회	국회의원	이인영	예금	배우자		(주)KEB하나은행 2,970(50,120 감소),(주)카카오페이증권 1,941(1,941 증가), AIA생명보험주식회사 38,550(1,800 증가), NH투자증권 16,001(16,001 증가), 농협중앙회 9, 새마을금고중앙회5,417(1,146 증가), 신용협동조합중앙회 100,628(46,811 증가), 신한라이프생명보험 29,056(1,563 증가), 신한은행 13,849(97,595 감소), 우체국 4,428,유진투자증권 12, 주식회사 카카오뱅크 108,201(76,176증가), 중소기업은행 180, 케이뱅크 97,171(33,125 증가), 토스뱅크(주) 9(420 감소), 한화생명보험주식회사 16,509(585 증가), 현대해상화재보험 207(207 증가)	403918	289134		257914		435138	저축
202603	3849	3ZR4438W	국회의원	국회	국회의원	이인영	예금	모		국민은행 1,866(485 감소)	2351	401		886		1866	저축
202603	3850	3ZR4438W	국회의원	국회	국회의원	이인영	예금	장남		(주)KEB하나은행 757(647 증가), 신한은행 30(14,380감소), 유진투자증권 4, 토스뱅크(주) 6(6 증가)	14524	673		14400		797	저축
202603	3851	3ZR4438W	국회의원	국회	국회의원	이인영	정치자금법에 따른 정치자금의 수입 및 지출을 위한 예금계좌의 예금	본인		농협은행 100,521(47,889 감소)	148410	0		47889		100521	의정활동 정치자금 지출
202603	3852	3ZR4438W	국회의원	국회	국회의원	이인영	증권	배우자	상장주식	KOTC_현대아산 4주, 카카오보통주 3주(3주 증가)	58	193		0		251	가액변동
202603	3853	3ZR4438W	국회의원	국회	국회의원	이인영	증권	장남	상장주식	KOTC_현대아산 3주	44	9		0		53	가액변동
202603	3854	3ZR4438W	국회의원	국회	국회의원	이인영	비영리법인에 출연한 재산	본인	출연	사단법인 통일걷기, 출연재산: 5,000천원, 보유직위: 없음	-	-		-		-	
202603	3855	3ZR4438W	국회의원	국회	국회의원	이인영	비영리법인에 출연한 재산	배우자	출연	천천히 동네부엌 협동조합, 출연재산: 4,000천원,보유직위: 이사장	-	-		-		-	
202603	3856	3LP22204	국회의원	국회	국회의원	이재강	건물	본인	아파트(전세(임차)권)	경기도 의정부시 신곡동 장암주공5단지 건물 59.47㎡	171000	0		0		171000	이사
202603	3857	3LP22204	국회의원	국회	국회의원	이재강	건물	본인	상가(전세(임차)권)	경기도 의정부시 민락동 태원프라자 대지 0.00㎡ 건물 0.00㎡ (대지 70.00㎡ 감소, 건물 345.10㎡ 감소)	10000	0		10000		0	전세계약 만료
202603	3858	3LP22204	국회의원	국회	국회의원	이재강	건물	본인	근린생활시설(전세(임차)권)	경기도 의정부시 금오동 금강프라자빌딩 604호 건물84.82㎡ (건물 84.82㎡ 증가)	0	10000		0		10000	전세계약 만료로 인한 사무실 이전
202603	3859	3LP22204	국회의원	국회	국회의원	이재강	건물	배우자	아파트	부산광역시 연제구 연산동 연산엘지 건물 175.98㎡	316000	0		7000		309000	가액변동
202603	3860	3LP22204	국회의원	국회	국회의원	이재강	예금	본인		(주)카카오페이증권 5(5 증가), 농협은행 34,970(15,665 증가), 신용협동조합중앙회 113(2 증가)	19416	15672		0		35088	운영비, 더민초회비 증가 및 근로소득 저축
202603	3861	3LP22204	국회의원	국회	국회의원	이재강	예금	배우자		(주)KEB하나은행 87,490(20,087 증가), 국민은행 6,농협중앙회 5(5 증가), 부산은행 26, 삼성생명보험 6,324	73759	20092		0		93851	운영비, 더민초회비 증가 및 근로소득 저축
202603	3862	3LP22204	국회의원	국회	국회의원	이재강	예금	모		농협은행 6, 부산은행 28(438 감소), 새마을금고중앙회29(300 감소)	801	0		738		63	운영비, 더민초회비 증가 및 근로소득 저축
202603	3863	3LP22204	국회의원	국회	국회의원	이재강	정치자금법에 따른 정치자금의 수입 및 지출을 위한 예금계좌의 예금	본인		농협중앙회 32,824(8,959 증가)	23865	8959		0		32824	정치자금
202603	3864	3LP22204	국회의원	국회	국회의원	이재강	채무	본인	금융채무	농협은행 222,500(77,502 감소)	300002	0		77502		222500	근로소득으로 인한 채무감소
202603	3865	3LP22204	국회의원	국회	국회의원	이재강	고지거부 및 등록제외사항	장녀		고지거부	0	0		0		0	독립생계유지
202603	3866	RKS3658I	국회의원	국회	국회의원	이재관	토지	모	답	충청남도 천안시 동남구 광덕면 무학리 205번지2,909.00㎡	82325	2036		0		84361	가액변동
202603	3867	RKS3658I	국회의원	국회	국회의원	이재관	토지	모	창고용지	충청남도 천안시 동남구 광덕면 무학리 218-1번지351.00㎡	11653	351		0		12004	가액변동
202603	3868	RKS3658I	국회의원	국회	국회의원	이재관	토지	모	답	충청남도 천안시 동남구 광덕면 무학리 218-2번지400.00㎡	9040	240		0		9280	가액변동
202603	3869	RKS3658I	국회의원	국회	국회의원	이재관	토지	모	전	충청남도 천안시 동남구 광덕면 무학리 218-6번지1,999.00㎡	48576	1199		0		49775	가액변동
202603	3870	RKS3658I	국회의원	국회	국회의원	이재관	토지	모	전	충청남도 천안시 동남구 광덕면 무학리 220-1번지420.00㎡	11886	294		0		12180	가액변동
202603	3871	RKS3658I	국회의원	국회	국회의원	이재관	토지	모	도로	충청남도 천안시 동남구 광덕면 무학리 220-2번지 13.00㎡	101	3		0		104	가액변동
202603	3872	RKS3658I	국회의원	국회	국회의원	이재관	토지	모	도로	충청남도 천안시 동남구 광덕면 무학리 220-3번지 13.00㎡	101	3		0		104	가액변동
202603	3873	RKS3658I	국회의원	국회	국회의원	이재관	토지	모	임야	충청남도 천안시 동남구 광덕면 무학리 264-1번지3,711.00㎡	21412	372		0		21784	가액변동
202603	3874	RKS3658I	국회의원	국회	국회의원	이재관	건물	본인	아파트	세종특별자치시 다정동 가온마을6단지 건물 59.98㎡	272000	0		0		272000	변동없음
202603	3875	RKS3658I	국회의원	국회	국회의원	이재관	건물	본인	아파트(전세(임차)권)	충청남도 천안시 서북구 두정동 두정역 효성해링턴플레이스 건물 71.40㎡	240000	0		0		240000	변동없음
202603	3876	RKS3658I	국회의원	국회	국회의원	이재관	건물	본인	근린생활시설	충청남도 천안시 동남구 광덕면 무학리 대지 959.00㎡ 중239.75㎡ 건물 98.06㎡ 중 24.51㎡	14375	4150		0		18525	가액변동
202603	3877	RKS3658I	국회의원	국회	국회의원	이재관	건물	본인	사무실(전세(임차)권)	충청남도 천안시 서북구 두정동 말우물빌딩 대지1,537.40㎡ 건물 5,166.44㎡	20000	0		0		20000	변동없음
202603	3878	RKS3658I	국회의원	국회	국회의원	이재관	건물	모	창고	충청남도 천안시 동남구 광덕면 무학리 농산물간이집하장건물 172.80㎡	2937	0		0		2937	변동없음
202603	3879	RKS3658I	국회의원	국회	국회의원	이재관	건물	모	근린생활시설	충청남도 천안시 동남구 광덕면 무학리 대지 959.00㎡ 중479.50㎡ 건물 98.06㎡ 중 49.03㎡	28750	450		0		29200	변동없음
202603	3880	RKS3658I	국회의원	국회	국회의원	이재관	건물	모	상가	충청남도 천안시 신부동 캐럿21 건물 10.16㎡	8523	55		0		8578	가액변동
202603	3881	RKS3658I	국회의원	국회	국회의원	이재관	건물	모	상가	충청남도 천안시 신부동 캐럿21 건물 10.17㎡	8523	55		0		8578	가액변동
202603	3882	RKS3658I	국회의원	국회	국회의원	이재관	건물	장남	아파트(전세(임차)권)	서울특별시 관악구 봉천동 성현동아아파트 건물 59.88㎡중 29.88㎡	170000	0		0		170000	변동없음
202603	3883	RKS3658I	국회의원	국회	국회의원	이재관	건물	장녀	아파트(전세(임차)권)	서울특별시 관악구 봉천동 성현동아아파트 건물 59.88㎡중 29.88㎡	170000	0		0		170000	변동없음
202603	3884	RKS3658I	국회의원	국회	국회의원	이재관	부동산에 관한 규정이 준용되는 권리와 자동차·건설기계·선박 및 항공기	본인	자동차	2014년식 싼타페 2.0(2WD) 배기량(1,955cc)	7750	0		630		7120	가액변동
202603	3885	RKS3658I	국회의원	국회	국회의원	이재관	예금	본인		(주)KB손해보험 812(383 증가), 농협생명보험 23,800(2,400 증가), 농협은행 24,814(15,720 증가),농협중앙회 17,112(4,264 감소), 롯데손해보험 279(146 증가), 메리츠화재해상보험(보험) 4,544(1,474 증가), 메트라이프생명보험 15,600(15,600 증가), 삼성생명보험 6,495, 신용협동조합중앙회 361(103 증가), 우리은행 23	62278	35826		4264		93840	급여 및 생활자금으로 인한 변동
202603	3886	RKS3658I	국회의원	국회	국회의원	이재관	예금	모		농협중앙회 16,088(9,274 감소), 새마을금고중앙회18,886(372 증가)	43876	1098		10000		34974	급여 및 생활자금으로 인한 변동
202603	3887	RKS3658I	국회의원	국회	국회의원	이재관	예금	장남		우리은행 17,595(11,193 증가), 토스증권(주) 5,502(3,648 증가), 현대해상화재보험 7,495(1,285 증가)	14466	16473		347		30592	급여 및 생활자금으로 인한 변동
202603	3888	RKS3658I	국회의원	국회	국회의원	이재관	예금	장녀		신한은행 8,896(4,000 증가), 주식회사 카카오뱅크 756(86 증가), 현대해상화재보험 7,083(1,214 증가)	11435	5429		129		16735	급여 및 생활자금으로 인한 변동
202603	3889	RKS3658I	국회의원	국회	국회의원	이재관	정치자금법에 따른 정치자금의 수입 및 지출을 위한 예금계좌의 예금	본인		농협중앙회 76,381(50,026 증가)	26355	50026		0		76381	후원과 차입금 및 의정활동으로 인한 지출
202603	3890	RKS3658I	국회의원	국회	국회의원	이재관	증권	장남	상장주식	TSMC(ADR) 0주(1주 감소), 월마트 5주(5주 증가),팔란티어 22.264464주(18.264464주 증가)	735	6032		290		6477	평가액 변동 및 추가 매매
202603	3891	RKS3658I	국회의원	국회	국회의원	이재관	채권	본인		사인간채권 증가	15000	15050		0		30050	생활자금 대여
202603	3892	RKS3658I	국회의원	국회	국회의원	이재관	채권	모		사인간채권	20000	0		0		20000	미환수로 인한 변동없음
202603	3893	RKS3658I	국회의원	국회	국회의원	이재관	채무	본인		사인간채무	20000	0		0		20000	미환수로 인한 변동없음
202603	3894	RKS3658I	국회의원	국회	국회의원	이재관	채무	본인	금융채무	농협은행 0(20,994 감소)	20994	0		20994		0	대출 상환
202603	3895	RKS3658I	국회의원	국회	국회의원	이재관	채무	본인	건물임대채무	세종특별자치시 다정동 가온마을6단지 임대보증금	250000	0		0		250000	변동없음
202603	3896	RKS3658I	국회의원	국회	국회의원	이재관	채무	모	건물임대채무	충청남도 천안시 동남구 광덕면 무학리 농산물간이집하장임대보증금	5000	0		0		5000	변동없음
202603	3897	UQ282145	국회의원	국회	국회의원	이재정	토지	본인	전	충청북도 단양군 적성면 1013-22번지 5,593.00㎡ 중3,681.00㎡	26834	368		0		27202	가액변동
202603	3898	UQ282145	국회의원	국회	국회의원	이재정	토지	본인	전	충청북도 단양군 적성면 1013-1번지 4,723.00㎡ 중1,889.00㎡	38913	567		0		39480	가액변동
202603	3899	UQ282145	국회의원	국회	국회의원	이재정	토지	본인	전	충청북도 단양군 적성면 1013-71번지 3,095.00㎡ 중1,238.00㎡	23645	372		0		24017	가액변동
202603	3900	UQ282145	국회의원	국회	국회의원	이재정	토지	본인	전	충청북도 단양군 적성면 1013-72번지 1,773.00㎡ 중709.20㎡	14822	213		0		15035	가액변동
202603	3901	UQ282145	국회의원	국회	국회의원	이재정	토지	본인	전	충청북도 단양군 적성면 1013-73번지 908.00㎡ 중363.20㎡	7590	109		0		7699	가액변동
202603	3902	UQ282145	국회의원	국회	국회의원	이재정	토지	본인	전	충청북도 단양군 적성면 1013-74번지 1,320.00㎡ 중528.00㎡	11035	158		0		11193	가액변동
202603	3903	UQ282145	국회의원	국회	국회의원	이재정	토지	본인	전	충청북도 단양군 적성면 1013-75번지 1,279.00㎡ 중511.60㎡	10692	153		0		10845	가액변동
202603	3904	UQ282145	국회의원	국회	국회의원	이재정	토지	본인	전	충청북도 단양군 적성면 1013-87번지 56.00㎡ 중 15.87㎡	115	2		0		117	가액변동
202603	3905	UQ282145	국회의원	국회	국회의원	이재정	토지	본인	과수원	경상남도 창원시 마산합포구 진전면 1380-16번지 478.00㎡중 478.00㎡	12189	47		0		12236	가액변동
202603	3906	UQ282145	국회의원	국회	국회의원	이재정	토지	본인	전	충청북도 단양군 적성면 1013-76번지 1,367.00㎡ 중546.80㎡	3986	54		0		4040	가액변동
202603	3907	UQ282145	국회의원	국회	국회의원	이재정	건물	본인	아파트	경기도 안양시 동안구 호계동 호계2차현대홈타운 건물115.07㎡	461000	20000		0		481000	가액변동
202603	3908	UQ282145	국회의원	국회	국회의원	이재정	건물	배우자	다세대주택	서울특별시 종로구 원서동 제4층 대지 14.97㎡ 건물39.40㎡	260000	0		0		260000	업무용 사무실로 사용
202603	3909	UQ282145	국회의원	국회	국회의원	이재정	부동산에 관한 규정이 준용되는 권리와 자동차·건설기계·선박 및 항공기	본인	자동차	2015년식 티구안 2.0 TDI 배기량(2,000cc)	10266	0		1198		9068	가액변동
202603	3910	UQ282145	국회의원	국회	국회의원	이재정	부동산에 관한 규정이 준용되는 권리와 자동차·건설기계·선박 및 항공기	배우자	자동차	2015년식 티구안 2.0 TDI 배기량(2,000cc)	107	0		16		91	가액변동
202603	3911	UQ282145	국회의원	국회	국회의원	이재정	부동산에 관한 규정이 준용되는 권리와 자동차·건설기계·선박 및 항공기	배우자	자동차	2018년식 그랜져IG 배기량(2,359cc)	6710	0		740		5970	가액변동
202603	3912	UQ282145	국회의원	국회	국회의원	이재정	예금	본인		(주)KB손해보험 24,380(2,850 증가), (주)KEB하나은행 834(655 증가), 농협은행 2,338(502 증가), 농협중앙회 4,신용협동조합중앙회 143, 신한은행 16,104(3,238 증가),키움증권 617(8 증가), 현대해상화재보험 8,287(737 증가)	44717	7990		0		52707	급여저축 및 생활비 지출 등
202603	3913	UQ282145	국회의원	국회	국회의원	이재정	예금	배우자		(주)KEB하나은행 1,986(351 감소), (주)카카오페이증권 2,190(1,682 증가), 삼성생명보험 27,479(4,781 증가),신한은행 60,303(17,303 감소), 우리은행 3,916(165증가), 주식회사 카카오뱅크 1(16 감소)	106917	11308		22350		95875	급여저축 및 생활비 지출 등
202603	3914	UQ282145	국회의원	국회	국회의원	이재정	예금	장남		신한은행 11,688(4,474 증가)	7214	4474		0		11688	급여저축 및 생활비 지출 등
202603	3915	UQ282145	국회의원	국회	국회의원	이재정	정치자금법에 따른 정치자금의 수입 및 지출을 위한 예금계좌의 예금	본인		농협은행 72,545(104,001 감소)	176546	0		104001		72545	의정활동 지출
202603	3916	UQ282145	국회의원	국회	국회의원	이재정	채무	본인	금융채무	(주)KEB하나은행 16,860(7,090 감소), 신한은행282,987(16,350 감소)	323287	0		23440		299847	일부상환
202603	3917	UQ282145	국회의원	국회	국회의원	이재정	채무	배우자	금융채무	우리은행 115,236(2,086 감소)	117322	0		2086		115236	일부상환
202603	3918	O0I2045I	국회의원	국회	국회의원	이정문	토지	배우자	답	충청북도 괴산군 청안면 읍내리 373-2번지 2,813.00㎡ 중1,406.50㎡	37835	141		0		37976	가액 변동
202603	3919	O0I2045I	국회의원	국회	국회의원	이정문	토지	배우자	답	충청북도 괴산군 청안면 읍내리 372-2번지 1,534.00㎡ 중767.00㎡	22550	77		0		22627	가액 변동
202603	3920	O0I2045I	국회의원	국회	국회의원	이정문	건물	본인	근린생활시설(전세(임차)권)	충청남도 천안시 서북구 쌍용동 진솔빌딩 건물 505.27㎡중 200.00㎡	20000	0		0		20000	변동없음 (전세금)
202603	3921	O0I2045I	국회의원	국회	국회의원	이정문	건물	배우자	아파트(전세(임차)권)	충청남도 천안시 서북구 불당동불당마을동일하이빌아파트 건물 84.99㎡	300000	0		0		300000	변동없음 (전세금)
202603	3922	O0I2045I	국회의원	국회	국회의원	이정문	건물	모	아파트	충청남도 천안시 서북구 두정동 극동늘푸른아파트 건물59.91㎡	100000	0		0		100000	가액 변동 없음
202603	3923	O0I2045I	국회의원	국회	국회의원	이정문	부동산에 관한 규정이 준용되는 권리와 자동차·건설기계·선박 및 항공기	본인	자동차	2007년식 베라크루즈 배기량(2,959cc)	3620	0		520		3100	가액변동
202603	3924	O0I2045I	국회의원	국회	국회의원	이정문	부동산에 관한 규정이 준용되는 권리와 자동차·건설기계·선박 및 항공기	배우자	자동차	2016년식 G80 배기량(3,778cc) 증가	0	20910	22000	0		20910	매입
202603	3925	O0I2045I	국회의원	국회	국회의원	이정문	예금	본인		(주)KB손해보험 3,775(546 증가), AIA생명보험주식회사 29,878(1,290 증가), 농협은행 819(265 증가), 농협중앙회6(142 감소), 신한은행 36,315(35,157 증가),현대해상화재보험 3,600	37277	37323		207		74393	급여저축 및 일부 채무변제
202603	3926	O0I2045I	국회의원	국회	국회의원	이정문	예금	배우자		농협은행 0(3,620 감소), 농협중앙회 5,088(1,555 증가),미래에셋생명보험 2,787(1,673 증가), 씨티은행 90,한화생명보험주식회사 40,940(1,646 증가)	47651	4874		3620		48905	급여저축 및 일부 채무변제
202603	3927	O0I2045I	국회의원	국회	국회의원	이정문	예금	모		농협중앙회 14,460(3,301 증가), 우체국 11(1,069 감소)	12239	3301		1069		14471	급여저축 및 일부 채무변제
202603	3928	O0I2045I	국회의원	국회	국회의원	이정문	예금	장남		국민은행 28(27 감소), 농협중앙회 768, 중소기업은행6,620(550 증가)	6893	550		27		7416	급여저축 및 일부 채무변제
202603	3929	O0I2045I	국회의원	국회	국회의원	이정문	예금	장녀		농협중앙회 963, 신한은행 96(203 감소), 중소기업은행6,620(550 증가)	7332	550		203		7679	급여저축 및 일부 채무변제
202603	3930	O0I2045I	국회의원	국회	국회의원	이정문	정치자금법에 따른 정치자금의 수입 및 지출을 위한 예금계좌의 예금	본인		농협은행 162,035(95,527 증가)	66508	95527		0		162035	후원금 변동
202603	3931	O0I2045I	국회의원	국회	국회의원	이정문	채권	배우자		사인간채권	10000	0		0		10000	변동없음
202603	3932	O0I2045I	국회의원	국회	국회의원	이정문	채무	본인		사인간채무 증가	30000	40000		0		70000	주택구입자금 (2026년 01월)
202603	3933	O0I2045I	국회의원	국회	국회의원	이정문	채무	본인	금융채무	AIA생명보험주식회사 9,650, 농협은행 30,000, 삼성카드3,568(147 증가), 신한은행 98,101(11,459 증가),주식회사 카카오뱅크 2,993(3 감소)	132709	15027		3424		144312	가계대출
202603	3934	O0I2045I	국회의원	국회	국회의원	이정문	채무	배우자		사인간채무 감소	30000	0		12000		18000	일부 채무변제
202603	3935	O0I2045I	국회의원	국회	국회의원	이정문	채무	배우자	금융채무	비엠더블유파이낸셜서비스코리아 20,428(20,428 증가)	0	20428		0		20428	차량 구입
202603	3936	5762459L	국회의원	국회	국회의원	이정헌	건물	본인	사무실(전세(임차)권)	서울특별시 광진구 중곡동 금강빌딩 건물 82.50㎡	20000	0		0		20000	
202603	3937	5762459L	국회의원	국회	국회의원	이정헌	건물	본인	아파트(전세(임차)권)	서울특별시 광진구 광장동 워커힐푸르지오 건물 92.40㎡	800000	0		0		800000	
202603	3938	5762459L	국회의원	국회	국회의원	이정헌	건물	모	아파트	광주광역시 서구 풍암동 풍암부영2차 건물 80.19㎡	223000	0		0		223000	
202603	3939	5762459L	국회의원	국회	국회의원	이정헌	예금	본인		(주)카카오페이증권 1(21 감소), KB라이프생명보험 50,979(2,023 증가), 교보생명보험 45,698(1,514 증가),농협은행 15,712(15,676 증가), 미래에셋증권 190,983(26,831 증가), 삼성생명보험 8,358,중소기업은행 3,420(17,420 감소)	286548	46052		17449		315151	급여저축 및 생활비 지출 등
202603	3940	5762459L	국회의원	국회	국회의원	이정헌	예금	배우자		KB라이프생명보험 13,008(5,678 감소), 미래에셋증권 33,055(12,563 증가), 수협중앙회 46, 신한은행 77(41증가), 전북은행 452(1 증가), 중소기업은행 1,629(49증가), 케이뱅크 6,974(6,725 증가), 코인원 1,한국투자증권 22	41563	20446		6745		55264	급여저축 및 생활비 지출 등
202603	3941	5762459L	국회의원	국회	국회의원	이정헌	예금	모		광주은행 190,042(41,501 감소), 농협중앙회 1	231544	72302		113803		190043	급여저축 및 생활비 지출 등
202603	3942	5762459L	국회의원	국회	국회의원	이정헌	예금	장남		(주)KEB하나은행 15,351(10,851 증가), 미래에셋증권 9,804(9,804 증가), 업비트 0(1,687 감소), 중소기업은행0(7,896 감소), 키움증권 5,829(14,468 감소),토스뱅크(주) 7,850(2,946 증가)	39284	23601		24051		38834	급여저축 및 생활비 지출 등
202603	3943	5762459L	국회의원	국회	국회의원	이정헌	예금	차남		(주)KEB하나은행 2,800(1,200 증가), 전북은행 3,중소기업은행 1,084(436 감소)	3123	1200		436		3887	급여저축 및 생활비 지출 등
202603	3944	5762459L	국회의원	국회	국회의원	이정헌	정치자금법에 따른 정치자금의 수입 및 지출을 위한 예금계좌의 예금	본인		농협은행 60,968(60,968 증가), 중소기업은행 0(32,112감소)	32112	60968		32112		60968	후원금 증가
202603	3945	5762459L	국회의원	국회	국회의원	이정헌	증권	배우자	상장주식	노바백스 50주, 두산로보틱스 3주, 애플 8주	3690	254		108		3836	신규 매입 등
202603	3946	5762459L	국회의원	국회	국회의원	이정헌	증권	배우자	금융채	IBK적립식중금채(1석7조통장) 0주	400	900		0		1300	신규 매입 등
202603	3947	5762459L	국회의원	국회	국회의원	이정헌	증권	장남	상장주식	BITMINEIMMERSIONTECNOLOGIESINC 346주(346주 증가), CIRCLEINTERNETGROUPINC. 15주(15주 증가),MICROSTRATEGY 0주(5주 감소)	2128	15185		2128		15185	신규 매입 등
202603	3948	5762459L	국회의원	국회	국회의원	이정헌	채권	모		사인간채권	120000	0		0		120000	
202603	3949	5762459L	국회의원	국회	국회의원	이정헌	채무	본인		사인간채무	120000	0		0		120000	
202603	3950	5762459L	국회의원	국회	국회의원	이정헌	채무	본인	금융채무	KB라이프생명보험 0(7,800 감소), 중소기업은행 350,000	357800	0		7800		350000	급여상환
202603	3951	5762459L	국회의원	국회	국회의원	이정헌	채무	장남	금융채무	(주)KEB하나은행 45,000(45,000 증가)	0	45000		0		45000	주식 및 가상자산 매입
202603	3952	5762459L	국회의원	국회	국회의원	이정헌	가상자산	배우자		비트코인 0.04143488개(0.04143488개 증가), 엑스알피(리플) 2,852.66799418개(2,852.66799418개 증가), 이더리움 2.96308386개(2.42069271개 증가),카이아 14.973개, 플라즈마 40개(40개 증가)	2717	23216		3		25930	신규 매입 등
202603	3953	5762459L	국회의원	국회	국회의원	이정헌	가상자산	장남		비토르토큰 0개(1,178.81132488개 감소), 비트코인 0.10997939개(0.01659217개 증가), 샌드박스0개(1,169.58247978개 감소), 솔라나68.21271364개(68.21271364개 증가), 온도 파이낸스14,272.71657961개(11,905.67057305개 증가), 테더0.00000087개(0.00000087개 증가), 헤데라160,836.88797265개(117,673.58700145개 증가)	36374	24851		950		60275	신규 매입 등
202603	3954	HSW1214Q	국회의원	국회	국회의원	이종배	토지	본인	임야	경기도 이천시 율면 산양리 422번지 8,450.00㎡ 중2,816.00㎡	39705	0		0		39705	변동없음
202603	3955	HSW1214Q	국회의원	국회	국회의원	이종배	건물	본인	아파트	서울특별시 강남구 개포동 주공아파트 건물 73.26㎡	1536000	199000		0		1735000	가액변동
202603	3956	HSW1214Q	국회의원	국회	국회의원	이종배	건물	본인	상가(전세(임차)권)	충청북도 충주시 문화동 2층 건물 139.01㎡	3000	0		0		3000	변동없음(지역사무실)
202603	3957	HSW1214Q	국회의원	국회	국회의원	이종배	건물	배우자	아파트(전세(임차)권)	충청북도 충주시 봉방동 충주푸르지오 건물 84.96㎡	290000	10000		0		300000	보증금 증가
202603	3958	HSW1214Q	국회의원	국회	국회의원	이종배	부동산에 관한 규정이 준용되는 권리와 자동차·건설기계·선박 및 항공기	본인	자동차	2006년식 소나타 배기량(2,400cc)	920	0		140		780	가액변동
202603	3959	HSW1214Q	국회의원	국회	국회의원	이종배	부동산에 관한 규정이 준용되는 권리와 자동차·건설기계·선박 및 항공기	본인	자동차	2009년식 아반떼 배기량(1,591cc)	2370	0		340		2030	가액변동
202603	3960	HSW1214Q	국회의원	국회	국회의원	이종배	부동산에 관한 규정이 준용되는 권리와 자동차·건설기계·선박 및 항공기	본인	자동차	2020년식 G70 배기량(1,998cc)	19840	0		1560		18280	가액변동
202603	3961	HSW1214Q	국회의원	국회	국회의원	이종배	예금	본인		(주)KEB하나은행 5,716(115 감소), 농협은행 133,915(8,572 감소), 농협중앙회 604, 산림조합중앙회50,000, 상호저축은행중앙회 0(50,000 감소),새마을금고중앙회 100,845(58,220 감소), 신용협동조합중앙회 120(3 증가), 신한라이프생명보험 0(10,584 감소), 한국산업은행 156,422(1,580 증가)	573530	153042		278950		447622	급여저축 및 생활비 지출 등
202603	3962	HSW1214Q	국회의원	국회	국회의원	이종배	예금	배우자		(주)KEB하나은행 15,662(5,711 증가), DB손해보험(주) 5,933(531 증가), NH투자증권 34, 국민은행 15,601(224증가), 산림조합중앙회 50,000, 삼성생명보험 44,816, 상호저축은행중앙회 0(50,000 감소), 새마을금고중앙회 100,699(56,613 감소), 신용협동조합중앙회110,056(3,420 증가), 신한라이프생명보험 56,575(1,145증가), 엔에이치저축은행(주) 2, 키움증권 9,728(8,584 증가), 한국산업은행 206,142(100,402 증가)	601844	270017		256613		615248	급여저축 및 생활비 지출 등
202603	3963	HSW1214Q	국회의원	국회	국회의원	이종배	정치자금법에 따른 정치자금의 수입 및 지출을 위한 예금계좌의 예금	본인		농협중앙회 120,739(20,227 감소)	140966	0		20227		120739	의정활동 지출
202603	3964	HSW1214Q	국회의원	국회	국회의원	이종배	증권	배우자	상장주식	SK텔레콤보통주 70주(70주 증가), 두산에너빌리티보통주 9주(9주 증가), 삼성전자보통주 112주(112주 증가), 현대자동차2우선주(신형) 18주(18주 증가)	0	21675		0		21675	신규매입
202603	3965	HSW1214Q	국회의원	국회	국회의원	이종배	고지거부 및 등록제외사항	장남		고지거부	0	0		0		0	독립생계유지
202603	3966	HSW1214Q	국회의원	국회	국회의원	이종배	고지거부 및 등록제외사항	차남		고지거부	0	0		0		0	독립생계유지
202603	3967	HSW1214Q	국회의원	국회	국회의원	이종배	고지거부 및 등록제외사항	손자1		고지거부	0	0		0		0	독립생계유지
202603	3968	HSW1214Q	국회의원	국회	국회의원	이종배	고지거부 및 등록제외사항	손녀1		고지거부	0	0		0		0	독립생계유지
202603	3969	HSW1214Q	국회의원	국회	국회의원	이종배	고지거부 및 등록제외사항	손녀2		고지거부	0	0		0		0	독립생계유지
202603	3970	NLS46526	국회의원	국회	국회의원	이종욱	토지	모	답	경상남도 김해시 진례면 송현리 145번지 0.00㎡ (932.00㎡감소)	147629	0		147629	85000	0	매도
202603	3971	NLS46526	국회의원	국회	국회의원	이종욱	건물	본인	아파트	경기도 과천시 부림동 건물 83.20㎡ 중 41.60㎡	520500	117000		0		637500	가액변동
202603	3972	NLS46526	국회의원	국회	국회의원	이종욱	건물	본인	아파트(전세(임차)권)	서울특별시 마포구 현석동 강변힐스테이트 건물 114.99㎡	630000	0		0		630000	변동 없음
202603	3973	NLS46526	국회의원	국회	국회의원	이종욱	건물	본인	사무실(전세(임차)권)	경상남도 창원시 진해구 경화동 농협진해시지부 2층 건물186.04㎡	60000	0		0		60000	변동 없음
202603	3974	NLS46526	국회의원	국회	국회의원	이종욱	건물	배우자	아파트	경기도 과천시 부림동 건물 83.20㎡ 중 41.60㎡	520500	117000		0		637500	가액변동
202603	3975	NLS46526	국회의원	국회	국회의원	이종욱	건물	모	아파트	경상남도 창원시 진해구 풍호동 우성아파트 건물 84.77㎡중 84.77㎡	167000	0		0		167000	가액변동 없음
202603	3976	NLS46526	국회의원	국회	국회의원	이종욱	건물	장남	다가구주택(전세(임차)권)	경기도 수원시 영통구 영통동 대지 265.00㎡ 중 0.00㎡ 건물500.00㎡ 중 26.40㎡	5000	0		0		5000	변동 없음
202603	3977	NLS46526	국회의원	국회	국회의원	이종욱	건물	장남	근린생활시설(전세(임차)권)	경기도 수원시 영통구 영통동 대지 223.30㎡ 건물 27.00㎡(대지 223.30㎡ 증가, 건물 27.00㎡ 증가)	0	20000		0		20000	상가 임차
202603	3978	NLS46526	국회의원	국회	국회의원	이종욱	부동산에 관한 규정이 준용되는 권리와 자동차·건설기계·선박 및 항공기	본인	자동차	2014년식 소나타 배기량(1,999cc)	4240	0		470		3770	가액변동
202603	3979	NLS46526	국회의원	국회	국회의원	이종욱	예금	본인		IDB-IIC Federal Credit Union 375, 경남은행 1,178, 교보생명보험 11,778, 국민은행 6,531(132 증가),농협은행 32,310(22,408 증가), 삼성증권 93,541(13,429증가), 주식회사 카카오뱅크 22(96 감소)	109862	37235		1362		145735	급여저축 및 생활비 지출 등
202603	3980	NLS46526	국회의원	국회	국회의원	이종욱	예금	배우자		(주)KB손해보험 11,233(1,426 증가), 국민은행 1,724(1,000 증가), 삼성생명보험 25,030(155 증가),신용협동조합중앙회 172,163(332,000 감소), 신용협동조합중앙회 신용공제사업부 100,000, 우리은행 25(2,697 감소), 우체국 27,486, 중소기업은행 348, 토스뱅크(주) 45,025(61,419 감소), 한화손해보험6,686(994 증가)	782261	103575		496116		389720	급여저축 및 생활비 지출 등
202603	3981	NLS46526	국회의원	국회	국회의원	이종욱	예금	모		경남은행 10,107(5,546 증가), 농협중앙회 124,630(27,825 감소), 삼성생명보험 11,808,새마을금고중앙회 60,005(19 감소), 수협중앙회 50,000,신용협동조합중앙회 40,051(40,000 증가)	278899	217721		200019		296601	급여저축 및 생활비 지출 등
202603	3982	NLS46526	국회의원	국회	국회의원	이종욱	예금	장남		국민은행 44, 농협중앙회 129(358 감소), 신한은행28,037(28,232 감소), 우리은행 15,000, 주식회사카카오뱅크 1,308(8,865 감소)	81973	28086		65541		44518	급여저축 및 생활비 지출 등
202603	3983	NLS46526	국회의원	국회	국회의원	이종욱	예금	장녀		국민은행 135, 중소기업은행 10,380	10515	0		0		10515	급여저축 및 생활비 지출 등
202603	3984	NLS46526	국회의원	국회	국회의원	이종욱	예금	차녀		국민은행 602(1,915 감소), 중소기업은행 10,540	13057	0		1915		11142	급여저축 및 생활비 지출 등
202603	3985	NLS46526	국회의원	국회	국회의원	이종욱	정치자금법에 따른 정치자금의 수입 및 지출을 위한 예금계좌의 예금	본인		농협은행 55,654(23,374 증가)	32280	23374		0		55654	후원금 증가
202603	3986	NLS46526	국회의원	국회	국회의원	이종욱	채권	배우자		사인간채권 감소	20600	0		20600		0	전액 환수
202603	3987	NLS46526	국회의원	국회	국회의원	이종욱	채권	모		사인간채권 증가	130000	40000		0		170000	채권액 증가
202603	3988	NLS46526	국회의원	국회	국회의원	이종욱	채무	본인		사인간채무 증가	130000	40000		0		170000	채무액 증가
202603	3989	NLS46526	국회의원	국회	국회의원	이종욱	채무	본인	건물임대채무	경기도 과천시 부림동 임대보증금 감소	217500	0		217500		0	임대보증금 상환
202603	3990	NLS46526	국회의원	국회	국회의원	이종욱	채무	배우자	건물임대채무	경기도 과천시 부림동 임대보증금 감소	217500	0		217500		0	임대보증금 상환
202603	3991	WI719547	국회의원	국회	국회의원	이주영	토지	본인	대지	대구광역시 북구 침산동 133-11번지 82.00㎡ 중 9.84㎡	11089	738		0		11827	공시지가변동
202603	3992	WI719547	국회의원	국회	국회의원	이주영	건물	본인	복합건물(주택+상가)	대구광역시 북구 침산동 대지 538.00㎡ 중 64.56㎡ 건물602.86㎡ 중 72.35㎡	72078	10430		0		82508	공시가격변동
202603	3993	WI719547	국회의원	국회	국회의원	이주영	건물	배우자	아파트(전세(임차)권)	서울특별시 송파구 신천동 파크리오 건물 144.77㎡	600000	0		0		600000	변동 없음
202603	3994	WI719547	국회의원	국회	국회의원	이주영	건물	배우자	빌딩(전세(임차)권)	서울특별시 강남구 역삼동 미왕빌딩 5층 건물 795.70㎡	400000	0		0		400000	변동 없음
202603	3995	WI719547	국회의원	국회	국회의원	이주영	건물	배우자	아파트	서울시 송파구 올림픽로33길 17 건물 0.00㎡ (건물 46.54㎡감소)	856000	0		856000		0	분양권으로 신고
202603	3996	WI719547	국회의원	국회	국회의원	이주영	건물	배우자	아파트(분양권)	서울특별시 송파구 신천동 잠실르엘 건물 106.82㎡ (건물106.82㎡ 증가)	0	558000		0		558000	분양권 추가
202603	3997	WI719547	국회의원	국회	국회의원	이주영	부동산에 관한 규정이 준용되는 권리와 자동차·건설기계·선박 및 항공기	본인	자동차	2023년식 Q7 배기량(2,995cc)	91880	0		9840		82040	가액 변동
202603	3998	WI719547	국회의원	국회	국회의원	이주영	부동산에 관한 규정이 준용되는 권리와 자동차·건설기계·선박 및 항공기	배우자	자동차	2022년식 S450 배기량(2,999cc)	72283	0		0		72283	변동 없음
202603	3999	WI719547	국회의원	국회	국회의원	이주영	예금	본인		(주)KEB하나은행 619,189(13,171 증가), 국민은행 46,036(59,721 감소), 농협은행 196,955(110,883 증가),메리츠화재해상보험(보험) 18,687(1,162 증가),삼성생명보험 5,985, 삼성화재해상보험 566(149 증가),신한은행 12,320(17,265 감소), 케이뱅크 1,057(17 증가),키움증권 11,794(7,577 증가)	856616	139972		83999		912589	배우자 사업체 직원 퇴직연금 포함, 급여소득 및 생활비 지출
202603	4000	WI719547	국회의원	국회	국회의원	이주영	예금	배우자		(주)KEB하나은행 614,999(36,613 증가), 농협은행 6,574(5,264 증가), 농협중앙회 88,메리츠화재해상보험(보험) 37,079(3,714 증가),미래에셋증권 94,231(52,506 증가), 삼성증권 365, 상호저축은행중앙회 276(1 증가), 스탠다드차타드은행 48, 신한은행 368(557 감소), 신한투자증권 604(14 증가), 우리은행 3,911(77 증가), 주식회사 카카오뱅크 7,008(4,076 증가), 중소기업은행 27,720(14,889 증가),케이디비생명보험 74,532(3,648 증가), 케이뱅크 216(29 감소), 키움증권 79,502(157,113 감소), 토스뱅크(주) 122(122 증가), 하나증권 668,020(218,309 증가),현대해상화재보험 84,650(48,186 증가)	1470593	531705		301985		1700313	배우자 사업체 직원 퇴직연금 포함, 급여소득 및 생활비 지출
202603	4001	WI719547	국회의원	국회	국회의원	이주영	예금	장남		(주)KEB하나은행 2,106(623 감소), 국민은행 3,447(1증가), 중소기업은행 16(1 증가), 키움증권 29,458(573 감소), 토스뱅크(주) 532(532 증가)	36221	534		1196		35559	배우자 사업체 직원 퇴직연금 포함, 급여소득 및 생활비 지출
202603	4002	WI719547	국회의원	국회	국회의원	이주영	예금	차남		(주)KEB하나은행 3,931(1 증가), 국민은행 1,741(1 증가),중소기업은행 27, 키움증권 22,116(1,507 감소)	29320	2		1507		27815	배우자 사업체 직원 퇴직연금 포함, 급여소득 및 생활비 지출
202603	4003	WI719547	국회의원	국회	국회의원	이주영	예금	장녀		(주)KEB하나은행 2,000(1,073 감소), 국민은행 190(34 감소), 중소기업은행 801(452 증가), 키움증권22,114(1,544 감소), 토스뱅크(주) 78(78 증가)	27304	530		2651		25183	배우자 사업체 직원 퇴직연금 포함, 급여소득 및 생활비 지출
202603	4004	WI719547	국회의원	국회	국회의원	이주영	정치자금법에 따른 정치자금의 수입 및 지출을 위한 예금계좌의 예금	본인		농협은행 143,363(51,984 증가)	91379	51984		0		143363	후원금 증가
202603	4005	WI719547	국회의원	국회	국회의원	이주영	증권	본인	상장주식	AIRBNBINC 0주(35주 감소), AT&TINC 25주, COCA-COLACO 43주, CROCSINC 10주, JOHNSON&JOHNSON 24주, TAIWANSEMICONDUCTORMANUFACTURINGSPON 10주, TESLAINC 12주, WALTDISNEYCOMPANY(THE) 22주,WARNERBROSDISCOVERYINC 0주(6주 감소)	31964	4534		7247		29251	매도 및 가액 변동
202603	4006	WI719547	국회의원	국회	국회의원	이주영	증권	본인	비상장주식	(주)제이더블유앨리슨 0주(2,000주 감소)	734292	0		734292		0	매도 및 가액 변동
202603	4007	WI719547	국회의원	국회	국회의원	이주영	증권	배우자	상장주식	ALIBABAGROUPHOLDINGLTDSPONADSEACH 0주(71주 감소), AT&TINC 0주(361주 감소), ROBLOXCORPORATION 0주(40주 감소), WARNERBROSDISCOVERYINC 0주(63주 감소)	25312	0		25312		0	매도 및 가액 변동
202603	4008	WI719547	국회의원	국회	국회의원	이주영	증권	배우자	기타(채권)	BRAZIL5.62501-07-41 210,000주(210,000주 증가),브라질국채 1001/01/27 1,043,000주, 브라질국채 1001/01/33 740,000주, 중소벤처기업진흥채권702(사)500,000주, 환매조건부채권(RP)임의식(개인) 0주,환매조건부채권외화RP[USD]임의식(개인) 0주	961999	452197		10871		1403325	매도 및 가액 변동
202603	4009	WI719547	국회의원	국회	국회의원	이주영	증권	장남	상장주식	NVIDIACORP 20주(20주 증가), TESLAINC 10주(2주 감소)	7123	5352		670		11805	매도 및 가액 변동
202603	4010	WI719547	국회의원	국회	국회의원	이주영	증권	차남	상장주식	NVIDIACORP 20주(20주 증가), TESLAINC 15주(3주 감소)	10685	5352		1006		15031	매도 및 가액 변동
202603	4011	WI719547	국회의원	국회	국회의원	이주영	증권	장녀	상장주식	NVIDIACORP 20주(20주 증가), TESLAINC 15주(3주 감소)	10685	5352		1006		15031	매도 및 가액 변동
202603	4012	WI719547	국회의원	국회	국회의원	이주영	채무	배우자	금융채무	(주)KEB하나은행 500,000(300,000 증가), 농협은행 279,000(279,000 증가),메르세데스벤츠파이낸셜서비스코리아(주) 35,957(23,972감소)	259929	779000		223972		814957	신규 대출 및 일부상환
202603	4013	WI719547	국회의원	국회	국회의원	이주영	회원권	배우자	골프	한성컨트리클럽 감소	93000	0		93000		0	매도
202603	4014	WI719547	국회의원	국회	국회의원	이주영	가상자산	배우자		비트코인 0.29004031개(0.29004031개 증가)	0	37353		0		37353	매입
202603	4015	WI719547	국회의원	국회	국회의원	이주영	고지거부 및 등록제외사항	부		고지거부	0	0		0		0	독립생계유지
202603	4016	WI719547	국회의원	국회	국회의원	이주영	고지거부 및 등록제외사항	모		고지거부	0	0		0		0	독립생계유지
202603	4017	RBM5454A	국회의원	국회	국회의원	이주희	건물	본인	아파트(전세(임차)권)	서울특별시 서초구 서초동 동원스위트 건물 0.00㎡ (건물36.56㎡ 감소)	380000	0		380000		0	
202603	4018	RBM5454A	국회의원	국회	국회의원	이주희	건물	본인	아파트(전세(임차)권)	서울특별시 영등포구 영등포동7가 경남아너스빌 건물59.90㎡ (건물 59.90㎡ 증가)	0	560000		0		560000	
202603	4019	RBM5454A	국회의원	국회	국회의원	이주희	건물	모	아파트(전세(임차)권)	서울특별시 송파구 마천동 송파파크데일2단지 건물95.62㎡	98260	0		0		98260	
202603	4020	RBM5454A	국회의원	국회	국회의원	이주희	예금	본인		(주)KEB하나은행 13,499(504 증가), DB손해보험(주) 0(402 감소), 국민은행 311, 농협은행 8,210(8,210 증가), 신한은행 400(400 증가), 주식회사 카카오뱅크 42(41 증가)	13709	9155		402		22462	급여저축 및 생활비 지출 등
202603	4021	RBM5454A	국회의원	국회	국회의원	이주희	예금	모		DB손해보험(주) 28,873(404 감소), 농협중앙회 5,메리츠화재해상보험(보험) 1,290, 신용협동조합중앙회 7,신한은행 1,005(1,005 증가), 우리은행 1(5 감소),중소기업은행 5	30590	1427		831		31186	급여저축 및 생활비 지출 등
202603	4022	RBM5454A	국회의원	국회	국회의원	이주희	정치자금법에 따른 정치자금의 수입 및 지출을 위한 예금계좌의 예금	본인		농협은행 5,597(5,597 증가)	0	5597		0		5597	신규 추가
202603	4023	RBM5454A	국회의원	국회	국회의원	이주희	채무	본인	금융채무	신한은행 82,447(15,251 증가), 주식회사 카카오뱅크404,000(207,000 증가)	264196	419251		197000		486447	
202603	4024	RBM5454A	국회의원	국회	국회의원	이주희	채무	모	금융채무	(주)KEB하나은행 9,973(9,973 증가), DB손해보험(주) 4,550(730 증가), 롯데카드 20,072(16,186 증가),삼성카드 2,149(2,454 감소), 신한은행 25,000, 신한카드8,000(8,000 증가), 우리은행 67,200	104509	35703		3268		136944	
202603	4025	RBM5454A	국회의원	국회	국회의원	이주희	가상자산	모		엑스알피(리플) 436.13063607개(436.13063607개 증가)	0	1186		0		1186	신규 매입
202603	4026	QWL7778X	국회의원	국회	국회의원	이준석	건물	본인	사무실(전세(임차)권)	경기도 화성시 오산동 동탄역 삼정그린코아 건물 80.08㎡	10000	0		0		10000	
202603	4027	QWL7778X	국회의원	국회	국회의원	이준석	건물	본인	아파트	서울특별시 노원구 상계동 건물 84.90㎡	728000	0		0		728000	
202603	4028	QWL7778X	국회의원	국회	국회의원	이준석	건물	본인	아파트(전세(임차)권)	경기도 화성시 신동 산 호반써밋 동탄 건물 84.84㎡	350000	0		0		350000	
202603	4029	QWL7778X	국회의원	국회	국회의원	이준석	부동산에 관한 규정이 준용되는 권리와 자동차·건설기계·선박 및 항공기	본인	자동차	2021년식 아이오닉5 롱레인지 배기량(0cc)	35410	0		5090		30320	
202603	4030	QWL7778X	국회의원	국회	국회의원	이준석	부동산에 관한 규정이 준용되는 권리와 자동차·건설기계·선박 및 항공기	본인	자동차	2020년식 봉고 Ⅲ 1톤(2020) 배기량(2,497cc) 증가	0	8020	8020	0		8020	
202603	4031	QWL7778X	국회의원	국회	국회의원	이준석	부동산에 관한 규정이 준용되는 권리와 자동차·건설기계·선박 및 항공기	본인	자동차	2018년식 동해고소작업차 배기량(2,157cc) 증가	0	19320	19320	0		19320	
202603	4032	QWL7778X	국회의원	국회	국회의원	이준석	예금	본인		(주)KEB하나은행 3,967(3,706 증가), (주)렌딧 0(5 감소), (주)카카오페이증권 45(12 증가), AIA생명보험주식회사 7,657(412 증가), 교보생명보험 38,864(1,871 증가),국민은행 5,003(5,003 증가), 농협은행 30,101(12,421증가), 농협중앙회 600, 미래에셋증권 186(177 증가), 빗썸 0(20,032 감소), 삼성화재해상보험 498(113 증가),신한투자증권 2,008(36 증가), 우리은행 104,376(226,876 감소), 주식회사 카카오뱅크 1,037(15 증가), 중소기업은행0(55 감소), 키움증권 2, 한국투자증권 11(1 증가)	417556	26010		249211		194355	생활비 지출 등
202603	4033	QWL7778X	국회의원	국회	국회의원	이준석	정치자금법에 따른 정치자금의 수입 및 지출을 위한 예금계좌의 예금	본인		농협은행 126,723(51,960 증가)	74763	51960		0		126723	후원금 입금
202603	4034	QWL7778X	국회의원	국회	국회의원	이준석	채무	본인	금융채무	(주)KEB하나은행 142,544(2,288 감소)	144832	0		2288		142544	일부상환
202603	4035	QWL7778X	국회의원	국회	국회의원	이준석	고지거부 및 등록제외사항	부		고지거부	0	0		0		0	독립생계유지
202603	4036	QWL7778X	국회의원	국회	국회의원	이준석	고지거부 및 등록제외사항	모		고지거부	0	0		0		0	독립생계유지
202603	4037	TZP9391O	국회의원	국회	국회의원	이철규	토지	본인	답	경기도 남양주시 와부읍 월문리 560-1번지 1,217.00㎡	166364	974		0		167338	가액변동
202603	4038	TZP9391O	국회의원	국회	국회의원	이철규	토지	본인	답	경기도 남양주시 와부읍 월문리 561-5번지 3,732.00㎡	657952	4105		0		662057	가액변동
202603	4039	TZP9391O	국회의원	국회	국회의원	이철규	토지	본인	임야	경기도 광주시 남한산성면 엄미리 산 237-1번지27,405.00㎡ 중 6,851.00㎡	16511	205		0		16716	가액변동
202603	4040	TZP9391O	국회의원	국회	국회의원	이철규	건물	본인	사무실(전세(임차)권)	강원특별자치도 동해시 천곡동 흥국생명 동해사옥 건물198.35㎡	120000	0		0		120000	변동없음
202603	4041	TZP9391O	국회의원	국회	국회의원	이철규	건물	본인	근린생활시설	강원특별자치도 동해시 북평동 대지 588.00㎡ 건물44.10㎡	390917	0		30135		360782	가액변동
202603	4042	TZP9391O	국회의원	국회	국회의원	이철규	건물	본인	아파트	강원특별자치도 동해시 평릉동 동해엘리시아 아파트 건물84.90㎡	261000	0		0		261000	가액변동 없음
202603	4043	TZP9391O	국회의원	국회	국회의원	이철규	건물	본인	사무실(전세(임차)권)	강원특별자치도 태백시 황지동 3층 대지 158.00㎡ 건물109.89㎡	10000	0		0		10000	변동없음
202603	4044	TZP9391O	국회의원	국회	국회의원	이철규	건물	본인	사무실(전세(임차)권)	강원특별자치도 정선군 정선읍 봉양리 3층 대지 221.00㎡건물 155.00㎡	10000	0		0		10000	변동없음
202603	4045	TZP9391O	국회의원	국회	국회의원	이철규	건물	본인	사무실(전세(임차)권)	강원특별자치도 삼척시 남양동 중앙빌딩 대지 149.00㎡건물 101.40㎡	20000	0		0		20000	변동없음
202603	4046	TZP9391O	국회의원	국회	국회의원	이철규	건물	본인	아파트(분양권)	서울특별시 강동구 둔촌동 올림픽파크포레온 건물 0.00㎡(건물 109.00㎡ 감소)	1188300	0		1188300		0	소유권으로 전환
202603	4047	TZP9391O	국회의원	국회	국회의원	이철규	건물	본인	아파트	서울특별시 강동구 둔촌동 올림픽파크포레온 건물109.00㎡ (건물 109.00㎡ 증가)	0	1188300	1188300	0		1188300	소유권으로 전환
202603	4048	TZP9391O	국회의원	국회	국회의원	이철규	건물	배우자	상가	경기도 평택시 고덕면 여염리 우성메디컬센터 대지11.73㎡ 건물 98.14㎡	1608900	0		0		1608900	변동없음
202603	4049	TZP9391O	국회의원	국회	국회의원	이철규	건물	배우자	상가	경기도 하남시 학암동 위례메디프라자 대지 61.22㎡ 건물180.20㎡	1383200	0		0		1383200	변동없음
202603	4050	TZP9391O	국회의원	국회	국회의원	이철규	건물	배우자	아파트(전세(임차)권)	서울특별시 광진구 자양동 이튼타워리버5차 건물 0.00㎡(건물 159.89㎡ 감소)	1100000	0		1100000		0	임차보증금 일부 미회수(채권으로 전환)
202603	4051	TZP9391O	국회의원	국회	국회의원	이철규	부동산에 관한 규정이 준용되는 권리와 자동차·건설기계·선박 및 항공기	본인	자동차	2015년식 제네시스330 배기량(3,300cc)	6600	0		950		5650	가액변동
202603	4052	TZP9391O	국회의원	국회	국회의원	이철규	부동산에 관한 규정이 준용되는 권리와 자동차·건설기계·선박 및 항공기	본인	자동차	2022년식 디에이치오토카니발하이리무진배기량(3,470cc) 증가	0	25820	30000	0		25820	신규 매입
202603	4053	TZP9391O	국회의원	국회	국회의원	이철규	부동산에 관한 규정이 준용되는 권리와 자동차·건설기계·선박 및 항공기	배우자	자동차	2015년식 제네시스330 배기량(3,300cc)	6600	0		950		5650	가액변동
202603	4054	TZP9391O	국회의원	국회	국회의원	이철규	예금	본인		국민은행 19, 농협은행 18,357(25,822 감소), 농협중앙회100, 신한은행 4,724(4,010 증가), 우리은행 6,916(1,838증가), 한국투자증권 23(1 증가)	50112	8014		27987		30139	급여저축 및 생활비 지출 등
202603	4055	TZP9391O	국회의원	국회	국회의원	이철규	예금	배우자		(주)KEB하나은행 22, DB손해보험(주) 1,060(240 증가),국민은행 1,544(2 증가), 농협은행 708, 신한은행 16(2,055감소), 신한투자증권 22, 우체국 47,562(15,159 증가)	37588	15401		2055		50934	급여저축 및 생활비 지출 등
202603	4056	TZP9391O	국회의원	국회	국회의원	이철규	예금	장남		DB손해보험(주) 1,590(360 증가), 우리은행 1,673(1,672증가), 중소기업은행 2, 키움증권 0(4,971 감소)	6204	2032		4971		3265	급여저축 및 생활비 지출 등
202603	4057	TZP9391O	국회의원	국회	국회의원	이철규	정치자금법에 따른 정치자금의 수입 및 지출을 위한 예금계좌의 예금	본인		농협중앙회 323,818(105,651 증가)	218167	105651		0		323818	후원금 증가
202603	4058	TZP9391O	국회의원	국회	국회의원	이철규	증권	장남	상장주식	SOFITECHNOLOGIESINC 16,216주(10,353주 증가),ZETAGLOBALHLDGSCORP 0주(540주 감소)	147006	476439		14280		609165	주가 상승 및 일부 매입
202603	4059	TZP9391O	국회의원	국회	국회의원	이철규	채권	배우자		사인간채권 증가	0	900000		0		900000	신규 채권(임차보증금 미회수)
202603	4060	TZP9391O	국회의원	국회	국회의원	이철규	채무	본인		사인간채무 감소	611024	0		231024		380000	
202603	4061	TZP9391O	국회의원	국회	국회의원	이철규	채무	본인	금융채무	농협은행 20,000(230,000 감소)	250000	0		230000		20000	전세(임차)보증금 반환금으로 상환
202603	4062	TZP9391O	국회의원	국회	국회의원	이철규	채무	본인	건물임대채무	강원특별자치도 동해시 북평동 임대보증금	12000	0		0		12000	변동없음
202603	4063	TZP9391O	국회의원	국회	국회의원	이철규	채무	배우자		사인간채무 증가	300000	300000		0		600000	
202603	4064	TZP9391O	국회의원	국회	국회의원	이철규	채무	배우자	금융채무	신한은행 1,576,571(103,446 감소)	1680017	0		103446		1576571	예금으로 상환
202603	4065	TZP9391O	국회의원	국회	국회의원	이철규	채무	배우자	건물임대채무	경기도 평택시 고덕면 여염리 우성메디컬센터 임대보증금	100000	0		0		100000	변동없음
202603	4066	TZP9391O	국회의원	국회	국회의원	이철규	채무	배우자	건물임대채무	경기도 하남시 학암동 위례메디프라자 임대보증금	100000	0		0		100000	변동없음
202603	4067	TZP9391O	국회의원	국회	국회의원	이철규	채무	장남	금융채무	JB우리캐피탈 0(14,896 감소), 비엔케이캐피탈(주)0(13,947 감소), 우리카드 23,876(7,767 감소)	60486	0		36610		23876	일부 상환
202603	4068	TZP9391O	국회의원	국회	국회의원	이철규	회원권	배우자	골프	블루헤런 골프클럽	30000	0		0		30000	변동없음
202603	4069	TZP9391O	국회의원	국회	국회의원	이철규	가상자산	장남		송버드 0.00000014개, 플레어 0.00000014개	0	0		0		0	변동없음
202603	4070	V2R7430Z	국회의원	국회	국회의원	이춘석	토지	본인	대지	전북특별자치도 군산시 조촌동 883-4번지 330.90㎡ 중82.70㎡	39820	355		0		40175	가액변동
202603	4071	V2R7430Z	국회의원	국회	국회의원	이춘석	건물	본인	아파트	전북특별자치도 익산시 모현동1가 모현5차현대아파트건물 84.96㎡	136000	0		24000		112000	가액변동
202603	4072	V2R7430Z	국회의원	국회	국회의원	이춘석	건물	본인	사무실	전북특별자치도 군산시 조촌동 대지 330.90㎡ 중 82.73㎡건물 28.00㎡ 중 8.41㎡	39642	548		0		40190	가액변동
202603	4073	V2R7430Z	국회의원	국회	국회의원	이춘석	건물	본인	사무실(전세(임차)권)	전북특별자치도 익산시 모현동1가 센트럴시티 건물128.24㎡	20000	0		0		20000	가액변동 없음
202603	4074	V2R7430Z	국회의원	국회	국회의원	이춘석	건물	배우자	아파트(전세(임차)권)	서울특별시 영등포구 당산동4가 당산현대5차아파트 건물105.80㎡	100000	0		0		100000	가액변동 없음
202603	4075	V2R7430Z	국회의원	국회	국회의원	이춘석	부동산에 관한 규정이 준용되는 권리와 자동차·건설기계·선박 및 항공기	본인	자동차	2020년식 그랜저 배기량(3,342cc)	25960	0		11740		14220	가액변동
202603	4076	V2R7430Z	국회의원	국회	국회의원	이춘석	부동산에 관한 규정이 준용되는 권리와 자동차·건설기계·선박 및 항공기	배우자	자동차	2013년식 제네시스330 배기량(3,342cc)	11030	0		1040		9990	가액변동
202603	4077	V2R7430Z	국회의원	국회	국회의원	이춘석	현금	본인		현금	30000	0		0		30000	
202603	4078	V2R7430Z	국회의원	국회	국회의원	이춘석	예금	본인		(주)KEB하나은행 78, 교보생명보험 9,924(2,769 증가), 농협은행 35,829(22,562 증가), 삼성화재해상보험 46,814(4,652 증가), 새마을금고중앙회 520, 신용협동조합중앙회 1,376(7 증가), 신한은행 34,023(7,279 감소), 케이디비생명보험 6,024,한화생명보험주식회사 0(4,986 감소)	116863	35259		17534		134588	급여저축 및 생활비 지출 등
202603	4079	V2R7430Z	국회의원	국회	국회의원	이춘석	예금	배우자		교보생명보험 62,758, 국민은행 30,264(5,291 감소), 신한은행 3,157(1,124 감소), 주식회사 카카오뱅크 124(156 감소), 토스뱅크(주) 2, 한화생명보험주식회사1,593(790 증가), 한화손해보험 6,267(2,999 증가)	106947	6789		9571		104165	급여저축 및 생활비 지출 등
202603	4080	V2R7430Z	국회의원	국회	국회의원	이춘석	예금	장남		국민은행 168(128 증가), 스탠다드차타드은행 5, 주식회사카카오뱅크 420(402 증가)	63	530		0		593	급여저축 및 생활비 지출 등
202603	4081	V2R7430Z	국회의원	국회	국회의원	이춘석	정치자금법에 따른 정치자금의 수입 및 지출을 위한 예금계좌의 예금	본인		농협중앙회 46,389(10,807 증가)	35582	10807		0		46389	후원금 증가
202603	4082	V2R7430Z	국회의원	국회	국회의원	이춘석	채무	본인	금융채무	농협은행 132,757(12,026 감소), 신한은행 41,532(14,070감소)	200385	0		26096		174289	일부 상환
202603	4083	V2R7430Z	국회의원	국회	국회의원	이춘석	회원권	본인	콘도미니엄	무주리조트콘도	12750	0		0		12750	가액변동 없음
202603	4084	0698755I	국회의원	국회	국회의원	이해민	건물	본인	단독주택	경기도 성남시 분당구 운중동 대지 268.80㎡ 중 134.40㎡건물 318.57㎡ 중 159.29㎡	1364342	49278		0		1413620	
202603	4085	0698755I	국회의원	국회	국회의원	이해민	건물	배우자	단독주택	경기도 성남시 분당구 운중동 대지 268.80㎡ 중 134.40㎡건물 318.57㎡ 중 159.29㎡	1364342	49278		0		1413620	
202603	4086	0698755I	국회의원	국회	국회의원	이해민	부동산에 관한 규정이 준용되는 권리와 자동차·건설기계·선박 및 항공기	배우자	자동차	2021년식 모델Y 배기량(0cc) 감소	45360	0		45360	34000	0	
202603	4087	0698755I	국회의원	국회	국회의원	이해민	부동산에 관한 규정이 준용되는 권리와 자동차·건설기계·선박 및 항공기	배우자	자동차	2025년식 모델X 배기량(0cc) 증가	0	162210	162212	0		162210	
202603	4088	0698755I	국회의원	국회	국회의원	이해민	예금	본인		Bank of America 270,147(571,814 감소), HealthEquity (미국) 25,449(498 감소), Vanguard (미국) 362,292(50,058 증가), 농협은행 12,294(11,207 감소),미래에셋증권 1,957,957(1,957,957 증가), 씨티은행 6,030(4,394 감소), 우리은행 107,948(56,331 증가)	1265684	2064346		587913		2742117	2024년 8월 미국 주택 매도시 원천징수했던 세금 일부를 2025년에 환급받음. ETF 예금의 평가금액 상승함.
202603	4089	0698755I	국회의원	국회	국회의원	이해민	예금	배우자		Bank of America 563,829(728,244 감소), NH투자증권 15,802(794 증가), 국민은행 202(19,213 감소), 농협은행2,880(2,456 증가), 미래에셋증권 75,659(2,019 증가),삼성화재해상보험 47,597(1,795 증가), 우리은행 32,326(28,266 증가), 한국교직원공제회 0(58,974 감소)	1509396	333742		1104843		738295	2024년 8월 미국 주택 매도시 원천징수했던 세금 일부를 2025년에 환급받음. ETF 예금의 평가금액 상승함.
202603	4090	0698755I	국회의원	국회	국회의원	이해민	예금	장남		Bank of America 6,591(6,591 증가), Fidelity 4,702(4,702 증가), 주식회사 카카오뱅크 1,401(1,401 증가)	0	12694		0		12694	2024년 8월 미국 주택 매도시 원천징수했던 세금 일부를 2025년에 환급받음. ETF 예금의 평가금액 상승함.
202603	4091	0698755I	국회의원	국회	국회의원	이해민	예금	장녀		Bank of America 47,678(33,776 증가), 주식회사카카오뱅크 858(40 증가)	14720	33816		0		48536	2024년 8월 미국 주택 매도시 원천징수했던 세금 일부를 2025년에 환급받음. ETF 예금의 평가금액 상승함.
202603	4092	0698755I	국회의원	국회	국회의원	이해민	정치자금법에 따른 정치자금의 수입 및 지출을 위한 예금계좌의 예금	본인		농협중앙회 207,544(85,849 증가)	121695	85849		0		207544	2024년 정치자금의 잔액과 2025년 정치자금 후원금의 합산에 따른 증가분
202603	4093	0698755I	국회의원	국회	국회의원	이해민	고지거부 및 등록제외사항	부		고지거부	0	0		0		0	독립생계유지
202603	4094	0698755I	국회의원	국회	국회의원	이해민	고지거부 및 등록제외사항	모		고지거부	0	0		0		0	독립생계유지
202603	4095	CCU1009B	국회의원	국회	국회의원	이해식	건물	본인	사무실(전세(임차)권)	서울특별시 강동구 성내동 대지 740.00㎡ 건물 86.00㎡	10000	0		0		10000	
202603	4096	CCU1009B	국회의원	국회	국회의원	이해식	건물	본인	아파트	서울특별시 강동구 천호동 래미안강동팰리스 건물 84.97㎡중 42.48㎡	715000	0		0		715000	
202603	4097	CCU1009B	국회의원	국회	국회의원	이해식	건물	배우자	아파트(전세(임차)권)	서울특별시 강동구 천호동 래미안강동팰리스 건물 0.00㎡(건물 84.97㎡ 감소)	850000	0		850000		0	계약만료
202603	4098	CCU1009B	국회의원	국회	국회의원	이해식	건물	배우자	아파트	서울특별시 강동구 천호동 래미안강동팰리스 건물 84.97㎡중 42.48㎡	715000	0		0		715000	
202603	4099	CCU1009B	국회의원	국회	국회의원	이해식	건물	부	아파트	경상남도 창원시 성산구 사파동 대동아파트 건물 50.25㎡	161000	0		3000		158000	가액변동
202603	4100	CCU1009B	국회의원	국회	국회의원	이해식	건물	장남	아파트	경기도 구리시 인창동 인창2단지주공아파트 건물 49.95㎡(건물 49.95㎡ 증가)	0	148000	148000	0		148000	매입(진행중) 신혼집 마련
202603	4101	CCU1009B	국회의원	국회	국회의원	이해식	부동산에 관한 규정이 준용되는 권리와 자동차·건설기계·선박 및 항공기	본인	자동차	2015년식 아반떼 배기량(1,591cc) 증가	0	50	89	0		50	신규구입(공유지분 1%)
202603	4102	CCU1009B	국회의원	국회	국회의원	이해식	부동산에 관한 규정이 준용되는 권리와 자동차·건설기계·선박 및 항공기	장녀	자동차	2015년식 아반떼 배기량(1,591cc) 증가	0	5010	8811	0		5010	신규구입(중고차)
202603	4103	CCU1009B	국회의원	국회	국회의원	이해식	예금	본인		DB손해보험(주) 9,210(601 증가), IBK연금보험주식회사 7,500(1,200 증가), NH투자증권 3,111(386 증가),국민은행 12,634(125,891 감소), 농협은행 12, 농협중앙회7,959(645 감소), 새마을금고중앙회 20,307(153 감소),신용협동조합중앙회 54, 신한라이프생명보험63,441(4,175 감소), 신한은행 6, 우리은행 8,745(1,443증가)	260213	3694		130928		132979	증여로 인한 감소
202603	4104	CCU1009B	국회의원	국회	국회의원	이해식	예금	배우자		DB손해보험(주) 17,226(2,112 증가), 국민은행 59,325(11,956 증가), 신한라이프생명보험 20,631(3,369감소), 우리은행 4,937(4 증가)	91416	33316		22613		102119	증여로 인한 감소
202603	4105	CCU1009B	국회의원	국회	국회의원	이해식	예금	부		경남은행 30, 농협은행 83(76 감소), 새마을금고중앙회25,001, 스탠다드차타드은행 649(53 감소)	25892	25000		25129		25763	증여로 인한 감소
202603	4106	CCU1009B	국회의원	국회	국회의원	이해식	예금	모		경남은행 3, 농협은행 34,152(25 증가)	34130	30303		30278		34155	증여로 인한 감소
202603	4107	CCU1009B	국회의원	국회	국회의원	이해식	예금	장남		DB손해보험(주) 7,135(1,272 증가), 국민은행 40,637(11,289 증가), 미래에셋생명보험 0(12,200 감소),신한은행 4, 키움증권 6(1 증가)	47420	29562		29200		47782	증여로 인한 감소
202603	4108	CCU1009B	국회의원	국회	국회의원	이해식	예금	장녀		(주)KEB하나은행 1, DB손해보험(주) 5,142(929 증가), NH투자증권 70,460(24,115 증가), 대한지방행정공제회 701(267 증가), 빗썸 10(10 증가), 삼성증권 37,993(467증가), 신한은행 4, 우리은행 8,995(3,100 증가),주식회사 카카오뱅크 5(15 감소)	94438	29322		449		123311	증여로 인한 감소
202603	4109	CCU1009B	국회의원	국회	국회의원	이해식	정치자금법에 따른 정치자금의 수입 및 지출을 위한 예금계좌의 예금	본인		국민은행 293,929(17,093 증가)	276836	17093		0		293929	후원금 증가
202603	4110	CCU1009B	국회의원	국회	국회의원	이해식	증권	본인	상장주식	DL이앤씨 10주, POSCO 5주, 대림산업 4주, 삼성증권 20주,현대차 20주	6824	2700		0		9524	평가액 변동
202603	4111	CCU1009B	국회의원	국회	국회의원	이해식	증권	장남	상장주식	케이지이니시스 1주	8	2		0		10	평가액 변동
202603	4112	CCU1009B	국회의원	국회	국회의원	이해식	채무	본인	건물임대채무	서울특별시 강동구 천호동 래미안강동팰리스 임대보증금감소	425000	0		425000		0	계약만료
202603	4113	CCU1009B	국회의원	국회	국회의원	이해식	채무	배우자	건물임대채무	서울특별시 강동구 천호동 래미안강동팰리스 임대보증금감소	425000	0		425000		0	계약만료
202603	4114	EVH1507C	국회의원	국회	국회의원	이헌승	토지	본인	답	경상남도 밀양시 무안면 내진리 461번지 2,806.00㎡	94282	280		0		94562	가액변동
202603	4115	EVH1507C	국회의원	국회	국회의원	이헌승	토지	본인	대지	경상남도 밀양시 무안면 내진리 277번지 274.00㎡	27784	0		329		27455	가액변동
202603	4116	EVH1507C	국회의원	국회	국회의원	이헌승	토지	본인	전	경상남도 밀양시 무안면 내진리 279-2번지 1,379.00㎡	106459	0		2482		103977	가액변동
202603	4117	EVH1507C	국회의원	국회	국회의원	이헌승	토지	본인	하천	경상남도 밀양시 무안면 내진리 279-5번지 26.00㎡	1186	0		29		1157	가액변동
202603	4118	EVH1507C	국회의원	국회	국회의원	이헌승	토지	본인	전	경상남도 밀양시 무안면 내진리 281-5번지 121.00㎡	9898	0		230		9668	가액변동
202603	4119	EVH1507C	국회의원	국회	국회의원	이헌승	토지	본인	전	경상남도 밀양시 무안면 내진리 284-2번지 1,041.00㎡	81094	0		1874		79220	가액변동
202603	4120	EVH1507C	국회의원	국회	국회의원	이헌승	토지	본인	전	경상남도 밀양시 무안면 운정리 404번지 488.00㎡	9223	244		0		9467	가액변동
202603	4121	EVH1507C	국회의원	국회	국회의원	이헌승	토지	본인	답	경상남도 밀양시 무안면 동산리 178번지 1,931.00㎡ 중1,287.00㎡	28057	0		129		27928	가액변동
202603	4122	EVH1507C	국회의원	국회	국회의원	이헌승	토지	본인	전	경상남도 밀양시 청도면 고법리 230번지 2,244.00㎡ 중1,496.00㎡	39644	149		0		39793	가액변동
202603	4123	EVH1507C	국회의원	국회	국회의원	이헌승	토지	본인	잡종지	부산광역시 사상구 주례동 60-46번지 172.00㎡ 중 99.76㎡	179368	4589		0		183957	가액변동
202603	4124	EVH1507C	국회의원	국회	국회의원	이헌승	토지	본인	대지	경상남도 밀양시 무안면 내진리 265-1번지 720.00㎡	66600	504		0		67104	가액변동
202603	4125	EVH1507C	국회의원	국회	국회의원	이헌승	토지	본인	대지	경상남도 밀양시 무안면 내진리 265-2번지 392.00㎡	38965	313		0		39278	가액변동
202603	4126	EVH1507C	국회의원	국회	국회의원	이헌승	토지	본인	대지	경상남도 밀양시 무안면 내진리 265번지 571.00㎡	56757	457		0		57214	가액변동
202603	4127	EVH1507C	국회의원	국회	국회의원	이헌승	토지	장녀	잡종지	부산광역시 사상구 주례동 60-46번지 172.00㎡ 중 36.12㎡	64944	1661		0		66605	가액변동
202603	4128	EVH1507C	국회의원	국회	국회의원	이헌승	토지	장녀	대지	울산광역시 울주군 삼남읍 방기리 956-2번지 765.80㎡ 중191.45㎡	61302	708		0		62010	가액변동
202603	4129	EVH1507C	국회의원	국회	국회의원	이헌승	토지	차녀	잡종지	부산광역시 사상구 주례동 60-46번지 172.00㎡ 중 36.12㎡	64944	1661		0		66605	가액변동
202603	4130	EVH1507C	국회의원	국회	국회의원	이헌승	토지	차녀	대지	울산광역시 울주군 삼남읍 방기리 956-2번지 765.80㎡ 중191.45㎡	61302	708		0		62010	가액변동
202603	4131	EVH1507C	국회의원	국회	국회의원	이헌승	건물	본인	사무실(전세(임차)권)	부산광역시 부산진구 가야동 부산새마을회관 8층 건물294.20㎡	50000	0		0		50000	변동없음
202603	4132	EVH1507C	국회의원	국회	국회의원	이헌승	건물	본인	아파트	서울특별시 서초구 반포동 래미안원베일리 건물 101.99㎡	2236100	1711900		0		3948000	공시가격 형성
202603	4133	EVH1507C	국회의원	국회	국회의원	이헌승	건물	장녀	아파트	서울특별시 서초구 반포동 반포미도2차아파트 건물71.49㎡ 중 35.74㎡	656000	104500		0		760500	가액변동
202603	4134	EVH1507C	국회의원	국회	국회의원	이헌승	건물	차녀	아파트	서울특별시 서초구 반포동 반포미도2차아파트 건물71.49㎡ 중 35.74㎡	656000	104500		0		760500	가액변동
202603	4135	EVH1507C	국회의원	국회	국회의원	이헌승	부동산에 관한 규정이 준용되는 권리와 자동차·건설기계·선박 및 항공기	본인	자동차	2021년식 카니발리무진 배기량(2,151cc)	26970	0		2180		24790	가액변동
202603	4136	EVH1507C	국회의원	국회	국회의원	이헌승	부동산에 관한 규정이 준용되는 권리와 자동차·건설기계·선박 및 항공기	장녀	자동차	2014년식 크루즈 2.0 디젤 배기량(2,000cc)	4690	0		790		3900	가액변동
202603	4137	EVH1507C	국회의원	국회	국회의원	이헌승	부동산에 관한 규정이 준용되는 권리와 자동차·건설기계·선박 및 항공기	장녀	자동차	2018년식 A200 배기량(1,595cc)	11150	0		1610		9540	가액변동
202603	4138	EVH1507C	국회의원	국회	국회의원	이헌승	예금	본인		KB라이프생명보험 55,573(281 증가), 교보생명보험 18,192(19,692 감소), 국민은행 1,342(25 증가), 농협은행51,557(94,432 감소), 미래에셋증권 1,579,373(1,578,864증가), 부산은행 35, 새마을금고중앙회 665(4 증가),스탠다드차타드은행 31, 우리은행 1,438(2 증가),유진투자증권 14, 중소기업은행 36, 한국투자증권 63(1 증가)	243266	1579974		114921		1708319	급여 및 주식 매각, 금융채무 상환
202603	4139	EVH1507C	국회의원	국회	국회의원	이헌승	예금	장녀		(주)KB손해보험 1,111(155 증가), (주)KEB하나은행 15,336(11,584 감소), 메리츠종금증권 63(1 증가), 신용협동조합중앙회 0(1,736 감소), 에이비엘생명보험 4,111(604 증가), 우리은행 160(135 감소), 주식회사카카오뱅크 139(95 증가), 토스증권(주) 1(1 감소),현대해상화재보험 4,265(638 증가)	37149	2993		14956		25186	급여 및 주식 매각, 금융채무 상환
202603	4140	EVH1507C	국회의원	국회	국회의원	이헌승	예금	차녀		(주)KEB하나은행 29,780(16,385 증가), 국민은행 36,우리은행 36, 하나증권 3, 한국투자증권 262(3 증가),한화생명보험주식회사 17,111(1,506 증가)	29334	17894		0		47228	급여 및 주식 매각, 금융채무 상환
202603	4141	EVH1507C	국회의원	국회	국회의원	이헌승	정치자금법에 따른 정치자금의 수입 및 지출을 위한 예금계좌의 예금	본인		농협은행 29,083(30,315 감소)	59398	0		30315		29083	정치자금 지출
202603	4142	EVH1507C	국회의원	국회	국회의원	이헌승	증권	본인	상장주식	KB금융 0주(3주 감소), LG상사 0주(57주 감소), LG패션 0주(43주 감소), SK증권 0주(332주 감소), 동국씨엠0주(22주 감소), 동국제강 0주(37주 감소), 동국홀딩스0주(12주 감소), 디케이디앤아이 0주(151주 감소), 에이치엘비 200주(22,190주 감소), 한양증권 0주(400주 감소), 홈캐스트 0주(75주 감소)	1644963	0		1634803		10160	주식 매각
202603	4143	EVH1507C	국회의원	국회	국회의원	이헌승	증권	본인	비상장주식	엔에스아이 374주	187	0		0		187	주식 매각
202603	4144	EVH1507C	국회의원	국회	국회의원	이헌승	증권	장녀	상장주식	LUCIDGROUPORD 2주(2주 증가), LucidGroup 0주(20주 감소), 넷플릭스 0.03556주(0.032004주 증가), 애플0.061559주, 카카오 5주	309	142		92		359	주식 매각
202603	4145	EVH1507C	국회의원	국회	국회의원	이헌승	채권	장녀		사인간채권	320000	0		0		320000	변동없음
202603	4146	EVH1507C	국회의원	국회	국회의원	이헌승	채권	차녀		사인간채권	320000	0		0		320000	변동없음
202603	4147	EVH1507C	국회의원	국회	국회의원	이헌승	채무	본인		사인간채무	640000	0		0		640000	변동없음
202603	4148	EVH1507C	국회의원	국회	국회의원	이헌승	채무	본인	금융채무	농협은행 0(206,808 감소), 현대캐피탈 57,580(19,643감소)	284031	0		226451		57580	금융채무 상환
202603	4149	EVH1507C	국회의원	국회	국회의원	이헌승	채무	장녀	건물임대채무	서울특별시 서초구 반포동 반포미도2차아파트 임대보증금	322500	0		0		322500	변동없음
202603	4150	EVH1507C	국회의원	국회	국회의원	이헌승	채무	차녀	건물임대채무	서울특별시 서초구 반포동 반포미도2차아파트 임대보증금	322500	0		0		322500	변동없음
202603	4151	2S73768V	국회의원	국회	국회의원	이훈기	건물	본인	아파트	인천광역시 남동구 구월동힐스테이트롯데캐슬골드1단지아파트 건물 115.67㎡	399000	0		0		399000	변동 없음
202603	4152	2S73768V	국회의원	국회	국회의원	이훈기	건물	본인	근린생활시설(전세(임차)권)	인천광역시 남동구 만수동 정일빌딩 3층 건물 174.00㎡	10000	0		0		10000	변동 없음
202603	4153	2S73768V	국회의원	국회	국회의원	이훈기	건물	모	아파트	인천광역시 미추홀구 학익동 신동아아파트3차 건물127.02㎡ (건물 0.08㎡ 증가)	239848	0		2848		237000	가액변동
202603	4154	2S73768V	국회의원	국회	국회의원	이훈기	부동산에 관한 규정이 준용되는 권리와 자동차·건설기계·선박 및 항공기	본인	자동차	2007년식 베라크루즈 배기량(2,959cc)	2664	936		0		3600	가액변동
202603	4155	2S73768V	국회의원	국회	국회의원	이훈기	예금	본인		(주)KEB하나은행 21, KB라이프생명보험 18,981(377증가), 국민은행 5, 농협은행 17,656(9,819 증가),삼성생명보험 5,604, 새마을금고중앙회 100(100 증가),신한은행 41,783(14,951 증가), 하나증권 84(1 증가)	58986	25299		51		84234	급여저축
202603	4156	2S73768V	국회의원	국회	국회의원	이훈기	예금	배우자		국민은행 49(55 감소), 농협은행 13, 삼성생명보험 3,494,수협중앙회 10, 신한은행 12,779(199 감소), 주식회사 카카오뱅크 63(521 감소), 한화생명보험주식회사 33,111(4,257 증가), 한화손해보험 1,876(644 증가),한화투자증권 3	47272	4911		785		51398	급여저축
202603	4157	2S73768V	국회의원	국회	국회의원	이훈기	예금	모		농협은행 5,763(1,914 증가), 농협중앙회 119,510(4,401증가), 우리은행 10,032	128990	106315		100000		135305	급여저축
202603	4158	2S73768V	국회의원	국회	국회의원	이훈기	예금	장녀		국민은행 3,998(1,408 증가), 신한은행 2,167(1,328 감소)	6085	1408		1328		6165	급여저축
202603	4159	2S73768V	국회의원	국회	국회의원	이훈기	예금	차녀		신한은행 33,016(18,402 증가), 주식회사 카카오뱅크42(22 증가), 토스뱅크(주) 81(77 증가)	14638	18501		0		33139	급여저축
202603	4160	2S73768V	국회의원	국회	국회의원	이훈기	정치자금법에 따른 정치자금의 수입 및 지출을 위한 예금계좌의 예금	본인		농협은행 5,393(97,943 감소)	103336	0		97943		5393	후원금 변동
202603	4161	2S73768V	국회의원	국회	국회의원	이훈기	증권	본인	비상장주식	경인방송 818주	4090	2426		0		6516	평가액 변동
202603	4162	2S73768V	국회의원	국회	국회의원	이훈기	채무	본인		사인간채무	30000	0		0		30000	변동 없음
202603	4163	2S73768V	국회의원	국회	국회의원	이훈기	채무	본인	금융채무	신한은행 24,577(52,750 감소)	77327	0		52750		24577	급여 등으로 상환
202603	4164	X639721U	국회의원	국회	국회의원	임미애	토지	배우자	도로	경상북도 의성군 봉양면 문흥리 120-13번지 710.00㎡	6059	331		0		6390	가액변동
202603	4165	X639721U	국회의원	국회	국회의원	임미애	토지	배우자	대지	경상북도 의성군 봉양면 문흥리 120-17번지 67.00㎡	1829	54		0		1883	가액변동
202603	4166	X639721U	국회의원	국회	국회의원	임미애	토지	배우자	대지	경상북도 의성군 봉양면 문흥리 120-18번지 341.00㎡	9309	273		0		9582	가액변동
202603	4167	X639721U	국회의원	국회	국회의원	임미애	토지	배우자	전	경상북도 의성군 봉양면 문흥리 120-1번지 255.00㎡	3902	76		0		3978	가액변동
202603	4168	X639721U	국회의원	국회	국회의원	임미애	토지	배우자	대지	경상북도 의성군 봉양면 문흥리 120-20번지 66.00㎡	557	15		0		572	가액변동
202603	4169	X639721U	국회의원	국회	국회의원	임미애	토지	배우자	대지	경상북도 의성군 봉양면 문흥리 120-22번지 680.00㎡	60000	0		0		60000	가액변동 없음
202603	4170	X639721U	국회의원	국회	국회의원	임미애	토지	배우자	대지	경상북도 의성군 봉양면 문흥리 120-2번지 570.00㎡	10032	171		0		10203	가액변동
202603	4171	X639721U	국회의원	국회	국회의원	임미애	토지	배우자	대지	경상북도 의성군 봉양면 문흥리 120-9번지 89.00㎡	1860	45		0		1905	가액변동
202603	4172	X639721U	국회의원	국회	국회의원	임미애	토지	배우자	도로	경상북도 의성군 봉양면 문흥리 124-3번지 231.00㎡	1970	100		0		2070	가액변동
202603	4173	X639721U	국회의원	국회	국회의원	임미애	토지	배우자	답	경상북도 의성군 봉양면 문흥리 162번지 1,864.00㎡	38398	932		0		39330	가액변동
202603	4174	X639721U	국회의원	국회	국회의원	임미애	토지	배우자	답	경상북도 의성군 봉양면 문흥리 163번지 2,007.00㎡	41344	1004		0		42348	가액변동
202603	4175	X639721U	국회의원	국회	국회의원	임미애	토지	배우자	답	경상북도 의성군 봉양면 문흥리 206-3번지 112.00㎡	2038	12		0		2050	가액변동
202603	4176	X639721U	국회의원	국회	국회의원	임미애	토지	배우자	답	경상북도 의성군 봉양면 문흥리 218-3번지 479.00㎡	10059	240		0		10299	가액변동
202603	4177	X639721U	국회의원	국회	국회의원	임미애	토지	배우자	답	경상북도 의성군 봉양면 문흥리 219-1번지 188.00㎡	3948	94		0		4042	가액변동
202603	4178	X639721U	국회의원	국회	국회의원	임미애	토지	배우자	답	경상북도 의성군 봉양면 문흥리 220-3번지 145.00㎡	3045	73		0		3118	가액변동
202603	4179	X639721U	국회의원	국회	국회의원	임미애	토지	배우자	답	경상북도 의성군 봉양면 문흥리 219번지 403.00㎡	8463	202		0		8665	가액변동
202603	4180	X639721U	국회의원	국회	국회의원	임미애	토지	배우자	답	경상북도 의성군 봉양면 문흥리 220-4번지 91.00㎡	1784	9		0		1793	가액변동
202603	4181	X639721U	국회의원	국회	국회의원	임미애	토지	배우자	답	경상북도 의성군 봉양면 문흥리 232-9번지 552.00㎡	12034	55		0		12089	가액변동
202603	4182	X639721U	국회의원	국회	국회의원	임미애	토지	배우자	과수원	경상북도 의성군 봉양면 문흥리 240번지 846.00㎡	19458	85		0		19543	가액변동
202603	4183	X639721U	국회의원	국회	국회의원	임미애	토지	배우자	답	경상북도 의성군 봉양면 문흥리 241-2번지 1,058.00㎡	24334	106		0		24440	가액변동
202603	4184	X639721U	국회의원	국회	국회의원	임미애	토지	배우자	답	경상북도 의성군 봉양면 문흥리 241-4번지 1,322.00㎡	24986	661		0		25647	가액변동
202603	4185	X639721U	국회의원	국회	국회의원	임미애	토지	배우자	과수원	경상북도 의성군 봉양면 문흥리 242-1번지 648.00㎡	12312	259		0		12571	가액변동
202603	4186	X639721U	국회의원	국회	국회의원	임미애	토지	배우자	하천	경상북도 의성군 봉양면 문흥리 242-2번지 542.00㎡	9864	434		0		10298	가액변동
202603	4187	X639721U	국회의원	국회	국회의원	임미애	토지	배우자	하천	경상북도 의성군 봉양면 문흥리 245-2번지 949.00㎡ 중474.50㎡	8446	427		0		8873	가액변동
202603	4188	X639721U	국회의원	국회	국회의원	임미애	토지	배우자	전	경상북도 의성군 봉양면 문흥리 564번지 112.00㎡	1467	34		0		1501	가액변동
202603	4189	X639721U	국회의원	국회	국회의원	임미애	토지	배우자	임야	경상북도 의성군 봉양면 문흥리 565번지 159.00㎡	162	5		0		167	가액변동
202603	4190	X639721U	국회의원	국회	국회의원	임미애	토지	배우자	전	경상북도 의성군 봉양면 문흥리 579번지 136.00㎡	1782	40		0		1822	가액변동
202603	4191	X639721U	국회의원	국회	국회의원	임미애	토지	배우자	전	경상북도 의성군 봉양면 문흥리 580번지 202.00㎡	2646	61		0		2707	가액변동
202603	4192	X639721U	국회의원	국회	국회의원	임미애	토지	배우자	임야	경상북도 의성군 봉양면 문흥리 산 36-1번지 315.00㎡	98	1		0		99	가액변동
202603	4193	X639721U	국회의원	국회	국회의원	임미애	토지	배우자	답	경상북도 의성군 봉양면 분토리 1014-2번지 162.00㎡	2965	64		0		3029	가액변동
202603	4194	X639721U	국회의원	국회	국회의원	임미애	토지	배우자	임야	경상북도 의성군 봉양면 분토리 산 132번지 62,678.00㎡중 31,339.00㎡	21812	313		0		22125	가액변동
202603	4195	X639721U	국회의원	국회	국회의원	임미애	토지	배우자	전	경상북도 의성군 봉양면 문흥리 245-1번지 251.00㎡	4468	226		0		4694	가액변동
202603	4196	X639721U	국회의원	국회	국회의원	임미애	건물	본인	아파트	경상북도 의성군 의성읍 중리리 청구제네스2단지 건물84.77㎡	120000	5000		0		125000	가액변동
202603	4197	X639721U	국회의원	국회	국회의원	임미애	건물	본인	사무실(전세(임차)권)	경상북도 의성군 의성읍 후죽리 2층 건물 85.00㎡ (건물85.00㎡ 증가)	0	20000		0		20000	
202603	4198	X639721U	국회의원	국회	국회의원	임미애	건물	배우자	동·식물 관련시설	경상북도 의성군 봉양면 문흥리 대지 1,600.00㎡ 건물844.01㎡	25500	480		0		25980	가액변동
202603	4199	X639721U	국회의원	국회	국회의원	임미애	건물	배우자	동·식물 관련시설	경상북도 의성군 봉양면 문흥리 대지 859.00㎡ 건물 5.00㎡	13523	222		0		13745	가액변동
202603	4200	X639721U	국회의원	국회	국회의원	임미애	건물	배우자	동·식물 관련시설	경상북도 의성군 봉양면 문흥리 대지 685.00㎡ 건물195.00㎡	18812	3327		0		22139	가액변동
202603	4201	X639721U	국회의원	국회	국회의원	임미애	건물	부	아파트	경상북도 의성군 의성읍 중리리 의성청구제네스1단지 건물59.70㎡	76400	6700		0		83100	가액변동
202603	4202	X639721U	국회의원	국회	국회의원	임미애	부동산에 관한 규정이 준용되는 권리와 자동차·건설기계·선박 및 항공기	본인	자동차	2003년식 포터 배기량(2,607cc)	5	0		0		5	가액변동 없음
202603	4203	X639721U	국회의원	국회	국회의원	임미애	부동산에 관한 규정이 준용되는 권리와 자동차·건설기계·선박 및 항공기	본인	자동차	2018년식 모닝 배기량(998cc)	3920	160		0		4080	가액변동
202603	4204	X639721U	국회의원	국회	국회의원	임미애	부동산에 관한 규정이 준용되는 권리와 자동차·건설기계·선박 및 항공기	배우자	자동차	2020년식 그랜저 배기량(2,497cc)	22810	0		3420		19390	가액변동
202603	4205	X639721U	국회의원	국회	국회의원	임미애	부동산에 관한 규정이 준용되는 권리와 자동차·건설기계·선박 및 항공기	배우자	자동차	2003년식 포터 배기량(2,607cc)	573	0		93		480	가액변동
202603	4206	X639721U	국회의원	국회	국회의원	임미애	부동산에 관한 규정이 준용되는 권리와 자동차·건설기계·선박 및 항공기	배우자	기타	한우	150000	0		30000		120000	사육두수 감소에 따른 변동
202603	4207	X639721U	국회의원	국회	국회의원	임미애	예금	본인		AIA생명보험주식회사 15,805(1,308 증가),DB손해보험(주) 2,300(453 증가), KB증권 32, 국민은행2,261(3,426 감소), 농협은행 30,333(29,802 증가),농협중앙회 126(13,931 감소), 메리츠화재해상보험(보험) 12,355(1,500 증가), 미래에셋증권 9,097(9,044 증가),삼성생명보험 11,188, 삼성화재해상보험 40,532(2,400 증가), 신용협동조합중앙회 72, 에이비엘생명보험 16,308, 주식회사 카카오뱅크 20,512(16,842 증가)	116929	64954		20962		160921	소득 예금, 보험료 누적, 생활비 지출에 따른 증감
202603	4208	X639721U	국회의원	국회	국회의원	임미애	예금	배우자		DB손해보험(주) 2,397(443 증가), 농협생명보험 17,078,농협손해보험 500(8,400 감소), 농협은행 500, 농협중앙회27,653(19,082 증가), 미래에셋증권 202,996(202,918증가), 산림조합중앙회 1,238(36 증가),  삼성화재해상보험 0(575 감소), 새마을금고중앙회 541(17증가), 신용협동조합중앙회 23, 의성읍한우회영농조합법인 40,000, 주식회사 카카오뱅크37(32 감소), 현대해상화재보험 75(75 증가)	79474	226275		12711		293038	소득 예금, 보험료 누적, 생활비 지출에 따른 증감
202603	4209	X639721U	국회의원	국회	국회의원	임미애	예금	부		NH투자증권 1, 국민은행 188,537(31,655 증가), 농협은행4, 신용협동조합중앙회 10,368(331 증가)	166924	161986		130000		198910	소득 예금, 보험료 누적, 생활비 지출에 따른 증감
202603	4210	X639721U	국회의원	국회	국회의원	임미애	예금	모		국민은행 190,264, 신용협동조합중앙회 10,368(269 감소)	200901	190000		190269		200632	소득 예금, 보험료 누적, 생활비 지출에 따른 증감
202603	4211	X639721U	국회의원	국회	국회의원	임미애	정치자금법에 따른 정치자금의 수입 및 지출을 위한 예금계좌의 예금	본인		농협중앙회 130,851(19,228 증가)	111623	19228		0		130851	후원금 기부 및 정치자금 사용
202603	4212	X639721U	국회의원	국회	국회의원	임미애	증권	본인	상장주식	AMD 46주(46주 증가), 뉴스케일파워 30주(30주 증가), 마이크로소프트 15주(15주 증가), 삼성전자 0주(119주 감소), 상아프론테크 0주(144주 감소), 코리안리0주(776주 감소)	15134	25153		15134		25153	매매
202603	4213	X639721U	국회의원	국회	국회의원	임미애	증권	배우자	상장주식	루닛 0주(63주 감소), 삼성전자 0주(2주 감소), 상아프론테크 0주(11,517주 감소), 티씨케이 0주(5주감소)	215240	0		215240		0	매매
202603	4214	X639721U	국회의원	국회	국회의원	임미애	채무	본인		사인간채무 증가	29196	5306		0		34502	한우 사료 외상 대금 증가
202603	4215	X639721U	국회의원	국회	국회의원	임미애	채무	배우자	금융채무	농협중앙회 90,000(3,781 감소)	93781	0		3781		90000	농(축)업 경영자금 대출 일부 반환
202603	4216	X639721U	국회의원	국회	국회의원	임미애	고지거부 및 등록제외사항	장남		고지거부	0	0		0		0	독립생계유지
202603	4217	X639721U	국회의원	국회	국회의원	임미애	고지거부 및 등록제외사항	차남		고지거부	0	0		0		0	독립생계유지
202603	4218	X639721U	국회의원	국회	국회의원	임미애	고지거부 및 등록제외사항	손자1		고지거부	0	0		0		0	독립생계유지
202603	4219	4T026790	국회의원	국회	국회의원	임오경	건물	본인	사무실(전세(임차)권)	경기도 광명시 철산동 금산빌딩 건물 121.20㎡	10000	0		0		10000	변동없음
202603	4220	4T026790	국회의원	국회	국회의원	임오경	건물	본인	아파트(전세(임차)권)	경기도 광명시 철산동 철산역 롯데캐슬&SKVIEW 클래스티지건물 98.48㎡	850000	0		0		850000	변동없음
202603	4221	4T026790	국회의원	국회	국회의원	임오경	부동산에 관한 규정이 준용되는 권리와 자동차·건설기계·선박 및 항공기	본인	자동차	2024년식 스포티지하이브리드 배기량(1,598cc)	37070	0		8790		28280	가액변동
202603	4222	4T026790	국회의원	국회	국회의원	임오경	예금	본인		(주)KB손해보험 15,020(2,320 증가), (주)KEB하나은행 0(119 감소), (주)카카오페이증권 500(500 증가), 교보생명보험 64,338(4,864 증가), 국민은행 23,113(7,804 증가), 농협은행 11,544(3,123 감소),새마을금고중앙회 1,042(1 증가), 신한은행 29,795(7,602감소), 중소기업은행 2,192(1,201 증가)	141698	22417		16571		147544	급여저축 및 생활비 지출
202603	4223	4T026790	국회의원	국회	국회의원	임오경	예금	장녀		신한은행 1,430(180 증가), 주식회사 카카오뱅크1,203(490 증가)	1963	672		2		2633	급여저축 및 생활비 지출
202603	4224	4T026790	국회의원	국회	국회의원	임오경	정치자금법에 따른 정치자금의 수입 및 지출을 위한 예금계좌의 예금	본인		농협은행 75,461(66,866 감소)	142327	0		66866		75461	의정활동 지출
202603	4225	4T026790	국회의원	국회	국회의원	임오경	채무	본인	금융채무	신한은행 0(80,000 감소)	80000	0		80000		0	예금 등으로 상환
202603	4226	4T026790	국회의원	국회	국회의원	임오경	고지거부 및 등록제외사항	부		고지거부	0	0		0		0	타인부양
202603	4227	4T026790	국회의원	국회	국회의원	임오경	고지거부 및 등록제외사항	모		고지거부	0	0		0		0	타인부양
202603	4228	EH27538E	국회의원	국회	국회의원	임이자	건물	본인	아파트	경기도 안산시 단원구 고잔동 호수공원아파트 건물87.19㎡	344000	5000		0		349000	가액변동
202603	4229	EH27538E	국회의원	국회	국회의원	임이자	건물	본인	사무실(전세(임차)권)	경상북도 상주시 무양동 상주종합버스터미널 건물39,536.56㎡ 중 157.42㎡	20000	0		0		20000	
202603	4230	EH27538E	국회의원	국회	국회의원	임이자	건물	본인	사무실(전세(임차)권)	경상북도 문경시 점촌동 2층 건물 149.67㎡	10000	0		0		10000	
202603	4231	EH27538E	국회의원	국회	국회의원	임이자	건물	본인	아파트	경상북도 상주시 무양동 상주무양LH천년나무아파트 건물84.98㎡	265000	0		0		265000	
202603	4232	EH27538E	국회의원	국회	국회의원	임이자	예금	본인		(주)KB손해보험 42,267(5,416 증가), 농협은행 38,316(34,657 증가), 삼성화재해상보험 0(3,267 감소),새마을금고중앙회 280, 우리은행 126,100(435,587 감소),우체국 939(313 증가), 한화손해보험 9,558(708 증가)	615220	107728		505488		217460	사인간채권 발생
202603	4233	EH27538E	국회의원	국회	국회의원	임이자	정치자금법에 따른 정치자금의 수입 및 지출을 위한 예금계좌의 예금	본인		농협은행 291,020(124,472 증가)	166548	124472		0		291020	후원금 증가
202603	4234	EH27538E	국회의원	국회	국회의원	임이자	채권	본인		사인간채권 증가	133000	500000		0		633000	예금에서 대여
202603	4235	EH27538E	국회의원	국회	국회의원	임이자	채무	본인	건물임대채무	경기도 안산시 단원구 고잔동 호수공원아파트 임대보증금	360000	0		0		360000	
202603	4236	EH27538E	국회의원	국회	국회의원	임이자	금 및 백금	본인		금 24K 130g	17092	9713		0		26805	시세변동
202603	4237	RAJ1024Z	국회의원	국회	국회의원	임종득	건물	본인	아파트	서울특별시 동작구 사당동 래미안 로이파크 건물 84.98㎡중 42.49㎡	458500	68000		0		526500	가액변동
202603	4238	RAJ1024Z	국회의원	국회	국회의원	임종득	건물	본인	근린생활시설(전세(임차)권)	경상북도 봉화군 봉화읍 내성리 건물 280.22㎡ (건물280.22㎡ 증가)	0	10000		0		10000	봉화지역사무소 보증금
202603	4239	RAJ1024Z	국회의원	국회	국회의원	임종득	건물	본인	근린생활시설(전세(임차)권)	경상북도 영양군 영양읍 서부리 청송영양축협 2층 건물97.13㎡ (건물 97.13㎡ 증가)	0	5000		0		5000	영양지역사무소 보증금
202603	4240	RAJ1024Z	국회의원	국회	국회의원	임종득	건물	배우자	아파트	서울특별시 동작구 사당동 래미안 로이파크 건물 84.98㎡중 42.49㎡	458500	68000		0		526500	가액변동
202603	4241	RAJ1024Z	국회의원	국회	국회의원	임종득	건물	배우자	아파트(전세(임차)권)	경상북도 영주시 가흥동 영주가흥사랑으로부영아파트건물 59.92㎡	20000	0		0		20000	변동없음
202603	4242	RAJ1024Z	국회의원	국회	국회의원	임종득	건물	모	단독주택	경상북도 영주시 이산면 운문리 대지 866.00㎡ 건물49.60㎡	21600	300		0		21900	가액변동
202603	4243	RAJ1024Z	국회의원	국회	국회의원	임종득	부동산에 관한 규정이 준용되는 권리와 자동차·건설기계·선박 및 항공기	배우자	자동차	2011년식 그랜저HG 배기량(2,359cc)	4480	0		350		4130	가액변동
202603	4244	RAJ1024Z	국회의원	국회	국회의원	임종득	예금	본인		(주)KB손해보험 2,117(549 증가), 교보생명보험 41,652(2,136 증가), 국민은행 6,965(370 증가), 농협은행2,006(1,417 증가), 농협중앙회 15, 삼성생명보험 0(4,378감소), 신한은행 20,700(7,474 증가), 케이뱅크 4	65891	13157		5589		73459	급여 저축 및 생활비 지출 등
202603	4245	RAJ1024Z	국회의원	국회	국회의원	임종득	예금	배우자		AIA생명보험주식회사 12,629(682 증가), KB증권 7,538(6,641 증가), NH투자증권 3, 국민은행 17,400(2,876증가), 농협중앙회 5, 삼성화재해상보험 820(240 증가),우리은행 19	27975	10439		0		38414	급여 저축 및 생활비 지출 등
202603	4246	RAJ1024Z	국회의원	국회	국회의원	임종득	예금	모		농협은행 58,528, 농협중앙회 4,502(5,213 감소)	68243	0		5213		63030	급여 저축 및 생활비 지출 등
202603	4247	RAJ1024Z	국회의원	국회	국회의원	임종득	예금	차남		DB손해보험(주) 2,163(209 증가), KB증권 0(29 감소),국민은행 5,119(680 증가), 농협중앙회 8,삼성화재해상보험 128(128 증가)	6430	1537		549		7418	급여 저축 및 생활비 지출 등
202603	4248	RAJ1024Z	국회의원	국회	국회의원	임종득	정치자금법에 따른 정치자금의 수입 및 지출을 위한 예금계좌의 예금	본인		농협은행 329,542(171,047 증가)	158495	171047		0		329542	정치자금 증가
202603	4249	RAJ1024Z	국회의원	국회	국회의원	임종득	증권	배우자	상장주식	삼성전자 0주(123주 감소), 초록뱀미디어 0주(31주 감소)	6710	0		6710		0	매도
202603	4250	RAJ1024Z	국회의원	국회	국회의원	임종득	증권	차남	상장주식	삼성전자 0주(34주 감소)	1808	0		1808		0	매도
202603	4251	RAJ1024Z	국회의원	국회	국회의원	임종득	채무	본인		사인간채무 감소	300000	0		300000		0	상환(선거 보전금액,자산)
202603	4252	RAJ1024Z	국회의원	국회	국회의원	임종득	채무	본인	금융채무	신한은행 199,333(7,666 감소)	206999	0		7666		199333	일부상환
202603	4253	RAJ1024Z	국회의원	국회	국회의원	임종득	가상자산	배우자		디스체인 0.074159개, 이더리움피오더블유 0.074159개	0	0		0		0	매도
202603	4254	RAJ1024Z	국회의원	국회	국회의원	임종득	가상자산	차남		디브릿지 0개(1,554.74367294개 감소), 볼타 0.0000315개(0.0000315개 증가), 비트토렌트 0.00736개,이오스 0개(0.0000315개 감소)	83	0		83		0	매도
202603	4255	RAJ1024Z	국회의원	국회	국회의원	임종득	고지거부 및 등록제외사항	장남		고지거부	0	0		0		0	독립생계유지
202603	4256	RAJ1024Z	국회의원	국회	국회의원	임종득	고지거부 및 등록제외사항	손녀1		고지거부	0	0		0		0	독립생계유지
202603	4257	FH777496	국회의원	국회	국회의원	임호선	토지	본인	전	충청북도 진천군 초평면 은암리 233-4번지 10.00㎡	350	8		0		358	가액변동
202603	4258	FH777496	국회의원	국회	국회의원	임호선	토지	본인	전	충청북도 진천군 초평면 은암리 233-6번지 264.00㎡	8606	185		0		8791	가액변동
202603	4259	FH777496	국회의원	국회	국회의원	임호선	토지	본인	도로	충청북도 진천군 초평면 은암리 312-1번지 20.00㎡	428	8		0		436	가액변동
202603	4260	FH777496	국회의원	국회	국회의원	임호선	토지	본인	대지	충청북도 진천군 초평면 은암리 312번지 0.00㎡ (618.00㎡감소)	55300	0		55300		0	건물합산신고
202603	4261	FH777496	국회의원	국회	국회의원	임호선	토지	본인	전	충청북도 진천군 초평면 은암리 322번지 1,418.00㎡ 중1,418.00㎡	60265	851		0		61116	가액변동
202603	4262	FH777496	국회의원	국회	국회의원	임호선	토지	본인	대지	충청북도 진천군 초평면 은암리 324번지 625.00㎡	41125	750		0		41875	가액변동
202603	4263	FH777496	국회의원	국회	국회의원	임호선	토지	본인	전	충청북도 진천군 초평면 은암리 352-3번지 747.00㎡	25323	150		0		25473	가액변동
202603	4264	FH777496	국회의원	국회	국회의원	임호선	토지	본인	전	충청북도 진천군 초평면 은암리 421-2번지 2,033.00㎡ 중2,033.00㎡	45133	0		0		45133	변동없음
202603	4265	FH777496	국회의원	국회	국회의원	임호선	토지	본인	임야	충청북도 진천군 초평면 은암리 산 49-1번지 15,937.00㎡중 15,937.00㎡	45580	159		0		45739	가액변동
202603	4266	FH777496	국회의원	국회	국회의원	임호선	토지	본인	전	충청북도 진천군 초평면 은암리 284번지 8,638.00㎡	385255	5183		0		390438	가액변동
202603	4267	FH777496	국회의원	국회	국회의원	임호선	토지	본인	전	충청북도 진천군 초평면 은암리 285번지 1,210.00㎡	51425	726		0		52151	가액변동
202603	4268	FH777496	국회의원	국회	국회의원	임호선	토지	본인	임야	충청북도 진천군 초평면 은암리 산 52번지 37,714.00㎡	69771	0		0		69771	변동없음
202603	4269	FH777496	국회의원	국회	국회의원	임호선	토지	본인	임야	충청북도 진천군 초평면 은암리 339-5번지 368.00㎡	1181	4		0		1185	가액변동
202603	4270	FH777496	국회의원	국회	국회의원	임호선	토지	본인	임야	충청북도 진천군 초평면 은암리 349-8번지 462.90㎡	1486	5		0		1491	가액변동
202603	4271	FH777496	국회의원	국회	국회의원	임호선	토지	배우자	대지	충청북도 증평군 증평읍 창동리 366번지 76.00㎡	22595	289		0		22884	가액변동
202603	4272	FH777496	국회의원	국회	국회의원	임호선	토지	장남	임야	충청북도 진천군 초평면 영구리 산 28-12번지 67,206.00㎡	68550	672		0		69222	가액변동
202603	4273	FH777496	국회의원	국회	국회의원	임호선	건물	본인	아파트	서울특별시 광진구 구의동 현대하이엘아파트 건물154.15㎡	733000	78000		0		811000	가액변동
202603	4274	FH777496	국회의원	국회	국회의원	임호선	건물	본인	사무실(전세(임 차)권)	충청북도 음성군 맹동면 두성리 세계로메디컬타워 대지 1,572.00㎡ 중 0.00㎡ 건물 7,000.37㎡ 중 112.67㎡	30000	0		0		30000	변동없음
202603	4275	FH777496	국회의원	국회	국회의원	임호선	건물	본인	단독주택	충청북도 진천군 초평면 은암리 대지 618.00㎡ 건물174.53㎡ (대지 618.00㎡ 증가, 건물 174.53㎡ 증가)	0	159000		0		159000	명의변경
202603	4276	FH777496	국회의원	국회	국회의원	임호선	건물	배우자	근린생활시설	충청북도 증평군 증평읍 창동리 대지 163.00㎡ 건물371.43㎡	350000	0		0		350000	변동없음
202603	4277	FH777496	국회의원	국회	국회의원	임호선	건물	배우자	기타(전세(임차)권)	충청북도 증평군 증평읍 중동리 건물 178.30㎡	30000	0		0		30000	변동없음
202603	4278	FH777496	국회의원	국회	국회의원	임호선	건물	장남	단독주택	충청북도 진천군 초평면 은암리 건물 0.00㎡ (건물174.53㎡ 감소)	102700	0		102700		0	명의변경
202603	4279	FH777496	국회의원	국회	국회의원	임호선	건물	장남	아파트(전세(임차)권)	인천광역시 중구 중산동 하늘도시우미린1단지 건물59.94㎡	210000	0		0		210000	변동없음
202603	4280	FH777496	국회의원	국회	국회의원	임호선	부동산에 관한 규정이 준용되는 권리와 자동차·건설기계·선박 및 항공기	배우자	자동차	2016년식 제네시스 배기량(3,342cc)	1257	11313		0		12570	가액정정
202603	4281	FH777496	국회의원	국회	국회의원	임호선	예금	본인		경찰공제회 19,541(4,221 감소), 국민은행 47,749(9,472감소), 농협생명보험 66,120(2,040 증가), 농협은행 19,367(19,157 감소), 농협중앙회 1,552(13 증가),메트라이프생명보험 48,528(48,528 증가), 미래에셋증권 10, 산림조합중앙회 1,047(47 증가), 스탠다드차타드은행10, 우체국 1,084(3 증가), 중소기업은행 7, 하나증권 127	187361	50631		32850		205142	급여 및 사업소득 등
202603	4282	FH777496	국회의원	국회	국회의원	임호선	예금	배우자		교보생명보험 12,366(3,863 증가), 국민은행 993(314 증가), 농협생명보험 264,435(44,015 증가), 농협손해보험 5,700(3,600 증가), 농협은행 177(792 감소), 메트라이프생명보험 54,667(54,667 증가), 미래에셋증권 17, 산림조합중앙회 644(25 증가),새마을금고중앙회 8,354(6,207 증가),신용협동조합중앙회 1,779(10 증가), 신한은행 146,우리은행 70, 우체국 4(37 감소)	237480	112701		829		349352	급여 및 사업소득 등
202603	4283	FH777496	국회의원	국회	국회의원	임호선	예금	장남		국민은행 757(718 증가), 농협중앙회 3(2,300 감소),토스증권(주) 15(15 증가)	2342	733		2300		775	급여 및 사업소득 등
202603	4284	FH777496	국회의원	국회	국회의원	임호선	예금	차남		농협은행 20, 농협중앙회 0(6 감소), 신용협동조합중앙회5, 토스증권(주) 1	32	0		6		26	급여 및 사업소득 등
202603	4285	FH777496	국회의원	국회	국회의원	임호선	정치자금법에 따른 정치자금의 수입 및 지출을 위한 예금계좌의 예금	본인		농협은행 168,286(24,770 증가)	143516	24770		0		168286	후원금 증가
202603	4286	FH777496	국회의원	국회	국회의원	임호선	채권	배우자		사인간채권	100000	0		0		100000	변동없음
202603	4287	FH777496	국회의원	국회	국회의원	임호선	채무	본인	금융채무	국민은행 73,567(3,741 감소)	77308	0		3741		73567	일부상환
202603	4288	FH777496	국회의원	국회	국회의원	임호선	채무	배우자	금융채무	농협중앙회 19,829(3,795 감소)	23624	0		3795		19829	일부상환
202603	4289	FH777496	국회의원	국회	국회의원	임호선	채무	배우자	건물임대채무	충청북도 증평군 증평읍 창동리 임대보증금	85000	0		0		85000	변동없음
202603	4290	RPN2293B	국회의원	국회	국회의원	장경태	토지	부	대지	전라남도 순천시 저전동 235-4번지 244.80㎡	103697	1542		0		105239	공시지가 변동
202603	4291	RPN2293B	국회의원	국회	국회의원	장경태	토지	부	대지	전라남도 순천시 저전동 235-27번지 21.90㎡	9277	137		0		9414	공시지가 변동
202603	4292	RPN2293B	국회의원	국회	국회의원	장경태	토지	부	임야	전라남도 순천시 해룡면 용전리 511-10번지 333.00㎡	10922	33		0		10955	공시지가 변동
202603	4293	RPN2293B	국회의원	국회	국회의원	장경태	건물	본인	다가구주택(전세(임차)권)	서울특별시 동대문구 장안동 대지 190.00㎡ 건물 297.00㎡	140000	0		0		140000	
202603	4294	RPN2293B	국회의원	국회	국회의원	장경태	건물	본인	사무실(전세(임차)권)	서울특별시 동대문구 장안동 삼부빌딩 건물 2,095.87㎡ 중138.00㎡	15000	0		0		15000	
202603	4295	RPN2293B	국회의원	국회	국회의원	장경태	건물	부	단독주택	전라남도 순천시 저전동 대지 244.80㎡ 건물 72.68㎡	125000	1000		0		126000	가액 변동
202603	4296	RPN2293B	국회의원	국회	국회의원	장경태	부동산에 관한 규정이 준용되는 권리와 자동차·건설기계·선박 및 항공기	본인	자동차	2014년식 YF쏘나타 2.0브릴리언트 배기량(1,998cc)	4470	0		1160		3310	가액 변동
202603	4297	RPN2293B	국회의원	국회	국회의원	장경태	부동산에 관한 규정이 준용되는 권리와 자동차·건설기계·선박 및 항공기	본인	자동차	2016년식 카니발 배기량(2,199cc)	10370	0		1510		8860	가액 변동
202603	4298	RPN2293B	국회의원	국회	국회의원	장경태	부동산에 관한 규정이 준용되는 권리와 자동차·건설기계·선박 및 항공기	본인	자동차	2024년식 카니발 하이리무진 배기량(3,470cc)	21495	0		0		21495	
202603	4299	RPN2293B	국회의원	국회	국회의원	장경태	예금	본인		농협은행 11,463(348 증가), 농협중앙회 12, 새마을금고중앙회 13,822(9 감소), 신용협동조합중앙회 131(1,294 감소), 신한은행 14, 우리은행 522,810(75,407증가), 중소기업은행 82	473882	518505		444053		548334	급여 저축 및 지출
202603	4300	RPN2293B	국회의원	국회	국회의원	장경태	예금	부		KB증권 38(1 증가), 광주은행 4, 국민은행 18, 농협중앙회94(37 감소), 대신증권 11(60 감소), 신용협동조합중앙회3, 한국투자증권 1	265	1		97		169	급여 저축 및 지출
202603	4301	RPN2293B	국회의원	국회	국회의원	장경태	예금	모		농협손해보험 0(896 감소), 농협은행 170(3,580 감소),농협중앙회 36,700(6,256 증가), 대신증권 34,메리츠화재해상보험(보험) 4,900(600 증가),신용협동조합중앙회 68(3 증가), 우리은행 1,한화투자증권 35(1 증가)	39524	37224		34840		41908	급여 저축 및 지출
202603	4302	RPN2293B	국회의원	국회	국회의원	장경태	정치자금법에 따른 정치자금의 수입 및 지출을 위한 예금계좌의 예금	본인		농협은행 28,373(17,442 증가)	10931	17442		0		28373	정치자금 잔액 변동
202603	4303	RPN2293B	국회의원	국회	국회의원	장경태	증권	부	상장주식	수성이노베이션 0주(1주 감소), 에이프로젠제약 0주(5주감소), 피에이치씨 29주	262	0		8		254	주식 평가액 변동(상장폐지)
202603	4304	RPN2293B	국회의원	국회	국회의원	장경태	채무	본인	금융채무	우리은행 112,000	112000	0		0		112000	
202603	4305	RPN2293B	국회의원	국회	국회의원	장경태	채무	부	금융채무	KB국민카드 1,798(1,798 증가), 삼성카드 487(1,813 감소)	2300	1798		1813		2285	
202603	4306	RPN2293B	국회의원	국회	국회의원	장경태	비영리법인에 출연한 재산	본인	출연	사단법인 한국청년의정, 출연재산:50,000천원(50,000천원 증가), 보유직위: 대표이사	-	-		-		-	비영리법인 설립
202603	4307	KFM1081G	국회의원	국회	국회의원	장동혁	토지	본인	답	충청남도 보령시 웅천읍 대창리 12번지 1,658.00㎡(196.00㎡ 감소)	56732	0		5003		51729	지번분할
202603	4308	KFM1081G	국회의원	국회	국회의원	장동혁	토지	본인	전	충청남도 보령시 웅천읍 대창리 14-2번지 1,058.00㎡(172.00㎡ 감소)	40713	0		7175		33538	지번분할
202603	4309	KFM1081G	국회의원	국회	국회의원	장동혁	토지	본인	답	충청남도 보령시 웅천읍 대창리 15번지 703.00㎡ (70.00㎡감소)	24891	0		1833		23058	지번분할
202603	4310	KFM1081G	국회의원	국회	국회의원	장동혁	토지	본인	답	충청남도 보령시 웅천읍 대창리 16번지 81.00㎡ (444.00㎡감소)	17430	0		14960		2470	지번분할
202603	4311	KFM1081G	국회의원	국회	국회의원	장동혁	토지	본인	전	충청남도 보령시 웅천읍 대창리 18번지 346.00㎡	9065	35		0		9100	가액변동
202603	4312	KFM1081G	국회의원	국회	국회의원	장동혁	토지	본인	임야	충청남도 서산시 대산읍 화곡리 36-76번지 5,270.00㎡ 중22.50㎡	15400	0		0		15400	
202603	4313	KFM1081G	국회의원	국회	국회의원	장동혁	토지	본인	임야	충청남도 서산시 대산읍 화곡리 36-77번지 545.00㎡ 중272.50㎡	181500	0		0		181500	
202603	4314	KFM1081G	국회의원	국회	국회의원	장동혁	토지	본인	답	충청남도 보령시 웅천읍 대창리 483-3번지 27.00㎡ 중5.40㎡	165	0		2		163	가액변동
202603	4315	KFM1081G	국회의원	국회	국회의원	장동혁	토지	본인	답	충청남도 보령시 웅천읍 대창리 12-2번지 196.00㎡(196.00㎡ 증가)	0	6115		0		6115	지번분할
202603	4316	KFM1081G	국회의원	국회	국회의원	장동혁	토지	본인	전	충청남도 보령시 웅천읍 대창리 14-4번지 172.00㎡(172.00㎡ 증가)	0	5796		0		5796	지번분할
202603	4317	KFM1081G	국회의원	국회	국회의원	장동혁	토지	본인	답	충청남도 보령시 웅천읍 대창리 15-2번지 15.00㎡(15.00㎡ 증가)	0	492		0		492	지번분할
202603	4318	KFM1081G	국회의원	국회	국회의원	장동혁	토지	본인	답	충청남도 보령시 웅천읍 대창리 15-3번지 55.00㎡(55.00㎡ 증가)	0	1820		0		1820	지번분할
202603	4319	KFM1081G	국회의원	국회	국회의원	장동혁	토지	본인	답	충청남도 보령시 웅천읍 대창리 16-2번지 12.00㎡(12.00㎡ 증가)	0	354		0		354	지번분할
202603	4320	KFM1081G	국회의원	국회	국회의원	장동혁	토지	본인	답	충청남도 보령시 웅천읍 대창리 16-3번지 377.00㎡(377.00㎡ 증가)	0	12478		0		12478	지번분할
202603	4321	KFM1081G	국회의원	국회	국회의원	장동혁	토지	본인	답	충청남도 보령시 웅천읍 대창리 16-4번지 55.00㎡(55.00㎡ 증가)	0	1820		0		1820	지번분할
202603	4322	KFM1081G	국회의원	국회	국회의원	장동혁	토지	배우자	임야	충청남도 서산시 대산읍 화곡리 36-76번지 5,270.00㎡ 중 22.50㎡	15400	0		0		15400	
202603	4323	KFM1081G	국회의원	국회	국회의원	장동혁	토지	배우자	임야	충청남도 서산시 대산읍 화곡리 36-77번지 545.00㎡ 중272.50㎡	181500	0		0		181500	
202603	4324	KFM1081G	국회의원	국회	국회의원	장동혁	토지	배우자	답	경상남도 진주시 집현면 장흥리 450번지 2,102.00㎡ 중210.00㎡	17514	147		0		17661	가액변동
202603	4325	KFM1081G	국회의원	국회	국회의원	장동혁	토지	배우자	답	경상남도 진주시 집현면 장흥리 747번지 2,142.00㎡ 중214.00㎡	17848	149		0		17997	가액변동
202603	4326	KFM1081G	국회의원	국회	국회의원	장동혁	토지	배우자	창고용지	충청남도 서산시 대산읍 화곡리 1-47번지 0.00㎡(701.00㎡ 감소)	619146	0		619146	619146	0	계약해제에 따른 대금반환 채권으로 변경
202603	4327	KFM1081G	국회의원	국회	국회의원	장동혁	건물	본인	아파트	서울특별시 구로구 구로동 현대아파트 건물 116.00㎡ 중58.00㎡	240000	0		0		240000	
202603	4328	KFM1081G	국회의원	국회	국회의원	장동혁	건물	본인	단독주택	충청남도 보령시 웅천읍 대창리 대지 767.00㎡ 건물71.00㎡	28700	600		0		29300	가액변동
202603	4329	KFM1081G	국회의원	국회	국회의원	장동혁	건물	배우자	아파트	서울특별시 구로구 구로동 현대아파트 건물 116.00㎡ 중58.00㎡	240000	0		0		240000	
202603	4330	KFM1081G	국회의원	국회	국회의원	장동혁	건물	배우자	아파트	충청남도 보령시 대천동 흥화아파트 건물 84.96㎡	98000	0		0		98000	
202603	4331	KFM1081G	국회의원	국회	국회의원	장동혁	건물	배우자	오피스텔	서울특별시 영등포구 여의도동 여의도아크로폴리스 대지1,421.00㎡ 중 4.68㎡ 건물 29.13㎡	175000	0		0		175000	
202603	4332	KFM1081G	국회의원	국회	국회의원	장동혁	건물	배우자	아파트	경상남도 진주시 상봉동 상봉한주타운 건물 125.38㎡ 중25.00㎡	26918	199		0		27117	가액변동
202603	4333	KFM1081G	국회의원	국회	국회의원	장동혁	건물	배우자	아파트	경기도 안양시 동안구 호계동 샘마을아파트 건물 118.92㎡중 11.00㎡	55591	5828		0		61419	가액변동
202603	4334	KFM1081G	국회의원	국회	국회의원	장동혁	건물	배우자	아파트(전세(임 차)권)	대전광역시 중구 유천동 남촌아파트 건물 59.97㎡	30000	0		0		30000	월세보증금
202603	4335	KFM1081G	국회의원	국회	국회의원	장동혁	부동산에 관한 규정이 준용되는 권리와 자동차·건설기계·선박 및 항공기	본인	자동차	2008년식 그랜져TG 배기량(2,656cc)	2440	0		350		2090	가액변동
202603	4336	KFM1081G	국회의원	국회	국회의원	장동혁	부동산에 관한 규정이 준용되는 권리와 자동차·건설기계·선박 및 항공기	본인	자동차	2009년식 NF소나타 배기량(1,999cc)	2390	0		340		2050	가액변동
202603	4337	KFM1081G	국회의원	국회	국회의원	장동혁	부동산에 관한 규정이 준용되는 권리와 자동차·건설기계·선박 및 항공기	본인	자동차	2020년식 G80 배기량(2,500cc) 감소	6509	0		6509	6509	0	계약만료
202603	4338	KFM1081G	국회의원	국회	국회의원	장동혁	부동산에 관한 규정이 준용되는 권리와 자동차·건설기계·선박 및 항공기	본인	자동차	2025년식 카니발 노블레스 배기량(1,600cc) 증가	0	6509		0		6509	신규계약, 보증금
202603	4339	KFM1081G	국회의원	국회	국회의원	장동혁	예금	본인		국민은행 27,900(1,200 증가), 농협은행 3,623(2,711증가), 새마을금고중앙회 200(200 증가), 신용협동조합중앙회 200(200 증가), 신한은행 11,401(6,109 증가)	32904	10883		463		43324	급여저축 등
202603	4340	KFM1081G	국회의원	국회	국회의원	장동혁	예금	배우자		(주)DB저축은행 701,694(316,048 증가), (주)KEB하나은행 6,810(1,166 증가), (주)카카오페이증권 7(7 증가),NH투자증권 185(26 증가), SBI저축은행 0(27,115 감소),국민은행 149(74 증가), 상호저축은행중앙회 0(126,000 감소), 신한은행 9,992(241 증가), 애큐온저축은행 13(18,491 감소)	572894	705042		559086		718850	급여저축 등
202603	4341	KFM1081G	국회의원	국회	국회의원	장동혁	예금	모		농협중앙회 1,333(1,048 증가)	285	1048		0		1333	급여저축 등
202603	4342	KFM1081G	국회의원	국회	국회의원	장동혁	예금	장남		(주)DB저축은행 4,300(4,300 증가), 신한은행 10,085(1,300 감소), 업비트 0(299 감소), 토스뱅크(주)56(549 감소), 토스증권(주) 5,682(4,667 증가)	13304	11367		4548		20123	급여저축 등
202603	4343	KFM1081G	국회의원	국회	국회의원	장동혁	정치자금법에 따른 정치자금의 수입 및 지출을 위한 예금계좌의 예금	본인		농협은행 150,878(129,014 증가)	21864	129014		0		150878	후원금 증가
202603	4344	KFM1081G	국회의원	국회	국회의원	장동혁	증권	배우자	상장주식	메디콕스 6주(92주 감소), 삼부토건 311주, 셀트리온제약 5주, 에스디바이오센서 1주, 자이에스앤디 69주	837	89		205		721	평가액변동
202603	4345	KFM1081G	국회의원	국회	국회의원	장동혁	채권	배우자		사인간채권 증가	197400	619146		12000		804546	대금반환 채권 등
202603	4346	KFM1081G	국회의원	국회	국회의원	장동혁	채무	배우자	건물임대채무	서울특별시 영등포구 여의도동 여의도아크로폴리스임대보증금	10000	10000		10000		10000	계약자 변경
202603	4347	KFM1081G	국회의원	국회	국회의원	장동혁	가상자산	장남		리플 0개(807.6개 감소), 테더0.00000005개(67.24949586개 감소)	2578	0		2578		0	매도 및 평가액변동
202603	4348	CIZ8557P	국회의원	국회	국회의원	장종태	건물	본인	아파트	대전광역시 서구 만년동 강변아파트 건물 127.71㎡	442000	0		0		442000	
202603	4349	CIZ8557P	국회의원	국회	국회의원	장종태	건물	본인	근린생활시설(전세(임차)권)	대전광역시 서구 도안동 5층 대지 1,496.00㎡ 중 0.00㎡건물 154.58㎡ 중 96.60㎡	20000	0		0		20000	
202603	4350	CIZ8557P	국회의원	국회	국회의원	장종태	건물	본인	아파트(전세(임차)권)	대전광역시 서구 관저동 관저리슈빌 건물 99.06㎡	30000	0		0		30000	
202603	4351	CIZ8557P	국회의원	국회	국회의원	장종태	예금	본인		(주)KEB하나은행 294,218(94,414 증가), 농협은행 4(3 증가), 메리츠화재해상보험(보험) 10,451(686 증가), 삼성화재해상보험 0(11,200 감소), 새마을금고중앙회 3,887(15 증가), 신용협동조합중앙회 222, 전북은행30(350 감소)	225244	202912		119344		308812	급여저축
202603	4352	CIZ8557P	국회의원	국회	국회의원	장종태	예금	배우자		(주)KB손해보험 3,313(603 증가), 국민은행 7, 농협중앙회3,681(268 증가), 라이나생명보험 5,680(461 증가), 새마을금고중앙회 117(2 증가), 신용협동조합중앙회 181(2 감소)	11647	1334		2		12979	급여저축
202603	4353	CIZ8557P	국회의원	국회	국회의원	장종태	정치자금법에 따른 정치자금의 수입 및 지출을 위한 예금계좌의 예금	본인		(주)KEB하나은행 0(20,413 감소), 농협은행68,223(68,223 증가)	20413	68223		20413		68223	계좌변경 및 후원금 증가
202603	4354	CIZ8557P	국회의원	국회	국회의원	장종태	고지거부 및 등록제외사항	장남		고지거부	0	0		0		0	독립생계유지
202603	4355	CIZ8557P	국회의원	국회	국회의원	장종태	고지거부 및 등록제외사항	손자1		고지거부	0	0		0		0	독립생계유지
202603	4356	CIZ8557P	국회의원	국회	국회의원	장종태	고지거부 및 등록제외사항	손자2		고지거부	0	0		0		0	독립생계유지
202603	4357	2NV6751W	국회의원	국회	국회의원	장철민	건물	본인	아파트	세종특별자치시 종촌동 가재마을 5단지 건물 84.94㎡	330000	0		8000		322000	가액변동
202603	4358	2NV6751W	국회의원	국회	국회의원	장철민	건물	본인	아파트(전세(임차)권)	대전광역시 동구 대동 이스트시티1단지 건물 84.98㎡	310000	0		0		310000	변동없음
202603	4359	2NV6751W	국회의원	국회	국회의원	장철민	건물	본인	근린생활시설(전세(임차)권)	대전광역시 동구 대동 대동클리닉 건물 59.56㎡	10000	0		0		10000	변동없음
202603	4360	2NV6751W	국회의원	국회	국회의원	장철민	건물	본인	근린생활시설(전세(임차)권)	대전광역시 동구 대동 대동클리닉 건물 80.41㎡	10000	0		0		10000	변동없음
202603	4361	2NV6751W	국회의원	국회	국회의원	장철민	건물	배우자	아파트	서울특별시 금천구 시흥동 벽산5단지아파트 건물 84.97㎡중 84.94㎡	348877	6123		0		355000	가액변동
202603	4362	2NV6751W	국회의원	국회	국회의원	장철민	부동산에 관한 규정이 준용되는 권리와 자동차·건설기계·선박 및 항공기	배우자	자동차	2024년식 투싼 배기량(1,598cc)	34390	0		7340		27050	가액변동
202603	4363	2NV6751W	국회의원	국회	국회의원	장철민	예금	본인		농협생명보험 40,800, 농협은행 2,520, 농협중앙회 1,미래에셋증권 82(2 증가), 새마을금고중앙회 568, 우체국3,596(5,827 감소)	53392	2		5827		47567	급여 저축 및 생활비 지출
202603	4364	2NV6751W	국회의원	국회	국회의원	장철민	예금	배우자		(주)KB손해보험 1,041(287 증가), (주)KEB하나은행 125,307(207 증가), 교보생명보험 1, 신한은행 60,000,우리은행 103,500, 우체국 4,056, 주식회사 카카오뱅크100,225(225 증가), 케이뱅크 0(3,542 감소)	396953	360719		363542		394130	급여 저축 및 생활비 지출
202603	4365	2NV6751W	국회의원	국회	국회의원	장철민	예금	장녀		농협은행 21,627(1,429 증가)	20198	1429		0		21627	급여 저축 및 생활비 지출
202603	4366	2NV6751W	국회의원	국회	국회의원	장철민	정치자금법에 따른 정치자금의 수입 및 지출을 위한 예금계좌의 예금	본인		우체국 198,693(94,356 증가)	104337	94356		0		198693	후원금 증가
202603	4367	2NV6751W	국회의원	국회	국회의원	장철민	채무	본인	금융채무	농협은행 11,771(11,580 감소), 현대캐피탈21,005(10,930 감소)	55286	0		22510		32776	예금으로 상환
202603	4368	2NV6751W	국회의원	국회	국회의원	장철민	채무	본인	건물임대채무	세종특별자치시 종촌동 가재마을 5단지 임대보증금	250000	0		0		250000	변동없음
202603	4369	2NV6751W	국회의원	국회	국회의원	장철민	채무	배우자	금융채무	케이뱅크 2,678(2,678 증가)	0	2678		0		2678	생활비 지출
202603	4370	2NV6751W	국회의원	국회	국회의원	장철민	채무	배우자	건물임대채무	서울특별시 금천구 시흥동 벽산5단지아파트 임대보증금	380000	0		0		380000	변동없음
202603	4371	2NV6751W	국회의원	국회	국회의원	장철민	고지거부 및 등록제외사항	부		고지거부	0	0		0		0	독립생계유지
202603	4372	2NV6751W	국회의원	국회	국회의원	장철민	고지거부 및 등록제외사항	모		고지거부	0	0		0		0	독립생계유지
202603	4373	TJW93720	국회의원	국회	국회의원	전용기	건물	본인	아파트(전세(임차)권)	경기도 화성시 반송동 메타폴리스 건물 107.77㎡	300000	0		0		300000	
202603	4374	TJW93720	국회의원	국회	국회의원	전용기	건물	본인	근린생활시설(전세(임차)권)	경기도 화성시 반송동 아인슈타인 타워 건물 0.00㎡ (건물114.80㎡ 감소)	20000	0		20000		0	계약만료
202603	4375	TJW93720	국회의원	국회	국회의원	전용기	건물	본인	근린생활시설(전세(임차)권)	경기도 화성시 반송동 삼성스마트쉐르빌 건물 107.59㎡(건물 107.59㎡ 증가)	0	20000		0		20000	신규계약
202603	4376	TJW93720	국회의원	국회	국회의원	전용기	건물	배우자	근린생활시설(전세(임차)권)	경기도 오산시 금암동 정원프라자 건물 0.00㎡ (건물207.76㎡ 감소)	30000	0		30000		0	계약만료
202603	4377	TJW93720	국회의원	국회	국회의원	전용기	부동산에 관한 규정이 준용되는 권리와 자동차·건설기계·선박 및 항공기	배우자	자동차	2020년식 G70 배기량(1,998cc)	23700	0		3840		19860	가액변동
202603	4378	TJW93720	국회의원	국회	국회의원	전용기	부동산에 관한 규정이 준용되는 권리와 자동차·건설기계·선박 및 항공기	배우자	자동차	2019년식 그랜드스타렉스 배기량(2,359cc) 감소	87	0		87		0	소유권 이전
202603	4379	TJW93720	국회의원	국회	국회의원	전용기	예금	본인		(주)KB손해보험 1,595(122 증가), 경남은행 11, 농협은행17,449(12,244 증가), 농협중앙회 6, 신한은행288,746(95,006 증가), 신한투자증권 32,090(5,195감소), 주식회사 카카오뱅크 30, 중소기업은행 4,케이뱅크 146	237900	238753		136576		340077	생활비 사용 및 급여저축
202603	4380	TJW93720	국회의원	국회	국회의원	전용기	예금	배우자		DB손해보험(주) 0(1,549 감소), 농협은행 5,490(1,250증가), 농협중앙회 24(176 감소), 롯데손해보험 139(139증가), 신용협동조합중앙회 355, 신한은행 53(256 감소),우리은행 4(75 감소), 토스뱅크(주) 63,895(54,684 증가),토스증권(주) 377(377 증가)	15943	56450		2056		70337	생활비 사용 및 급여저축
202603	4381	TJW93720	국회의원	국회	국회의원	전용기	정치자금법에 따른 정치자금의 수입 및 지출을 위한 예금계좌의 예금	본인		농협은행 146,889(44,767 증가)	102122	44767		0		146889	후원금 증가
202603	4382	TJW93720	국회의원	국회	국회의원	전용기	채무	배우자	금융채무	한국장학재단 39,478(2,736 감소)	42214	0		2736		39478	일부상환
202603	4383	TJW93720	국회의원	국회	국회의원	전용기	고지거부 및 등록제외사항	부		고지거부	0	0		0		0	독립생계유지
202603	4384	TJW93720	국회의원	국회	국회의원	전용기	고지거부 및 등록제외사항	모		고지거부	0	0		0		0	독립생계유지
202603	4385	9YO73104	국회의원	국회	국회의원	전재수	토지	본인	임야	경상남도 의령군 용덕면 용소리 산 118번지 2,678.00㎡ 중 2,438.00㎡ (총면적 2,678.00㎡ 증가, 지분면적2,438.00㎡ 증가)	0	2730		0		2730	상속
202603	4386	9YO73104	국회의원	국회	국회의원	전재수	건물	본인	아파트(전세(임차)권)	부산광역시 북구 구포동 삼정그린코아아파트 건물 0.00㎡(건물 116.96㎡ 감소)	170000	0		170000		0	전세계약만료
202603	4387	9YO73104	국회의원	국회	국회의원	전재수	건물	배우자	아파트(전세(임차)권)	서울특별시 마포구 아현동 삼환나띠르빌 건물 84.90㎡(건물 84.90㎡ 증가)	0	680000		0		680000	신규 계약
202603	4388	9YO73104	국회의원	국회	국회의원	전재수	건물	모	아파트	부산광역시 북구 만덕동 더 래디언트 금정산 건물 84.95㎡(건물 84.95㎡ 증가)	0	247000		0		247000	상속
202603	4389	9YO73104	국회의원	국회	국회의원	전재수	부동산에 관한 규정이 준용되는 권리와 자동차·건설기계·선박 및 항공기	본인	자동차	2020년식 더뉴그랜저 배기량(2,999cc)	17830	0		2760		15070	가액변동
202603	4390	9YO73104	국회의원	국회	국회의원	전재수	현금	본인		현금 감소	25000	0		10000		15000	생활자금 지출
202603	4391	9YO73104	국회의원	국회	국회의원	전재수	예금	본인		농협은행 1,811(725 증가), 신용협동조합중앙회 1,031(20증가)	2097	923		178		2842	생활자금 지출
202603	4392	9YO73104	국회의원	국회	국회의원	전재수	예금	배우자		(주)KEB하나은행 5(3 증가), (주)카카오페이증권 2(2 증가), MG손해보험(주) 0(9,288 감소), SBI저축은행 632(210 증가), 농협손해보험 11,995(1,999 증가),농협은행 1,532(1,532 증가), 롯데손해보험 3,613(594 증가), 메리츠화재해상보험(보험) 19,544(1,844 증가), 삼성화재해상보험 218(218 증가), 예별손해보험 10,283(10,283 증가), 우리은행 146(80 증가), 주식회사카카오뱅크 162(28 증가), 케이뱅크 62(14,994 감소), 토스뱅크(주) 12,520(97,060 감소), 토스증권(주) 710(710 증가), 흥국생명보험 26,550(2,579 증가)	189234	32089		133349		87974	생활자금 지출
202603	4393	9YO73104	국회의원	국회	국회의원	전재수	예금	모		새마을금고중앙회 119,276(31,270 증가)	88006	111599		80329		119276	생활자금 지출
202603	4394	9YO73104	국회의원	국회	국회의원	전재수	예금	장녀		(주)카카오페이증권 5(4 증가), 신한투자증권 0(88 감소), 주식회사 카카오뱅크 0(60 감소), 케이뱅크 0(3 감소), 토스뱅크(주) 10,891(10,369 증가), 토스증권(주) 1,133(1,129 증가), 한국투자증권 13(13 증가)	678	11515		151		12042	생활자금 지출
202603	4395	9YO73104	국회의원	국회	국회의원	전재수	예금	차녀		(주)KEB하나은행 93(82 증가), 국민은행 9(9 증가), 빗썸 9(9 증가), 신한은행 49(1,952 감소), 케이뱅크 0(4 감소),토스뱅크(주) 1,043(708 증가)	2351	1173		2321		1203	생활자금 지출
202603	4396	9YO73104	국회의원	국회	국회의원	전재수	정치자금법에 따른 정치자금의 수입 및 지출을 위한 예금계좌의 예금	본인		농협은행 181,563(87,463 증가)	94100	87463		0		181563	후원금 증가
202603	4397	9YO73104	국회의원	국회	국회의원	전재수	채권	본인		사인간채권 감소	100000	0		100000		0	전액환수
202603	4398	9YO73104	국회의원	국회	국회의원	전재수	채권	모		사인간채권 증가	0	50000		0		50000	금융채무로 대여
202603	4399	9YO73104	국회의원	국회	국회의원	전재수	채무	본인	금융채무	농협은행 150,000(150,000 증가)	0	150000		0		150000	전세자금
202603	4400	9YO73104	국회의원	국회	국회의원	전재수	채무	배우자	금융채무	농협은행 500,000(500,000 증가), 흥국생명보험 0(2,262감소)	2262	500000		2262		500000	전세자금
202603	4401	9YO73104	국회의원	국회	국회의원	전재수	채무	모	금융채무	새마을금고중앙회 50,000(50,000 증가)	0	50000		0		50000	대여
202603	4402	9YO73104	국회의원	국회	국회의원	전재수	가상자산	배우자		비트코인 0.00017991개(0.00017991개 증가)	0	23		0		23	신규 매입
202603	4403	9YO73104	국회의원	국회	국회의원	전재수	가상자산	장녀		엑스알피(리플) 0.0000008개(0.0000008개 증가), 오피셜 트럼프 45.06506486개(45.06506486개 증가), 이더리움 0.02946123개(0.02946123개 증가), 이더리움클래식0.005개(0.005개 증가)	0	449		0		449	신규 매입
202603	4404	9YO73104	국회의원	국회	국회의원	전재수	가상자산	차녀		쓰레스홀드 19,305.01930502개(19,305.01930502개 증가), 아크 1,560.0624025개(1,560.0624025개 증가), 오피셜 트럼프 83.16021257개(83.16021257개 증가),이더리움 0.08139535개(0.08139535개 증가), 펏지 펭귄 22,120.69492736개(22,120.69492736개 증가)	0	2071		0		2071	신규 매입
202603	4405	P8A4624C	국회의원	국회	국회의원	전종덕	토지	배우자	임야	전라남도 화순군 이양면 초방리 산 21-1번지 59,390.00㎡	149000	0		0		149000	
202603	4406	P8A4624C	국회의원	국회	국회의원	전종덕	토지	배우자	임야	전라남도 화순군 도암면 등광리 산 83번지 19,687.00㎡	86000	0		0		86000	
202603	4407	P8A4624C	국회의원	국회	국회의원	전종덕	토지	배우자	전	전라남도 화순군 청풍면 청용리 412-1번지 833.00㎡	19750	0		0		19750	
202603	4408	P8A4624C	국회의원	국회	국회의원	전종덕	토지	배우자	전	전라남도 화순군 청풍면 청용리 412-2번지 813.00㎡	19250	0		0		19250	
202603	4409	P8A4624C	국회의원	국회	국회의원	전종덕	토지	배우자	대지	전라남도 화순군 청풍면 청용리 420번지 307.00㎡	12000	0		0		12000	
202603	4410	P8A4624C	국회의원	국회	국회의원	전종덕	토지	배우자	임야	전라남도 화순군 화순읍 이십곡리 산 258번지 9,124.00㎡	17792	182		0		17974	공시지가 상승
202603	4411	P8A4624C	국회의원	국회	국회의원	전종덕	토지	모	임야	전라남도 함평군 손불면 북성리 산 110-5번지 864.00㎡	522	6		0		528	공시지가 상승
202603	4412	P8A4624C	국회의원	국회	국회의원	전종덕	토지	모	답	전라남도 함평군 손불면 양재리 135-1번지 1,475.00㎡	9897	0		0		9897	
202603	4413	P8A4624C	국회의원	국회	국회의원	전종덕	토지	모	답	전라남도 함평군 손불면 양재리 137-1번지 4,165.00㎡	27947	0		0		27947	
202603	4414	P8A4624C	국회의원	국회	국회의원	전종덕	토지	모	전	전라남도 함평군 손불면 월천리 336-3번지 3,104.00㎡	13347	155		0		13502	공시지가 상승
202603	4415	P8A4624C	국회의원	국회	국회의원	전종덕	토지	모	전	전라남도 함평군 손불면 월천리 336-6번지 3,045.00㎡	13733	152		0		13885	공시지가 상승
202603	4416	P8A4624C	국회의원	국회	국회의원	전종덕	토지	모	전	전라남도 함평군 손불면 월천리 337번지 605.00㎡	4150	31		0		4181	공시지가 상승
202603	4417	P8A4624C	국회의원	국회	국회의원	전종덕	토지	모	전	전라남도 함평군 손불면 월천리 353번지 516.00㎡	3726	25		0		3751	공시지가 상승
202603	4418	P8A4624C	국회의원	국회	국회의원	전종덕	토지	모	전	전라남도 함평군 손불면 월천리 354번지 393.00㎡	2837	20		0		2857	공시지가 상승
202603	4419	P8A4624C	국회의원	국회	국회의원	전종덕	토지	모	대지	전라남도 함평군 손불면 월천리 374번지 565.00㎡	7176	56		0		7232	공시지가 상승
202603	4420	P8A4624C	국회의원	국회	국회의원	전종덕	토지	모	임야	전라남도 함평군 손불면 월천리 산 60-10번지 694.00㎡	798	7		0		805	공시지가 상승
202603	4421	P8A4624C	국회의원	국회	국회의원	전종덕	토지	모	임야	전라남도 함평군 손불면 월천리 산 60-1번지 4,264.00㎡	4818	43		0		4861	공시지가 상승
202603	4422	P8A4624C	국회의원	국회	국회의원	전종덕	토지	모	임야	전라남도 함평군 손불면 월천리 산 60-7번지 2,876.00㎡	3307	29		0		3336	공시지가 상승
202603	4423	P8A4624C	국회의원	국회	국회의원	전종덕	토지	모	임야	전라남도 함평군 손불면 월천리 산 60-8번지 1,190.00㎡	1369	11		0		1380	공시지가 상승
202603	4424	P8A4624C	국회의원	국회	국회의원	전종덕	건물	본인	아파트	전라남도 화순군 화순읍 대리 대성베르힐 건물 84.94㎡ 중42.47㎡	82400	0		0		82400	
202603	4425	P8A4624C	국회의원	국회	국회의원	전종덕	건물	본인	오피스텔(전세( 임차)권)	서울특별시 서대문구 대현동 아리움4차 대지 215.80㎡ 중3.63㎡ 건물 1,524.48㎡ 중 13.75㎡ (대지 지분면적 3.63㎡ 증가, 건물 지분면적 13.75㎡ 증가)	0	10000		0		10000	오피스텔 임차
202603	4426	P8A4624C	국회의원	국회	국회의원	전종덕	건물	배우자	아파트	전라남도 화순군 화순읍 대리 대성베르힐 건물 84.94㎡ 중42.47㎡	82400	0		0		82400	
202603	4427	P8A4624C	국회의원	국회	국회의원	전종덕	건물	모	단독주택	전라남도 함평군 손불면 월천리 대지 75.20㎡ 건물 75.20㎡	11500	700		0		12200	공시가격 상승
202603	4428	P8A4624C	국회의원	국회	국회의원	전종덕	부동산에 관한 규정이 준용되는 권리와 자동차·건설기계·선박 및 항공기	본인	자동차	2018년식 쏘나타 하이브리드 배기량(1,999cc)	14434	0		3237		11197	
202603	4429	P8A4624C	국회의원	국회	국회의원	전종덕	부동산에 관한 규정이 준용되는 권리와 자동차·건설기계·선박 및 항공기	배우자	자동차	2018년식 쏘나타 하이브리드 배기량(1,999cc)	146	0		33		113	
202603	4430	P8A4624C	국회의원	국회	국회의원	전종덕	예금	본인		(주)KB손해보험 38,955(2,677 증가), 광주은행 3,000(3,000 증가), 농협은행 18,033(5,401 증가),삼성생명보험 12,948, 새마을금고중앙회 103(2 증가),신용협동조합중앙회 102(1 증가)	62060	11081		0		73141	급여저축 등
202603	4431	P8A4624C	국회의원	국회	국회의원	전종덕	예금	배우자		(주)KB손해보험 1,860(1,083 증가), (주)굿프렌드 31,000, 광주은행 7(9 감소), 농업회사법인(주)좋은사람들 20,000, 농협손해보험 383(230 증가),농협은행 79(117 감소), 농협중앙회 3,801(3,129 감소),라이나생명보험 10,777(2,503 감소),메리츠화재해상보험(보험) 3,239(406 감소), 산림조합중앙회 1,819(161 증가), 새마을금고중앙회 7,155(2,880 증가), 신용협동조합중앙회 54(1 증가),우리은행 36(226 감소)	82245	11594		13629		80210	급여저축 등
202603	4432	P8A4624C	국회의원	국회	국회의원	전종덕	예금	모		농협중앙회 57,601(3,231 증가)	54370	46039		42808		57601	급여저축 등
202603	4433	P8A4624C	국회의원	국회	국회의원	전종덕	예금	장녀		광주은행 319, 농협은행 1,100(1,100 증가), 농협중앙회232(500 감소)	1051	1100		500		1651	급여저축 등
202603	4434	P8A4624C	국회의원	국회	국회의원	전종덕	정치자금법에 따른 정치자금의 수입 및 지출을 위한 예금계좌의 예금	본인		농협은행 177,831(90,797 증가)	87034	90797		0		177831	정치후원금 증가
202603	4435	P8A4624C	국회의원	국회	국회의원	전종덕	채무	본인	금융채무	광주은행 11,481(3,303 감소)	14784	0		3303		11481	
202603	4436	P8A4624C	국회의원	국회	국회의원	전종덕	채무	배우자		사인간채무 감소	20000	0		10000		10000	사인간 채무 10,000 변재함
202603	4437	P8A4624C	국회의원	국회	국회의원	전종덕	채무	배우자	금융채무	농협은행 15,000, 농협중앙회 33,657(2,031 감소),산림조합중앙회 235,000, 우리은행 18,895(4,934 감소)	309517	0		6965		302552	
202603	4438	P8A4624C	국회의원	국회	국회의원	전종덕	가상자산	배우자		에이피이앤에프티 2,847.792183개, 엑스코어0.02476892개	0	0		0		0	
202603	4439	QUR40502	국회의원	국회	국회의원	전진숙	건물	본인	아파트	경기도 화성시 장지동 동탄2신도시 호반베르디움 33단지건물 76.77㎡	599000	0		0		599000	변동없음
202603	4440	QUR40502	국회의원	국회	국회의원	전진숙	건물	본인	다세대주택(전세(임차)권)	충청남도 천안시 동남구 청당동 좋은아침 건물 0.00㎡(건물 40.00㎡ 감소)	55000	0		55000		0	자녀 거주 임차주택 임대차계약 만료
202603	4441	QUR40502	국회의원	국회	국회의원	전진숙	건물	본인	아파트(전세(임차)권)	광주광역시 북구 매곡동 금호타운 건물 76.00㎡	10000	80000		0		90000	본인 거주 임차주택 계약 변경
202603	4442	QUR40502	국회의원	국회	국회의원	전진숙	건물	본인	오피스텔(전세(임차)권)	서울특별시 영등포구 영등포동7가 대지 1,164.00㎡ 건물29.95㎡	30000	0		0		30000	변동없음
202603	4443	QUR40502	국회의원	국회	국회의원	전진숙	건물	본인	다가구주택(전세(임차)권)	충청남도 천안시 동남구 신방동 건물 160.16㎡ (건물160.16㎡ 증가)	0	10000		0		10000	자녀 거주 임차주택 임대차계약 신규
202603	4444	QUR40502	국회의원	국회	국회의원	전진숙	건물	모	아파트	전북특별자치도 전주시 완산구 중인동 옥성골든카운티건물 84.73㎡	235000	0		0		235000	변동없음
202603	4445	QUR40502	국회의원	국회	국회의원	전진숙	부동산에 관한 규정이 준용되는 권리와 자동차·건설기계·선박 및 항공기	본인	자동차	2015년식 LF소나타2.0 배기량(2,000cc)	9320	0		4204		5116	가액변동
202603	4446	QUR40502	국회의원	국회	국회의원	전진숙	부동산에 관한 규정이 준용되는 권리와 자동차·건설기계·선박 및 항공기	본인	자동차	2024년식 아반떼 배기량(1,600cc)	269	0		94		175	가액변동
202603	4447	QUR40502	국회의원	국회	국회의원	전진숙	예금	본인		(주)KB손해보험 6,479(4,740 감소), KB증권 4,009(4,009증가), MG손해보험(주) 0(1,215 감소), 광주은행 35,267(35,267 증가), 국민은행 1,080(240 증가),농협은행 17,534(13,486 증가),메리츠화재해상보험(보험) 7,246(1,086 증가),미래에셋증권 8, 스탠다드차타드은행 0(32 감소),신용협동조합중앙회 20,169(9,942 감소), 신한라이프생명보험 15,981(950 증가), 예별손해보험 1,983(1,983 증가), 우리은행 114, 한국투자증권 2(1 감소)	68781	77448		36357		109872	급여 저축
202603	4448	QUR40502	국회의원	국회	국회의원	전진숙	예금	모		농협은행 53, 농협중앙회 957(231 증가),새마을금고중앙회 7, 수협은행 10, 신용협동조합중앙회920(24 증가), 우체국 16(31 감소), 전북은행 8	1747	265		41		1971	급여 저축
202603	4449	QUR40502	국회의원	국회	국회의원	전진숙	예금	차남		국민은행 1,340(154 증가), 케이뱅크 0(1 감소)	1187	240		87		1340	급여 저축
202603	4450	QUR40502	국회의원	국회	국회의원	전진숙	정치자금법에 따른 정치자금의 수입 및 지출을 위한 예금계좌의 예금	본인		광주은행 211,437(208,856 증가)	2581	208856		0		211437	후원회 모금액
202603	4451	QUR40502	국회의원	국회	국회의원	전진숙	채무	본인		사인간채무	55000	0		0		55000	변동없음
202603	4452	QUR40502	국회의원	국회	국회의원	전진숙	채무	본인	금융채무	광주은행 0(149 감소), 스탠다드차타드은행 97,630(24,931 감소)	122710	0		25080		97630	임대차계약 갱신에 따른 임대차 보증금 증액으로 일부 상환 및 급여 상환
202603	4453	QUR40502	국회의원	국회	국회의원	전진숙	채무	본인	건물임대채무	경기도 화성시 장지동 동탄2신도시 호반베르디움 33단지임대보증금 증가	240000	20000		0		260000	임대차 계약 갱신에 따른 보증금 증액
202603	4454	QUR40502	국회의원	국회	국회의원	전진숙	채무	모	금융채무	농협중앙회 115,300	115300	0		0		115300	변동없음
202603	4455	QUR40502	국회의원	국회	국회의원	전진숙	고지거부 및 등록제외사항	장남		고지거부	0	0		0		0	독립생계유지
202603	4456	25G2571T	국회의원	국회	국회의원	전현희	건물	본인	아파트(전세(임차)권)	서울특별시 강남구 대치동 한보미도맨션 건물 174.67㎡	1600000	0		0		1600000	
202603	4457	25G2571T	국회의원	국회	국회의원	전현희	건물	본인	아파트	서울특별시 서초구 서초동 래미안서초에스티지에스 건물84.80㎡	1832000	213000		0		2045000	공시가격 상승
202603	4458	25G2571T	국회의원	국회	국회의원	전현희	건물	본인	사무실(전세(임차)권)	서울특별시 성동구 도선동 비엠빌딩 6층 건물 384.70㎡(건물 384.70㎡ 증가)	0	60000		0		60000	
202603	4459	25G2571T	국회의원	국회	국회의원	전현희	예금	본인		국민은행 673, 농협은행 400,966(122,918 증가),새마을금고중앙회 1,438(9,804 감소), 신한은행 29,우리은행 40, 유안타증권 138(1 증가)	290169	323638		210523		403284	급여저축 증가
202603	4460	25G2571T	국회의원	국회	국회의원	전현희	예금	모		(주)KEB하나은행 295, 국민은행 2,030(36 감소), 신용협동조합중앙회 35,062(14,925 증가), 신한은행217(775 감소), 우리은행 718(914 감소)	25122	35032		21832		38322	급여저축 증가
202603	4461	25G2571T	국회의원	국회	국회의원	전현희	정치자금법에 따른 정치자금의 수입 및 지출을 위한 예금계좌의 예금	본인		농협은행 2,853(4,831 감소)	7684	0		4831		2853	정치자금 지출 증가
202603	4462	25G2571T	국회의원	국회	국회의원	전현희	채무	본인	건물임대채무	서울특별시 서초구 서초동 래미안서초에스티지에스임대보증금 증가	1150000	100000		0		1250000	전세보증금 증액
202603	4463	DAY6557K	국회의원	국회	국회의원	정동만	토지	본인	전	경상남도 남해군 남해읍 입현리 984번지 734.00㎡	5982	0		59		5923	
202603	4464	DAY6557K	국회의원	국회	국회의원	정동만	토지	본인	대지	경상남도 남해군 남해읍 입현리 1106번지 426.00㎡	16444	468		0		16912	
202603	4465	DAY6557K	국회의원	국회	국회의원	정동만	토지	본인	답	부산광역시 기장군 일광읍 문중리 196번지 3,421.00㎡	851145	4105		0		855250	
202603	4466	DAY6557K	국회의원	국회	국회의원	정동만	토지	본인	답	부산광역시 기장군 일광읍 신평리 293번지 1,127.00㎡	199028	25245		0		224273	
202603	4467	DAY6557K	국회의원	국회	국회의원	정동만	토지	배우자	답	경상남도 김해시 진영읍 사산리 497-1번지 1,821.00㎡ 중455.25㎡	25266	774		0		26040	
202603	4468	DAY6557K	국회의원	국회	국회의원	정동만	토지	배우자	답	경상남도 김해시 진영읍 사산리 497-2번지 1,345.00㎡ 중336.25㎡	22024	605		0		22629	
202603	4469	DAY6557K	국회의원	국회	국회의원	정동만	토지	배우자	답	경상남도 김해시 진영읍 우동리 727-3번지 1,302.00㎡ 중325.50㎡	21711	650		0		22361	
202603	4470	DAY6557K	국회의원	국회	국회의원	정동만	토지	배우자	답	경상남도 김해시 진영읍 우동리 727-4번지 2,090.00㎡ 중522.50㎡	34851	1044		0		35895	
202603	4471	DAY6557K	국회의원	국회	국회의원	정동만	건물	본인	단독주택	부산광역시 기장군 일광읍 문중리 대지 241.00㎡ 건물99.70㎡	270000	2000		0		272000	
202603	4472	DAY6557K	국회의원	국회	국회의원	정동만	건물	본인	오피스텔(전세(임차)권)	서울특별시 영등포구 여의도동 여의도파라곤 대지 47.54㎡건물 47.54㎡	10000	0		0		10000	
202603	4473	DAY6557K	국회의원	국회	국회의원	정동만	건물	본인	사무실(전세(임차)권)	부산광역시 기장군 기장읍 청강리 자이안트볼링 건물165.28㎡	25000	0		0		25000	
202603	4474	DAY6557K	국회의원	국회	국회의원	정동만	건물	배우자	아파트	부산광역시 기장군 기장읍 동부리 부산기장포스코더샾건물 84.90㎡	185000	0		1000		184000	
202603	4475	DAY6557K	국회의원	국회	국회의원	정동만	부동산에 관한 규정이 준용되는 권리와 자동차·건설기계·선박 및 항공기	본인	자동차	2014년식 제네시스 배기량(3,778cc)	10000	160		0		10160	
202603	4476	DAY6557K	국회의원	국회	국회의원	정동만	예금	본인		AIA생명보험주식회사 29,100(1,200 증가), DB금융투자 20, DB손해보험(주) 8,464(594 증가), 농협은행7,805(3,637 감소), 농협중앙회 5,311(402 증가),메리츠화재해상보험(보험) 39,642(4,266 증가), 부산은행 741, 삼성증권 100, 삼성화재해상보험 0(23,400 감소),새마을금고중앙회 15,069(74 증가), 수협중앙회 7,신한은행 148,445(4,766 증가), 우체국 0(3 감소)	270442	12152		27890		254704	급여저축 및 생활비 지출
202603	4477	DAY6557K	국회의원	국회	국회의원	정동만	예금	배우자		AIA생명보험주식회사 5,934(489 증가), 경남은행 18(14,329 감소), 국민은행 24, 농협중앙회 1,546(77,870감소), 동양생명보험 3,466(304 증가), 라이나생명보험 6,094(613 증가), 미래에셋증권 195,183(65,043 증가),삼성생명보험 61,928(2,414 증가), 신한라이프생명보험 9,975(630 증가), 신한은행 10, 주식회사 카카오뱅크45(1,757 감소), 푸본현대생명보험주식회사27,456(25,344 증가), 한국교직원공제회 41,890(2,908증가), 한화생명보험주식회사 12,217(386 증가)	361611	98131		93956		365786	급여저축 및 생활비 지출
202603	4478	DAY6557K	국회의원	국회	국회의원	정동만	예금	장남		국민은행 6,942(2,386 증가), 농협생명보험 2,742(2,742증가), 농협중앙회 4, 신한은행 10,509(4,099 증가), 업비트 40(40 증가), 주식회사 카카오뱅크 4(22 감소), 중소기업은행 108(2,199 감소), 케이뱅크 704(704 증가),키움증권 6,216(6,216 증가), 토스뱅크(주) 220(1,759 감소), 토스증권(주) 2,321(2,205 증가)	15398	21793		7381		29810	급여저축 및 생활비 지출
202603	4479	DAY6557K	국회의원	국회	국회의원	정동만	정치자금법에 따른 정치자금의 수입 및 지출을 위한 예금계좌의 예금	본인		농협중앙회 198,473(18,156 감소)	216629	0		18156		198473	후원금 변동
202603	4480	DAY6557K	국회의원	국회	국회의원	정동만	증권	장남	상장주식	AMC엔터테인먼트홀딩스 9주, AMD 0주(10주 감소), NVIDIACORP 2주(2주 증가), PALANTIRTECHINC 1주(1주증가), 게임스탑 2주, 나이키 20주(2주 증가), 루시드 0주(320주 감소), 삼성전자보통주 0주(1주 감소), 애플0주(1주 감소), 엔비디아 1주, 옥시덴탈페트롤리움1주(1주 증가), 카카오보통주 0주(1주 감소), 쿠팡1주(1주 증가), 크리스피크림 1주, 테슬라0.033887주(0.32938주 감소),트럼프미디어&테크놀로지그룹 1주, 팔란티어 0주(1주 감소), 포바이포 1주(1주 증가), 포스코DX보통주 0주(1주 감소)	6411	959		4265		3105	신규증권 및 거래가변동
202603	4481	DAY6557K	국회의원	국회	국회의원	정동만	채무	본인	금융채무	농협중앙회 399,988(2,312 증가), 새마을금고중앙회280,317(1,651 감소)	679644	2312		1651		680305	
202603	4482	DAY6557K	국회의원	국회	국회의원	정동만	채무	배우자	금융채무	사립학교교직원연금공단 16,898(7,576 감소), 삼성생명보험 0(3,540 감소), 새마을금고중앙회0(100,000 감소)	128014	0		111116		16898	
202603	4483	DAY6557K	국회의원	국회	국회의원	정동만	가상자산	장남		비트코인 0.01290137개(0.01290137개 증가), 엑스알피(리플) 202.97005673개(202.97005673개 증가),이더리움 0.24981403개(0.24981403개 증가)	0	3294		0		3294	매입
202603	4484	CGW7415Z	국회의원	국회	국회의원	정성국	건물	본인	아파트	부산광역시 남구 용호동 데시앙해링턴플레이스파크시티건물 29.98㎡	109500	8000		0		117500	공시가격 변동
202603	4485	CGW7415Z	국회의원	국회	국회의원	정성국	건물	본인	아파트	부산광역시 남구 용호동 데시앙해링턴플레이스파크시티건물 29.98㎡	107500	8000		0		115500	공시가격 변동
202603	4486	CGW7415Z	국회의원	국회	국회의원	정성국	건물	본인	오피스텔(전세(임차)권)	서울특별시 영등포구 영등포동7가 동원크로루체 건물0.00㎡ (건물 36.50㎡ 감소)	20000	0		20000		0	전세권 상실(의정활동용 서울 관사 이사로 인한)
202603	4487	CGW7415Z	국회의원	국회	국회의원	정성국	건물	본인	사무실(전세(임차)권)	부산광역시 부산진구 부암동 마제스타워 서면 건물3,198.00㎡ 중 166.79㎡	30000	0		0		30000	변동사항 없음 (지역구 사무실)
202603	4488	CGW7415Z	국회의원	국회	국회의원	정성국	건물	본인	오피스텔(전세(임차)권)	서울특별시 영등포구 영등포동3가 여의도 하이엔드 퍼스트건물 29.86㎡ (건물 29.86㎡ 증가)	0	10000		0		10000	신규 계약 (의정활동용 서울 관사)
202603	4489	CGW7415Z	국회의원	국회	국회의원	정성국	건물	배우자	아파트	부산광역시 남구 용호동 데시앙해링턴플레이스파크시티건물 29.98㎡	109500	8000		0		117500	공시가격 변동
202603	4490	CGW7415Z	국회의원	국회	국회의원	정성국	건물	배우자	아파트	부산광역시 남구 용호동 데시앙해링턴플레이스파크시티건물 29.98㎡	107500	8000		0		115500	공시가격 변동
202603	4491	CGW7415Z	국회의원	국회	국회의원	정성국	건물	배우자	아파트(전세(임차)권)	부산광역시 부산진구 범전동 삼한골든뷰 센트럴파크 건물84.97㎡	50000	0		0		50000	변동사항 없음
202603	4492	CGW7415Z	국회의원	국회	국회의원	정성국	부동산에 관한 규정이 준용되는 권리와 자동차·건설기계·선박 및 항공기	본인	자동차	2021년식 아반떼CN7 배기량(1,600cc)	15300	0		800		14500	차량 감가로 인한 가액변동
202603	4493	CGW7415Z	국회의원	국회	국회의원	정성국	부동산에 관한 규정이 준용되는 권리와 자동차·건설기계·선박 및 항공기	본인	자동차	2017년식 그랜저IG 배기량(2,400cc)	12500	0		500		12000	차량 감가로 인한 가액변동
202603	4494	CGW7415Z	국회의원	국회	국회의원	정성국	예금	본인		(주)KEB하나은행 20, 교보생명보험 30,888(3,001 증가),농협은행 46,007(28,177 증가), 부산은행 11,056(2,832증가), 하나손해보험(주) 1,905(180 증가)	55686	34190		0		89876	급여저축 및 생활비 지출
202603	4495	CGW7415Z	국회의원	국회	국회의원	정성국	예금	배우자		미래에셋증권 30,319(10,081 증가), 부산은행 268(1,046 감소), 신한라이프생명보험 30,595(1,917 증가), 신한은행 30,910(12,463 증가), 신한투자증권 0(1,648 감소), 주식회사 카카오뱅크 1,008(998 증가), 한국교직원공제회 1,976(794 증가), 한국투자증권 5,040(1,096 증가), 한화생명보험주식회사 4,500(3,600증가), 현대해상화재보험 300(258 증가)	76403	31502		2989		104916	급여저축 및 생활비 지출
202603	4496	CGW7415Z	국회의원	국회	국회의원	정성국	예금	장남		국민은행 0(15,000 감소), 미래에셋증권 5,705(3,652감소), 부산은행 3,355(4,334 감소), 신한은행 0(6,000 감소), 에이비엘생명보험 20,000(20,000 증가)	38046	20000		28986		29060	급여저축 및 생활비 지출
202603	4497	CGW7415Z	국회의원	국회	국회의원	정성국	예금	장녀		미래에셋증권 12,037(2,192 증가), 부산은행 7,557(3,747 증가), 주식회사 카카오뱅크 17(17 증가), 토스뱅크(주)74(226 감소)	13955	6030		300		19685	급여저축 및 생활비 지출
202603	4498	CGW7415Z	국회의원	국회	국회의원	정성국	정치자금법에 따른 정치자금의 수입 및 지출을 위한 예금계좌의 예금	본인		부산은행 12,716(29,374 감소)	42090	0		29374		12716	의정활동 지출
202603	4499	CGW7415Z	국회의원	국회	국회의원	정성국	증권	장남	상장주식	EPR프라퍼티스 180주(1주 감소), 메이시스 455주(70주 감소), 빅베어AI홀딩스 50주(50주 증가), 사이먼프라퍼티그룹 70주, 삼성E&A 10주(10주 증가), 삼성전자 6주(6주 증가), 삼성중공업 30주(30주 증가), 아이온큐 33주(33주 증가), 엔비디아 14주(14주 증가), 콜스 130주(27주 감소), 팔란티어테크 14주(14주 증가),한화오션 18주(18주 증가)	45806	17430		0		63236	평가액 변동
202603	4500	CGW7415Z	국회의원	국회	국회의원	정성국	증권	장녀	상장주식	AT&T 1주, EPR프라퍼티스 136주, 메이시스 514주,사이먼프라퍼티그룹 82주, 콜스 157주	45674	6737		0		52411	평가액 변동
202603	4501	CGW7415Z	국회의원	국회	국회의원	정성국	채무	본인	금융채무	부산은행 140,000	140000	0		0		140000	변동없음
202603	4502	CGW7415Z	국회의원	국회	국회의원	정성국	채무	본인	건물임대채무	부산광역시 남구 용호동 데시앙해링턴플레이스파크시티2건 임대보증금	265000	0		0		265000	변동없음
202603	4503	CGW7415Z	국회의원	국회	국회의원	정성국	채무	배우자	건물임대채무	부산광역시 남구 용호동 데시앙해링턴플레이스파크시티2건 임대보증금	265000	0		0		265000	변동없음
202603	4504	8XE7026P	국회의원	국회	국회의원	정연욱	건물	본인	사무실(전세(임차)권)	부산광역시 수영구 광안동 건물 148.27㎡	5000	0		0		5000	
202603	4505	8XE7026P	국회의원	국회	국회의원	정연욱	건물	본인	오피스텔(전세(임차)권)	서울특별시 영등포구 영등포동7가 한가람더원 건물23.51㎡	50000	0		0		50000	
202603	4506	8XE7026P	국회의원	국회	국회의원	정연욱	건물	배우자	아파트(전세(임차)권)	부산광역시 수영구 광안동 쌍용 예가 디 오션 건물 112.01㎡	600000	0		0		600000	
202603	4507	8XE7026P	국회의원	국회	국회의원	정연욱	부동산에 관한 규정이 준용되는 권리와 자동차·건설기계·선박 및 항공기	본인	자동차	2016년식 G80 3.3 배기량(3,342cc)	14640	0		2690		11950	가액변동
202603	4508	8XE7026P	국회의원	국회	국회의원	정연욱	예금	본인		KB라이프생명보험 75,640(5,040 감소), 국민은행 9,021(1,949 감소), 농협은행 9,477(2,012 증가),메리츠종금증권 725,892(113,297 감소), 미래에셋증권 14(1 감소), 부산은행 5, 우리은행 20, 토스뱅크(주)133,470(47,932 증가)	1023882	275972		346315		953539	생활비 지출, 채무 변제 등
202603	4509	8XE7026P	국회의원	국회	국회의원	정연욱	예금	배우자		KB라이프생명보험 22,470(2,520 증가), 메리츠종금증권 16,215(16,215 증가), 메리츠화재해상보험(보험)16,660(1,651 증가), 부산은행 103(103 증가),삼성생명보험 37,800, 우리은행 805(538 증가),중소기업은행 2, 토스뱅크(주) 2,501(106,819 감소)	182348	21027		106819		96556	생활비 지출, 채무 변제 등
202603	4510	8XE7026P	국회의원	국회	국회의원	정연욱	정치자금법에 따른 정치자금의 수입 및 지출을 위한 예금계좌의 예금	본인		농협은행 46,741(15,656 증가)	31085	15656		0		46741	정치후원금
202603	4511	8XE7026P	국회의원	국회	국회의원	정연욱	증권	본인	상장주식	GE베르노바 13주(13주 증가), 마이크로소프트 73주(13주 증가), 메타플랫폼스(4주(4주 증가), 브로드컴 30주(10주 증가), 아마존닷컴 60주(20주 증가), 알파벳A 60주(60주 증가), 애플 31주(1주 감소), 엔비디아 150주(50주 증가), 테슬라 43주(27주 증가), 팔란티어테크 40주(40주 증가)	97909	120628		0		218537	주식 매매
202603	4512	8XE7026P	국회의원	국회	국회의원	정연욱	증권	본인	비상장주식	(주)엑스텐게임즈 121주, 주식회사 멤레이 50주	5086	19		79		5026	주식 매매
202603	4513	8XE7026P	국회의원	국회	국회의원	정연욱	증권	배우자	상장주식	마이크로소프트 10주(10주 증가), 브로드컴 5주(5주 증가), 알파벳A 8주(8주 증가), 애플 10주(10주 증가), 엔비디아 20주(20주 증가), 테슬라 10주(10주 증가),팔란티어테크 20주(20주 증가)	0	33820		0		33820	주식 매매
202603	4514	8XE7026P	국회의원	국회	국회의원	정연욱	채무	배우자		사인간채무 감소	30000	0		30000		0	예금으로 채무 전액 변제
202603	4515	8XE7026P	국회의원	국회	국회의원	정연욱	고지거부 및 등록제외사항	장남		고지거부	0	0		0		0	독립생계유지
202603	4516	NA61091D	국회의원	국회	국회의원	정을호	건물	본인	아파트	서울특별시 강서구 마곡동 마곡13단지힐스테이트마스터건물 84.98㎡	824000	123000		0		947000	가액변동
202603	4517	NA61091D	국회의원	국회	국회의원	정을호	부동산에 관한 규정이 준용되는 권리와 자동차·건설기계·선박 및 항공기	본인	자동차	2024년식 gv80 배기량(3,500cc)	75050	0		14940		60110	가액변동
202603	4518	NA61091D	국회의원	국회	국회의원	정을호	예금	본인		DB생명보험(주) 3,960, KB라이프생명보험 44,342(3,786 감소), NH투자증권 105,190(12,944 증가), 국민은행 6,967(4,842 증가), 농협은행 197,051(78,301 증가),동양생명보험 30,000, 우리은행 246, 우체국 15,624(6,384감소), 주식회사 카카오뱅크 97, 중소기업은행 0(438,859 감소), 현대해상화재보험 0(9,668 감소), 흥국화재해상보험(주) 14,474(2,045 증가)	778516	105741		466306		417951	급여 저축 및 생활비 지출
202603	4519	NA61091D	국회의원	국회	국회의원	정을호	예금	장남		농협은행 6,020(1,200 증가), 우리은행 4,230(334 증가)	8716	1534		0		10250	급여 저축 및 생활비 지출
202603	4520	NA61091D	국회의원	국회	국회의원	정을호	예금	장녀		국민은행 1, 농협은행 6,020(1,200 증가),상호저축은행중앙회 500(500 증가), 우리은행 26(26 증가), 주식회사 카카오뱅크 6,700(4,539 증가), 흥국화재해상보험(주) 189(189 증가)	6982	7353		899		13436	급여 저축 및 생활비 지출
202603	4521	NA61091D	국회의원	국회	국회의원	정을호	정치자금법에 따른 정치자금의 수입 및 지출을 위한 예금계좌의 예금	본인		농협중앙회 206,463(100,856 증가)	105607	100856		0		206463	후원금 수입 및 정치자금 지출
202603	4522	NA61091D	국회의원	국회	국회의원	정을호	증권	본인	상장주식	삼성전자 9,900주	526680	660330		0		1187010	가액변동 등
202603	4523	NA61091D	국회의원	국회	국회의원	정을호	증권	본인	금융채	복리맞춤채권 0주	0	425000		0		425000	가액변동 등
202603	4524	LT72093S	국회의원	국회	국회의원	정일영	토지	본인	임야	충청남도 당진시 석문면 통정리 419-20번지 1,033.00㎡	47002	103		0		47105	가액변동
202603	4525	LT72093S	국회의원	국회	국회의원	정일영	토지	본인	임야	충청남도 당진시 석문면 통정리 419-21번지 694.00㎡	31577	69		0		31646	가액변동
202603	4526	LT72093S	국회의원	국회	국회의원	정일영	토지	본인	임야	충청남도 당진시 석문면 통정리 419-29번지 708.00㎡ 중177.00㎡	8054	17		0		8071	가액변동
202603	4527	LT72093S	국회의원	국회	국회의원	정일영	토지	본인	임야	충청남도 당진시 석문면 통정리 419-4번지 394.00㎡	17415	393		0		17808	가액변동
202603	4528	LT72093S	국회의원	국회	국회의원	정일영	토지	본인	임야	충청남도 당진시 석문면 통정리 419-5번지 149.00㎡	6586	148		0		6734	가액변동
202603	4529	LT72093S	국회의원	국회	국회의원	정일영	토지	본인	전	충청남도 당진시 석문면 통정리 420-11번지 18.00㎡ 중4.50㎡	536	2		0		538	가액변동
202603	4530	LT72093S	국회의원	국회	국회의원	정일영	토지	본인	전	충청남도 당진시 석문면 통정리 420-12번지 86.00㎡	11240	69		0		11309	가액변동
202603	4531	LT72093S	국회의원	국회	국회의원	정일영	토지	본인	전	충청남도 당진시 석문면 통정리 420-6번지 176.00㎡	17794	87		0		17881	가액변동
202603	4532	LT72093S	국회의원	국회	국회의원	정일영	토지	본인	전	충청남도 당진시 석문면 통정리 420-7번지 29.00㎡	2932	14		0		2946	가액변동
202603	4533	LT72093S	국회의원	국회	국회의원	정일영	토지	본인	전	충청남도 당진시 석문면 통정리 420-9번지 99.00㎡ 중24.75㎡	3448	17		0		3465	가액변동
202603	4534	LT72093S	국회의원	국회	국회의원	정일영	토지	본인	전	충청남도 당진시 석문면 통정리 420번지 1,081.00㎡	112424	0		0		112424	가액변동없음
202603	4535	LT72093S	국회의원	국회	국회의원	정일영	토지	본인	답	충청남도 보령시 웅천읍 대창리 819-1번지 2,083.00㎡ 중416.60㎡	8415	41		0		8456	가액변동
202603	4536	LT72093S	국회의원	국회	국회의원	정일영	토지	배우자	임야	경상북도 안동시 상아동 산 190번지 595.00㎡ 중 419.00㎡	712	12		0		724	가액변동
202603	4537	LT72093S	국회의원	국회	국회의원	정일영	토지	배우자	잡종지	경상북도 안동시 운흥동 259-10번지 26.00㎡	9882	16		0		9898	가액변동
202603	4538	LT72093S	국회의원	국회	국회의원	정일영	토지	배우자	임야	경상북도 안동시 와룡면 절강리 산 64-2번지 52,959.00㎡	18642	740		0		19382	가액변동
202603	4539	LT72093S	국회의원	국회	국회의원	정일영	토지	배우자	임야	경상북도 안동시 와룡면 절강리 산 95번지 2,777.00㎡	1016	39		0		1055	가액변동
202603	4540	LT72093S	국회의원	국회	국회의원	정일영	건물	본인	아파트	경기도 성남시 분당구 판교동 판교원마을 건물 118.64㎡중 59.32㎡	541500	41500		0		583000	가액변동
202603	4541	LT72093S	국회의원	국회	국회의원	정일영	건물	본인	아파트(전세(임차)권)	인천광역시 연수구 송도동 송도센트럴파크푸르지오 건물0.00㎡ (건물 84.98㎡ 감소)	465000	0		465000		0	전세권해지
202603	4542	LT72093S	국회의원	국회	국회의원	정일영	건물	본인	사무실(전세(임차)권)	인천광역시 연수구 송도동 송도이안 대지 22.98㎡ 건물52.57㎡	20000	0		0		20000	변동없음
202603	4543	LT72093S	국회의원	국회	국회의원	정일영	건물	본인	사무실(전세(임차)권)	인천광역시 연수구 송도동 송도이안 건물 67.85㎡	10000	0		0		10000	변동없음
202603	4544	LT72093S	국회의원	국회	국회의원	정일영	건물	배우자	아파트	경기도 성남시 분당구 판교동 판교원마을 건물 118.64㎡중 59.32㎡	541500	41500		0		583000	가액변동
202603	4545	LT72093S	국회의원	국회	국회의원	정일영	건물	배우자	아파트	인천광역시 연수구 송도동 송도 에듀포레 푸르지오 건물72.25㎡	660000	0		0		660000	변동없음
202603	4546	LT72093S	국회의원	국회	국회의원	정일영	부동산에 관한 규정이 준용되는 권리와 자동차·건설기계·선박 및 항공기	배우자	자동차	2020년식 쏘렌토 배기량(1,998cc)	10000	0		500		9500	가액변동
202603	4547	LT72093S	국회의원	국회	국회의원	정일영	예금	본인		(주)KEB하나은행 45,905(4,557 증가), KB증권 206,교보생명보험 18,244(5,756 감소), 국민은행 1,020, 농협은행 262,411(217,626 증가), 농협중앙회 166,912(89,405 감소), 미래에셋증권 26(1 증가),삼성생명보험 6,894, 삼성화재해상보험 35,233(2,100 증가), 새마을금고중앙회 6,104(290 증가), 신한은행 2,005(1 증가), 우리은행 300,122(200,003 증가),한국투자증권 7,288(5,889 증가)	517064	547436		212130		852370	전세금조정, 예금계좌변경 등
202603	4548	LT72093S	국회의원	국회	국회의원	정일영	예금	배우자		(주)KEB하나은행 552(105,730 감소), (주)카카오페이증권 2(2 증가), KB증권 16,062(10,320 증가), 교보생명보험100,000(50,000 증가), 농협은행 74,689(56,796 증가),미래에셋증권 80(1 증가), 새마을금고중앙회 102(2 증가),우리은행 56,084(124,535 감소)	360715	175240		288384		247571	전세금조정, 예금계좌변경 등
202603	4549	LT72093S	국회의원	국회	국회의원	정일영	정치자금법에 따른 정치자금의 수입 및 지출을 위한 예금계좌의 예금	본인		농협은행 95,541(28,677 감소)	124218	0		28677		95541	후원금 정리
202603	4550	LT72093S	국회의원	국회	국회의원	정일영	채권	본인		사인간채권	110000	0		0		110000	변동없음
202603	4551	LT72093S	국회의원	국회	국회의원	정일영	채권	배우자		사인간채권	140000	0		0		140000	변동없음
202603	4552	LT72093S	국회의원	국회	국회의원	정일영	채무	본인	건물임대채무	경기도 성남시 분당구 판교동 판교원마을 임대보증금 증가	400000	25000		0		425000	전세보증금 증가
202603	4553	LT72093S	국회의원	국회	국회의원	정일영	채무	배우자	건물임대채무	경기도 성남시 분당구 판교동 판교원마을 임대보증금 증가	400000	25000		0		425000	전세보증금 증가
202603	4554	LT72093S	국회의원	국회	국회의원	정일영	채무	배우자	건물임대채무	인천광역시 연수구 송도동 송도 에듀포레 푸르지오임대보증금 감소	330000	0		330000		0	전세계약해지
202603	4555	LT72093S	국회의원	국회	국회의원	정일영	고지거부 및 등록제외사항	모		고지거부	0	0		0		0	타인부양
202603	4556	LT72093S	국회의원	국회	국회의원	정일영	고지거부 및 등록제외사항	장남		고지거부	0	0		0		0	독립생계유지
202603	4557	LJK4960Z	국회의원	국회	국회의원	정점식	토지	본인	임야	경상남도 진주시 내동면 삼계리 산 116-1번지 60,603.00㎡중 20,201.00㎡	31514	404		0		31918	가액변동
202603	4558	LJK4960Z	국회의원	국회	국회의원	정점식	건물	본인	아파트(전세(임차)권)	경상남도 통영시 광도면 죽림리 주영더팰리스5차아파트건물 74.82㎡	170000	0		0		170000	변동없음
202603	4559	LJK4960Z	국회의원	국회	국회의원	정점식	건물	본인	아파트	서울특별시 서초구 반포동 반포자이아파트 건물 194.69㎡중 173.00㎡	3589024	398978		0		3988002	가액변동
202603	4560	LJK4960Z	국회의원	국회	국회의원	정점식	건물	본인	사무실(전세(임차)권)	경상남도 고성군 고성읍 서외리 2층 건물 110.07㎡	20000	0		0		20000	변동없음
202603	4561	LJK4960Z	국회의원	국회	국회의원	정점식	건물	본인	사무실(전세(임차)권)	경상남도 통영시 북신동 성산빌딩 건물 242.77㎡	20000	0		0		20000	변동없음
202603	4562	LJK4960Z	국회의원	국회	국회의원	정점식	건물	본인	근린생활시설	부산광역시 수영구 수영동 영화빌딩 대지 816.20㎡ 중58.36㎡ 건물 3,842.74㎡ 중 274.75㎡	274242	0		313		273929	가액변동
202603	4563	LJK4960Z	국회의원	국회	국회의원	정점식	건물	장남	아파트	서울특별시 서초구 반포동 반포자이아파트 건물 194.69㎡중 21.69㎡	449976	50022		0		499998	가액변동
202603	4564	LJK4960Z	국회의원	국회	국회의원	정점식	건물	장남	근린생활시설	부산광역시 수영구 수영동 영화빌딩 대지 816.20㎡ 중307.30㎡ 건물 3,842.74㎡ 중 1,446.79㎡	1444058	0		1657		1442401	가액변동
202603	4565	LJK4960Z	국회의원	국회	국회의원	정점식	건물	차녀	근린생활시설	부산광역시 수영구 수영동 영화빌딩 대지 816.20㎡ 중225.27㎡ 건물 3,842.74㎡ 중 1,060.60㎡	1058585	0		1216		1057369	가액변동
202603	4566	LJK4960Z	국회의원	국회	국회의원	정점식	부동산에 관한 규정이 준용되는 권리와 자동차·건설기계·선박 및 항공기	본인	자동차	2012년식 에쿠스 배기량(3,778cc)	13570	0		3140		10430	가액변동
202603	4567	LJK4960Z	국회의원	국회	국회의원	정점식	부동산에 관한 규정이 준용되는 권리와 자동차·건설기계·선박 및 항공기	본인	자동차	2019년식 카니발 리무진 배기량(2,199cc)	20930	0		4630		16300	가액변동
202603	4568	LJK4960Z	국회의원	국회	국회의원	정점식	부동산에 관한 규정이 준용되는 권리와 자동차·건설기계·선박 및 항공기	본인	자동차	2020년식 GV80 배기량(3,470cc)	39070	0		7130		31940	가액변동
202603	4569	LJK4960Z	국회의원	국회	국회의원	정점식	예금	본인		농협은행 9,143(3,494 감소), 삼성화재해상보험 0(25,800감소), 신한은행 1,212,519(146,405 증가)	1104551	1064876		947765		1221662	국회의원 보수, 자녀 급여, 임대료 수입 등
202603	4570	LJK4960Z	국회의원	국회	국회의원	정점식	예금	장남		국민은행 57,614(301 증가), 신한은행 229,892(104,433증가), 토스증권(주) 0(35 감소)	182807	162047		57348		287506	국회의원 보수, 자녀 급여, 임대료 수입 등
202603	4571	LJK4960Z	국회의원	국회	국회의원	정점식	예금	차녀		(주)KEB하나은행 576(155 증가), 경남은행 20,989(13,051감소), 농협은행 0(110 감소), 미래에셋증권 14,767(1,242 증가), 상호저축은행중앙회 134,783(84,074 증가), 신용협동조합중앙회 32,669(28 증가), 신한은행 65,071(15,545 증가), 신한투자증권 737(6 증가),우리은행 230,396(143,220 증가), 전북은행 36,175(1,175증가), 주식회사 카카오뱅크 0(5 감소), 케이뱅크 33,529(5,629 증가), 토스뱅크(주) 4,112(41 증가)	335855	415521		177572		573804	국회의원 보수, 자녀 급여, 임대료 수입 등
202603	4572	LJK4960Z	국회의원	국회	국회의원	정점식	정치자금법에 따른 정치자금의 수입 및 지출을 위한 예금계좌의 예금	본인		농협은행 339,530(52,181 증가)	287349	52181		0		339530	후원금 모금
202603	4573	LJK4960Z	국회의원	국회	국회의원	정점식	증권	장남	상장주식	카카오보통주 0주(6주 감소)	229	0		229		0	전량매도
202603	4574	LJK4960Z	국회의원	국회	국회의원	정점식	채무	본인	건물임대채무	부산광역시 수영구 수영동 영화빌딩 임대보증금	22521	0		0		22521	변동없음
202603	4575	LJK4960Z	국회의원	국회	국회의원	정점식	채무	본인	기타	국세청 증가	0	1400000		0		1400000	국세청 상속세 연부연납 대상 세액
202603	4576	LJK4960Z	국회의원	국회	국회의원	정점식	채무	장남	건물임대채무	부산광역시 수영구 수영동 영화빌딩 임대보증금	118599	0		0		118599	변동없음
202603	4577	LJK4960Z	국회의원	국회	국회의원	정점식	채무	차녀	건물임대채무	부산광역시 수영구 수영동 영화빌딩 임대보증금	86940	0		0		86940	변동없음
202603	4578	LJK4960Z	국회의원	국회	국회의원	정점식	고지거부 및 등록제외사항	장녀		등록제외	1102486	0		1102486		0	혼인
202603	4579	IC499858	국회의원	국회	국회의원	정준호	건물	본인	아파트	서울특별시 서초구 신원동 힐스테이트서초젠트리스 건물84.00㎡ 중 42.00㎡	521500	20000		0		541500	가액 변동
202603	4580	IC499858	국회의원	국회	국회의원	정준호	건물	본인	아파트(전세(임차)권)	광주광역시 북구 풍향동 교대금호어울림 건물 84.00㎡	300000	0		0		300000	
202603	4581	IC499858	국회의원	국회	국회의원	정준호	건물	본인	사무실(전세(임차)권)	광주광역시 북구 두암동 동강빌딩 건물 264.00㎡	5000	0		0		5000	
202603	4582	IC499858	국회의원	국회	국회의원	정준호	건물	본인	사무실(전세(임차)권)	광주광역시 북구 두암동 동강빌딩 건물 122.00㎡	10000	0		0		10000	
202603	4583	IC499858	국회의원	국회	국회의원	정준호	건물	배우자	아파트	서울특별시 서초구 신원동 힐스테이트서초젠트리스 건물84.00㎡ 중 42.00㎡	521500	20000		0		541500	가액 변동
202603	4584	IC499858	국회의원	국회	국회의원	정준호	부동산에 관한 규정이 준용되는 권리와 자동차·건설기계·선박 및 항공기	배우자	자동차	2022년식 캐스퍼 배기량(998cc)	11350	0		990		10360	
202603	4585	IC499858	국회의원	국회	국회의원	정준호	예금	본인		광주은행 4,947(1 증가), 농협은행 7,584(1,587 감소),농협중앙회 136(1 감소), 새마을금고중앙회 470(7 증가),신용협동조합중앙회 53(2 증가), 신한은행 308, 우리은행126, 우체국 3,014(2 감소), 한화손해보험 18,131(1,495 증가)	34854	6398		6483		34769	생활비 지출 등
202603	4586	IC499858	국회의원	국회	국회의원	정준호	예금	배우자		(주)KEB하나은행 52(7 증가), SBI저축은행 47, 농협은행12(43 감소), 농협중앙회 40,002(10,000 증가), 부산은행1,478(1,478 증가), 새마을금고중앙회 467(7 증가),수협중앙회 30,000, 신용협동조합중앙회 5,169, 신한은행703(700 증가), 우리은행 267, 웰컴저축은행 0(50,000 감소), 전북은행 1,452(1,452 증가), 주식회사 카카오뱅크 77(77 증가), 중소기업은행 4,903, 하나증권 11,현대해상화재보험 5,549(411 증가)	126100	74132		110043		90189	생활비 지출 등
202603	4587	IC499858	국회의원	국회	국회의원	정준호	예금	장남		농협중앙회 1,514(64 증가)	1450	64		0		1514	생활비 지출 등
202603	4588	IC499858	국회의원	국회	국회의원	정준호	정치자금법에 따른 정치자금의 수입 및 지출을 위한 예금계좌의 예금	본인		농협은행 115,050(115,050 증가), 농협중앙회 0(58,138 감소)	58138	115050		58138		115050	정치후원금 증가
202603	4589	IC499858	국회의원	국회	국회의원	정준호	채무	본인		사인간채무	1457000	0		0		1457000	
202603	4590	IC499858	국회의원	국회	국회의원	정준호	채무	본인	금융채무	(주)KEB하나은행 0(61,747 감소), 농협은행37,455(37,455 증가)	61747	37455		61747		37455	일부 상환
202603	4591	IC499858	국회의원	국회	국회의원	정준호	채무	본인	건물임대채무	서울특별시 서초구 신원동 힐스테이트서초젠트리스 임대보증금	545000	0		0		545000	
202603	4592	IC499858	국회의원	국회	국회의원	정준호	채무	배우자	금융채무	부산은행 38,026(38,026 증가), 신한은행 67,709(1,408증가), 전북은행 10,000(10,000 증가), 주식회사 카카오뱅크 0(43,178 감소)	109479	49434		43178		115735	생활비 지출 등
202603	4593	IC499858	국회의원	국회	국회의원	정준호	채무	배우자	건물임대채무	서울특별시 서초구 신원동 힐스테이트서초젠트리스 임대보증금	545000	0		0		545000	
202603	4594	IC499858	국회의원	국회	국회의원	정준호	고지거부 및 등록제외사항	부		고지거부	0	0		0		0	독립생계유지
202603	4595	IC499858	국회의원	국회	국회의원	정준호	고지거부 및 등록제외사항	모		고지거부	0	0		0		0	독립생계유지
202603	4596	9HE7226N	국회의원	국회	국회의원	정진욱	토지	모	도로	전라남도 영광군 군남면 도장리 224-5번지 228.00㎡	609	4		0		613	가액변동
202603	4597	9HE7226N	국회의원	국회	국회의원	정진욱	토지	모	도로	전라남도 영광군 군남면 도장리 224-7번지 23.00㎡	61	1		0		62	가액변동
202603	4598	9HE7226N	국회의원	국회	국회의원	정진욱	건물	본인	상가(전세(임차)권)	광주광역시 남구 주월동 외 1 필지(4층 전체) 건물 198.36㎡	30000	0		0		30000	변동없음
202603	4599	9HE7226N	국회의원	국회	국회의원	정진욱	건물	본인	오피스텔(전세(임차)권)	서울특별시 영등포구 여의도동 여의도파라곤 건물 34.21㎡	10000	0		0		10000	변동없음
202603	4600	9HE7226N	국회의원	국회	국회의원	정진욱	건물	배우자	아파트	광주광역시 남구 봉선동 무등파크아파트 건물 141.32㎡	336000	0		21000		315000	가액변동
202603	4601	9HE7226N	국회의원	국회	국회의원	정진욱	건물	장남	다세대주택(전세(임차)권)	서울특별시 종로구 명륜1가 건물 29.72㎡ (건물 29.72㎡증가)	0	30000		0		30000	임차보증금
202603	4602	9HE7226N	국회의원	국회	국회의원	정진욱	부동산에 관한 규정이 준용되는 권리와 자동차·건설기계·선박 및 항공기	본인	자동차	2022년식 G80 배기량(2,497cc)	44200	0		8200		36000	가액변동
202603	4603	9HE7226N	국회의원	국회	국회의원	정진욱	부동산에 관한 규정이 준용되는 권리와 자동차·건설기계·선박 및 항공기	배우자	자동차	2014년식 E350 4Matic 배기량(3,498cc)	23040	0		5530		17510	가액변동
202603	4604	9HE7226N	국회의원	국회	국회의원	정진욱	현금	본인		현금 감소	85000	0		15000		70000	가계자금 지출
202603	4605	9HE7226N	국회의원	국회	국회의원	정진욱	현금	배우자		현금 감소	90000	0		10000		80000	가계자금 지출
202603	4606	9HE7226N	국회의원	국회	국회의원	정진욱	예금	본인		(주)KB손해보험 8,425(3,159 증가), (주)KEB하나은행 106, KB증권 4, 광주은행 199, 국민은행 9, 농협은행18,876(2,095 증가), 농협중앙회 22,메리츠화재해상보험(보험) 2,581, 미래에셋증권 5,삼성증권 3,563(16 감소), 신한라이프생명보험 29,376,신한은행 303, 우리은행 34, 한국투자증권 49	58314	6194		956		63552	급여소득 및 사업소득증가, 생활비 지출 등
202603	4607	9HE7226N	국회의원	국회	국회의원	정진욱	예금	배우자		(주)KB손해보험 7,041(473 증가), (주)KEB하나은행 463,KB증권 15,422(15,000 증가), SK증권 15, 광주은행159,621(118,252 증가), 교보생명보험 0(240,000 감소),국민은행 1,800(2 증가), 농협은행 59,427(43,814 증가), 메리츠종금증권 971(10 증가), 메리츠화재해상보험(보험) 2,366(512 증가), 미래에셋생명보험 16,175(1,781 증가),삼성생명보험 37,523(16,361 감소), 신한은행 364(326 증가), 케이디비생명보험 54,777(1,765 증가), 케이뱅크 262, 토스뱅크(주) 1, 한국투자증권 346,578(38,636 증가), 현대해상화재보험 760(324 증가)	739032	221764		257230		703566	급여소득 및 사업소득증가, 생활비 지출 등
202603	4608	9HE7226N	국회의원	국회	국회의원	정진욱	예금	모		(주)KEB하나은행 2(8 감소), 농협은행 4(1 감소)	15	0		9		6	급여소득 및 사업소득증가, 생활비 지출 등
202603	4609	9HE7226N	국회의원	국회	국회의원	정진욱	예금	장남		광주은행 0(1,581 감소), 국민은행 417(693 감소), 빗썸 11(1 증가), 업비트 0(4,500 감소), 케이뱅크 0(1,582 감소), 토스뱅크(주) 0(6 감소), 토스증권(주) 20(9 증가)	8800	10		8362		448	급여소득 및 사업소득증가, 생활비 지출 등
202603	4610	9HE7226N	국회의원	국회	국회의원	정진욱	정치자금법에 따른 정치자금의 수입 및 지출을 위한 예금계좌의 예금	본인		농협은행 37,025(7,436 증가)	29589	7436		0		37025	정치후원금
202603	4611	9HE7226N	국회의원	국회	국회의원	정진욱	증권	배우자	회사채	에이비엘생명보험 0주	19557	0		0		19557	평가액 변동
202603	4612	9HE7226N	국회의원	국회	국회의원	정진욱	증권	배우자	비상장주식	디알큐어 2,000주, 디자인셀 2,500주, 메디셀 3,000주, 에너진 2,870주, 에프아이씨신소재 3,500주, 인동첨단소재 600주, 주식회사 스탠드업테라퓨티스10,000주	17338	2413		3963		15788	평가액 변동
202603	4613	9HE7226N	국회의원	국회	국회의원	정진욱	증권	장남	상장주식	마이크로소프트 0.972691주(0.027309주 감소), 애플 0.001655주, 엔비디아 7.92243주, 태양금속공업보통주1주, 테슬라 5주	5156	868		2		6022	평가액 변동
202603	4614	9HE7226N	국회의원	국회	국회의원	정진욱	증권	장남	비상장주식	메디셀 2,000주	1000	0		0		1000	평가액 변동
202603	4615	9HE7226N	국회의원	국회	국회의원	정진욱	채권	배우자		사인간채권 증가	100000	30000		0		130000	신규 채권(임차보증금)
202603	4616	9HE7226N	국회의원	국회	국회의원	정진욱	채무	본인	금융채무	신한라이프생명보험 10,000	10000	0		0		10000	변동없음
202603	4617	9HE7226N	국회의원	국회	국회의원	정진욱	채무	배우자	금융채무	광주은행 0(78,006 감소), 교보생명보험 0(130,000 감소)	208006	0		208006		0	보험 해약금으로 채무 변제
202603	4618	9HE7226N	국회의원	국회	국회의원	정진욱	채무	장남		사인간채무 증가	0	30000		0		30000	신규채무(임차보증금)
202603	4619	9HE7226N	국회의원	국회	국회의원	정진욱	채무	장남	금융채무	주식회사 카카오뱅크 2,940(467 증가)	2473	467		0		2940	채무증가
202603	4620	9HE7226N	국회의원	국회	국회의원	정진욱	보석류	배우자		금 목걸이,귀걸이 세트 (1세트, 금)	14000	0		0		14000	변동없음
202603	4621	9HE7226N	국회의원	국회	국회의원	정진욱	보석류	배우자		로렉스 시계 (1점, 화이트,금 혼합)	12000	0		0		12000	변동없음
202603	4622	9HE7226N	국회의원	국회	국회의원	정진욱	보석류	배우자		IWC 시계 (1점, 금색)	15000	0		0		15000	변동없음
202603	4623	9HE7226N	국회의원	국회	국회의원	정진욱	골동품 및 예술품	본인		회화(서양화) (공기와 꿈, 130cm*90cmCm, 강운, 2012)	10000	0		0		10000	변동없음
202603	4624	9HE7226N	국회의원	국회	국회의원	정진욱	골동품 및 예술품	배우자		회화(서양화) (Air,Exit,Chaosmos, 210cm*140cmCm, 강운,2009)	10000	0		0		10000	변동없음
202603	4625	9HE7226N	국회의원	국회	국회의원	정진욱	회원권	본인	골프	퍼시픽링스	26500	0		0		26500	변동없음
202603	4626	9HE7226N	국회의원	국회	국회의원	정진욱	회원권	배우자	골프	퍼시픽링스	26500	0		0		26500	변동없음
202603	4627	9HE7226N	국회의원	국회	국회의원	정진욱	합명·합자·유한회사 출자지분	배우자	출자	제2호G-IN엔젤투자조합, 출자가액: 20,000천원,지분비율: 5.5%, 연간매출액: 0천원	20000	0		0		20000	변동없음
202603	4628	9HE7226N	국회의원	국회	국회의원	정진욱	가상자산	배우자		디스체인 1.65610854개, 이더리움피오더블유1.65610854개	0	0		0		0	매도 및 평가액 변동
202603	4629	9HE7226N	국회의원	국회	국회의원	정진욱	가상자산	장남		비트코인 0개(0.01986753개 감소), 스텔라루멘 0.00000009개, 에이피이앤에프티 0.00012762개, 이더리움0.02209482개(0.00138461개 감소), 크로미아 17개, 트론0.00000036개(0.00000084개 감소)	2887	0		2791		96	매도 및 평가액 변동
202603	4630	2385336L	국회의원	국회	국회의원	정청래	건물	본인	근린생활시설(전세(임차)권)	서울특별시 마포구 서교동 서교양경회관 건물 146.09㎡	30000	0		0		30000	계약연장
202603	4631	2385336L	국회의원	국회	국회의원	정청래	건물	배우자	아파트	서울특별시 마포구 성산동 성산월드타운대림 건물117.90㎡	744000	18000		0		762000	가액변동
202603	4632	2385336L	국회의원	국회	국회의원	정청래	부동산에 관한 규정이 준용되는 권리와 자동차·건설기계·선박 및 항공기	본인	자동차	2012년식 제네시스330 배기량(3,342cc)	7390	0		520		6870	가액변동
202603	4633	2385336L	국회의원	국회	국회의원	정청래	부동산에 관한 규정이 준용되는 권리와 자동차·건설기계·선박 및 항공기	장남	자동차	2024년식 더 뉴 셀토스 1.6 터보 배기량(1,598cc)	21860	0		5090		16770	가액변동
202603	4634	2385336L	국회의원	국회	국회의원	정청래	예금	본인		(주)KEB하나은행 7,446(957 감소), 국민은행 1, 농협은행280,847(52,206 증가), 대신증권 101, 삼성생명보험19,457(2,015 증가), 새마을금고중앙회 9,706(706 증가),신한은행 371(1 증가), 우리은행 7,975(6 증가),한화생명보험주식회사 14,781(3,219 감소)	289927	62994		12236		340685	급여 소득 저축 등
202603	4635	2385336L	국회의원	국회	국회의원	정청래	예금	배우자		(주)KEB하나은행 0(105 감소), NH투자증권 413,739(118,933 증가), 교보생명보험 11,982(1,483증가), 국민은행 8(8 증가), 농협은행 39(34 증가), 미래에셋증권 901(133 증가), 삼성생명보험 12,366, 신용협동조합중앙회 6,507(9,513 감소), 신한은행 2,034(2,034 증가), 신한투자증권 99(38 증가), 우체국26,112, 한국투자증권 4, 한화생명보험주식회사98,028(2,610 증가)	456164	130178		14523		571819	급여 소득 저축 등
202603	4636	2385336L	국회의원	국회	국회의원	정청래	예금	장남		(주)KEB하나은행 180(1,546 감소), NH투자증권 6,927(6,927 증가), 농협은행 20,000(200 증가),토스뱅크(주) 0(3 감소), 현대해상화재보험 357(267 증가)	21619	7394		1549		27464	급여 소득 저축 등
202603	4637	2385336L	국회의원	국회	국회의원	정청래	예금	차남		NH투자증권 26,266(14,650 증가), 농협은행 20,000(200증가), 신한은행 863(798 증가)	31481	15648		0		47129	급여 소득 저축 등
202603	4638	2385336L	국회의원	국회	국회의원	정청래	예금	삼남		농협은행 6,600(200 증가), 미래에셋증권 3,386(3,386증가), 삼성증권 0(1,137 감소), 신용협동조합중앙회 50, 주식회사 카카오뱅크 170(115 증가)	7642	3701		1137		10206	급여 소득 저축 등
202603	4639	2385336L	국회의원	국회	국회의원	정청래	정치자금법에 따른 정치자금의 수입 및 지출을 위한 예금계좌의 예금	본인		농협은행 247,242(76,031 증가)	171211	76031		0		247242	후원금
202603	4640	2385336L	국회의원	국회	국회의원	정청래	증권	배우자	상장주식	LG전자 6주(6주 증가), SK하이닉스 17주(17주 증가), 삼성전자우 20주(20주 증가), 애플 0.0098주(0.0098주 증가), 카카오 11주(11주 증가), 카카오페이 2주(2주 증가)	0	14163		0		14163	매입
202603	4641	2385336L	국회의원	국회	국회의원	정청래	채무	본인	금융채무	NH농협캐피탈 0(70,259 감소)	70259	0		70259		0	렌트계약내용변경
202603	4642	2385336L	국회의원	국회	국회의원	정청래	가상자산	장남		페이코인 15.5개	1	0		0		1	거래내역없음
202603	4643	XG348314	국회의원	국회	국회의원	정춘생	건물	배우자	아파트(전세(임차)권)	서울특별시 강서구 염창동 신동아아파트 건물 84.90㎡	472500	0		0		472500	
202603	4644	XG348314	국회의원	국회	국회의원	정춘생	예금	본인		(주)KB손해보험 1,825(521 증가), DB손해보험(주) 20,912(3,114 증가), 국민은행 19, 농협은행104,675(23,603 증가), 미래에셋증권 140(17 증가),삼성생명보험 56,008(250 증가), 우체국 443(308 증가),케이디비생명보험 35,880	192089	28285		472		219902	급여저축 및 생활비 지출 등
202603	4645	XG348314	국회의원	국회	국회의원	정춘생	예금	배우자		DB손해보험(주) 36,841(2,339 증가), SK증권 5,메트라이프생명보험 32,132(32,132 증가), 신한은행 11,980(7,315 감소), 우리은행 343,367(70,503 증가),키움증권 4	326670	142938		45279		424329	급여저축 및 생활비 지출 등
202603	4646	XG348314	국회의원	국회	국회의원	정춘생	예금	장남		(주)KEB하나은행 0(955 감소), 국민은행 486(418 증가),농협은행 37,279(20,472 증가), 빗썸 10(10 증가),중소기업은행 471	18301	20900		955		38246	급여저축 및 생활비 지출 등
202603	4647	XG348314	국회의원	국회	국회의원	정춘생	예금	장녀		국민은행 16(1 증가), 농협은행 40,728(20,343 증가),신한은행 0(128 감소), 토스뱅크(주) 809(809 증가)	20528	21153		128		41553	급여저축 및 생활비 지출 등
202603	4648	XG348314	국회의원	국회	국회의원	정춘생	정치자금법에 따른 정치자금의 수입 및 지출을 위한 예금계좌의 예금	본인		기타(은행) 606(2,470 감소)	3076	0		2470		606	의정활동 지출
202603	4649	XG348314	국회의원	국회	국회의원	정춘생	증권	본인	상장주식	한글과컴퓨터 42주	888	75		0		963	평가액 변동
202603	4650	XG348314	국회의원	국회	국회의원	정춘생	채권	본인		기타 증가	20000	3000		0		23000	
202603	4651	XG348314	국회의원	국회	국회의원	정춘생	가상자산	장남		페페 271,978.02197803개	7	0		6		1	가상자산 가액변동
202603	4652	UHB5553T	국회의원	국회	국회의원	정태호	건물	본인	아파트	서울특별시 관악구 신림동 신림현대아파트 건물 132.00㎡	478000	0		6000		472000	공시가격 하락
202603	4653	UHB5553T	국회의원	국회	국회의원	정태호	건물	본인	사무실(전세(임차)권)	서울특별시 관악구 신림동 대영빌딩 7층 건물 170.46㎡	40000	0		0		40000	
202603	4654	UHB5553T	국회의원	국회	국회의원	정태호	건물	배우자	단독주택	Bridle La. Poughkeepsie NY 12603 대지 1,862.00㎡ 건물167.00㎡	607110	0		8466		598644	환율 변동으로 인한 가액 증가
202603	4655	UHB5553T	국회의원	국회	국회의원	정태호	건물	부	아파트	인천광역시 서구 가좌동 진주아파트 건물 84.85㎡	198000	0		0		198000	
202603	4656	UHB5553T	국회의원	국회	국회의원	정태호	부동산에 관한 규정이 준용되는 권리와 자동차·건설기계·선박 및 항공기	배우자	자동차	2020년식 Soul Lx Ivt 배기량(2,000cc)	17085	309		0		17394	환율 변동으로 인한 가액 증가
202603	4657	UHB5553T	국회의원	국회	국회의원	정태호	예금	본인		(주)KEB하나은행 31(368 감소), 교보생명보험 60,000,국민은행 0(3,471 감소), 농협은행 19,186(7,117 감소),대신증권 7, 삼성생명보험 5,544, 새마을금고중앙회18,091(1,688 증가), 신용협동조합중앙회 58(2 증가), 신한라이프생명보험 54,687(407 증가), 신한은행 1,780(4,763 감소), 주식회사 카카오뱅크 122(11 감소)	173139	2097		15730		159506	배우자의 급여저축, 퇴직연금 운용수익 및 환율 변동 등
202603	4658	UHB5553T	국회의원	국회	국회의원	정태호	예금	배우자		Fidelity 2,027,004(318,580 증가),HudsonValleyFederalCreditUnion 178,189(2,982 증가),국민은행 4,859(376 감소), 씨티은행(국외) 20,435(220 증가)	1909081	321782		376		2230487	배우자의 급여저축, 퇴직연금 운용수익 및 환율 변동 등
202603	4659	UHB5553T	국회의원	국회	국회의원	정태호	예금	부		국민은행 11, 농협은행 10,896(1,649 증가), 신한은행406(240 증가), 우리은행 13,665(2,619 증가)	20470	5289		781		24978	배우자의 급여저축, 퇴직연금 운용수익 및 환율 변동 등
202603	4660	UHB5553T	국회의원	국회	국회의원	정태호	예금	모		MG손해보험(주) 0(5,989 감소), 국민은행 1,043(123증가), 농협중앙회 71, 예별손해보험 5,989(5,989 증가),우리은행 1, 우체국 207(233 감소)	7421	6112		6222		7311	배우자의 급여저축, 퇴직연금 운용수익 및 환율 변동 등
202603	4661	UHB5553T	국회의원	국회	국회의원	정태호	정치자금법에 따른 정치자금의 수입 및 지출을 위한 예금계좌의 예금	본인		농협은행 66,513(5,524 증가)	60989	5524		0		66513	정치자금
202603	4662	UHB5553T	국회의원	국회	국회의원	정태호	증권	배우자	상장주식	IBM 765.5854주(260.7484주 증가), Kyndryl 1.02주	163191	165555		12		328734	미국 IBM에 근무하는 배우자의 급여로 우리사주 매입, 보너스(RSU) 및 주가상승(우리사주 매입가격: 시세의 85%)
202603	4663	UHB5553T	국회의원	국회	국회의원	정태호	채무	본인	금융채무	교보생명보험 13,100(21,900 감소), 신한은행33,276(12,261 감소)	80537	0		34161		46376	
202603	4664	UHB5553T	국회의원	국회	국회의원	정태호	채무	부	금융채무	우리은행 622(622 증가)	0	622		0		622	
202603	4665	BNV6535N	국회의원	국회	국회의원	정혜경	토지	배우자	답	경상남도 산청군 시천면 반천리 326번지 1,094.10㎡	29103	109		0		29212	가액변동
202603	4666	BNV6535N	국회의원	국회	국회의원	정혜경	토지	배우자	전	경상남도 산청군 시천면 반천리 327번지 1,136.60㎡ 중1,136.60㎡	21823	113		0		21936	가액변동
202603	4667	BNV6535N	국회의원	국회	국회의원	정혜경	토지	배우자	임야	경상남도 산청군 시천면 반천리 98번지 154.10㎡	1510	9		0		1519	가액변동
202603	4668	BNV6535N	국회의원	국회	국회의원	정혜경	토지	배우자	대지	경상남도 산청군 시천면 반천리 99번지 600.90㎡	39539	661		0		40200	가액변동
202603	4669	BNV6535N	국회의원	국회	국회의원	정혜경	토지	배우자	대지	경상남도 산청군 시천면 반천리 99-2번지 48.70㎡	3204	54		0		3258	가액변동
202603	4670	BNV6535N	국회의원	국회	국회의원	정혜경	건물	본인	근린생활시설(전세(임차)권)	경상남도 창원시 의창구 서상동 3층 건물 120.12㎡	10000	0		0		10000	
202603	4671	BNV6535N	국회의원	국회	국회의원	정혜경	건물	배우자	아파트	경상남도 창원시 마산회원구 내서읍 삼계리삼계3주공아파트 건물 49.71㎡	116000	0		0		116000	
202603	4672	BNV6535N	국회의원	국회	국회의원	정혜경	건물	배우자	다가구주택(전세(임차)권)	경상남도 창원시 의창구 봉림동 건물 72.51㎡	30000	0		0		30000	
202603	4673	BNV6535N	국회의원	국회	국회의원	정혜경	부동산에 관한 규정이 준용되는 권리와 자동차·건설기계·선박 및 항공기	배우자	자동차	2018년식 렉스턴 스포츠 배기량(2,157cc)	10750	0		1480		9270	가액변동
202603	4674	BNV6535N	국회의원	국회	국회의원	정혜경	예금	본인		KB증권 3, 경남은행 3,118(1,048 감소), 농협은행 1,375(2 증가), 농협중앙회 215(2,181 감소), 메리츠화재해상보험(보험) 5,781(422 증가), 삼성화재해상보험 2,448(432 증가), 신한라이프생명보험 15,549(818 증가), 신한은행 20, 주식회사 카카오뱅크315(183 증가), 현대해상화재보험 13,943(1,436 증가)	42703	3293		3229		42767	근로소득 수입 및 생활비 등 지출
202603	4675	BNV6535N	국회의원	국회	국회의원	정혜경	예금	배우자		(주)KB손해보험 321(321 증가), (주)카카오페이증권 50(51 감소), DB손해보험(주) 260(120 증가), KB증권 0(52감소), 경남은행 1,568(278 감소), 교보생명보험 3,246(2,997 증가), 메리츠화재해상보험(보험)31,592(2,729 증가), 삼성증권 19,186(19,130 증가),신한라이프생명보험 19,334(1,018 증가), 우리은행 2,194(1,766 증가), 흥국화재해상보험(주) 1,425(180 증가)	51296	28282		402		79176	근로소득 수입 및 생활비 등 지출
202603	4676	BNV6535N	국회의원	국회	국회의원	정혜경	예금	장남		경남은행 1, 농협은행 1,360(240 증가), 토스뱅크(주)282(282 증가)	1121	522		0		1643	근로소득 수입 및 생활비 등 지출
202603	4677	BNV6535N	국회의원	국회	국회의원	정혜경	예금	차남		농협은행 1,360(240 증가), 우체국 222	1342	240		0		1582	근로소득 수입 및 생활비 등 지출
202603	4678	BNV6535N	국회의원	국회	국회의원	정혜경	정치자금법에 따른 정치자금의 수입 및 지출을 위한 예금계좌의 예금	본인		농협은행 5,072(4,944 감소)	10016	0		4944		5072	정치 활동에 따른 비용지출
202603	4679	BNV6535N	국회의원	국회	국회의원	정혜경	증권	배우자	상장주식	파미셀 1,775주(3,449주 감소)	43254	0		17464		25790	일부 매각
202603	4680	BNV6535N	국회의원	국회	국회의원	정혜경	채무	본인		사인간채무 감소	70000	0		40000		30000	정치후원금으로 정치자금 채무 상환
202603	4681	BNV6535N	국회의원	국회	국회의원	정혜경	채무	본인	금융채무	경남은행 0(15,000 감소), 농협은행 7,860(7,860 증가)	15000	7860		15000		7860	급여 소득으로 채무 상환
202603	4682	BNV6535N	국회의원	국회	국회의원	정혜경	채무	배우자		사인간채무	50000	0		0		50000	
202603	4683	BNV6535N	국회의원	국회	국회의원	정혜경	채무	배우자	금융채무	경남은행 72,243(25,260 감소)	97503	0		25260		72243	예금 등으로 채무 상환
202603	4684	BNV6535N	국회의원	국회	국회의원	정혜경	채무	배우자	건물임대채무	경상남도 창원시 마산회원구 내서읍 삼계리삼계3주공아파트 임대보증금	5000	0		0		5000	
202603	4685	PFG2137X	국회의원	국회	국회의원	정희용	토지	본인	공장용지	경상북도 칠곡군 왜관읍 금산리 770-4번지 2,465.00㎡ 중1,232.50㎡	469336	1355		0		470691	가액변동
202603	4686	PFG2137X	국회의원	국회	국회의원	정희용	토지	본인	공장용지	경상북도 칠곡군 왜관읍 770-8번지 0.00㎡ 중 0.00㎡(총면적 0.00㎡ 감소, 지분면적 0.00㎡ 감소)	0	0		0	0	0	주소지오기로인한삭제
202603	4687	PFG2137X	국회의원	국회	국회의원	정희용	토지	본인	공장용지	경상북도 칠곡군 왜관읍 773번지 0.00㎡ 중 0.00㎡ (총면적0.00㎡ 감소, 지분면적 0.00㎡ 감소)	0	0		0	0	0	주소지오기로인한삭제
202603	4688	PFG2137X	국회의원	국회	국회의원	정희용	토지	본인	대지	경상북도 칠곡군 왜관읍 금산리 816번지 499.00㎡ 중268.69㎡	88990	430		0		89420	가액변동
202603	4689	PFG2137X	국회의원	국회	국회의원	정희용	토지	본인	공장용지	경상북도 칠곡군 왜관읍 금산리 770-8번지 237.00㎡ 중118.50㎡	46475	142		0		46617	가액변동
202603	4690	PFG2137X	국회의원	국회	국회의원	정희용	토지	본인	공장용지	경상북도 칠곡군 왜관읍 금산리 773번지 655.00㎡ 중327.50㎡	58982	917		0		59899	가액변동
202603	4691	PFG2137X	국회의원	국회	국회의원	정희용	건물	본인	복합건물(주택+상가)	서울특별시 성동구 송정동 대지 152.00㎡ 중 76.00㎡ 건물159.14㎡ 중 79.57㎡	489053	17418		0		506471	가액변동
202603	4692	PFG2137X	국회의원	국회	국회의원	정희용	건물	본인	아파트(전세(임차)권)	경상북도 칠곡군 왜관읍 석전리 무성그린맨션 건물77.00㎡	70000	0		0		70000	변동없음
202603	4693	PFG2137X	국회의원	국회	국회의원	정희용	건물	본인	사무실(전세(임차)권)	경상북도 칠곡군 왜관읍 왜관리 3층 국회의원사무실 대지819.00㎡ 건물 464.79㎡ 중 214.87㎡	10000	0		0		10000	변동없음
202603	4694	PFG2137X	국회의원	국회	국회의원	정희용	건물	배우자	복합건물(주택+상가)	서울특별시 성동구 송정동 대지 152.00㎡ 중 76.00㎡ 건물159.14㎡ 중 79.62㎡	489053	17418		0		506471	가액변동
202603	4695	PFG2137X	국회의원	국회	국회의원	정희용	건물	배우자	아파트(전세(임차)권)	서울특별시 광진구 광장동 현대아파트 건물 84.92㎡	150000	0		0		150000	변동없음
202603	4696	PFG2137X	국회의원	국회	국회의원	정희용	부동산에 관한 규정이 준용되는 권리와 자동차·건설기계·선박 및 항공기	배우자	자동차	2017년식 G80 배기량(3,342cc)	11501	0		1800		9701	가액변동
202603	4697	PFG2137X	국회의원	국회	국회의원	정희용	예금	본인		(주)KEB하나은행 113,084(31,093 증가),(주)카카오페이증권 34,057(31,325 증가), KB라이프생명보험 19,917(1,389 증가), 농협생명보험 5,786(477 증가), 농협은행 31,254(22,203 증가),미래에셋증권 14,111(8,016 감소), 삼성생명보험 19,625(1,829 증가), 삼성화재해상보험 7,958(436 증가), 새마을금고중앙회 47, 새마을금고중앙회 공제사업부 22,286(2,198 증가), 신한은행 40, 토스뱅크(주) 264(62감소)	185557	90950		8078		268429	급여 저축 및 생활비 지출 등
202603	4698	PFG2137X	국회의원	국회	국회의원	정희용	예금	배우자		(주)KB손해보험 50(50 증가), (주)KEB하나은행 5,689(154 감소), DB손해보험(주) 6,723(807 증가), KB라이프생명보험 45,600(2,400 감소), 국민은행 10,농협은행 71, 메트라이프생명보험 18,998(18,998 증가),미래에셋생명보험 5,544, 신한라이프생명보험 112(112 증가), 신한은행 22,214(8,214 증가), 신한투자증권 27,901(19,171 증가)	88114	51198		6400		132912	급여 저축 및 생활비 지출 등
202603	4699	PFG2137X	국회의원	국회	국회의원	정희용	예금	장남		(주)KEB하나은행 6,400(600 증가), 스탠다드차타드은행 0(518 감소), 신한은행 129(4 감소), 신한투자증권 926(926 증가), 토스뱅크(주) 340(289 증가)	6502	1815		522		7795	급여 저축 및 생활비 지출 등
202603	4700	PFG2137X	국회의원	국회	국회의원	정희용	예금	장녀		스탠다드차타드은행 0(208 감소), 신한은행 433(168증가), 신한투자증권 1,121(1,121 증가), 우리은행 20,토스뱅크(주) 145(145 증가)	493	1434		208		1719	급여 저축 및 생활비 지출 등
202603	4701	PFG2137X	국회의원	국회	국회의원	정희용	정치자금법에 따른 정치자금의 수입 및 지출을 위한 예금계좌의 예금	본인		농협은행 309,271(25,960 증가)	283311	25960		0		309271	정치자금계좌잔액변동
202603	4702	PFG2137X	국회의원	국회	국회의원	정희용	증권	배우자	상장주식	INVESCOQQQTRUSTUNITSER1 0주(10주 감소), 로블록스0주(4주 감소), 테슬라 0주(3주 감소)	9635	0		9635		0	매도
202603	4703	PFG2137X	국회의원	국회	국회의원	정희용	채무	본인		사인간채무	450000	0		0		450000	변동없음
202603	4704	PFG2137X	국회의원	국회	국회의원	정희용	채무	본인	금융채무	농협은행 150,000	150000	0		0		150000	변동없음
202603	4705	PFG2137X	국회의원	국회	국회의원	정희용	채무	본인	건물임대채무	서울특별시 성동구 송정동 임대보증금	51000	30000		30000		51000	임대인변경
202603	4706	PFG2137X	국회의원	국회	국회의원	정희용	채무	배우자	금융채무	(주)KEB하나은행 293,314(10,181 감소), 신한은행194,962(10,236 증가)	488221	10236		10181		488276	채무액변동
202603	4707	PFG2137X	국회의원	국회	국회의원	정희용	채무	배우자	건물임대채무	서울특별시 성동구 송정동 임대보증금	70000	0		0		70000	변동없음
202603	4708	5KV82250	국회의원	국회	국회의원	조경태	건물	본인	아파트(전세(임차)권)	부산광역시 사하구 다대동 현대아파트 건물 0.00㎡ (건물78.30㎡ 감소)	130000	0		130000		0	이사 (전출)
202603	4709	5KV82250	국회의원	국회	국회의원	조경태	건물	본인	사무실(전세(임차)권)	부산광역시 사하구 장림동 건물 132.00㎡	10000	0		0		10000	변동없음
202603	4710	5KV82250	국회의원	국회	국회의원	조경태	건물	본인	아파트(전세(임차)권)	부산광역시 사하구 다대동 삼환아파트 건물 56.76㎡ (건물56.76㎡ 증가)	0	125000		0		125000	이사 (전입)
202603	4711	5KV82250	국회의원	국회	국회의원	조경태	건물	배우자	아파트	서울특별시 강서구 염창동 강변코아루아파트 건물 84.77㎡	651000	38000		0		689000	가액변동
202603	4712	5KV82250	국회의원	국회	국회의원	조경태	건물	배우자	아파트(전세(임차)권)	부산광역시 금정구 장전동 금정산에스케이뷰아파트 건물59.97㎡	310000	0		0		310000	변동없음
202603	4713	5KV82250	국회의원	국회	국회의원	조경태	건물	모	다가구주택	부산광역시 사하구 신평동 대지 46.00㎡ 중 46.00㎡ 건물146.16㎡ 중 146.16㎡ (대지 지분면적 15.34㎡ 증가, 건물 지분면적 48.64㎡ 증가)	29800	15100		0		44900	직계비속에게 증여받음
202603	4714	5KV82250	국회의원	국회	국회의원	조경태	예금	본인		(주)KEB하나은행 915(118 증가), KB라이프생명보험 124,295(10,652 증가), 교보생명보험 6,257(2,503 증가),국민은행 4,881(296 증가), 농협생명보험 41,444(15,456 감소), 농협은행 1,419(770 감소), 삼성생명보험 120,506(3,345 감소), 신용협동조합중앙회 50	305769	16588		22590		299767	급여저축 및 생활비 지출 등
202603	4715	5KV82250	국회의원	국회	국회의원	조경태	예금	배우자		IBK연금보험주식회사 100,000, 교보생명보험 9,362(5,306 증가), 국민은행 98,959(14,959 증가), 농협중앙회 1,947(753 감소), 롯데손해보험 1,382(721 증가), 부산은행 173,256(15,701 증가), 삼성생명보험 174,515(482 증가), 신한라이프생명보험 13,300(665증가)	535640	125733		88652		572721	급여저축 및 생활비 지출 등
202603	4716	5KV82250	국회의원	국회	국회의원	조경태	예금	모		농협은행 586(281 증가)	305	281		0		586	급여저축 및 생활비 지출 등
202603	4717	5KV82250	국회의원	국회	국회의원	조경태	예금	장녀		교보생명보험 5,067(5,067 증가), 국민은행 15,348(6,655 증가), 삼성생명보험 1,440(1,440 증가), 중소기업은행 0(898 감소), 토스뱅크(주) 1,906(1,273 감소)	12770	22038		11047		23761	급여저축 및 생활비 지출 등
202603	4718	5KV82250	국회의원	국회	국회의원	조경태	정치자금법에 따른 정치자금의 수입 및 지출을 위한 예금계좌의 예금	본인		농협은행 17,722(48,744 감소)	66466	0		48744		17722	의정활동 지원 등
202603	4719	5KV82250	국회의원	국회	국회의원	조경태	채무	본인	금융채무	농협은행 29,000(18,000 감소)	47000	0		18000		29000	예금에서 일부상환
202603	4720	5KV82250	국회의원	국회	국회의원	조경태	채무	배우자		사인간채무	200000	0		0		200000	
202603	4721	8TU8443O	국회의원	국회	국회의원	조계원	토지	모	대지	전라남도 보성군 미력면 반룡리 310-1번지 24.00㎡	336	9		0		345	공시지가 변동
202603	4722	8TU8443O	국회의원	국회	국회의원	조계원	건물	본인	아파트	서울특별시 동대문구 답십리동 래미안위브 건물 121.94㎡중 60.97㎡	419000	41000		0		460000	가액변동
202603	4723	8TU8443O	국회의원	국회	국회의원	조계원	건물	본인	숙박시설(전세(임차)권)	전라남도 여수시 웅천동 웅천자이더스위트 건물 0.00㎡(건물 132.28㎡ 감소)	330000	0		330000		0	건물용도 변경 및 동호수 정정
202603	4724	8TU8443O	국회의원	국회	국회의원	조계원	건물	본인	오피스텔(전세(임차)권)	서울특별시 영등포구 당산동5가 데시앙루브오피스텔 건물26.24㎡	10000	0		0		10000	변동없음
202603	4725	8TU8443O	국회의원	국회	국회의원	조계원	건물	본인	오피스텔(전세(임차)권)	전라남도 여수시 웅천동 웅천자이더스위트 건물 132.28㎡(건물 132.28㎡ 증가)	0	346500		0		346500	건물용도 변경 및 동호수 정정,전세금 인상
202603	4726	8TU8443O	국회의원	국회	국회의원	조계원	건물	배우자	아파트	서울특별시 동대문구 답십리동 래미안위브 건물 121.94㎡중 60.97㎡	419000	41000		0		460000	가액변동
202603	4727	8TU8443O	국회의원	국회	국회의원	조계원	건물	배우자	숙박시설	전라남도 여수시 웅천동 웅천자이더스위트 건물 0.00㎡(건물 132.28㎡ 감소)	0	0		0	0	0	중복 신고했던 주소지 삭제
202603	4728	8TU8443O	국회의원	국회	국회의원	조계원	건물	모	아파트	전라남도 여수시 여서동 현대건설아파트 건물 0.00㎡(건물 146.74㎡ 감소)	0	0		0	0	0	주소지 정정
202603	4729	8TU8443O	국회의원	국회	국회의원	조계원	부동산에 관한 규정이 준용되는 권리와 자동차·건설기계·선박 및 항공기	본인	자동차	2012년식 그랜저 HG300 배기량(2,999cc)	4190	0		100		4090	가액변동
202603	4730	8TU8443O	국회의원	국회	국회의원	조계원	현금	배우자		현금 감소	15500	0		15500		0	소비 및 예금입금
202603	4731	8TU8443O	국회의원	국회	국회의원	조계원	예금	본인		IBK연금보험주식회사 40,800(4,420 증가), 농협은행 363,678(296,254 증가), 농협중앙회 0(10,005 감소),새마을금고중앙회 106(179,996 감소),신한라이프생명보험 9,936, 신한은행 16, 신한투자증권12, 우리은행 16, 중소기업은행 18,484(5,735 증가)	316640	365249		248841		433048	급여저축 및 생활비 지출 등
202603	4732	8TU8443O	국회의원	국회	국회의원	조계원	예금	배우자		국민은행 29,136(17,250 증가), 신한은행 20	11906	17250		0		29156	급여저축 및 생활비 지출 등
202603	4733	8TU8443O	국회의원	국회	국회의원	조계원	예금	모		농협중앙회 4, 신한은행 1,460(689 감소), 한국투자증권14, 한화생명보험주식회사 0(1,286 감소)	3453	111		2086		1478	급여저축 및 생활비 지출 등
202603	4734	8TU8443O	국회의원	국회	국회의원	조계원	정치자금법에 따른 정치자금의 수입 및 지출을 위한 예금계좌의 예금	본인		농협은행 278,052(181,729 증가)	96323	181729		0		278052	후원금 증가
202603	4735	8TU8443O	국회의원	국회	국회의원	조계원	채무	본인	건물임대채무	서울특별시 동대문구 답십리동 래미안위브 임대보증금증가	375000	18750		0		393750	가액변동
202603	4736	8TU8443O	국회의원	국회	국회의원	조계원	채무	배우자	건물임대채무	서울특별시 동대문구 답십리동 래미안위브 임대보증금증가	375000	18750		0		393750	가액변동
202603	4737	IWK63872	국회의원	국회	국회의원	조배숙	토지	본인	잡종지	경기도 가평군 상면 상동리 75-9번지 535.00㎡ 중 293.31㎡	15369	147		0		15516	공시지가 변동
202603	4738	IWK63872	국회의원	국회	국회의원	조배숙	건물	본인	오피스텔	서울특별시 마포구 노고산동 신촌르메이에르타운2 건물50.88㎡	119059	1424		0		120483	가액변동
202603	4739	IWK63872	국회의원	국회	국회의원	조배숙	건물	본인	아파트	서울특별시 서초구 서초동 아크로비스타 건물 138.96㎡	1715000	187000		0		1902000	가액변동
202603	4740	IWK63872	국회의원	국회	국회의원	조배숙	건물	본인	아파트	전북특별자치도 익산시 어양동 건물 84.93㎡	191000	0		17000		174000	가액변동
202603	4741	IWK63872	국회의원	국회	국회의원	조배숙	건물	본인	사무실(전세(임차)권)	전북특별자치도 익산시 어양동 6층 건물 111.60㎡	40000	0		0		40000	변동없음
202603	4742	IWK63872	국회의원	국회	국회의원	조배숙	부동산에 관한 규정이 준용되는 권리와 자동차·건설기계·선박 및 항공기	본인	자동차	2024년식 카니발 하이브리드 배기량(1,598cc)	52024	0		14994		37030	감가상각 반영
202603	4743	IWK63872	국회의원	국회	국회의원	조배숙	부동산에 관한 규정이 준용되는 권리와 자동차·건설기계·선박 및 항공기	본인	자동차	2024년식 G90 배기량(3,470cc)	129700	0		10390		119310	감가상각 반영
202603	4744	IWK63872	국회의원	국회	국회의원	조배숙	예금	본인		DB손해보험(주) 26,375, NH투자증권 104(1 증가),교보생명보험 31,765, 국민은행 7, 농협은행 23,161(5,675 증가), 농협중앙회 21,203(21,188 증가), 메리츠화재해상보험(보험) 10,196(1,541 증가), 미래에셋생명보험 0(46,026 감소), 신용협동조합중앙회 2,326, 신한라이프생명보험 50,000, 신한은행333,522(33,193 증가), 신한투자증권 2	483089	328335		312763		498661	급여저축, 이자증가, 연금소득, 자동차할부상환, 가계지출 등으로 인한 변동
202603	4745	IWK63872	국회의원	국회	국회의원	조배숙	정치자금법에 따른 정치자금의 수입 및 지출을 위한 예금계좌의 예금	본인		농협은행 15,599(5,167 증가)	10432	5167		0		15599	의정활동
202603	4746	IWK63872	국회의원	국회	국회의원	조배숙	증권	본인	상장주식	유화증권 5주	10	3		0		13	평가액 변동
202603	4747	IWK63872	국회의원	국회	국회의원	조배숙	채권	본인		사인간채권 감소	524600	0		20000		504600	일부채권 전액환수
202603	4748	IWK63872	국회의원	국회	국회의원	조배숙	채무	본인	금융채무	롯데카드 0(43,331 감소)	43331	0		43331		0	자동차할부금상환
202603	4749	IWK63872	국회의원	국회	국회의원	조배숙	채무	본인	건물임대채무	서울특별시 마포구 노고산동 신촌르메이에르타운2임대보증금	115000	0		0		115000	변동 없음
202603	4750	FYI20317	국회의원	국회	국회의원	조승래	토지	배우자	임야	충청남도 보령시 화산동 산 40번지 42,942.00㎡ 중8,588.40㎡	71627	601		0		72228	가액변동
202603	4751	FYI20317	국회의원	국회	국회의원	조승래	건물	본인	근린생활시설(전세(임차)권)	대전광역시 유성구 궁동 누드캐슬빌딩 건물 456.00㎡	100000	0		0		100000	변동없음
202603	4752	FYI20317	국회의원	국회	국회의원	조승래	건물	배우자	아파트	대전광역시 유성구 봉명동 호반베르디움아파트 건물0.00㎡ (건물 84.93㎡ 감소)	484000	0		484000	825000	0	매도
202603	4753	FYI20317	국회의원	국회	국회의원	조승래	건물	배우자	아파트	대전광역시 유성구 상대동 대전아이파크시티 2단지 건물104.66㎡ (건물 104.66㎡ 증가)	0	1147000	1147000	0		1147000	매입
202603	4754	FYI20317	국회의원	국회	국회의원	조승래	건물	부	연립주택(전세(임차)권)	대전광역시 서구 괴정동 건물 20.00㎡	20000	0		0		20000	변동없음
202603	4755	FYI20317	국회의원	국회	국회의원	조승래	건물	장녀	다가구주택(전세(임차)권)	서울특별시 종로구 명륜3가 건물 12.00㎡	5000	0		0		5000	변동없음
202603	4756	FYI20317	국회의원	국회	국회의원	조승래	부동산에 관한 규정이 준용되는 권리와 자동차·건설기계·선박 및 항공기	배우자	자동차	2024년식 제네시스 배기량(2,497cc)	53800	0		13980		39820	가액변동
202603	4757	FYI20317	국회의원	국회	국회의원	조승래	예금	본인		KB라이프생명보험 41,508(4,465 증가), MG손해보험(주) 0(4,220 감소), 국민은행 15,309(51,824 감소), 농협은행3,233(3,336 감소), 농협중앙회 7,119(21,375 감소),삼성화재해상보험 732(352 증가), 새마을금고중앙회 112(2 증가), 신용협동조합중앙회 117(4 증가), 예별손해보험 4,913(4,913 증가), 한화손해보험 34,364(2,687 증가)	175739	12423		80755		107407	급여저축 및 생활비, 주택자금 지출
202603	4758	FYI20317	국회의원	국회	국회의원	조승래	예금	배우자		DB손해보험(주) 450(2,521 감소), KB라이프생명보험 26,924(1,095 증가), 국민은행 4,306(51,983 감소),농협생명보험 20,952(15,277 감소), 농협은행 614(13,755 감소), 동양생명보험 4,726(298 증가), 메리츠화재해상보험(보험) 23,186(2,326 증가), 삼성화재해상보험 550(264 증가), 주식회사 카카오뱅크 208(795 감소), 한화생명보험주식회사 24,937(3,225증가), 현대해상화재보험 7,668(395 증가)	191249	10411		87139		114521	급여저축 및 생활비, 주택자금 지출
202603	4759	FYI20317	국회의원	국회	국회의원	조승래	예금	부		새마을금고중앙회 24,586(3,613 증가)	20973	3613		0		24586	급여저축 및 생활비, 주택자금 지출
202603	4760	FYI20317	국회의원	국회	국회의원	조승래	예금	장녀		국민은행 154(419 감소), 농협은행 4,350(1,200 증가),농협중앙회 110(9 감소), 우리은행 13,300(286 증가),주식회사 카카오뱅크 2,284(1,019 증가), 토스뱅크(주) 3	18124	15537		13460		20201	급여저축 및 생활비, 주택자금 지출
202603	4761	FYI20317	국회의원	국회	국회의원	조승래	정치자금법에 따른 정치자금의 수입 및 지출을 위한 예금계좌의 예금	본인		농협은행 129,184(73,883 증가)	55301	73883		0		129184	기부금증가
202603	4762	FYI20317	국회의원	국회	국회의원	조승래	채무	본인	금융채무	농협은행 100,000	100000	0		0		100000	변동없음
202603	4763	FYI20317	국회의원	국회	국회의원	조승래	채무	배우자	금융채무	삼성생명보험 168,976(168,976 증가), 현대카드(주)23,303(5,680 감소)	28983	168976		5680		192279	신규대출 및 자동차할부금 일부상환
202603	4764	ME83002L	국회의원	국회	국회의원	조승환	건물	본인	아파트	세종특별자치시 세종시 한솔동 첫마을아파트 건물102.78㎡	519000	0		2000		517000	가액변동
202603	4765	ME83002L	국회의원	국회	국회의원	조승환	건물	본인	오피스텔(전세(임차)권)	서울특별시 마포구 도화동 마포트라팰리스 건물 0.00㎡(건물 92.91㎡ 감소)	40000	0		40000		0	이사
202603	4766	ME83002L	국회의원	국회	국회의원	조승환	건물	본인	아파트(전세(임차)권)	부산광역시 영도구 동삼동 오션라이프 에일린의 뜰 1단지건물 84.93㎡	30000	0		0		30000	변동없음
202603	4767	ME83002L	국회의원	국회	국회의원	조승환	건물	본인	사무실(전세(임차)권)	부산광역시 영도구 대교동1가 대창빌딩 건물 155.40㎡	10000	0		0		10000	변동없음
202603	4768	ME83002L	국회의원	국회	국회의원	조승환	건물	본인	아파트(전세(임차)권)	서울특별시 마포구 도화동 마포 한화 오벨리스크 건물75.70㎡ (건물 75.70㎡ 증가)	0	150000		0		150000	이사
202603	4769	ME83002L	국회의원	국회	국회의원	조승환	부동산에 관한 규정이 준용되는 권리와 자동차·건설기계·선박 및 항공기	본인	자동차	2021년식 GV70 배기량(2,497cc) 감소	38300	0		38300	38090	0	매각
202603	4770	ME83002L	국회의원	국회	국회의원	조승환	예금	본인		KB라이프생명보험 33,695(2,272 증가), 농협은행 21,414(4,166 증가), 수협은행 28,244(21,729 증가),수협중앙회 309(1 증가), 신한라이프생명보험17,741(1,327 증가)	71908	32960		3465		101403	급여 저축, 자동차 매각 대금 등
202603	4771	ME83002L	국회의원	국회	국회의원	조승환	예금	모		농협은행 0(3,186 감소), 부산은행 0(677 감소), 신한은행0(4,583 감소), 우리은행 0(1,175 감소)	9621	0		9621		0	급여 저축, 자동차 매각 대금 등
202603	4772	ME83002L	국회의원	국회	국회의원	조승환	정치자금법에 따른 정치자금의 수입 및 지출을 위한 예금계좌의 예금	본인		농협은행 50,363(48,609 증가)	1754	48609		0		50363	후원금 증가
202603	4773	ME83002L	국회의원	국회	국회의원	조승환	채무	본인	건물임대채무	세종특별자치시 세종시 한솔동 첫마을아파트 임대보증금	40000	0		0		40000	변동없음
202603	4774	ME83002L	국회의원	국회	국회의원	조승환	보석류	배우자		다이아몬드 (1캐럿)	5000	0		0		5000	변동없음
202603	4775	ME83002L	국회의원	국회	국회의원	조승환	고지거부 및 등록제외사항	장남		고지거부	0	0		0		0	독립생계유지
202603	4776	ME83002L	국회의원	국회	국회의원	조승환	고지거부 및 등록제외사항	장녀		등록제외	0	0		0		0	혼인
202603	4777	MQU41854	국회의원	국회	국회의원	조은희	토지	본인	임야	경기도 양평군 개군면 내리 354번지 5,200.00㎡ 중231.11㎡	7003	185		0		7188	공시지가 반영
202603	4778	MQU41854	국회의원	국회	국회의원	조은희	토지	본인	임야	경기도 양평군 개군면 내리 353-1번지 13,762.00㎡ 중611.64㎡	18533	489		0		19022	공시지가 반영
202603	4779	MQU41854	국회의원	국회	국회의원	조은희	토지	본인	임야	경기도 양평군 개군면 내리 353-4번지 20.00㎡ 중 0.88㎡	28	1		0		29	공시지가 반영
202603	4780	MQU41854	국회의원	국회	국회의원	조은희	토지	배우자	대지	서울특별시 은평구 대조동 9-34번지 43.00㎡	216763	8987		0		225750	공시지가 반영
202603	4781	MQU41854	국회의원	국회	국회의원	조은희	건물	본인	근린생활시설(전세(임차)권)	서울특별시 서초구 잠원동 반포쇼핑타운 건물 853.44㎡ 중42.82㎡	10000	0		0		10000	변동없음
202603	4782	MQU41854	국회의원	국회	국회의원	조은희	건물	본인	공장	대구광역시 서구 이현동 대지 2,111.00㎡ 중 469.06㎡ 건물 1,554.67㎡ 중 345.45㎡ (대지 지분면적 469.06㎡ 증가,건물 지분면적 345.45㎡ 증가)	0	652109		0		652109	상속
202603	4783	MQU41854	국회의원	국회	국회의원	조은희	건물	본인	근린생활시설	대구광역시 서구 이현동 대지 710.00㎡ 중 157.76㎡ 건물532.54㎡ 중 118.33㎡ (대지 지분면적 157.76㎡ 증가, 건물 지분면적 118.33㎡ 증가)	0	285892		0		285892	상속
202603	4784	MQU41854	국회의원	국회	국회의원	조은희	건물	배우자	근린생활시설	서울특별시 용산구 원효로3가 대지 180.20㎡ 건물360.24㎡	2421531	0		264354		2157177	실거래가로 수정
202603	4785	MQU41854	국회의원	국회	국회의원	조은희	건물	배우자	아파트	서울특별시 은평구 대조동 주주베비 건물 0.00㎡ (건물 28.24㎡ 감소)	116000	0		116000		0	용도 반영하여 재신고
202603	4786	MQU41854	국회의원	국회	국회의원	조은희	건물	배우자	복합건물(주택+상가)	서울특별시 은평구 대조동 주주베비 지하1호 건물 0.00㎡(건물 44.51㎡ 감소)	132422	0		132422		0	용도 반영하여 재신고
202603	4787	MQU41854	국회의원	국회	국회의원	조은희	건물	배우자	복합건물(주택+ 상가)	서울특별시 은평구 대조동 주주베비 건물 0.00㎡ 중 0.00㎡ (건물 총면적 1,357.00㎡ 감소, 지분면적 27.01㎡ 감소)	193450	0		193450		0	용도 반영하여 재신고
202603	4788	MQU41854	국회의원	국회	국회의원	조은희	건물	배우자	복합건물(주택+ 상가)	서울특별시 은평구 대조동 주주베비 건물 0.00㎡ 중 0.00㎡ (건물 총면적 1,357.00㎡ 감소, 지분면적 52.38㎡ 감소)	174269	0		174269		0	용도 반영하여 재신고
202603	4789	MQU41854	국회의원	국회	국회의원	조은희	건물	배우자	복합건물(주택+ 상가)	서울특별시 은평구 대조동 주주베비 건물 0.00㎡ 중 0.00㎡ (건물 총면적 1,357.00㎡ 감소, 지분면적 13.53㎡ 감소)	45010	0		45010		0	용도 반영하여 재신고
202603	4790	MQU41854	국회의원	국회	국회의원	조은희	건물	배우자	복합건물(주택+ 상가)	서울특별시 은평구 대조동 주주베비 건물 0.00㎡ 중 0.00㎡ (건물 총면적 1,357.00㎡ 감소, 지분면적 44.98㎡ 감소)	147019	0		147019		0	용도 반영하여 재신고
202603	4791	MQU41854	국회의원	국회	국회의원	조은희	건물	배우자	복합건물(주택+ 상가)	서울특별시 은평구 대조동 주주베비 건물 0.00㎡ 중 0.00㎡ (건물 총면적 1,357.00㎡ 감소, 지분면적 51.92㎡ 감소)	169699	0		169699		0	용도 반영하여 재신고
202603	4792	MQU41854	국회의원	국회	국회의원	조은희	건물	배우자	복합건물(주택+ 상가)	서울특별시 은평구 대조동 주주베비 건물 0.00㎡ 중 0.00㎡ (건물 총면적 1,357.00㎡ 감소, 지분면적 44.98㎡ 감소)	147019	0		147019		0	용도 반영하여 재신고
202603	4793	MQU41854	국회의원	국회	국회의원	조은희	건물	배우자	복합건물(주택+ 상가)	서울특별시 은평구 대조동 주주베비 건물 0.00㎡ 중 0.00㎡ (건물 총면적 1,357.00㎡ 감소, 지분면적 51.92㎡ 감소)	169699	0		169699		0	용도 반영하여 재신고
202603	4794	MQU41854	국회의원	국회	국회의원	조은희	건물	배우자	아파트(전세(임차)권)	서울특별시 서초구 방배동 방배빌라트 건물 242.31㎡ 중121.16㎡	580000	0		0		580000	변동없음
202603	4795	MQU41854	국회의원	국회	국회의원	조은희	건물	배우자	아파트	서울특별시 서초구 방배동 방배빌라트 건물 242.31㎡ 중121.16㎡	749030	36970		0		786000	공시가격 반영
202603	4796	MQU41854	국회의원	국회	국회의원	조은희	건물	배우자	다세대주택	서울특별시 은평구 대조동 주주베B 대지 9.88㎡ 건물28.24㎡ (대지 9.88㎡ 증가, 건물 28.24㎡ 증가)	0	117000		0		117000	용도 반영하여 재신고
202603	4797	MQU41854	국회의원	국회	국회의원	조은희	건물	배우자	상가	서울특별시 은평구 대조동 주주베B 대지 18.17㎡ 건물51.92㎡ (대지 18.17㎡ 증가, 건물 51.92㎡ 증가)	0	173136		0		173136	용도 반영하여 재신고
202603	4798	MQU41854	국회의원	국회	국회의원	조은희	건물	배우자	상가	서울특별시 은평구 대조동 주주베B 대지 15.57㎡ 건물44.51㎡ (대지 15.57㎡ 증가, 건물 44.51㎡ 증가)	0	135428		0		135428	용도 반영하여 재신고
202603	4799	MQU41854	국회의원	국회	국회의원	조은희	건물	배우자	상가	서울특별시 은평구 대조동 주주베B 대지 18.11㎡ 건물51.77㎡ (대지 18.11㎡ 증가, 건물 51.77㎡ 증가)	0	196816		0		196816	용도, 면적 반영하여 재신고
202603	4800	MQU41854	국회의원	국회	국회의원	조은희	건물	배우자	상가	서울특별시 은평구 대조동 주주베B 대지 18.33㎡ 건물52.38㎡ (대지 18.33㎡ 증가, 건물 52.38㎡ 증가)	0	177723		0		177723	용도 반영하여 재신고
202603	4801	MQU41854	국회의원	국회	국회의원	조은희	건물	배우자	상가	서울특별시 은평구 대조동 주주베B 대지 4.73㎡ 건물13.53㎡ (대지 4.73㎡ 증가, 건물 13.53㎡ 증가)	0	45902		0		45902	용도 반영하여 재신고
202603	4802	MQU41854	국회의원	국회	국회의원	조은희	건물	배우자	상가	서울특별시 은평구 대조동 주주베B 대지 15.74㎡ 건물44.98㎡ (대지 15.74㎡ 증가, 건물 44.98㎡ 증가)	0	149997		0		149997	용도 반영하여 재신고
202603	4803	MQU41854	국회의원	국회	국회의원	조은희	건물	배우자	상가	서울특별시 은평구 대조동 주주베B 대지 18.17㎡ 건물51.92㎡ (대지 18.17㎡ 증가, 건물 51.92㎡ 증가)	0	173136		0		173136	용도 반영하여 재신고
202603	4804	MQU41854	국회의원	국회	국회의원	조은희	건물	배우자	상가	서울특별시 은평구 대조동 주주베B 대지 15.74㎡ 건물44.98㎡ (대지 15.74㎡ 증가, 건물 44.98㎡ 증가)	0	149997		0		149997	용도 반영하여 재신고
202603	4805	MQU41854	국회의원	국회	국회의원	조은희	부동산에 관한 규정이 준용되는 권리와 자동차·건설기계·선박 및 항공기	배우자	자동차	2021년식 GV70 배기량(2,497cc)	32920	0		1910		31010	가액변동
202603	4806	MQU41854	국회의원	국회	국회의원	조은희	예금	본인		(주)카카오페이증권 0(469 감소), 농협은행 14,717(3,733감소), 삼성증권 29,052(28,954 증가), 신한은행 0(3,400감소), 우리은행 6,787(5 감소), 우체국 40,000(24,000 증가), 주식회사 카카오뱅크 137(137 증가)	45209	53770		8286		90693	급여 저축 및 생활비 지출 등
202603	4807	MQU41854	국회의원	국회	국회의원	조은희	예금	배우자		(주)KEB하나은행 21,896(1,497 증가), DB손해보험(주) 15,169(1,890 증가), 국민은행 33,333(3,502 증가),메리츠종금증권 40, 부국증권 7, 삼성증권 21,272(67증가), 우리은행 1,588(6,875 감소), 유안타증권 56,처브라이프생명 177,108, 현대해상화재보험 0(12,000 감소)	282388	12560		24479		270469	급여 저축 및 생활비 지출 등
202603	4808	MQU41854	국회의원	국회	국회의원	조은희	정치자금법에 따른 정치자금의 수입 및 지출을 위한 예금계좌의 예금	본인		농협은행 87,154(104,650 감소)	191804	0		104650		87154	의정활동 지출
202603	4809	MQU41854	국회의원	국회	국회의원	조은희	증권	배우자	비상장주식	인더케그 22,387주	11193	0		9425		1768	평가액 변동(파산절차중)
202603	4810	MQU41854	국회의원	국회	국회의원	조은희	채권	본인		사인간채권	100000	0		0		100000	변동없음
202603	4811	MQU41854	국회의원	국회	국회의원	조은희	채권	배우자		사인간채권 감소	600000	0		200000		400000	일부 환수 포기
202603	4812	MQU41854	국회의원	국회	국회의원	조은희	채무	본인	금융채무	신한은행 33,265(27,807 감소)	61072	0		27807		33265	일부 상환
202603	4813	MQU41854	국회의원	국회	국회의원	조은희	채무	본인	건물임대채무	대구광역시 서구 이현동 임대보증금 증가	0	18888		0		18888	보증금(상속승계)
202603	4814	MQU41854	국회의원	국회	국회의원	조은희	채무	배우자	금융채무	(주)KEB하나은행 1,400,000, 신한은행 31,965(11,066증가)	1420899	11066		0		1431965	생활비 등 지출
202603	4815	MQU41854	국회의원	국회	국회의원	조은희	채무	배우자	건물임대채무	서울특별시 용산구 원효로3가 임대보증금 증가	50000	20000		0		70000	신규 임대 계약
202603	4816	MQU41854	국회의원	국회	국회의원	조은희	채무	배우자	건물임대채무	서울특별시 은평구 대조동 임대보증금	500000	0		0		500000	변동없음
202603	4817	MQU41854	국회의원	국회	국회의원	조은희	채무	배우자	건물임대채무	서울특별시 은평구 대조동 주주베비 임대보증금	150000	150000		150000		150000	임대 계약만료 및 신규계약
202603	4818	MQU41854	국회의원	국회	국회의원	조은희	채무	배우자	건물임대채무	서울특별시 은평구 대조동 주주베비 지하1호 임대보증금	8000	0		0		8000	변동없음
202603	4819	MQU41854	국회의원	국회	국회의원	조은희	골동품 및 예술품	본인		회화 (추상화, 90.9*65.2Cm, 박서보, 2000년)	15000	0		0		15000	변동없음
202603	4820	MQU41854	국회의원	국회	국회의원	조은희	합명·합자·유한회사 출자지분	배우자	출자	법무법인(유한)클라스한결, 출자가액: 0천원(200,000천원 감소), 지분비율: 0%(3.66% 감소),연간매출액: 38,521,857천원	200000	0		200000		0	자본금 변동 반영
202603	4821	MQU41854	국회의원	국회	국회의원	조은희	합명·합자·유한회사 출자지분	배우자	출자	법무법인(유한)클라스한결, 출자가액: 200,000천원(200,000천원 증가), 지분비율: 3.85%(3.85%증가), 연간매출액: 30,394,558천원(30,394,558천원증가)	0	200000		0		200000	자본금 변동 반영
202603	4822	MQU41854	국회의원	국회	국회의원	조은희	고지거부 및 등록제외사항	부		등록제외	0	0		0		0	사망
202603	4823	MQU41854	국회의원	국회	국회의원	조은희	고지거부 및 등록제외사항	모		고지거부	0	0		0		0	독립생계유지
202603	4824	MQU41854	국회의원	국회	국회의원	조은희	고지거부 및 등록제외사항	장남		고지거부	0	0		0		0	독립생계유지
202603	4825	ZKB18611	국회의원	국회	국회의원	조인철	건물	본인	아파트	세종특별자치시 반곡동 수루배마을1단지 건물 96.79㎡ 중19.36㎡ (건물 지분면적0.36㎡ 증가)	111303	0		303		111000	공시가격 반영
202603	4826	ZKB18611	국회의원	국회	국회의원	조인철	건물	본인	사무실(전세(임차)권)	광주광역시 서구 농성동 2층 건물 572.35㎡ 중 148.41㎡	20000	0		0		20000	
202603	4827	ZKB18611	국회의원	국회	국회의원	조인철	건물	본인	아파트(전세(임차)권)	광주광역시 서구 치평동 금호대우아파트 건물 59.94㎡	155000	0		0		155000	
202603	4828	ZKB18611	국회의원	국회	국회의원	조인철	건물	본인	오피스텔(전세(임차)권)	서울특별시 영등포구 여의도동 여의도 현대마에스트로오피스텔 건물 47.31㎡ (건물 47.31㎡ 증가)	0	50000		0		50000	신규 계약 체결
202603	4829	ZKB18611	국회의원	국회	국회의원	조인철	건물	배우자	아파트	세종특별자치시 반곡동 수루배마을1단지 건물 97.00㎡ 중78.00㎡	456927	0		12927		444000	공시가격 반영
202603	4830	ZKB18611	국회의원	국회	국회의원	조인철	건물	배우자	아파트(전세(임차)권)	서울특별시 동작구 흑석동 흑석자이아파트 건물 0.00㎡(건물 84.96㎡ 감소)	480000	0		480000		0	계약 만료
202603	4831	ZKB18611	국회의원	국회	국회의원	조인철	건물	배우자	오피스텔(전세(임차)권)	광주광역시 서구 치평동 삼성리더스빌 건물 113.03㎡	20000	0		0		20000	
202603	4832	ZKB18611	국회의원	국회	국회의원	조인철	건물	배우자	아파트(전세(임차)권)	서울특별시 동작구 흑석동 흑석자이아파트 건물 59.76㎡(건물 59.76㎡ 증가)	0	600000		0		600000	신규계약 체결
202603	4833	ZKB18611	국회의원	국회	국회의원	조인철	부동산에 관한 규정이 준용되는 권리와 자동차·건설기계·선박 및 항공기	배우자	자동차	2012년식 제네시스 3.3 배기량(3,342cc)	7160	0		0		7160	
202603	4834	ZKB18611	국회의원	국회	국회의원	조인철	부동산에 관한 규정이 준용되는 권리와 자동차·건설기계·선박 및 항공기	배우자	자동차	2022년식 GV80 3.5 가솔린 터보 배기량(3,470cc)	5636	0		0		5636	
202603	4835	ZKB18611	국회의원	국회	국회의원	조인철	예금	본인		광주은행 317(95 증가), 국민은행 129,240(3,512 감소), 새마을금고중앙회 617(5 증가), 신용협동조합중앙회 373(10 증가), 신한라이프생명보험 54,830(379 증가),주식회사 카카오뱅크 0(47 감소), 한양증권 11	188458	45030		48100		185388	본인 연금적립액 및 배우자 주식 매도로 인한 예수금 증액 등
202603	4836	ZKB18611	국회의원	국회	국회의원	조인철	예금	배우자		AIA생명보험주식회사 6,480(108 증가), KB라이프생명보험 36,001, 광주은행 20(3,558 감소), 국민은행114,063(59,576 증가), 삼성생명보험 58,040(986 증가),새마을금고중앙회 101(1 증가), 신한라이프생명보험 35,733(1,473 증가), 주식회사 카카오뱅크 0(10,032 감소), 키움증권 130,271(8,916 증가)	323239	77692		20222		380709	본인 연금적립액 및 배우자 주식 매도로 인한 예수금 증액 등
202603	4837	ZKB18611	국회의원	국회	국회의원	조인철	정치자금법에 따른 정치자금의 수입 및 지출을 위한 예금계좌의 예금	본인		농협은행 22,673(175 감소)	22848	0		175		22673	후원금 변동
202603	4838	ZKB18611	국회의원	국회	국회의원	조인철	증권	배우자	상장주식	ALPHABETINC 26주(26주 증가), AMAZONCOMINC 0주(30주 감소), APPLEINC 0주(30주 감소), ARCHERAVIATIONINC 0주(20주 감소), ARMHOLDINGSPLCSPONADSEACHREP1ORD0주(50주 감소), BROADCOMINC 23주(22주 감소), CENTRUSENERGYCORP 28주(28주 증가), EATONCORPORATIONPLC 26주(26주 증가), IONQINC 0주(15주 감소), JOBYAVIATIONINC 0주(40주 감소),KB금융지주보통주 0주(90주 감소), LIG넥스원보통주 0주(10주 감소), METAPLATFORMSINC 26주(6주 증가), MICROSOFTCORP 25주, MPMATERIALSCORP 126주(126주 증가), NUSCALEPOWERCORPORATION 0주(35주 감소), NVIDIACORP 135주(40주 증가), PALANTIRTECHINC100주(15주 증가), SMIC 1,500주(1,500주 증가), SPOTIFYTECHNOLOGYS.A. 6주(1주 증가), TAIWANSEMICONDUCTORMANUFACTURINGSPON 23주(62주 감소), TEMPUSAIINC 0주(5주 감소), TESLAINC 11주(29주 감소), XPENG-W 300주(300주 증가),한화에어로스페이스보통주 1주(1주 증가)	170255	111951		77513		204693	가액 변동, 주식 매각 등
202603	4839	ZKB18611	국회의원	국회	국회의원	조인철	증권	배우자	비상장주식	글로벌아이디씨 62,500주	0	0		0		0	가액 변동, 주식 매각 등
202603	4840	ZKB18611	국회의원	국회	국회의원	조인철	채무	본인	건물임대채무	세종특별자치시 반곡동 수루배마을1단지 임대보증금	44000	0		0		44000	
202603	4841	ZKB18611	국회의원	국회	국회의원	조인철	채무	배우자	건물임대채무	세종특별자치시 반곡동 수루배마을1단지 임대보증금	176000	0		0		176000	
202603	4842	ZKB18611	국회의원	국회	국회의원	조인철	고지거부 및 등록제외사항	부		고지거부	0	0		0		0	독립생계유지
202603	4843	ZKB18611	국회의원	국회	국회의원	조인철	고지거부 및 등록제외사항	모		고지거부	0	0		0		0	독립생계유지
202603	4844	ZKB18611	국회의원	국회	국회의원	조인철	고지거부 및 등록제외사항	차녀		등록제외	262325	0		262325		0	혼인
202603	4845	IN328264	국회의원	국회	국회의원	조정식	건물	본인	상가(전세(임차)권)	경기도 시흥시 정왕동 서영베니스스퀘어 대지 1,153.00㎡중 0.00㎡ 건물 97.32㎡	20000	0		0		20000	변동없음
202603	4846	IN328264	국회의원	국회	국회의원	조정식	건물	본인	아파트(전세(임차)권)	경기도 시흥시 정왕동 세종1차아파트 건물 119.64㎡	300000	0		0		300000	변동없음
202603	4847	IN328264	국회의원	국회	국회의원	조정식	건물	배우자	아파트	경기도 시흥시 정왕동 배곧신도시 SK뷰 건물 84.50㎡	405000	0		0		405000	변동없음
202603	4848	IN328264	국회의원	국회	국회의원	조정식	건물	장남	아파트(전세(임차)권)	대전광역시 유성구 어은동 한빛아파트 건물 54.48㎡	220000	0		0		220000	변동없음
202603	4849	IN328264	국회의원	국회	국회의원	조정식	부동산에 관한 규정이 준용되는 권리와 자동차·건설기계·선박 및 항공기	배우자	자동차	2024년식 그랜저 하이브리드 배기량(1,598cc)	49840	0		9000		40840	가액변동
202603	4850	IN328264	국회의원	국회	국회의원	조정식	부동산에 관한 규정이 준용되는 권리와 자동차·건설기계·선박 및 항공기	장남	자동차	2015년식 civic 배기량(1,598cc) 감소	23923	0		23923	13585	0	매도
202603	4851	IN328264	국회의원	국회	국회의원	조정식	예금	본인		KB라이프생명보험 35,344, 교보생명보험 7,238, 농협은행13,208(6,567 증가), 미래에셋증권 1, 삼성화재해상보험0(720 감소), 신용협동조합중앙회 359(2 증가), 신한은행1, 주식회사 카카오뱅크 10(10 감소)	50322	7283		1444		56161	급여 저축 등
202603	4852	IN328264	국회의원	국회	국회의원	조정식	예금	배우자		(주)KB손해보험 892(600 증가), IBK연금보험주식회사 50,000, KB라이프생명보험 10,800, 교보생명보험5,116(884 감소), 국민은행 6,725(4,874 감소), 농협은행143(99 감소), 농협중앙회 25,000(25,000 감소),메리츠화재해상보험(보험) 11,858(1,212 증가),미래에셋증권 1, 삼성생명보험 17,089(7,742 감소),새마을금고중앙회 141(136,400 감소),스탠다드차타드은행 9, 신용협동조합중앙회 401(6 증가), 신용협동조합중앙회 신용공제사업부 0(24,600 감소), 신한은행 15, 우리은행 2,214(754 증가), 주식회사 카카오뱅크 15,016(15,016 증가), 한국투자증권 214,052(214,043 증가), 한화손해보험 7,775(663 증가),현대해상화재보험 12,356(1,623 증가), 흥국생명보험9,924	355209	258917		224599		389527	급여 저축 등
202603	4853	IN328264	국회의원	국회	국회의원	조정식	예금	장남		(주)카카오페이증권 638(139 증가), AIA생명보험주식회사 8,877(801 증가), Bank of America 0(3,431 감소), KB증권5, TravelWallet 261(2,640 감소), 농협생명보험 30,000,우리은행 34,158(6,788 증가), 주식회사 카카오뱅크 288(1 증가), 한국투자증권 69(6,448 감소)	79086	8452		13242		74296	급여 저축 등
202603	4854	IN328264	국회의원	국회	국회의원	조정식	정치자금법에 따른 정치자금의 수입 및 지출을 위한 예금계좌의 예금	본인		농협은행 98,072(64,862 증가)	33210	64862		0		98072	후원금 증가
202603	4855	IN328264	국회의원	국회	국회의원	조정식	채무	본인	금융채무	농협은행 8,435(361 감소)	8796	0		361		8435	급여로 일부상환
202603	4856	IN328264	국회의원	국회	국회의원	조정식	채무	장남	금융채무	우리은행 0(30,000 감소)	30000	0		30000		0	증여로 상환
202603	4857	IN328264	국회의원	국회	국회의원	조정식	고지거부 및 등록제외사항	부		고지거부	0	0		0		0	독립생계유지
202603	4858	IN328264	국회의원	국회	국회의원	조정식	고지거부 및 등록제외사항	모		고지거부	0	0		0		0	독립생계유지
202603	4859	WJL30106	국회의원	국회	국회의원	조정훈	건물	본인	오피스텔	서울특별시 용산구 문배동 용산케이씨씨웰츠타워 대지4.34㎡ 중 2.17㎡ 건물 27.55㎡ 중 13.75㎡	130050	0		0		130050	가액변동 없음
202603	4860	WJL30106	국회의원	국회	국회의원	조정훈	건물	본인	아파트	서울특별시 동작구 사당동 이수역리가아파트 건물 84.96㎡중 42.48㎡	690000	0		0		690000	가액변동 없음
202603	4861	WJL30106	국회의원	국회	국회의원	조정훈	건물	본인	아파트(전세(임차)권)	서울특별시 마포구 도화동 삼성아파트 건물 136.65㎡ 중68.32㎡	400000	0		0		400000	변동 없음
202603	4862	WJL30106	국회의원	국회	국회의원	조정훈	건물	배우자	오피스텔	서울특별시 용산구 문배동 용산케이씨씨웰츠타워 대지4.34㎡ 중 2.17㎡ 건물 27.55㎡ 중 13.75㎡	130050	0		0		130050	가액변동 없음
202603	4863	WJL30106	국회의원	국회	국회의원	조정훈	건물	배우자	아파트	서울특별시 동작구 사당동 이수역리가아파트 건물 84.96㎡중 42.48㎡	690000	0		0		690000	가액변동 없음
202603	4864	WJL30106	국회의원	국회	국회의원	조정훈	건물	배우자	아파트(전세(임차)권)	서울특별시 마포구 도화동 삼성아파트 건물 136.65㎡ 중68.32㎡	400000	0		0		400000	변동 없음
202603	4865	WJL30106	국회의원	국회	국회의원	조정훈	부동산에 관한 규정이 준용되는 권리와 자동차·건설기계·선박 및 항공기	본인	자동차	2012년식 파사트 배기량(1,797cc)	4590	0		640		3950	가액변동
202603	4866	WJL30106	국회의원	국회	국회의원	조정훈	예금	본인		농협은행 10(10 증가), 스탠다드차타드은행 77,037(28,582 증가), 신한은행 10,822(2,665 감소),신한투자증권 8,998(8,998 증가)	61942	39008		4083		96867	급여저축, 생활비 및 자녀 학비 지출 등
202603	4867	WJL30106	국회의원	국회	국회의원	조정훈	예금	배우자		(주)KEB하나은행 6,825(34,345 감소), DB손해보험(주) 75(75 증가), 농협은행 18, 동양생명보험 1,387,새마을금고중앙회 8, 신한은행 17,692(17,692 증가),신한투자증권 6,000(6,000 증가),에이스아메리칸화재해상보험 2,936(330 증가)	45189	24097		34345		34941	급여저축, 생활비 및 자녀 학비 지출 등
202603	4868	WJL30106	국회의원	국회	국회의원	조정훈	예금	장녀		(주)KEB하나은행 4,909(2,628 증가), 신한은행 10,우리은행 21(21 증가), 하나증권 31(2 증가)	2320	3863		1212		4971	급여저축, 생활비 및 자녀 학비 지출 등
202603	4869	WJL30106	국회의원	국회	국회의원	조정훈	예금	차녀		(주)KEB하나은행 2,010, 신한은행 50	2060	0		0		2060	급여저축, 생활비 및 자녀 학비 지출 등
202603	4870	WJL30106	국회의원	국회	국회의원	조정훈	정치자금법에 따른 정치자금의 수입 및 지출을 위한 예금계좌의 예금	본인		농협은행 6,368(24,435 감소)	30803	0		24435		6368	의정활동 지출
202603	4871	WJL30106	국회의원	국회	국회의원	조정훈	증권	본인	상장주식	OCI 40주, 대성창투 1,050주(1,050주 증가), 대성홀딩스 223주(223주 증가), 영진약품 3,082주(397주 증가)	7685	5995		0		13680	평가액 변동 및 신규 매수
202603	4872	WJL30106	국회의원	국회	국회의원	조정훈	증권	본인	비상장주식	엘피스셀테라퓨틱스 6,000주	12408	0		3648		8760	평가액 변동 및 신규 매수
202603	4873	WJL30106	국회의원	국회	국회의원	조정훈	증권	장녀	상장주식	삼성전자 1주	53	119		53		119	평가액 변동 및 신규 매수
202603	4874	WJL30106	국회의원	국회	국회의원	조정훈	채무	본인	금융채무	스탠다드차타드은행 31,311(38,210 감소), 신한은행136,000(54,000 감소)	259521	0		92210		167311	일부 상환
202603	4875	WJL30106	국회의원	국회	국회의원	조정훈	채무	본인	건물임대채무	서울특별시 용산구 문배동 용산케이씨씨웰츠타워임대보증금 감소	220000	115000		220000		115000	건물 임대 채무 변경
202603	4876	WJL30106	국회의원	국회	국회의원	조정훈	채무	본인	건물임대채무	서울특별시 동작구 사당동 이수역리가아파트 임대보증금	770000	0		0		770000	변동없음
202603	4877	WJL30106	국회의원	국회	국회의원	조정훈	채무	배우자	건물임대채무	서울특별시 용산구 문배동 용산케이씨씨웰츠타워임대보증금 증가	0	115000		0		115000	건물 임대 채무 변경
202603	4878	WJL30106	국회의원	국회	국회의원	조정훈	합명·합자·유한회사 출자지분	본인	출자	TP-바이오 제1호 사모투자 조합, 출자가액: 10,000천원,지분비율: 0.384%, 연간매출액: 10천원	10000	0		0		10000	변동없음
202603	4879	WJL30106	국회의원	국회	국회의원	조정훈	고지거부 및 등록제외사항	부		고지거부	0	0		0		0	독립생계유지
202603	4880	WJL30106	국회의원	국회	국회의원	조정훈	고지거부 및 등록제외사항	모		고지거부	0	0		0		0	독립생계유지
202603	4881	3NI5978A	국회의원	국회	국회의원	조지연	건물	본인	아파트	세종특별자치시 나성동 나릿재마을2단지 건물 84.97㎡	597000	0		3000		594000	가액변동
202603	4882	3NI5978A	국회의원	국회	국회의원	조지연	건물	본인	사무실(전세(임차)권)	경상북도 경산시 중산동 건물 193.55㎡	30000	0		0		30000	변동없음
202603	4883	3NI5978A	국회의원	국회	국회의원	조지연	건물	본인	오피스텔(전세(임차)권)	서울특별시 마포구 공덕동 아르떼 제나우스 건물 27.90㎡	20000	0		0		20000	변동없음
202603	4884	3NI5978A	국회의원	국회	국회의원	조지연	예금	본인		(주)KEB하나은행 96, DB손해보험(주) 23,424(1,313증가), NH투자증권 5,308(5,308 증가), 국민은행 29,농협은행 12,499(7,327 감소), 농협중앙회 0(686 감소),씨티은행 1, 주식회사 카카오뱅크 6, 현대해상화재보험900(900 증가)	42755	10521		11013		42263	급여 저축 및 생활비 지출 등
202603	4885	3NI5978A	국회의원	국회	국회의원	조지연	정치자금법에 따른 정치자금의 수입 및 지출을 위한 예금계좌의 예금	본인		농협은행 133(12,519 감소)	12652	0		12519		133	의정활동 지출
202603	4886	3NI5978A	국회의원	국회	국회의원	조지연	채무	본인		사인간채무	79000	0		0		79000	변동없음
202603	4887	3NI5978A	국회의원	국회	국회의원	조지연	채무	본인	금융채무	농협은행 74,993(2,581 증가)	72412	2581		0		74993	채무증가
202603	4888	3NI5978A	국회의원	국회	국회의원	조지연	채무	본인	건물임대채무	세종특별자치시 나성동 나릿재마을2단지 임대보증금	330000	330000		330000		330000	계약변경
202603	4889	3NI5978A	국회의원	국회	국회의원	조지연	채무	본인	기타	한국장학재단 감소	9504	0		6977		2527	일부상환
202603	4890	3NI5978A	국회의원	국회	국회의원	조지연	고지거부 및 등록제외사항	부		고지거부	0	0		0		0	독립생계유지
202603	4891	3NI5978A	국회의원	국회	국회의원	조지연	고지거부 및 등록제외사항	모		고지거부	0	0		0		0	독립생계유지
202603	4892	GJK57930	국회의원	국회	국회의원	주진우	토지	본인	임야	경상남도 사천시 사천읍 두량리 16번지 383.00㎡	980	0		0		980	가액변동 없음
202603	4893	GJK57930	국회의원	국회	국회의원	주진우	토지	본인	임야	경상남도 사천시 사천읍 두량리 17번지 201.00㎡	285	4		0		289	가액변동
202603	4894	GJK57930	국회의원	국회	국회의원	주진우	토지	본인	임야	경상남도 사천시 사천읍 두량리 1번지 592.00㎡	6571	119		0		6690	가액변동
202603	4895	GJK57930	국회의원	국회	국회의원	주진우	토지	본인	임야	경상남도 사천시 사천읍 두량리 2번지 245.00㎡	2720	49		0		2769	가액변동
202603	4896	GJK57930	국회의원	국회	국회의원	주진우	토지	본인	임야	경상남도 사천시 사천읍 두량리 3번지 172.00㎡	316	4		0		320	가액변동
202603	4897	GJK57930	국회의원	국회	국회의원	주진우	토지	본인	임야	경상남도 사천시 사천읍 두량리 산 48-1번지 95,207.00㎡	128529	953		0		129482	가액변동
202603	4898	GJK57930	국회의원	국회	국회의원	주진우	토지	본인	임야	경상남도 사천시 사천읍 두량리 산 48-2번지 23,802.00㎡	32609	238		0		32847	가액변동
202603	4899	GJK57930	국회의원	국회	국회의원	주진우	토지	본인	임야	경상남도 사천시 사천읍 두량리 산 48-3번지 23,802.00㎡	32609	238		0		32847	가액변동
202603	4900	GJK57930	국회의원	국회	국회의원	주진우	토지	본인	임야	경상남도 진주시 정촌면 화개리 산 253-3번지 15,334.00㎡	106878	1227		0		108105	가액변동
202603	4901	GJK57930	국회의원	국회	국회의원	주진우	토지	본인	대지	울산광역시 남구 달동 1254-6번지 302.50㎡	1896600	0		0		1896600	가액변동 없음
202603	4902	GJK57930	국회의원	국회	국회의원	주진우	건물	본인	아파트(전세(임차)권)	서울특별시 강남구 압구정동 현대아파트 건물 155.52㎡ 중77.76㎡	700000	0		0		700000	변동 없음
202603	4903	GJK57930	국회의원	국회	국회의원	주진우	건물	본인	상가(전세(임차)권)	부산광역시 해운대구 좌동 세종월드프라자 건물 131.40㎡	50000	0		0		50000	변동 없음
202603	4904	GJK57930	국회의원	국회	국회의원	주진우	건물	배우자	상가	경기도 용인시 수지구 죽전동 수지구죽전동오피스텔주건축물 대지 1,320.00㎡ 건물108.88㎡ 중 54.44㎡	220000	0		0		220000	가액변동 없음
202603	4905	GJK57930	국회의원	국회	국회의원	주진우	건물	배우자	상가	경기도 용인시 수지구 죽전동 수지구죽전동오피스텔주건축물 대지 1,320.00㎡ 건물50.50㎡ 중 25.25㎡	102100	0		0		102100	가액변동 없음
202603	4906	GJK57930	국회의원	국회	국회의원	주진우	건물	배우자	아파트(전세(임차)권)	서울특별시 강남구 압구정동 현대아파트 건물 155.52㎡ 중77.06㎡	700000	0		0		700000	변동 없음
202603	4907	GJK57930	국회의원	국회	국회의원	주진우	부동산에 관한 규정이 준용되는 권리와 자동차·건설기계·선박 및 항공기	배우자	자동차	2021년식 GLE 배기량(2,999cc)	65880	0		6570		59310	가액변동
202603	4908	GJK57930	국회의원	국회	국회의원	주진우	부동산에 관한 규정이 준용되는 권리와 자동차·건설기계·선박 및 항공기	배우자	자동차	2024년식 GV70 배기량(2,500cc)	40760	460		0		41220	가액변동
202603	4909	GJK57930	국회의원	국회	국회의원	주진우	예금	본인		(주)KEB하나은행 8,436(23,977 감소), NH투자증권 724(17증가), 국민은행 6,977, 농협은행 2,640(1,231 증가),미래에셋생명보험 102,281, 미래에셋증권741,194(732,449 증가), 삼성생명보험 42,428,상호저축은행중앙회 208,145(74,827 증가), 신용협동조합중앙회 67,215(2,101 증가), 신한은행 92,268(64,153 감소), 하나증권 447	550260	907713		185218		1272755	자산 가액 변동 등
202603	4910	GJK57930	국회의원	국회	국회의원	주진우	예금	배우자		(주)KEB하나은행 89(48 감소), (주)카카오페이증권 1,693(1,693 증가), 농협중앙회 13,105(5 증가),메리츠화재해상보험(보험) 1,726(659 감소),미래에셋증권 4,412(2,972 증가), 삼성생명보험 10,800,상호저축은행중앙회 365,112(166,914 증가), 새마을금고중앙회 0(6,000 감소), 신용협동조합중앙회 30,119(8 증가), 신한라이프생명보험 9,500(1,200 증가),신한은행 120,297(226,660 감소), 아이엠증권 1,애큐온저축은행 45,000(1,132 감소), 중소기업은행 6,토스뱅크(주) 4,621(4,621 증가)	663567	353095		410181		606481	자산 가액 변동 등
202603	4911	GJK57930	국회의원	국회	국회의원	주진우	예금	장남		(주)DB저축은행 45,000, (주)KEB하나은행 840(177 증가), (주)대신저축은행 36,711(417 증가), (주)하나저축은행 46,046(2,026 감소), KB저축은행 45,190(190 증가),OSB저축은행 0(45,000 감소), SBI저축은행 47,169(4,318증가), 교보생명보험 60,000, 농협중앙회 0(15,000 감소), 상호저축은행중앙회 292,734(3,550 증가), 신한은행 84,736(61,495 증가), 신한저축은행 45,000,애큐온저축은행 57,124(16,197 증가), 중소기업은행 0(15 감소), 토스뱅크(주) 4,625(4,625 증가), 푸른저축은행 45,000(3,321 감소)	784568	382732		357125		810175	자산 가액 변동 등
202603	4912	GJK57930	국회의원	국회	국회의원	주진우	정치자금법에 따른 정치자금의 수입 및 지출을 위한 예금계좌의 예금	본인		농협은행 19,742(1,762 증가)	17980	1762		0		19742	후원금 변동
202603	4913	GJK57930	국회의원	국회	국회의원	주진우	증권	본인	상장주식	DB 41,891주(27,000주 감소), HD현대 760주(100주 감소),LG화학 30주(174주 감소), 디오 2,660주(1,211주 감소), 메디아나 25,639주(22,000주 감소), 삼성물산 241주(170주 감소), 에이스테크 0주(5,728주 감소), 제넥신 0주(1,154주 감소), 한국조선해양 1,029주(600주 감소), 현대건설기계 142주(200주 감소), 현대모비스 60주(175주 감소)	1003938	139995		136026		1007907	주식 가액 변동 등
202603	4914	GJK57930	국회의원	국회	국회의원	주진우	증권	배우자	상장주식	LG화학 43주, 롯데케미칼 145주, 삼성전자 500주, 에이스테크 506주(1,094주 감소), 카카오 100주(30주 감소), 카카오뱅크 285주(50주 감소), 한국조선해양 222주	109786	79571		895		188462	주식 가액 변동 등
202603	4915	GJK57930	국회의원	국회	국회의원	주진우	채무	배우자		사인간채무 감소	182400	0		32400		150000	채무 상환
202603	4916	GJK57930	국회의원	국회	국회의원	주진우	채무	배우자	건물임대채무	경기도 용인시 수지구 죽전동수지구죽전동오피스텔주건축물 2건 임대보증금	15000	0		0		15000	변동 없음
202603	4917	GJK57930	국회의원	국회	국회의원	주진우	고지거부 및 등록제외사항	부		고지거부	0	0		0		0	독립생계유지
202603	4918	GJK57930	국회의원	국회	국회의원	주진우	고지거부 및 등록제외사항	모		고지거부	0	0		0		0	독립생계유지
202603	4919	T465023H	국회의원	국회	국회의원	주철현	토지	본인	임야	전라남도 여수시 문수동 산 160번지 5,653.00㎡	36179	395		0		36574	가액변동
202603	4920	T465023H	국회의원	국회	국회의원	주철현	토지	본인	답	전라남도 여수시 문수동 824번지 1,726.00㎡	203323	1035		0		204358	가액변동
202603	4921	T465023H	국회의원	국회	국회의원	주철현	토지	배우자	대지	전라남도 나주시 이창동 186-8번지 52.00㎡ 중 6.00㎡	3358	11		0		3369	가액변동
202603	4922	T465023H	국회의원	국회	국회의원	주철현	토지	배우자	전	전라남도 나주시 금천면 석전리 547-30번지 2,512.00㎡ 중628.00㎡	38685	941		0		39626	가액변동
202603	4923	T465023H	국회의원	국회	국회의원	주철현	토지	배우자	대지	전라남도 나주시 이창동 186-3번지 103.00㎡ 중 13.90㎡	7780	26		0		7806	가액변동
202603	4924	T465023H	국회의원	국회	국회의원	주철현	건물	본인	아파트	서울특별시 서초구 서초동 아크로비스타 건물 164.21㎡ 중82.10㎡	899000	90000		0		989000	가액변동
202603	4925	T465023H	국회의원	국회	국회의원	주철현	건물	본인	아파트(전세(임차)권)	전라남도 여수시 문수동 문수코아루수아파트 건물181.06㎡	370000	0		0		370000	변동 없음(전세 계약 유지)
202603	4926	T465023H	국회의원	국회	국회의원	주철현	건물	배우자	아파트	서울특별시 서초구 서초동 아크로비스타 건물 164.21㎡ 중82.10㎡	899000	90000		0		989000	가액변동
202603	4927	T465023H	국회의원	국회	국회의원	주철현	부동산에 관한 규정이 준용되는 권리와 자동차·건설기계·선박 및 항공기	본인	자동차	2024년식 CARNIVAL KA4 (G)3.5 시그니처 7인 2WD AT배기량(3,500cc)	20000	0		0		20000	변동 없음(렌트 계약 유지)
202603	4928	T465023H	국회의원	국회	국회의원	주철현	부동산에 관한 규정이 준용되는 권리와 자동차·건설기계·선박 및 항공기	배우자	자동차	2016년식 그랜저 배기량(2,359cc)	8160	0		816		7344	가액변동
202603	4929	T465023H	국회의원	국회	국회의원	주철현	예금	본인		광주은행 52, 교보생명보험 50,000, 국민은행 887,농협은행 1,732(21,978 감소), 농협중앙회 7,685(2 증가), 미래에셋증권 128,741(77,241 증가), 산림조합중앙회 11,738(195 증가), 삼성증권 7, 새마을금고중앙회128,711(101,354 증가), 신한은행 97,930(66,410 감소)	337079	181870		91466		427483	급여 저축 및 생활비 지출, 예금 분산 예치 및 증권 가액 반영
202603	4930	T465023H	국회의원	국회	국회의원	주철현	예금	배우자		(주)KB손해보험 7,800, 국민은행 74(147 감소), 농협중앙회 1,643(233 감소), 메리츠화재해상보험(보험) 19,310(2,266 증가), 미래에셋생명보험 11,488(988증가), 미래에셋증권 530(74 증가), 삼성생명보험 72,854(4,843 증가), 삼성화재해상보험 1,440(120 증가),새마을금고중앙회 92(14 증가), 신한은행 484(685 감소),신한투자증권 24, 우리은행 7,112(1,450 감소),한화생명보험주식회사 47,113(288 증가)	163886	8595		2517		169964	급여 저축 및 생활비 지출, 예금 분산 예치 및 증권 가액 반영
202603	4931	T465023H	국회의원	국회	국회의원	주철현	정치자금법에 따른 정치자금의 수입 및 지출을 위한 예금계좌의 예금	본인		우체국 38,355(24,158 감소)	62513	0		24158		38355	의정활동 지출
202603	4932	T465023H	국회의원	국회	국회의원	주철현	채권	본인		사인간채권	200000	0		0		200000	변동 없음
202603	4933	T465023H	국회의원	국회	국회의원	주철현	채권	배우자		사인간채권	200000	0		0		200000	변동 없음
202603	4934	T465023H	국회의원	국회	국회의원	주철현	고지거부 및 등록제외사항	장남		고지거부	0	0		0		0	독립생계유지
202603	4935	T465023H	국회의원	국회	국회의원	주철현	고지거부 및 등록제외사항	차남		고지거부	57719	0		57719		0	독립생계유지
202603	4936	T465023H	국회의원	국회	국회의원	주철현	고지거부 및 등록제외사항	손자1		고지거부	0	0		0		0	독립생계유지
202603	4937	T465023H	국회의원	국회	국회의원	주철현	고지거부 및 등록제외사항	손자2		고지거부	0	0		0		0	독립생계유지
202603	4938	T465023H	국회의원	국회	국회의원	주철현	고지거부 및 등록제외사항	손녀1		고지거부	0	0		0		0	독립생계유지
202603	4939	68P7228G	국회의원	국회	국회의원	진선미	건물	본인	아파트(전세(임차)권)	서울특별시 강동구 고덕동 고덕그라시움 건물 0.00㎡(건물 59.78㎡ 감소)	100000	0		100000		0	이사로 전세(임차)권 상실
202603	4940	68P7228G	국회의원	국회	국회의원	진선미	건물	본인	아파트(전세(임차)권)	서울특별시 강동구 암사동 선사현대아파트 건물 83.67㎡(건물 83.67㎡ 증가)	0	100000		0		100000	이사로 전세(임차)권 발생
202603	4941	68P7228G	국회의원	국회	국회의원	진선미	건물	모	다세대주택(전세(임차)권)	서울특별시 종로구 명륜1가 대지 22.74㎡ 건물 36.27㎡	200000	0		0		200000	변동없음
202603	4942	68P7228G	국회의원	국회	국회의원	진선미	예금	본인		(주)KB손해보험 1,741(373 증가), (주)KEB하나은행 16,889(695 감소), 교보생명보험 26,988(2,979 증가),국민은행 229(103 증가), 농협은행 2,022(1,568 증가),미래에셋생명보험 35,096(6,104 증가),신용협동조합중앙회 160(2 증가), 신한은행 2,현대해상화재보험 18,000	90693	11498		1064		101127	저축 및 가계자금 지출에 따른 변동
202603	4943	68P7228G	국회의원	국회	국회의원	진선미	예금	배우자		우리은행 4,305(3,086 증가)	1219	3086		0		4305	저축 및 가계자금 지출에 따른 변동
202603	4944	68P7228G	국회의원	국회	국회의원	진선미	예금	모		(주)KEB하나은행 344(28 증가), 미래에셋증권 135(129증가), 새마을금고중앙회 38(1 증가)	359	358		200		517	저축 및 가계자금 지출에 따른 변동
202603	4945	68P7228G	국회의원	국회	국회의원	진선미	정치자금법에 따른 정치자금의 수입 및 지출을 위한 예금계좌의 예금	본인		농협중앙회 78,158(20,442 증가)	57716	20442		0		78158	정치자금 수입, 지출에 따른 변동
202603	4946	68P7228G	국회의원	국회	국회의원	진선미	증권	본인	비상장주식	한양네비콤 1,484주	742	0		0		742	평가액 변동
202603	4947	68P7228G	국회의원	국회	국회의원	진선미	증권	모	상장주식	다산네트웍스 1,700주, 대덕전자 346주	10564	9131		391		19304	평가액 변동
202603	4948	68P7228G	국회의원	국회	국회의원	진선미	채권	본인		사인간채권	400000	0		0		400000	변동없음
202603	4949	68P7228G	국회의원	국회	국회의원	진선미	채무	본인	금융채무	농협은행 15,166(25,551 감소)	40717	0		25551		15166	대출금 상환 및 가계자금지출에 따른 변동
202603	4950	68P7228G	국회의원	국회	국회의원	진선미	채무	배우자		사인간채무	1603160	0		0		1603160	변동없음
202603	4951	68P7228G	국회의원	국회	국회의원	진선미	채무	배우자	금융채무	우리은행 78,100	78100	0		0		78100	변동없음
202603	4952	3C23171A	국회의원	국회	국회의원	진성준	건물	본인	사무실(전세(임차)권)	서울특별시 강서구 방화동 멤브로메디컬센터 건물126.00㎡	20000	0		0		20000	변동없음
202603	4953	3C23171A	국회의원	국회	국회의원	진성준	건물	본인	아파트	서울특별시 강서구 등촌동 등촌동성아파트 건물 134.94㎡중 67.47㎡	580000	0		0		580000	변동없음
202603	4954	3C23171A	국회의원	국회	국회의원	진성준	건물	배우자	아파트	서울특별시 강서구 등촌동 등촌동성아파트 건물 134.94㎡중 67.47㎡	580000	0		0		580000	변동없음
202603	4955	3C23171A	국회의원	국회	국회의원	진성준	건물	모	아파트	전북특별자치도 전주시 완산구 삼천동1가 광진목화아파트건물 59.94㎡	79300	0		2800		76500	가액변동
202603	4956	3C23171A	국회의원	국회	국회의원	진성준	부동산에 관한 규정이 준용되는 권리와 자동차·건설기계·선박 및 항공기	본인	자동차	2008년식 그랜저 배기량(2,656cc)	2350	0		360		1990	감가상각으로 인한 가액변동
202603	4957	3C23171A	국회의원	국회	국회의원	진성준	예금	본인		국민은행 15,892(8,111 증가), 농협은행 1,597(289 감소),농협중앙회 1,973(2,990 감소), 스탠다드차타드은행 6,한화생명보험주식회사 7,562(21,030 감소)	43228	8291		24489		27030	생활비 지출 등
202603	4958	3C23171A	국회의원	국회	국회의원	진성준	예금	배우자		교보생명보험 22,135, 국민은행 3,100(2,088 증가),미래에셋증권 862(303 증가), 중소기업은행 31	23737	2406		15		26128	생활비 지출 등
202603	4959	3C23171A	국회의원	국회	국회의원	진성준	예금	모		농협은행 0(9 감소), 전북은행 5,404(329 증가)	5084	329		9		5404	생활비 지출 등
202603	4960	3C23171A	국회의원	국회	국회의원	진성준	예금	장남		(주)카카오페이증권 0(130 감소), KB증권 499(1 증가),국민은행 3,878(839 감소), 삼성증권 2,155(574 증가),중소기업은행 17,572(4,901 감소)	29399	2709		8004		24104	생활비 지출 등
202603	4961	3C23171A	국회의원	국회	국회의원	진성준	예금	장녀		국민은행 962(672 증가), 주식회사 카카오뱅크 10(10,418감소), 중소기업은행 10,970(1,200 증가)	20488	1872		10418		11942	생활비 지출 등
202603	4962	3C23171A	국회의원	국회	국회의원	진성준	정치자금법에 따른 정치자금의 수입 및 지출을 위한 예금계좌의 예금	본인		신용협동조합중앙회 170,157(103,532 증가)	66625	103532		0		170157	후원금 수입 증가
202603	4963	3C23171A	국회의원	국회	국회의원	진성준	증권	배우자	상장주식	기아 36주, 자이에스앤디 700주, 카카오 61주	8198	2932		0		11130	주식 매입 등
202603	4964	3C23171A	국회의원	국회	국회의원	진성준	증권	장남	상장주식	마이크로소프트 5주(5주 증가), 아처대니얼스미들랜드 5주, 알파벳ClassA 5주(5주 증가), 애플 1주,인튜이티브서지컬 4주, 주성엔지니어링 5주	3983	6006		9		9980	주식 매입 등
202603	4965	3C23171A	국회의원	국회	국회의원	진성준	채무	본인		사인간채무	20000	0		0		20000	변동없음
202603	4966	3C23171A	국회의원	국회	국회의원	진성준	채무	본인	금융채무	농협은행 276,670(42,640 감소), 농협중앙회 7,649(1,407감소)	328366	0		44047		284319	대출금 원리금 상환
202603	4967	QDU1100U	국회의원	국회	국회의원	진종오	건물	본인	아파트	서울특별시 강남구 개포동 개포주공아파트 건물 73.02㎡중 36.51㎡	723000	93500		0		816500	가액변동
202603	4968	QDU1100U	국회의원	국회	국회의원	진종오	건물	배우자	아파트	서울특별시 강남구 개포동 개포주공아파트 건물 73.02㎡중 36.51㎡	723000	93500		0		816500	가액변동
202603	4969	QDU1100U	국회의원	국회	국회의원	진종오	건물	배우자	아파트(전세(임차)권)	경기도 성남시 수정구 창곡동 위례자이 건물 121.80㎡	1100000	0		0		1100000	
202603	4970	QDU1100U	국회의원	국회	국회의원	진종오	건물	배우자	아파트	경기도 성남시 수정구 창곡동 래미안 위례 건물 120.83㎡중 39.87㎡	471240	4903		0		476143	가액변동
202603	4971	QDU1100U	국회의원	국회	국회의원	진종오	부동산에 관한 규정이 준용되는 권리와 자동차·건설기계·선박 및 항공기	본인	자동차	2018년식 EQ900 배기량(3,778cc)	28140	0		3390		24750	가액 변동
202603	4972	QDU1100U	국회의원	국회	국회의원	진종오	부동산에 관한 규정이 준용되는 권리와 자동차·건설기계·선박 및 항공기	본인	자동차	2014년식 ML350BlueTEC4Matic 배기량(2,987cc) 증가	0	13840	13840	0		13840	지분 수정
202603	4973	QDU1100U	국회의원	국회	국회의원	진종오	부동산에 관한 규정이 준용되는 권리와 자동차·건설기계·선박 및 항공기	배우자	자동차	2014년식 ML350BlueTEC4Matic 배기량(2,000cc) 감소	16170	0		16170		0	지분 수정으로 인한 상실처리
202603	4974	QDU1100U	국회의원	국회	국회의원	진종오	부동산에 관한 규정이 준용되는 권리와 자동차·건설기계·선박 및 항공기	배우자	자동차	2014년식 ML350BlueTEC4Matic 배기량(2,987cc) 증가	0	140	140	0		140	지분 수정
202603	4975	QDU1100U	국회의원	국회	국회의원	진종오	예금	본인		(주)카카오페이증권 9(8 증가), DB생명보험(주) 25,323(1,973 증가), DB손해보험(주) 7,700(1,680 증가),교보생명보험 12,624, 국민은행 66,408(4,338 증가),농협손해보험 1,258(408 증가), 농협은행 2,443(4,001감소), 농협중앙회 8, 삼성증권 2,121(350 감소),수협은행 22, 신한라이프생명보험 147,955(8,360 증가),업비트 12(11 감소), 주식회사 카카오뱅크 37,중소기업은행 8,650(354 증가), 케이뱅크 100(100 증가),한화생명보험주식회사 10,073(2,198 증가)	269686	20678		5621		284743	급여 저축 및 생활비 지출 등
202603	4976	QDU1100U	국회의원	국회	국회의원	진종오	예금	배우자		(주)KEB하나은행 102,625(47,846 감소), DB손해보험(주) 0(4,931 감소), 교보생명보험 45,000(1,000 증가),국민은행 1,521(1 증가), 농협손해보험 784(254 증가),동양생명보험 4,621(1,460 증가),메리츠화재해상보험(보험) 13,649(594 증가), 메트라이프생명보험 61,509(27,909 증가), 미래에셋증권 1,741(32 증가), 삼성생명보험 4,806, 새마을금고중앙회50,150(50,150 증가), 에이스아메리칸화재해상보험1,986(426 증가), 우리은행 9, 유안타증권 4,881(268 증가), 하나생명보험 8,226, 현대해상화재보험 13,750(667 증가)	285274	170041		140057		315258	급여 저축 및 생활비 지출 등
202603	4977	QDU1100U	국회의원	국회	국회의원	진종오	예금	장남		농협은행 212(212 증가), 새마을금고중앙회 1,719(1증가), 토스증권(주) 1,174(1,174 증가)	1718	1387		0		3105	급여 저축 및 생활비 지출 등
202603	4978	QDU1100U	국회의원	국회	국회의원	진종오	예금	차남		(주)KEB하나은행 16,370(2,958 증가)	13412	13320		10362		16370	급여 저축 및 생활비 지출 등
202603	4979	QDU1100U	국회의원	국회	국회의원	진종오	정치자금법에 따른 정치자금의 수입 및 지출을 위한 예금계좌의 예금	본인		농협중앙회 7,588(26,377 감소)	33965	0		26377		7588	의정활동 지출
202603	4980	QDU1100U	국회의원	국회	국회의원	진종오	증권	본인	상장주식	KT 62주, 노블엠앤비 440주, 삼성전자 49주(10주 증가), 세운메디칼 10주, 제이스코홀딩스 250주, 환인제약 10주	5537	4344		257		9624	보유 주식 가액 변동
202603	4981	QDU1100U	국회의원	국회	국회의원	진종오	채무	본인	금융채무	신한라이프생명보험 78,000(4,000 감소)	82000	0		4000		78000	일부 상환
202603	4982	QDU1100U	국회의원	국회	국회의원	진종오	채무	본인	건물임대채무	서울특별시 강남구 개포동 개포주공아파트 임대보증금	170000	0		0		170000	재계약
202603	4983	QDU1100U	국회의원	국회	국회의원	진종오	채무	배우자	건물임대채무	서울특별시 강남구 개포동 개포주공아파트 임대보증금	170000	0		0		170000	재계약
202603	4984	QDU1100U	국회의원	국회	국회의원	진종오	가상자산	본인		리플 0개(3,359.44584382개 감소), 엑스코어 0개(8.37509848개 감소), 온도 파이낸스7,472.83287481개(7,472.83287481개 증가), 페이코인214.63991455개	10339	4072		10318		4093	매도 및 매수로 인한 변동
202603	4985	QDU1100U	국회의원	국회	국회의원	진종오	고지거부 및 등록제외사항	부		고지거부	-268389	0		-268389		0	타인부양
202603	4986	QDU1100U	국회의원	국회	국회의원	진종오	고지거부 및 등록제외사항	모		고지거부	23866	0		23866		0	타인부양
202603	4987	KNP22261	국회의원	국회	국회의원	차규근	건물	본인	아파트(전세(임차)권)	서울특별시 서초구 서초동 삼풍아파트 건물 130.73㎡	985000	215000		0		1200000	계약 갱신
202603	4988	KNP22261	국회의원	국회	국회의원	차규근	부동산에 관한 규정이 준용되는 권리와 자동차·건설기계·선박 및 항공기	본인	자동차	2009년식 그랜저TG 배기량(2,656cc)	2970	0		420		2550	가액변동
202603	4989	KNP22261	국회의원	국회	국회의원	차규근	예금	본인		(주)KEB하나은행 20,367(4,240 증가), 농협은행 4,575(2,008 증가), 신한라이프생명보험 307,243(3,557증가), 신한은행 4,256(1,059 감소), 신한투자증권 23,우리은행 22, 케이디비생명보험 36,384(17,116 감소),현대해상화재보험 21,674(2,433 증가)	400481	12394		18331		394544	급여 및 생활비
202603	4990	KNP22261	국회의원	국회	국회의원	차규근	예금	배우자		(주)KB손해보험 5,942(359 증가), (주)카카오페이증권 0(34 감소), KB증권 9,869(9,832 증가), 국민은행53,210(956 증가), 라이나생명보험 6,305(564 증가),신한은행 8, 주식회사 카카오뱅크 41,149(3,772 증가),흥국생명보험 12,999(732 증가)	113301	27753		11572		129482	급여 및 생활비
202603	4991	KNP22261	국회의원	국회	국회의원	차규근	예금	장남		국민은행 0(15 감소), 농협은행 0(6,850 감소), 신한은행0(298 감소)	7163	0		7163		0	급여 및 생활비
202603	4992	KNP22261	국회의원	국회	국회의원	차규근	예금	장녀		농협은행 0(6,850 감소), 신한은행 0(641 감소), 주식회사카카오뱅크 0(1,200 감소)	8691	0		8691		0	급여 및 생활비
202603	4993	KNP22261	국회의원	국회	국회의원	차규근	정치자금법에 따른 정치자금의 수입 및 지출을 위한 예금계좌의 예금	본인		농협은행 122,906(67,417 증가)	55489	67417		0		122906	후원금 모금
202603	4994	KNP22261	국회의원	국회	국회의원	차규근	증권	본인	비상장주식	아람바이오시스템 1,500주	750	0		0		750	평가액 변동 및 매도
202603	4995	KNP22261	국회의원	국회	국회의원	차규근	증권	배우자	상장주식	삼성전자 62주, 카카오 19주, 한화 0주(20주 감소)	4561	4551		538		8574	평가액 변동 및 매도
202603	4996	KNP22261	국회의원	국회	국회의원	차규근	채권	본인		사인간채권	18000	0		0		18000	
202603	4997	KNP22261	국회의원	국회	국회의원	차규근	채무	본인	금융채무	농협은행 485,000(215,000 증가), 신한라이프생명보험30,000(30,000 증가)	270000	245000		0		515000	자녀학비 등
202603	4998	RC885085	국회의원	국회	국회의원	차지호	건물	본인	사무실(전세(임차)권)	경기도 오산시 오산동 2-3층 건물 86.05㎡	20000	0		0		20000	계약연장(지역사무소)
202603	4999	RC885085	국회의원	국회	국회의원	차지호	건물	본인	아파트(전세(임차)권)	경기도 오산시 외삼미동 서동탄역 더샵 파크시티 건물0.00㎡ (건물 84.97㎡ 감소)	50000	0		50000		0	임차권해지(계약만료)
202603	5000	RC885085	국회의원	국회	국회의원	차지호	건물	본인	아파트(전세(임차)권)	경기도 오산시 부산동 오산 센트럴 푸르지오 건물 84.98㎡(건물 84.98㎡ 증가)	0	290000		0		290000	임차권계약(전세)
202603	5001	RC885085	국회의원	국회	국회의원	차지호	부동산에 관한 규정이 준용되는 권리와 자동차·건설기계·선박 및 항공기	본인	자동차	2015년식 쏘렌토 배기량(1,995cc) 감소	9410	0		9410	8500	0	매도
202603	5002	RC885085	국회의원	국회	국회의원	차지호	부동산에 관한 규정이 준용되는 권리와 자동차·건설기계·선박 및 항공기	본인	자동차	2021년식 Model Y Standard Range 배기량(158cc) 감소	36340	0		36340		0	증여
202603	5003	RC885085	국회의원	국회	국회의원	차지호	부동산에 관한 규정이 준용되는 권리와 자동차·건설기계·선박 및 항공기	본인	자동차	2022년식 GV80 배기량(2,497cc) 감소	43500	0		43500	35210	0	매도
202603	5004	RC885085	국회의원	국회	국회의원	차지호	부동산에 관한 규정이 준용되는 권리와 자동차·건설기계·선박 및 항공기	본인	자동차	2022년식 카니발(대형) 배기량(3,470cc) 증가	0	49120	40500	0		49120	매입
202603	5005	RC885085	국회의원	국회	국회의원	차지호	정치자금법에 따른 정치자금의 수입 및 지출을 위한 예금계좌의 예금	본인		농협은행 214,609(129,478 증가)	85131	129478		0		214609	정치후원금 변동(모금액증가)
202603	5006	RC885085	국회의원	국회	국회의원	차지호	채무	본인	금융채무	농협은행 0(40,000 감소), 부산은행 100,000(863 증가), 주식회사 카카오뱅크 50,686(34,983 감소), 케이뱅크 2,975(15 감소), 토스뱅크(주) 255,200(255,200 증가)	227796	355200		174135		408861	기존 계약연장 및 전세대출금
202603	5007	RC885085	국회의원	국회	국회의원	차지호	고지거부 및 등록제외사항	배우자		등록제외	21591	0		21591		0	혼인관계변동
202603	5008	RC885085	국회의원	국회	국회의원	차지호	고지거부 및 등록제외사항	부		고지거부	0	0		0		0	타인부양
202603	5009	1S05899F	국회의원	국회	국회의원	채현일	건물	본인	빌딩(전세(임차)권)	서울특별시 영등포구 영등포동4가 지상5층 일부 건물88.60㎡	10000	0		0		10000	변동없음
202603	5010	1S05899F	국회의원	국회	국회의원	채현일	건물	배우자	아파트(전세(임차)권)	서울특별시 영등포구 문래동3가 문래자이 건물 121.53㎡	250000	0		0		250000	변동없음
202603	5011	1S05899F	국회의원	국회	국회의원	채현일	부동산에 관한 규정이 준용되는 권리와 자동차·건설기계·선박 및 항공기	본인	자동차	2018년식 그랜저 배기량(2,999cc)	1644	0		283		1361	가액변동
202603	5012	1S05899F	국회의원	국회	국회의원	채현일	부동산에 관한 규정이 준용되는 권리와 자동차·건설기계·선박 및 항공기	배우자	자동차	2018년식 그랜저 배기량(2,999cc)	14796	0		2547		12249	가액변동
202603	5013	1S05899F	국회의원	국회	국회의원	채현일	예금	본인		(주)KB손해보험 19,012(2,171 증가), (주)KEB하나은행 4(27 감소), 광주은행 1, 국민은행 0(22 감소), 농협은행22,101(1,700 증가), 메트라이프생명보험 28,442(28,442증가), 신한은행 23,381(14,408 증가), 한국산업은행 4,039(6,380 감소)	56688	46721		6429		96980	지원금 및 급여소득 등으로 인한 예금 증가
202603	5014	1S05899F	국회의원	국회	국회의원	채현일	예금	배우자		교보생명보험 4,068, 국민은행 15,818(349 증가),삼성화재해상보험 10(10 증가), 우리은행 41,008(784 감소), 우체국 3,978, 주식회사 카카오뱅크 27(57 감소), 토스뱅크(주) 2,758(10,621 감소)	78770	26521		37624		67667	지원금 및 급여소득 등으로 인한 예금 증가
202603	5015	1S05899F	국회의원	국회	국회의원	채현일	예금	장녀		(주)KEB하나은행 17,158(8,977 증가), 농협은행 277,우리은행 27,000(590 감소), 토스뱅크(주) 12(12 증가),토스증권(주) 523(185 증가)	36386	13084		4500		44970	지원금 및 급여소득 등으로 인한 예금 증가
202603	5016	1S05899F	국회의원	국회	국회의원	채현일	채무	본인		사인간채무	50000	0		0		50000	변동없음
202603	5017	A494529E	국회의원	국회	국회의원	천준호	건물	배우자	아파트	서울특별시 강북구 수유동 수유벽산아파트 건물 122.58㎡	421000	7000		0		428000	가액변동
202603	5018	A494529E	국회의원	국회	국회의원	천준호	건물	모	아파트	서울특별시 동대문구 이문동 래미안이문2차아파트 건물84.61㎡ 중 42.31㎡	276500	10500		0		287000	가액변동
202603	5019	A494529E	국회의원	국회	국회의원	천준호	부동산에 관한 규정이 준용되는 권리와 자동차·건설기계·선박 및 항공기	배우자	자동차	2025년식 G80 배기량(2,497cc)	59830	0		13630		46200	가액변동
202603	5020	A494529E	국회의원	국회	국회의원	천준호	예금	본인		농협은행 75(11 감소), 농협중앙회 16,154(354 증가), 미래에셋증권 82,717(82,717 증가), 신용협동조합중앙회 1,165(40 증가), 신한은행 9,310(53,293 감소)	79614	83111		53304		109421	급여소득, 생활비 지출
202603	5021	A494529E	국회의원	국회	국회의원	천준호	예금	배우자		KB라이프생명보험 18,217(837 증가), 교보생명보험 16,100(1,200 증가), 국민은행 10,972(8,415 증가),미래에셋증권 128,332(128,332 증가), 삼성생명보험 36,420(3,451 증가), 수협은행 3, 우리은행 5(5 증가), 주식회사 카카오뱅크 270(168 감소), 토스뱅크(주) 3,144(71 증가), 한국교직원공제회 137,153(50,096 감소)	258569	142332		50285		350616	급여소득, 생활비 지출
202603	5022	A494529E	국회의원	국회	국회의원	천준호	예금	모		새마을금고중앙회 226,496(61 증가), 신용협동조합중앙회 2,167(18,496 감소), 유안타증권 49,한화생명보험주식회사 7,152	254299	61		18496		235864	급여소득, 생활비 지출
202603	5023	A494529E	국회의원	국회	국회의원	천준호	예금	장남		국민은행 1,620(2,360 감소), 미래에셋증권 7,490(7,490증가), 중소기업은행 17(983 감소), 토스증권(주) 415(415 증가)	4980	8122		3560		9542	급여소득, 생활비 지출
202603	5024	A494529E	국회의원	국회	국회의원	천준호	예금	장녀		국민은행 4,874(491 감소)	5365	200		691		4874	급여소득, 생활비 지출
202603	5025	A494529E	국회의원	국회	국회의원	천준호	정치자금법에 따른 정치자금의 수입 및 지출을 위한 예금계좌의 예금	본인		국민은행 11,730(3,042 증가)	8688	3042		0		11730	후원금, 정치활동
202603	5026	A494529E	국회의원	국회	국회의원	천준호	증권	장남	상장주식	SK하이닉스 2주(2주 증가), 삼성전자 5주(5주 증가), 스트래티지 13주(13주 증가), 알테오젠 2주(2주 증가)	0	5634		0		5634	급여소득으로 매입
202603	5027	A494529E	국회의원	국회	국회의원	천준호	채무	배우자	금융채무	한국교직원공제회 10,000(10,000 증가)	0	10000		0		10000	생활비 지출 등
202603	5028	YGB8604T	국회의원	국회	국회의원	천하람	건물	배우자	아파트(전세(임차)권)	인천광역시 연수구 송도동 송도자이하버뷰1단지아파트건물 118.60㎡	150000	0		0		150000	변동 없음
202603	5029	YGB8604T	국회의원	국회	국회의원	천하람	부동산에 관한 규정이 준용되는 권리와 자동차·건설기계·선박 및 항공기	본인	자동차	2018년식 니로 배기량(1,580cc)	100	0		4		96	가액변동
202603	5030	YGB8604T	국회의원	국회	국회의원	천하람	부동산에 관한 규정이 준용되는 권리와 자동차·건설기계·선박 및 항공기	본인	자동차	2018년식 모하비 배기량(2,959cc)	18840	0		2660		16180	가액변동
202603	5031	YGB8604T	국회의원	국회	국회의원	천하람	부동산에 관한 규정이 준용되는 권리와 자동차·건설기계·선박 및 항공기	배우자	자동차	2018년식 니로 배기량(1,580cc)	9979	0		396		9583	가액변동
202603	5032	YGB8604T	국회의원	국회	국회의원	천하람	예금	본인		(주)KEB하나은행 53,849(21,200 증가), DB금융투자 278,565(4,407 감소), KB라이프생명보험 16,993(1,341증가), 농협은행 7,473(5,164 증가), 스탠다드차타드은행  8, 신용협동조합중앙회 55(2 증가), 신한은행 692(655 증가), 케이디비생명보험 14,110(1,100 증가)	346690	33183		8128		371745	급여 저축 및 생활비 지출 등
202603	5033	YGB8604T	국회의원	국회	국회의원	천하람	예금	배우자		(주)KEB하나은행 98(94 증가), KB증권 156,027(149,709증가), 농협은행 144, 빗썸 20(10 증가),스탠다드차타드은행 75, 신한은행 122,847(107,847증가), 토스증권(주) 28(28 증가), 한국투자증권 455(332 증가), 한화생명보험주식회사 20,201(927 증가), 현대해상화재보험 3,832(408 증가)	44372	259355		0		303727	급여 저축 및 생활비 지출 등
202603	5034	YGB8604T	국회의원	국회	국회의원	천하람	예금	장남		중소기업은행 210	210	0		0		210	급여 저축 및 생활비 지출 등
202603	5035	YGB8604T	국회의원	국회	국회의원	천하람	정치자금법에 따른 정치자금의 수입 및 지출을 위한 예금계좌의 예금	본인		농협은행 58,303(580 증가)	57723	580		0		58303	후원금 증가
202603	5036	YGB8604T	국회의원	국회	국회의원	천하람	증권	배우자	상장주식	LG디스플레이 0주(250주 감소), NAVER 0주(50주 감소), 미래에셋벤처투자 0주(1,155주 감소), 삼성전자 0주(295주 감소), 삼성전자우 0주(180주 감소), 삼성중공업 0주(1주 감소), 삼성중공업보통주 0주(1주 감소), 세종텔레콤 0주(10,012주 감소), 솔루스첨단소재1우 0주(800주 감소), 솔루스첨단소재2우B 0주(600주 감소), 아하 0주(1,400주 감소), 이월드0주(500주 감소), 카카오 0주(250주 감소), 카카오게임즈0주(19주 감소), 하나마이크론 0주(1,920주 감소)	81009	0		81009		0	주식 매각
202603	5037	YGB8604T	국회의원	국회	국회의원	천하람	증권	배우자	비상장주식	야놀자 0주(10,000주 감소), 에이치에이에스리츠0주(400주 감소)	137290	0		137290		0	주식 매각
202603	5038	YGB8604T	국회의원	국회	국회의원	천하람	채무	본인	금융채무	농협은행 0(30,757 감소)	30757	0		30757		0	채무 상환
202603	5039	YGB8604T	국회의원	국회	국회의원	천하람	채무	배우자	금융채무	신한은행 0(52,193 감소)	52193	0		52193		0	채무 상환
202603	5040	YGB8604T	국회의원	국회	국회의원	천하람	합명·합자·유한회사 출자지분	배우자	출자	법무법인(유한) 주원 , 출자가액: 30,000천원, 지분비율: 2.96%(0.01% 증가), 연간매출액:7,046,875천원(1,621,075천원 감소)	30000	0		0		30000	연간 매출액 변동으로 인한 출자지분 증가
202603	5041	YGB8604T	국회의원	국회	국회의원	천하람	가상자산	배우자		밋원 224.25개, 솔로제닉 13.35874467개, 송버드 452.95177947개, 애드 224.25개, 에이피이앤에프티1,666,649.9883개, 엑스코어 9.13954435개, 윙크659.815523개, 이오스닥 448.5개, 이오스블랙 448.5개, 챌린지닥 897개, 플레어 452.95177947개, 호루스페이 448.5개	21	0		13		8	가액변동
202603	5042	YGB8604T	국회의원	국회	국회의원	천하람	고지거부 및 등록제외사항	부		고지거부	0	0		0		0	독립생계유지
202603	5043	YGB8604T	국회의원	국회	국회의원	천하람	고지거부 및 등록제외사항	모		고지거부	0	0		0		0	독립생계유지
202603	5044	I5I2468R	국회의원	국회	국회의원	최기상	토지	본인	묘지	전라남도 영암군 미암면 두억리 553-10번지 111.00㎡ 중25.00㎡	175	2		0		177	가액변동
202603	5045	I5I2468R	국회의원	국회	국회의원	최기상	토지	본인	도로	전라남도 영암군 미암면 두억리 734-1번지 41.50㎡ 중9.20㎡	23	0		0		23	가액변동 없음(백원단위 변동)
202603	5046	I5I2468R	국회의원	국회	국회의원	최기상	토지	본인	답	전라남도 영암군 미암면 두억리 735번지 1,964.00㎡ 중436.00㎡	3266	96		0		3362	가액변동
202603	5047	I5I2468R	국회의원	국회	국회의원	최기상	토지	본인	임야	충청북도 충주시 직동 산 100-45번지 992.00㎡ 중 220.00㎡	519	7		0		526	가액변동
202603	5048	I5I2468R	국회의원	국회	국회의원	최기상	토지	모	묘지	전라남도 영암군 미암면 두억리 553-10번지 111.00㎡ 중37.00㎡	259	2		0		261	가액변동
202603	5049	I5I2468R	국회의원	국회	국회의원	최기상	토지	모	도로	전라남도 영암군 미암면 두억리 734-1번지 41.50㎡ 중14.00㎡	34	1		0		35	가액변동
202603	5050	I5I2468R	국회의원	국회	국회의원	최기상	토지	모	답	전라남도 영암군 미암면 두억리 735번지 1,964.00㎡ 중655.00㎡	4906	144		0		5050	가액변동
202603	5051	I5I2468R	국회의원	국회	국회의원	최기상	토지	모	임야	충청북도 충주시 직동 산 100-45번지 992.00㎡ 중 331.00㎡	781	10		0		791	가액변동
202603	5052	I5I2468R	국회의원	국회	국회의원	최기상	건물	본인	아파트	서울특별시 강남구 일원동 목련타운아파트 건물 99.80㎡중 49.90㎡	652000	84500		0		736500	가액변동
202603	5053	I5I2468R	국회의원	국회	국회의원	최기상	건물	본인	사무실(전세(임차)권)	서울특별시 금천구 독산동 NBN빌딩 대지 928.00㎡ 건물3,267.42㎡	10000	0		0		10000	변동없음
202603	5054	I5I2468R	국회의원	국회	국회의원	최기상	건물	배우자	아파트	서울특별시 강남구 일원동 목련타운아파트 건물 99.80㎡중 49.90㎡	652000	84500		0		736500	가액변동
202603	5055	I5I2468R	국회의원	국회	국회의원	최기상	건물	배우자	아파트(전세(임차)권)	서울특별시 금천구 시흥동 남서울힐스테이트 건물 84.68㎡	600000	0		0		600000	변동없음
202603	5056	I5I2468R	국회의원	국회	국회의원	최기상	건물	장남	다가구주택(전세(임차)권)	서울특별시 성동구 사근동 외 1필지 건물 23.00㎡	50000	0		0		50000	변동없음
202603	5057	I5I2468R	국회의원	국회	국회의원	최기상	부동산에 관한 규정이 준용되는 권리와 자동차·건설기계·선박 및 항공기	배우자	자동차	2023년식 QM6 배기량(1,997cc)	9389	0		1739		7650	가액변동
202603	5058	I5I2468R	국회의원	국회	국회의원	최기상	부동산에 관한 규정이 준용되는 권리와 자동차·건설기계·선박 및 항공기	장녀	자동차	2023년식 QM6 배기량(1,997cc)	9389	0		1739		7650	가액변동
202603	5059	I5I2468R	국회의원	국회	국회의원	최기상	예금	본인		KB라이프생명보험 72,624(207 증가), 국민은행 39,996(5,609 증가), 농협은행 370(1,596 감소),삼성생명보험 63,296, 새마을금고중앙회 22,336(613 증가), 신한은행 70,737(37,783 감소), 흥국생명보험4,197	306506	16551		49501		273556	급여 저축, 생활비 지출 등
202603	5060	I5I2468R	국회의원	국회	국회의원	최기상	예금	배우자		DB손해보험(주) 0(1,138 감소), 교보생명보험 44,913(3,389 증가), 농협중앙회 16(293 감소),동양생명보험 1,176(565 증가), 라이나생명보험 0(3,740 감소), 메리츠화재해상보험(보험) 255(123 증가), 새마을금고중앙회 50,000(1,000 증가), 신용협동조합중앙회 50,012(1 감소), 신한라이프생명보험 4,074(693 증가), 신한은행 283(10,048 감소), 우리은행18,849(715 증가), 토스뱅크(주) 124,054(13,773 증가)	288594	175479		170441		293632	급여 저축, 생활비 지출 등
202603	5061	I5I2468R	국회의원	국회	국회의원	최기상	예금	모		농협생명보험 16,155, 농협손해보험 10,700(1,200 증가), 농협중앙회 22,553(3,399 증가), 새마을금고중앙회 27,390(2 증가), 신한라이프생명보험 10,220(802 증가)	81615	12391		6988		87018	급여 저축, 생활비 지출 등
202603	5062	I5I2468R	국회의원	국회	국회의원	최기상	예금	장남		(주)카카오페이증권 0(196 감소), SBI저축은행 4,560(1,726 감소), 국민은행 79(33 감소),신용협동조합중앙회 1, 신한은행 1,680(64 감소),중소기업은행 15(15 증가)	8339	15		2019		6335	급여 저축, 생활비 지출 등
202603	5063	I5I2468R	국회의원	국회	국회의원	최기상	예금	장녀		국민은행 3,665(2,304 증가)	1361	2304		0		3665	급여 저축, 생활비 지출 등
202603	5064	I5I2468R	국회의원	국회	국회의원	최기상	예금	차녀		신한은행 8,585(307 증가), 토스뱅크(주) 17(103 감소)	8398	307		103		8602	급여 저축, 생활비 지출 등
202603	5065	I5I2468R	국회의원	국회	국회의원	최기상	정치자금법에 따른 정치자금의 수입 및 지출을 위한 예금계좌의 예금	본인		농협은행 188,061(79,971 증가)	108090	79971		0		188061	후원금 증가
202603	5066	I5I2468R	국회의원	국회	국회의원	최기상	증권	배우자	금융채	복리맞춤채권(원단위) 0주	120000	4582		0		124582	평가액 변동
202603	5067	I5I2468R	국회의원	국회	국회의원	최기상	증권	배우자	비상장주식	레네테크 0주(9,276주 감소)	4638	0		4638		0	평가액 변동
202603	5068	I5I2468R	국회의원	국회	국회의원	최기상	채권	본인		사인간채권	50000	0		0		50000	변동없음
202603	5069	I5I2468R	국회의원	국회	국회의원	최기상	채무	본인	건물임대채무	서울특별시 강남구 일원동 목련타운아파트 임대보증금	450000	0		0		450000	변동없음
202603	5070	I5I2468R	국회의원	국회	국회의원	최기상	채무	배우자	건물임대채무	서울특별시 강남구 일원동 목련타운아파트 임대보증금	450000	0		0		450000	변동없음
202603	5071	YS38221N	국회의원	국회	국회의원	최민희	건물	본인	사무실(전세(임차)권)	경기도 남양주시 평내동 제일빌딩 건물 105.40㎡	20000	0		0		20000	
202603	5072	YS38221N	국회의원	국회	국회의원	최민희	건물	본인	단독주택(전세( 임차)권)	경기도 남양주시 화도읍 창현리 스타빌 대지 160.20㎡ 중 0.00㎡ 건물 409.89㎡ 중 28.00㎡ (대지 지분면적 0.00㎡증가, 건물 지분면적 28.00㎡ 증가)	0	5000		0		5000	신규계약
202603	5073	YS38221N	국회의원	국회	국회의원	최민희	건물	배우자	아파트	경기도 남양주시 다산동 플루리움 건물 162.45㎡	460000	9000		0		469000	가액변동
202603	5074	YS38221N	국회의원	국회	국회의원	최민희	건물	모	다세대주택	서울특별시 서초구 방배동 건물 0.00㎡ (건물 63.21㎡감소)	400000	0		400000	650000	0	매도
202603	5075	YS38221N	국회의원	국회	국회의원	최민희	부동산에 관한 규정이 준용되는 권리와 자동차·건설기계·선박 및 항공기	본인	자동차	2023년식 캐스퍼 배기량(998cc)	13300	0		1430		11870	가액변동
202603	5076	YS38221N	국회의원	국회	국회의원	최민희	부동산에 관한 규정이 준용되는 권리와 자동차·건설기계·선박 및 항공기	배우자	자동차	2020년식 티볼리 배기량(1,497cc)	5715	0		645		5070	
202603	5077	YS38221N	국회의원	국회	국회의원	최민희	예금	본인		국민은행 99,067(64,656 증가), 농협은행 25,032(20,634증가), 새마을금고중앙회 50,407(24 증가), 신한은행 0(1,451 감소), 우리은행 95, 우리투자증권 10,423(10,423 증가), 우체국 69,038(35,036 증가)	124740	142314		12992		254062	급여저축 등
202603	5078	YS38221N	국회의원	국회	국회의원	최민희	예금	배우자		(주)KB손해보험 170(121 증가), NH투자증권 37(1 증가),국민은행 80,763(57,451 증가), 키움증권 62,877(57,605증가)	28669	115178		0		143847	급여저축 등
202603	5079	YS38221N	국회의원	국회	국회의원	최민희	예금	모		국민은행 81,431(83,578 감소), 삼성생명보험 6,228,새마을금고중앙회 322(11 증가), 애큐온저축은행 822(6 증가)	172364	17		83578		88803	급여저축 등
202603	5080	YS38221N	국회의원	국회	국회의원	최민희	정치자금법에 따른 정치자금의 수입 및 지출을 위한 예금계좌의 예금	본인		국민은행 189,192(119,715 증가)	69477	119715		0		189192	후원금 증가
202603	5081	YS38221N	국회의원	국회	국회의원	최민희	증권	배우자	상장주식	KB금융지주보통주 0주(500주 감소), 루닛 300주(300주 증가), 바디텍메드 0주(3,000주 감소), 신한금융지주회사보통주 0주(1,000주 감소), 아티스트컴퍼니 1,500주(1,500주 증가), 한온시스템보통주 4,134주(10,830주 감소), 한화비전보통주 300주(300주 증가), 한화오션보통주800주(800주 증가), 휴마시스 0주(30,000주 감소)	248555	122755		236298		135012	매매 및 평가액 변동
202603	5082	YS38221N	국회의원	국회	국회의원	최민희	증권	배우자	비상장주식	주식회사 이끌리오 아이앤디 75,000주	593175	0		12375		580800	매매 및 평가액 변동
202603	5083	YS38221N	국회의원	국회	국회의원	최민희	채무	배우자		사인간채무	300000	0		0		300000	
202603	5084	YS38221N	국회의원	국회	국회의원	최민희	채무	배우자	금융채무	국민은행 163,625(4,250 감소)	167875	0		4250		163625	일부 상환
202603	5085	YS38221N	국회의원	국회	국회의원	최민희	채무	모		사인간채무 감소	265000	0		265000		0	주택 매도 완료
202603	5086	YS38221N	국회의원	국회	국회의원	최민희	고지거부 및 등록제외사항	장남		고지거부	0	0		0		0	독립생계유지
202603	5087	YS38221N	국회의원	국회	국회의원	최민희	고지거부 및 등록제외사항	장녀		등록제외	11389	0		11389		0	혼인
202603	5088	UOS16250	국회의원	국회	국회의원	최보윤	건물	본인	아파트	서울특별시 서초구 서초동 신동아 건물 0.00㎡ 중 0.00㎡ (건물 총면적 132.10㎡ 감소, 지분면적 92.47㎡ 감소)	1390900	0		1390900		0	분양권 전환
202603	5089	UOS16250	국회의원	국회	국회의원	최보윤	건물	본인	오피스텔(전세(임차)권)	서울특별시 영등포구 여의도동 여의도파크센터 건물72.08㎡	750000	0		0		750000	
202603	5090	UOS16250	국회의원	국회	국회의원	최보윤	건물	본인	아파트(분양권)	서울특별시 서초구 서초동 건물 79.87㎡ (건물 79.87㎡증가)	0	138180		0		138180	재건축 분양권 취득
202603	5091	UOS16250	국회의원	국회	국회의원	최보윤	예금	본인		(주)KEB하나은행 10(45 감소), 미래에셋증권 202(180,829 감소), 신한은행 156,844(140,082 증가), 중소기업은행1,059(747 증가)	198160	140829		180874		158115	급여 저축 및 생활비 지출
202603	5092	UOS16250	국회의원	국회	국회의원	최보윤	정치자금법에 따른 정치자금의 수입 및 지출을 위한 예금계좌의 예금	본인		농협은행 69,587(36,763 증가)	32824	36763		0		69587	후원금
202603	5093	UOS16250	국회의원	국회	국회의원	최보윤	채권	본인		사인간채권	200000	0		0		200000	
202603	5094	UOS16250	국회의원	국회	국회의원	최보윤	채무	본인	금융채무	(주)KEB하나은행 150,000, 미래에셋증권 0(110 감소),신한은행 0(384 감소), 중소기업은행 653,000	803494	0		494		803000	일부상환
202603	5095	UOS16250	국회의원	국회	국회의원	최보윤	회원권	본인	헬스	(주)에이비디에셋 - Marriott SOO Fitness & Spa	36000	0		0		36000	
202603	5096	UOS16250	국회의원	국회	국회의원	최보윤	고지거부 및 등록제외사항	부		고지거부	0	0		0		0	독립생계유지
202603	5097	UOS16250	국회의원	국회	국회의원	최보윤	고지거부 및 등록제외사항	모		고지거부	0	0		0		0	독립생계유지
202603	5098	WJG74792	국회의원	국회	국회의원	최수진	토지	본인	임야	전라남도 화순군 도곡면 천암리 산 97번지 3,305.00㎡	4527	33		0		4560	가액변동
202603	5099	WJG74792	국회의원	국회	국회의원	최수진	토지	본인	답	광주광역시 광산구 우산동 201-9번지 2,092.00㎡	465678	14017		0		479695	가액변동
202603	5100	WJG74792	국회의원	국회	국회의원	최수진	건물	본인	아파트	경기도 성남시 분당구 정자동 아이파크분당1 건물172.62㎡	1359000	122000		0		1481000	가액변동
202603	5101	WJG74792	국회의원	국회	국회의원	최수진	건물	본인	오피스텔	경기도 성남시 분당구 야탑동 엔즈빌오피스텔 건물63.92㎡	193613	64323		0		257936	가액변동
202603	5102	WJG74792	국회의원	국회	국회의원	최수진	건물	본인	오피스텔	경기도 성남시 분당구 야탑동 르네상스분당오피스텔 건물34.89㎡	146750	0		0		146750	변동 없음
202603	5103	WJG74792	국회의원	국회	국회의원	최수진	건물	본인	오피스텔	경기도 성남시 분당구 야탑동 엔즈빌오피스텔 건물31.96㎡	85000	44020		0		129020	가액변동
202603	5104	WJG74792	국회의원	국회	국회의원	최수진	건물	본인	아파트	강원특별자치도 평창군 대관령면 횡계리 더리치먼드 평창건물 83.95㎡	458000	0		0		458000	변동 없음
202603	5105	WJG74792	국회의원	국회	국회의원	최수진	건물	본인	상가	경기도 화성시 영천동 더퍼스트타워 건물 49.50㎡	717504	0		0		717504	변동 없음
202603	5106	WJG74792	국회의원	국회	국회의원	최수진	건물	본인	다세대주택	경기도 용인시 처인구 포곡읍 삼계리 화전빌라2차 건물52.83㎡ 중 15.09㎡ (건물 총면적 52.83㎡ 증가, 지분면적15.09㎡ 증가)	0	12000		0		12000	법정상속분(진행중)
202603	5107	WJG74792	국회의원	국회	국회의원	최수진	건물	본인	아파트	경기도 용인시 기흥구 상하동 지석마을 진흥더루벤스 건물 101.98㎡ 중 29.13㎡ (건물 총면적 101.98㎡ 증가,지분면적 29.13㎡ 증가)	0	73714		0		73714	법정상속분(진행중)
202603	5108	WJG74792	국회의원	국회	국회의원	최수진	건물	부	다세대주택	경기도 용인시 처인구 포곡읍 삼계리 화전빌라2차 건물52.83㎡ 중 22.64㎡ (건물 총면적 52.83㎡ 증가, 지분면적22.64㎡ 증가)	0	18000		0		18000	법정상속분(진행중)
202603	5109	WJG74792	국회의원	국회	국회의원	최수진	건물	부	아파트	경기도 용인시 기흥구 상하동 지석마을 진흥더루벤스 건물 101.98㎡ 중 43.70㎡ (건물 총면적 101.98㎡ 증가,지분면적 43.70㎡ 증가)	0	110572		0		110572	법정상속분(진행중)
202603	5110	WJG74792	국회의원	국회	국회의원	최수진	부동산에 관한 규정이 준용되는 권리와 자동차·건설기계·선박 및 항공기	배우자	자동차	2018년식 530iM Sport Pkg.Plus 배기량(1,998cc)	25255	0		2435		22820	가액변동
202603	5111	WJG74792	국회의원	국회	국회의원	최수진	부동산에 관한 규정이 준용되는 권리와 자동차·건설기계·선박 및 항공기	장남	자동차	2018년식 530iM Sport Pkg.Plus 배기량(1,998cc)	255	0		25		230	가액변동
202603	5112	WJG74792	국회의원	국회	국회의원	최수진	예금	본인		AIA생명보험주식회사 61,413(1,503 감소), DB손해보험(주) 116(12,856 감소), KB라이프생명보험 30,143(4,760 증가), KB증권 11,329(20,355 감소),MG손해보험(주) 0(14,635 감소), NH투자증권 287(7 감소), 국민은행 578,473(144,739 증가), 농협은행 36,634(31,606 증가), 농협중앙회 47(30 감소),동양생명보험 61,503(11,700 증가),메리츠화재해상보험(보험) 87,440(11,169 증가), 미래에셋생명보험 52,716(9,168 증가), 미래에셋증권 28(83 감소), 산림조합중앙회 6, 삼성생명보험10,000(10,000 증가), 삼성증권 305(6 증가),삼성화재해상보험 646(214 증가), 신한라이프생명보험 26,013(178 감소), 신한투자증권 84(2 증가),예별손해보험 16,374(16,374 증가), 우리은행 96, 주식회사 아이엠라이프생명보험 204,699(65,587 증가), 주식회사 카카오뱅크 1,041(181 증가), 중소기업은행 1,545(6,115 감소), 하나증권 100,027(378 감소), 한국투자증권 88,629(12,592 감소), 한화생명보험주식회사 35,401(714 증가), 한화손해보험 8,532(906 증가), 현대해상화재보험 2,640(615 증가),흥국화재해상보험(주) 305(305 증가)	1177158	391572		152258		1416472	생활비 지출 및 법정상속분(진행중) 추가
202603	5113	WJG74792	국회의원	국회	국회의원	최수진	예금	배우자		DB손해보험(주) 131(131 증가), 국민은행 151,433(50,683증가), 삼성생명보험 3,000(3,000 증가), 삼성증권 26(14,684 감소), 삼성화재해상보험 88,520(7,955 증가),새마을금고중앙회 54,853(24,738 증가),스탠다드차타드은행 1, 신한라이프생명보험 28,522(1,325증가), 우리은행 21,872(21,872 증가), 유안타증권 8,한화생명보험주식회사 50,000, 현대해상화재보험 0(512 감소)	303858	194122		99614		398366	생활비 지출 및 법정상속분(진행중) 추가
202603	5114	WJG74792	국회의원	국회	국회의원	최수진	예금	부		NH투자증권 8, 광주은행 13, 교보생명보험 34,000(24,000증가), 국민은행 987(890 증가), 농협은행 54,354(51,332 증가), 농협중앙회 39(58 감소), 신한은행 69, 우리은행 10, 우체국 229(155 증가), 이베스트투자증권 128(2,366 감소), 주식회사 카카오뱅크 2,286(287 증가), 한화생명보험주식회사 7,906(426 증가)	25363	77827		3161		100029	생활비 지출 및 법정상속분(진행중) 추가
202603	5115	WJG74792	국회의원	국회	국회의원	최수진	예금	장남		KB라이프생명보험 30,000, KB증권 97,261(83,356 증가),국민은행 31,150(3,061 증가), 농협은행 6(23 감소), 미래에셋생명보험 197,160(34,420 증가), 삼성생명보험 10,000(10,000 증가), 신한은행 6(160 감소),한국투자증권 56(25 증가)	234960	147344		16665		365639	생활비 지출 및 법정상속분(진행중) 추가
202603	5116	WJG74792	국회의원	국회	국회의원	최수진	정치자금법에 따른 정치자금의 수입 및 지출을 위한 예금계좌의 예금	본인		농협은행 137,422(25,280 증가)	112142	25280		0		137422	후원금 증가
202603	5117	WJG74792	국회의원	국회	국회의원	최수진	증권	본인	상장주식	ADCTBIOINCORD 6주(6주 증가), AdicetBio 0주(100주 감소), GS 28주(28주 증가), HL홀딩스 28주, JB금융지주 127주(26주 증가), KB금융 10주, KCC글라스 0주(25주 감소), KT&G 11주(11주 증가), NICE평가정보 123주(40주 증가), 가비아 62주(62주 증가), 골프존 17주(11주 증가), 남양유업우 18주(18주 증가), 네오팜 110주(34주 증가), 덴티움 24주(24주 증가), 두산밥캣 30주(30주 증가), 메가스터디교육 34주(15주 증가), 메리츠금융지주 25주(6주 증가), 미원상사 0주(2주 감소), 미원화학8주(8주 증가), 백산 110주(71주 증가), 버크셔해서웨이B18주, 삼양패키징 116주(52주 증가), 솔루엠 76주(76주 증가), 스틱인베스트먼트 138주(138주 증가), 아세아제지 0주(117주 감소), 알파벳C 25주(9주 감소), 에스엠27주(4주 증가), 에이피알 0주(8,000주 감소), 윈스테크넷53주(53주 증가), 인바디 55주(55주 증가), 코웨이19주(19주 증가), 쿠쿠홀딩스 22주(22주 증가), 키움증권9주(2주 증가), 티쓰리 707주(707주 증가), 풍산홀딩스38주(17주 증가), 하이록코리아 0주(20주 감소), 한미반도체 14주(14주 증가), 한일시멘트 75주(35주 증가), 현대지에프홀딩스 124주(75주 증가), 현대차 0주(2주 감소)	438755	36624		403229		72150	상장주식 매도 및 비상장주식 백지신탁
202603	5118	WJG74792	국회의원	국회	국회의원	최수진	증권	본인	비상장주식	메디사피언스 0주(118주 감소), 메디제이 0주(1,350주 감소), 메디픽 0주(49주 감소), 액티브레인바이오0주(2,735주 감소), 엠진바이오 0주(17,848주 감소)	15286	0		15286		0	상장주식 매도 및 비상장주식 백지신탁
202603	5119	WJG74792	국회의원	국회	국회의원	최수진	증권	본인	기타(채권)	BNTNF1001/01/31NTNF 151,000주	28193	0		0		28193	상장주식 매도 및 비상장주식 백지신탁
202603	5120	WJG74792	국회의원	국회	국회의원	최수진	증권	배우자	상장주식	삼성전자 0주(200주 감소)	10640	0		10640		0	상장주식 매도 및 비상장주식 백지신탁
202603	5121	WJG74792	국회의원	국회	국회의원	최수진	증권	배우자	비상장주식	메디제이 0주(1,350주 감소)	3651	0		3651		0	상장주식 매도 및 비상장주식 백지신탁
202603	5122	WJG74792	국회의원	국회	국회의원	최수진	증권	부	상장주식	SK하이닉스 60주(290주 감소), 삼성전자 300주(300주 증가), 큐라티스 0주(500주 감소), 큐렉소 0주(900주감소), 풍산 0주(350주 감소), 한화오션 0주(1,050주 감소)	123674	35970		84614		75030	상장주식 매도 및 비상장주식 백지신탁
202603	5123	WJG74792	국회의원	국회	국회의원	최수진	증권	장남	상장주식	JB금융지주 0주(2,954주 감소)	48091	0		48091		0	
202603	5124	WJG74792	국회의원	국회	국회의원	최수진	증권	장남	국채	국고01875-5103(21-2) 0주	1495	0		0		1495	
202603	5125	WJG74792	국회의원	국회	국회의원	최수진	증권	장남	비상장주식	아이켐스 0주(8,620주 감소)	427069	0		427069		0	
202603	5126	WJG74792	국회의원	국회	국회의원	최수진	채무	본인		사인간채무	150000	0		0		150000	변동없음
202603	5127	WJG74792	국회의원	국회	국회의원	최수진	채무	본인	금융채무	국민은행 16,214(38,019 감소), 중소기업은행 0(200,000감소), 현대캐피탈 13,535(4,544 감소)	272312	0		242563		29749	일부변제
202603	5128	WJG74792	국회의원	국회	국회의원	최수진	채무	본인	건물임대채무	경기도 성남시 분당구 야탑동 엔즈빌오피스텔 임대보증금	10000	0		0		10000	변동없음
202603	5129	WJG74792	국회의원	국회	국회의원	최수진	채무	본인	건물임대채무	경기도 용인시 기흥구 상하동 지석마을 진흥더루벤스임대보증금 증가	0	5714		0		5714	법정상속분(진행중)
202603	5130	WJG74792	국회의원	국회	국회의원	최수진	채무	본인	건물임대채무	경기도 화성시 영천동 더퍼스트타워 임대보증금	10000	0		0		10000	변동없음
202603	5131	WJG74792	국회의원	국회	국회의원	최수진	채무	본인	건물임대채무	경기도 성남시 분당구 야탑동 르네상스분당오피스텔임대보증금	10000	0		0		10000	변동없음
202603	5132	WJG74792	국회의원	국회	국회의원	최수진	채무	배우자	금융채무	우리은행 0(153 감소)	153	0		153		0	채무변제
202603	5133	WJG74792	국회의원	국회	국회의원	최수진	채무	부	금융채무	이베스트투자증권 17,346(68,055 감소)	85401	0		68055		17346	일부변제
202603	5134	WJG74792	국회의원	국회	국회의원	최수진	채무	부	건물임대채무	경기도 용인시 기흥구 상하동 지석마을 진흥더루벤스임대보증금 증가	0	8572		0		8572	법정상속분(진행중)
202603	5135	WJG74792	국회의원	국회	국회의원	최수진	고지거부 및 등록제외사항	모		등록제외	360455	0		360455		0	사망
202603	5136	UF53617M	국회의원	국회	국회의원	최은석	토지	본인	답	대구광역시 동구 평광동 40번지 101.46㎡	2912	91		0		3003	가액변동
202603	5137	UF53617M	국회의원	국회	국회의원	최은석	토지	본인	임야	경상북도 경산시 여천동 산 95번지 1,159.54㎡	46961	1275		0		48236	가액변동
202603	5138	UF53617M	국회의원	국회	국회의원	최은석	토지	본인	임야	경상북도 청도군 금천면 김전리 산 56번지 1,952.92㎡	1433	29		0		1462	가액변동
202603	5139	UF53617M	국회의원	국회	국회의원	최은석	토지	본인	임야	경상북도 청도군 금천면 김전리 산 112번지 2,563.23㎡	2179	53		0		2232	가액변동
202603	5140	UF53617M	국회의원	국회	국회의원	최은석	토지	본인	임야	경상북도 청도군 매전면 동산리 산 116번지 1,830.92㎡	875	0		2		873	가액변동
202603	5141	UF53617M	국회의원	국회	국회의원	최은석	토지	본인	임야	경상북도 청도군 금천면 김전리 산 181번지 1,403.69㎡	1166	0		22		1144	가액변동
202603	5142	UF53617M	국회의원	국회	국회의원	최은석	토지	본인	과수원	대구광역시 북구 도남동 587번지 259.38㎡	21451	0		805		20646	가액변동
202603	5143	UF53617M	국회의원	국회	국회의원	최은석	건물	본인	아파트	서울특별시 송파구 방이동 올림픽선수기자촌아파트 건물148.77㎡ 중 74.38㎡	1595000	0		0		1595000	변동없음
202603	5144	UF53617M	국회의원	국회	국회의원	최은석	건물	본인	근린생활시설( 전세(임차)권)	대구광역시 동구 신암동 신암동호창메디타워 대지165.78㎡ 건물 1,157.00㎡ (대지 165.78㎡ 증가, 건물1,157.00㎡ 증가)	0	50000		0		50000	전세권 계약
202603	5145	UF53617M	국회의원	국회	국회의원	최은석	건물	배우자	아파트(전세(임차)권)	서울특별시 송파구 방이동 올림픽선수기자촌아파트 건물0.00㎡ (건물 148.77㎡ 감소)	1100000	0		1100000		0	전세권상실
202603	5146	UF53617M	국회의원	국회	국회의원	최은석	건물	배우자	아파트(전세(임차)권)	대구광역시 동구 신암동 이안센트럴D 건물 109.20㎡	30000	0		0		30000	변동없음
202603	5147	UF53617M	국회의원	국회	국회의원	최은석	건물	배우자	아파트	서울특별시 송파구 방이동 올림픽선수기자촌아파트 건물148.77㎡ 중 74.38㎡	1595000	0		0		1595000	변동없음
202603	5148	UF53617M	국회의원	국회	국회의원	최은석	건물	차남	아파트(전세(임차)권)	서울특별시 송파구 가락동 헬리오시티 건물 49.21㎡	240000	0		0		240000	변동없음
202603	5149	UF53617M	국회의원	국회	국회의원	최은석	건물	차남	근린생활시설(전세(임차)권)	서울특별시 송파구 송파동 1층 일부 건물 43.00㎡ (건물43.00㎡ 증가)	0	30000		0		30000	전세권 계약
202603	5150	UF53617M	국회의원	국회	국회의원	최은석	부동산에 관한 규정이 준용되는 권리와 자동차·건설기계·선박 및 항공기	배우자	자동차	2021년식 CLS450 배기량(2,999cc)	56230	0		16580		39650	감가상각
202603	5151	UF53617M	국회의원	국회	국회의원	최은석	부동산에 관한 규정이 준용되는 권리와 자동차·건설기계·선박 및 항공기	차남	자동차	2021년식 카이엔 배기량(2,995cc) 감소	58130	0		58130	68500	0	매도
202603	5152	UF53617M	국회의원	국회	국회의원	최은석	부동산에 관한 규정이 준용되는 권리와 자동차·건설기계·선박 및 항공기	차남	자동차	2020년식 카니발 배기량(2,199cc) 증가	0	18430	18430	0		18430	매입
202603	5153	UF53617M	국회의원	국회	국회의원	최은석	예금	본인		(주)KEB하나은행 67(46,374 감소), NH투자증권 5,515,829(5,515,829 증가), 농협은행 2(3 감소),미래에셋증권 3, 신한은행 15,000(5,267,631 감소),신한투자증권 4, 업비트 1, 우리은행 126	5329211	5515829		5314008		5531032	전세금반환, 예금이자 및 급여
202603	5154	UF53617M	국회의원	국회	국회의원	최은석	예금	배우자		IBK연금보험주식회사 0(150,000 감소), 교보생명보험 45,000(82,000 감소), 국민은행 36,846(153,773 감소),삼성생명보험 0(24,191 감소), 신한은행 1,116,782(740,670 증가), 업비트 4, 한국교직원공제회450,000, 한국투자증권 2,079(15 증가),현대해상화재보험 1,572(1,348 증가)	1320214	973510		641441		1652283	전세금반환, 예금이자 및 급여
202603	5155	UF53617M	국회의원	국회	국회의원	최은석	예금	차남		신한은행 3,782(11 감소), 신한투자증권 15,600(15,600증가), 우리은행 16,220, 중소기업은행 64(51 증가), 토스뱅크(주) 2,663(2,663 증가), 현대해상화재보험 221(190 증가)	20057	18504		11		38550	전세금반환, 예금이자 및 급여
202603	5156	UF53617M	국회의원	국회	국회의원	최은석	정치자금법에 따른 정치자금의 수입 및 지출을 위한 예금계좌의 예금	본인		농협은행 125,441(59,278 증가)	66163	59278		0		125441	후원회 기부금
202603	5157	UF53617M	국회의원	국회	국회의원	최은석	증권	차남	상장주식	알파벳A 20주(20주 증가), 펄어비스 0주(2,778주 감소)	76950	8982		76950		8982	매매
202603	5158	UF53617M	국회의원	국회	국회의원	최은석	채무	본인	금융채무	(주)KEB하나은행 2,740(2,740 증가)	0	2740		0		2740	대출
202603	5159	UF53617M	국회의원	국회	국회의원	최은석	채무	차남	금융채무	현대캐피탈 17,293(17,293 증가)	0	17293		0		17293	자동차 할부
202603	5160	UF53617M	국회의원	국회	국회의원	최은석	금 및 백금	배우자		금 24K 137g(137g 증가)	0	28000	28000	0		28000	매입
202603	5161	UF53617M	국회의원	국회	국회의원	최은석	합명·합자·유한회사 출자지분	본인	출자	제니스1호, 출자가액: 80,000천원, 지분비율: 8.03%,연간매출액: 0천원	80000	0		0		80000	변동없음
202603	5162	UF53617M	국회의원	국회	국회의원	최은석	가상자산	본인		보라 10개	1	0		1		0	가액변동
202603	5163	UF53617M	국회의원	국회	국회의원	최은석	고지거부 및 등록제외사항	장남		고지거부	0	0		0		0	독립생계유지
202603	5164	UF53617M	국회의원	국회	국회의원	최은석	고지거부 및 등록제외사항	손녀1		고지거부	0	0		0		0	독립생계유지
202603	5165	CC78321E	국회의원	국회	국회의원	최혁진	건물	본인	아파트	강원특별자치도 원주시 단구동 현진에버빌6차 건물153.00㎡	250000	0		0		250000	변동없음
202603	5166	CC78321E	국회의원	국회	국회의원	최혁진	건물	배우자	상가	강원특별자치도 원주시 단구동 원주프리미엄아울렛 대지31.65㎡ 건물 61.00㎡	146390	0		0		146390	변동없음
202603	5167	CC78321E	국회의원	국회	국회의원	최혁진	건물	모	상가(전세(임차)권)	강원특별자치도 원주시 일산동 건물 73.06㎡	10000	0		0		10000	변동없음
202603	5168	CC78321E	국회의원	국회	국회의원	최혁진	부동산에 관한 규정이 준용되는 권리와 자동차·건설기계·선박 및 항공기	배우자	자동차	2015년식 가솔린 토러스 배기량(1,999cc)	8550	0		1150		7400	가액변동
202603	5169	CC78321E	국회의원	국회	국회의원	최혁진	부동산에 관한 규정이 준용되는 권리와 자동차·건설기계·선박 및 항공기	배우자	자동차	2019년식 싼타페 배기량(1,995cc)	17176	0		1317		15859	가액변동
202603	5170	CC78321E	국회의원	국회	국회의원	최혁진	부동산에 관한 규정이 준용되는 권리와 자동차·건설기계·선박 및 항공기	장남	자동차	2019년식 싼타페 배기량(1,995cc)	173	0		13		160	가액변동
202603	5171	CC78321E	국회의원	국회	국회의원	최혁진	예금	본인		국민은행 42(13 증가), 농협은행 560(560 증가),농협중앙회 24, 신용협동조합중앙회 5,943(3,102 증가), 신용협동조합중앙회 신용공제사업부 9,752(372 증가), 케이뱅크 5	12279	4047		0		16326	급여 소득 및 생활비 지출
202603	5172	CC78321E	국회의원	국회	국회의원	최혁진	예금	배우자		(주)KB손해보험 21,248(974 증가), 교보생명보험 2,548,국민은행 30, 농협은행 305(251 증가), 농협중앙회 8(4 증가), 삼성생명보험 5,899(3,218 증가), 신용협동조합중앙회 11, 신한라이프생명보험 42,269(1,478 증가), 업비트 1, 우체국 300(300 증가),유안타증권 6, 주식회사 카카오뱅크 3(2,175 감소),케이뱅크 10,889(4,777 증가), 토스뱅크(주) 9,한국투자증권 81(1 증가)	74779	11003		2175		83607	급여 소득 및 생활비 지출
202603	5173	CC78321E	국회의원	국회	국회의원	최혁진	예금	부		국민은행 214, 농협은행 205, 농협중앙회 24,신용협동조합중앙회 2,139(369 증가)	2213	369		0		2582	급여 소득 및 생활비 지출
202603	5174	CC78321E	국회의원	국회	국회의원	최혁진	예금	모		농협은행 3,519(764 증가), 수협은행 152,신용협동조합중앙회 3,444(138 증가), 신한은행 9,중소기업은행 8, 현대해상화재보험 954(257 증가)	6927	3011		1852		8086	급여 소득 및 생활비 지출
202603	5175	CC78321E	국회의원	국회	국회의원	최혁진	예금	장녀		신용협동조합중앙회 947(1 증가)	946	1		0		947	급여 소득 및 생활비 지출
202603	5176	CC78321E	국회의원	국회	국회의원	최혁진	정치자금법에 따른 정치자금의 수입 및 지출을 위한 예금계좌의 예금	본인		농협은행 100,335(100,335 증가)	0	100335		0		100335	정치자금(후원금)
202603	5177	CC78321E	국회의원	국회	국회의원	최혁진	채무	본인	금융채무	국민은행 83,194(10,275 감소), 농협은행 18,729(1,071감소)	113269	0		11346		101923	일부상환
202603	5178	CC78321E	국회의원	국회	국회의원	최혁진	채무	배우자	금융채무	(주)KB손해보험 9,590, 신한라이프생명보험 22,888	32478	0		0		32478	변동없음
202603	5179	CC78321E	국회의원	국회	국회의원	최혁진	채무	배우자	건물임대채무	강원특별자치도 원주시 단구동 원주프리미엄아울렛 임대보증금	10000	0		0		10000	변동없음
202603	5180	CC78321E	국회의원	국회	국회의원	최혁진	채무	모	금융채무	농협은행 10,000, 신용협동조합중앙회 44,640(1,400감소)	56040	0		1400		54640	일부상환
202603	5181	CC78321E	국회의원	국회	국회의원	최혁진	가상자산	배우자		애드엑스 621.53352941개, 트웰브쉽스 316.4556962개	0	0		0		0	업비트에서 거래지원 종료된 가상자산
202603	5182	A0P4646G	국회의원	국회	국회의원	최형두	건물	본인	아파트(전세(임차)권)	경상남도 창원시 마산합포구 교방동창원푸르지오더플래티넘2단지 건물 84.81㎡	270000	0		0		270000	변동없음
202603	5183	A0P4646G	국회의원	국회	국회의원	최형두	건물	본인	아파트	경상남도 창원시 마산합포구 월영동 동아1차아파트 건물84.84㎡	200000	0		0		200000	변동없음 가족거주(모친, 형제)
202603	5184	A0P4646G	국회의원	국회	국회의원	최형두	건물	본인	빌딩(전세(임차)권)	경상남도 창원시 마산합포구 남성동 대흥센타빌딩 건물198.00㎡	20000	0		0		20000	변동없음
202603	5185	A0P4646G	국회의원	국회	국회의원	최형두	건물	배우자	아파트(전세(임차)권)	서울특별시 영등포구 여의도동 광장아파트 건물43,042.00㎡ 중 135.84㎡	997500	0		0		997500	변동없음
202603	5186	A0P4646G	국회의원	국회	국회의원	최형두	예금	본인		(주)KEB하나은행 988(967 감소), KB라이프생명보험 22,935(755 증가), 국민은행 3,120, 농협은행25,382(15,969 증가), 삼성생명보험 15,109,신용협동조합중앙회 1,571(16 증가), 신한투자증권 1	53333	16740		967		69106	급여저축 및 생활비 지출 등
202603	5187	A0P4646G	국회의원	국회	국회의원	최형두	예금	배우자		IBK연금보험주식회사 24,000(24,000 증가), 경남은행 111(4 감소), 교보생명보험 20,129(15,871 감소),국민은행 345,054(48,685 증가), 미래에셋증권 4(4 증가), 삼성생명보험 49,227(3,770 증가), 한국교직원공제회73,444(5,362 감소)	456747	351903		296681		511969	급여저축 및 생활비 지출 등
202603	5188	A0P4646G	국회의원	국회	국회의원	최형두	예금	모		우리은행 3, 우체국 7,705(1,045 감소)	8753	0		1045		7708	급여저축 및 생활비 지출 등
202603	5189	A0P4646G	국회의원	국회	국회의원	최형두	예금	차녀		(주)카카오페이증권 95(94 증가), 국민은행 2,266(1,059감소), 신한은행 11	3337	94		1059		2372	급여저축 및 생활비 지출 등
202603	5190	A0P4646G	국회의원	국회	국회의원	최형두	정치자금법에 따른 정치자금의 수입 및 지출을 위한 예금계좌의 예금	본인		농협은행 13,338(7,255 증가)	6083	7255		0		13338	후원금 증가
202603	5191	A0P4646G	국회의원	국회	국회의원	최형두	채무	본인		사인간채무 증가	60000	60000		0		120000	형제간 채무
202603	5192	G152611B	국회의원	국회	국회의원	추경호	건물	본인	아파트	서울특별시 강남구 도곡동 래미안도곡카운티 건물106.78㎡ 중 53.39㎡	1097000	109500		0		1206500	가액변동
202603	5193	G152611B	국회의원	국회	국회의원	추경호	건물	본인	아파트(전세(임차)권)	대구광역시 달성군 화원읍 구라리 대곡역신동아파밀리에건물 84.98㎡	20000	0		0		20000	변동없음
202603	5194	G152611B	국회의원	국회	국회의원	추경호	건물	본인	빌딩(전세(임차)권)	대구광역시 달성군 화원읍 명곡리 화원빌딩 건물 187.76㎡	5000	0		0		5000	변동없음
202603	5195	G152611B	국회의원	국회	국회의원	추경호	건물	배우자	아파트	서울특별시 강남구 도곡동 래미안도곡카운티 건물106.78㎡ 중 53.39㎡	1097000	109500		0		1206500	가액변동
202603	5196	G152611B	국회의원	국회	국회의원	추경호	부동산에 관한 규정이 준용되는 권리와 자동차·건설기계·선박 및 항공기	본인	자동차	2021년식 G80 배기량(2,497cc)	40830	0		1470		39360	가액변동
202603	5197	G152611B	국회의원	국회	국회의원	추경호	예금	본인		국민은행 332,735(28,506 감소), 농협은행 40,434(40,127증가), 하나증권 494,686(10,492 증가)	845742	51038		28925		867855	급여저축 및 생활비 지출
202603	5198	G152611B	국회의원	국회	국회의원	추경호	예금	배우자		KB라이프생명보험 36,000, KB증권 1,045(9 증가), 국민은행 279,503(52,405 증가), 미래에셋증권 44,627(4,196 증가), 신한은행 703,796(13,050 증가),하나증권 81,009(61,558 증가)	1014762	157009		25791		1145980	급여저축 및 생활비 지출
202603	5199	G152611B	국회의원	국회	국회의원	추경호	정치자금법에 따른 정치자금의 수입 및 지출을 위한 예금계좌의 예금	본인		농협은행 151,644(99,085 감소)	250729	0		99085		151644	정치자금 수입,지출에 따른 잔액 변동
202603	5200	G152611B	국회의원	국회	국회의원	추경호	증권	배우자	상장주식	쌍용정보통신 6주	3	2		0		5	가액변동
202603	5201	G152611B	국회의원	국회	국회의원	추경호	증권	배우자	기타(채권)	브라질국채 272,000주	67848	0		0		67848	가액변동
202603	5202	G152611B	국회의원	국회	국회의원	추경호	고지거부 및 등록제외사항	모		고지거부	0	0		0		0	타인부양
202603	5203	G152611B	국회의원	국회	국회의원	추경호	고지거부 및 등록제외사항	장녀		고지거부	0	0		0		0	독립생계유지
202603	5204	G152611B	국회의원	국회	국회의원	추경호	고지거부 및 등록제외사항	차녀		고지거부	0	0		0		0	독립생계유지
202603	5205	URV1689Q	국회의원	국회	국회의원	추미애	건물	본인	아파트	서울특별시 광진구 구의동 현대프라임아파트 건물 0.00㎡(건물 183.87㎡ 감소)	1475000	0		1475000	2365000	0	매도로 인한 소유권 상실
202603	5206	URV1689Q	국회의원	국회	국회의원	추미애	건물	본인	사무실(전세(임차)권)	경기도 하남시 신장동 백천빌딩 건물 161.34㎡	10000	0		0		10000	변동없음
202603	5207	URV1689Q	국회의원	국회	국회의원	추미애	건물	본인	아파트(전세(임차)권)	경기도 하남시 감이동 감일 센트레빌 건물 0.00㎡ (건물74.82㎡ 감소)	50000	0		50000		0	계약만료
202603	5208	URV1689Q	국회의원	국회	국회의원	추미애	건물	본인	오피스텔	서울특별시 영등포구 여의도동 건물 78.34㎡	263880	11191		0		275071	가액변동
202603	5209	URV1689Q	국회의원	국회	국회의원	추미애	건물	본인	아파트(전세(임차)권)	경기도 하남시 감이동 감일 푸르지오 마크베르 건물114.92㎡	750000	0		0		750000	변동없음
202603	5210	URV1689Q	국회의원	국회	국회의원	추미애	부동산에 관한 규정이 준용되는 권리와 자동차·건설기계·선박 및 항공기	장남	자동차	2018년식 니로 하이브리em 배기량(1,580cc) 감소	10110	0		10110	13000	0	매도
202603	5211	URV1689Q	국회의원	국회	국회의원	추미애	예금	본인		DB손해보험(주) 1,519(521 증가), 농협은행 110,161(23,032 증가), 농협중앙회 738(1 증가),라이나생명보험 0(2,210 감소), 삼성증권 666,528(666,528 증가), 신한은행 641,231(413,783증가), 씨티은행 1,246	319768	1167525		65870		1421423	급여 및 소유권 매각(아파트)
202603	5212	URV1689Q	국회의원	국회	국회의원	추미애	예금	배우자		국민은행 335, 농협은행 2, 농협중앙회 8, 신한은행 222(50증가)	517	50		0		567	급여 및 소유권 매각(아파트)
202603	5213	URV1689Q	국회의원	국회	국회의원	추미애	예금	모		(주)KEB하나은행 7,662(2,507 증가), 국민은행19,859(14,878 감소)	39892	6688		19059		27521	급여 및 소유권 매각(아파트)
202603	5214	URV1689Q	국회의원	국회	국회의원	추미애	예금	장남		국민은행 1, 메리츠화재해상보험(보험) 1,853(410 증가),신한은행 7,998(2,664 증가)	6778	3074		0		9852	급여 및 소유권 매각(아파트)
202603	5215	URV1689Q	국회의원	국회	국회의원	추미애	정치자금법에 따른 정치자금의 수입 및 지출을 위한 예금계좌의 예금	본인		농협은행 149,500(137,013 증가)	12487	137013		0		149500	후원금 증가
202603	5216	URV1689Q	국회의원	국회	국회의원	추미애	증권	장남	상장주식	HMM 0주(34주 감소)	600	0		600		0	
202603	5217	URV1689Q	국회의원	국회	국회의원	추미애	채권	본인		사인간채권 증가	0	200000		0		200000	사인간 채권
202603	5218	URV1689Q	국회의원	국회	국회의원	추미애	채무	본인		사인간채무 감소	1232000	0		1232000		0	전액상환
202603	5219	URV1689Q	국회의원	국회	국회의원	추미애	채무	본인	건물임대채무	서울특별시 영등포구 여의도동 임대보증금	20000	20000		20000		20000	임대보증금
202603	5220	JQA21112	국회의원	국회	국회의원	한기호	건물	본인	근린생활시설(전세(임차)권)	강원특별자치도 춘천시 우두동 2층 건물 109.09㎡	20000	0		0		20000	변동없음
202603	5221	JQA21112	국회의원	국회	국회의원	한기호	건물	본인	아파트(전세(임차)권)	강원특별자치도 철원군 갈말읍 군탄리 유명아파트 건물39.78㎡	3000	0		0		3000	변동없음
202603	5222	JQA21112	국회의원	국회	국회의원	한기호	건물	본인	근린생활시설(전세(임차)권)	강원특별자치도 춘천시 동면 만천리 3층 건물 158.08㎡	10000	0		0		10000	변동없음
202603	5223	JQA21112	국회의원	국회	국회의원	한기호	건물	본인	아파트	서울특별시 서초구 서초동 서초그랑자이 건물 119.42㎡ 중71.66㎡	1564800	241800		0		1806600	가액변동
202603	5224	JQA21112	국회의원	국회	국회의원	한기호	건물	배우자	아파트	서울특별시 서초구 서초동 서초그랑자이 건물 119.42㎡ 중47.76㎡	1043200	161200		0		1204400	가액변동
202603	5225	JQA21112	국회의원	국회	국회의원	한기호	예금	본인		교보생명보험 35,887, 국민은행 504(3,297 감소), 군인공제회 296,967(111,967 증가), 농협생명보험 5,131(36,869 감소), 농협은행 15,886(3,797 증가),새마을금고중앙회 16,174(163 증가), 신용협동조합중앙회 3,239(84 증가), 유안타증권 17, 키움증권 1,598(1,598 증가), 한화투자증권 332,791(17,357 증가)	613394	136713		41913		708194	급여저축, 생활비 사용, 주식투자
202603	5226	JQA21112	국회의원	국회	국회의원	한기호	예금	배우자		국민은행 46,188(16,452 감소), 삼성생명보험 48,783(2,241 증가), 키움증권 51(51 증가), 한화투자증권103,920(2,303 감소)	215405	50402		66865		198942	급여저축, 생활비 사용, 주식투자
202603	5227	JQA21112	국회의원	국회	국회의원	한기호	정치자금법에 따른 정치자금의 수입 및 지출을 위한 예금계좌의 예금	본인		농협은행 66,006(63,616 감소)	129622	0		63616		66006	의정활동 지출
202603	5228	JQA21112	국회의원	국회	국회의원	한기호	증권	본인	상장주식	ALPHABETINC 1주(1주 증가), APPLEINC 2주(2주 증가), ASMLHOLDINGNVEUR0.09NYREGISTRYSHS 1주(1주 증가), MICROSOFTCORP 1주(1주 증가), NVIDIACORP 4주(4주 증가)	0	4527		0		4527	주식매입, 매도
202603	5229	JQA21112	국회의원	국회	국회의원	한기호	증권	본인	회사채	한국캐피탈528-1 0주, 한진칼16-2 0주	30450	31680		30450		31680	주식매입, 매도
202603	5230	JQA21112	국회의원	국회	국회의원	한기호	증권	배우자	상장주식	ALPHABETINC 15주(15주 증가), APPLEINC 15주(15주 증가), ASMLHOLDINGNVEUR0.09NYREGISTRYSHS 4주(4주 증가), LG씨엔에스 50주(50주 증가), MICROSOFTCORP 8주(8주 증가), NVIDIACORP 21.6439주(21.6439주 증가),SK바이오사이언스 269주, 카카오 172주(172주 증가)	13557	43477		592		56442	주식매입, 매도
202603	5231	JQA21112	국회의원	국회	국회의원	한기호	증권	배우자	회사채	GS건설141 0주, 농협손해보험4(후) 0주, 한국캐피탈528-10주, 한진칼16-2 0주	43960	81960		43960		81960	주식매입, 매도
202603	5232	JQA21112	국회의원	국회	국회의원	한기호	채권	배우자		사인간채권 감소	344361	0		109361		235000	부분환수
202603	5233	JQA21112	국회의원	국회	국회의원	한기호	고지거부 및 등록제외사항	장남		고지거부	0	0		0		0	독립생계유지
202603	5234	JQA21112	국회의원	국회	국회의원	한기호	고지거부 및 등록제외사항	손자1		고지거부	0	0		0		0	독립생계유지
202603	5235	JQA21112	국회의원	국회	국회의원	한기호	고지거부 및 등록제외사항	손자2		고지거부	0	0		0		0	독립생계유지
202603	5236	8JG4358H	국회의원	국회	국회의원	한민수	건물	배우자	아파트(전세(임차)권)	서울특별시 강북구 미아동 SK북한산시티아파트 건물114.85㎡	500000	0		0		500000	
202603	5237	8JG4358H	국회의원	국회	국회의원	한민수	부동산에 관한 규정이 준용되는 권리와 자동차·건설기계·선박 및 항공기	배우자	자동차	2013년식 쏘렌토 배기량(1,955cc)	8970	0		0		8970	
202603	5238	8JG4358H	국회의원	국회	국회의원	한민수	예금	본인		(주)KEB하나은행 11, KB라이프생명보험 39,499, KB증권278,072(187,253 증가), 국민은행 2,641(2,763 감소),농협은행 16,107(7,939 증가), 삼성생명보험 30,951(13,829 감소), 에이비엘생명보험 2,754(9,762감소), 우리은행 27,020, 중소기업은행 5	228222	195192		26354		397060	급여저축 및 생활비 지출
202603	5239	8JG4358H	국회의원	국회	국회의원	한민수	예금	배우자		KB라이프생명보험 21,268(588 증가), 미래에셋증권 2, 삼성생명보험 32,961(14,539 감소), 삼성증권 168,188(66,663 증가), 새마을금고중앙회 1, 우리은행10,592(1,792 증가), 주식회사 카카오뱅크 101,한국투자증권 22, 흥국생명보험 0(3,192 감소)	181823	69043		17731		233135	급여저축 및 생활비 지출
202603	5240	8JG4358H	국회의원	국회	국회의원	한민수	예금	장남		(주)KEB하나은행 0(184 감소), 국민은행 1, 미래에셋증권5,175(3,632 감소), 삼성증권 117(97 증가), 신한은행1,973(1,299 감소), 우리은행 8,940(1,100 증가),중소기업은행 8(8 증가)	20124	1205		5115		16214	급여저축 및 생활비 지출
202603	5241	8JG4358H	국회의원	국회	국회의원	한민수	예금	장녀		(주)KEB하나은행 15, 라이나생명보험 0(30 감소),삼성증권 7,634(376 증가), 주식회사 카카오뱅크 3,토스뱅크(주) 17(412 감소)	7735	376		442		7669	급여저축 및 생활비 지출
202603	5242	8JG4358H	국회의원	국회	국회의원	한민수	예금	차녀		(주)KEB하나은행 14, 라이나생명보험 0(517 감소),삼성증권 9,877(209 감소), 우리은행 9,759(1,074 증가)	19302	1747		1399		19650	급여저축 및 생활비 지출
202603	5243	8JG4358H	국회의원	국회	국회의원	한민수	정치자금법에 따른 정치자금의 수입 및 지출을 위한 예금계좌의 예금	본인		농협은행 250,432(149,481 증가)	100951	149481		0		250432	후원금 증가
202603	5244	8JG4358H	국회의원	국회	국회의원	한민수	증권	배우자	상장주식	C3.ai 215주(100주 증가), 로켓랩 67주(67주 증가), 마이크로스트래티지 82주(22주 증가), 테슬라 258주(9주 증가), 팔란티어테크놀로지스 13주(13주 증가),한미반도체 127주	195947	31294		10114		217127	투자 및 저축
202603	5245	8JG4358H	국회의원	국회	국회의원	한민수	증권	장남	상장주식	C3AI 45주(45주 증가), KG이니시스 0주(17주 감소), 로켓랩 4주(4주 증가), 버크셔해서웨이ClassB 0.004주, 삼성전자 0주(10주 감소), 샤오펑ADR 1주(55주 감소), 서울바이오시스 0주(43주 감소), 세바 164주(164주 증가), 세종메디칼 84주, 씨아이에스 64주, 아이빔테크놀로지 0주(69주 감소), 아이온큐 200주(66주 감소), 알파벳ClassA 0.0005주, 에스바이오메딕스 112주, 에코프로 3주(3주 증가), 엔비디아 45주(7주 감소), 이아이디 0주(504주 감소), 이엔셀 56주, 이화전기 0주(1주 감소), 컴투스 0주(6주 감소), 한국항공우주3주(3주 증가)	33110	11111		6573		37648	투자 및 저축
202603	5246	8JG4358H	국회의원	국회	국회의원	한민수	증권	장남	비상장주식	이아이디 406주(406주 증가)	0	20		0		20	투자 및 저축
202603	5247	8JG4358H	국회의원	국회	국회의원	한민수	증권	차녀	상장주식	마이크로스트래티지 16주	7125	0		3553		3572	투자 및 저축
202603	5248	8JG4358H	국회의원	국회	국회의원	한민수	가상자산	장남		에이피이앤에프티 0개(0.00006561개 감소)	0	0		0		0	계좌해지
202603	5249	H5476989	국회의원	국회	국회의원	한병도	토지	본인	대지	전북특별자치도 익산시 신용동 376-124번지 11.00㎡	1214	22		0		1236	공시지가 변동
202603	5250	H5476989	국회의원	국회	국회의원	한병도	토지	본인	도로	전북특별자치도 익산시 신용동 376-125번지 1.00㎡	56	1		0		57	공시지가 변동
202603	5251	H5476989	국회의원	국회	국회의원	한병도	건물	본인	단독주택	전북특별자치도 익산시 신용동 대지 388.00㎡ 건물219.78㎡	200000	1000		0		201000	공시가격 변동
202603	5252	H5476989	국회의원	국회	국회의원	한병도	건물	본인	오피스텔(전세(임차)권)	서울특별시 용산구 한강로1가 용산파크자이 건물 42.99㎡	10000	0		0		10000	변동 없음
202603	5253	H5476989	국회의원	국회	국회의원	한병도	건물	본인	사무실(전세(임차)권)	전북특별자치도 익산시 영등동 2층 건물 119.88㎡	20000	0		0		20000	변동 없음
202603	5254	H5476989	국회의원	국회	국회의원	한병도	부동산에 관한 규정이 준용되는 권리와 자동차·건설기계·선박 및 항공기	배우자	자동차	2025년식 셀토스 배기량(1,598cc)	26631	0		6197		20434	가액 변동
202603	5255	H5476989	국회의원	국회	국회의원	한병도	부동산에 관한 규정이 준용되는 권리와 자동차·건설기계·선박 및 항공기	차남	자동차	2025년식 셀토스 배기량(1,598cc)	269	0		63		206	가액 변동
202603	5256	H5476989	국회의원	국회	국회의원	한병도	예금	본인		농협은행 349,988(175,613 감소), 삼성화재해상보험 0(11,108 감소), 신용협동조합중앙회 신용공제사업부2,856	539565	334437		521158		352844	급여 저축과 생활비 지출 및 증여로 변동
202603	5257	H5476989	국회의원	국회	국회의원	한병도	예금	배우자		(주)KB손해보험 801(420 증가), (주)KEB하나은행 2,470(2,470 증가), KB증권 153(37 증가), 교보생명보험73,368(1,848 증가), 국민은행 1,077(61,423 감소),농협은행 31,645(10,610 증가), 농협중앙회 19(19 증가),대신증권 2, 미래에셋생명보험 4,872, 미래에셋증권 4, 삼성생명보험 6,130(316 증가), 새마을금고중앙회 70,083(29,797 감소), 신용협동조합중앙회 39,020, 신용협동조합중앙회 신용공제사업부 2,256, 우체국 22,302(2,974 증가), 전북은행 5(25 감소), 한국투자증권446,242(369,837 증가), 흥국생명보험 61,835(6,486증가)	458512	520220		216448		762284	급여 저축과 생활비 지출 및 증여로 변동
202603	5258	H5476989	국회의원	국회	국회의원	한병도	예금	차남		(주)KEB하나은행 14(16 감소), 신용협동조합중앙회422(375 증가)	77	375		16		436	급여 저축과 생활비 지출 및 증여로 변동
202603	5259	H5476989	국회의원	국회	국회의원	한병도	정치자금법에 따른 정치자금의 수입 및 지출을 위한 예금계좌의 예금	본인		농협중앙회 182,396(108,180 증가)	74216	108180		0		182396	후원금 증가로 인한 변동
202603	5260	H5476989	국회의원	국회	국회의원	한병도	증권	배우자	상장주식	CJENM 20주, KB금융 10주, LG디스플레이 5주, LG에너지솔루션 1주, LG전자우 30주, SK바이오사이언스 2주, [000063]ZTE 100주, 롯데렌탈 4주, 리파인 45주, 삼성전자 30주, 삼성전자우 38주, 알리바바그룹홀딩스 100주, 카카오뱅크 5주, 플래티어 1주, 현대중공업 3주,현대차 20주	15184	8040		65		23159	평가액 변동
202603	5261	H5476989	국회의원	국회	국회의원	한병도	고지거부 및 등록제외사항	장남		고지거부	63242	0		63242		0	독립생계유지
202603	5262	XPP2564T	국회의원	국회	국회의원	한정애	건물	본인	아파트(전세(임차)권)	서울특별시 강서구 화곡동 그랜드아이파크 건물 130.17㎡	800000	0		0		800000	변동 없음
202603	5263	XPP2564T	국회의원	국회	국회의원	한정애	부동산에 관한 규정이 준용되는 권리와 자동차·건설기계·선박 및 항공기	배우자	자동차	2018년식 G70 배기량(1,998cc)	11780	0		1856		9924	가액변동
202603	5264	XPP2564T	국회의원	국회	국회의원	한정애	예금	본인		농협생명보험 56,100, 농협은행 16,415(5,622 감소),미래에셋증권 13, 삼성생명보험 4,488, 새마을금고중앙회54,074(1,984 증가), 신한은행 240,989(58,826 증가)	316891	112922		57734		372079	급여저축 및 생활비 지출 등
202603	5265	XPP2564T	국회의원	국회	국회의원	한정애	예금	배우자		농협은행 27(27 증가), 메리츠화재해상보험(보험) 8,080(480 증가), 미래에셋증권 4, 삼성증권 164(4 증가), 삼성화재해상보험 6,751(814 증가), 신한은행 17,035(2,098 증가), 현대해상화재보험 12,327(29,673감소)	70638	4685		30935		44388	급여저축 및 생활비 지출 등
202603	5266	XPP2564T	국회의원	국회	국회의원	한정애	정치자금법에 따른 정치자금의 수입 및 지출을 위한 예금계좌의 예금	본인		농협은행 181,357(9,876 감소)	191233	0		9876		181357	정치자금 지출로 인하여 감소
202603	5267	XPP2564T	국회의원	국회	국회의원	한정애	증권	본인	상장주식	광명전기 150주	232	0		47		185	주식 평가액 변동
202603	5268	XPP2564T	국회의원	국회	국회의원	한정애	증권	본인	비상장주식	(주)매일노동뉴스 600주	3000	0		0		3000	주식 평가액 변동
202603	5269	XPP2564T	국회의원	국회	국회의원	한정애	증권	배우자	상장주식	IHQ 182주	1958	0		0		1958	주식 평가액 변동
202603	5270	BCQ55105	국회의원	국회	국회의원	한준호	토지	배우자	과수원	제주특별자치도 제주시 도두이동 283번지 2,329.00㎡ 중776.33㎡	160390	0		1087		159303	공시지가변동
202603	5271	BCQ55105	국회의원	국회	국회의원	한준호	토지	배우자	과수원	제주특별자치도 제주시 도두이동 284번지 1,597.00㎡ 중532.33㎡	109979	0		745		109234	공시지가변동
202603	5272	BCQ55105	국회의원	국회	국회의원	한준호	토지	배우자	도로	제주특별자치도 제주시 도두이동 283-1번지 28.00㎡ 중9.33㎡	0	0		0		0	가액변동없음
202603	5273	BCQ55105	국회의원	국회	국회의원	한준호	토지	배우자	도로	제주특별자치도 제주시 도두이동 284-1번지 6.00㎡ 중2.00㎡	0	0		0		0	가액변동없음
202603	5274	BCQ55105	국회의원	국회	국회의원	한준호	건물	배우자	아파트	경기도 고양시 일산서구 탄현동 건물 122.20㎡	201000	0		0		201000	가액변동없음
202603	5275	BCQ55105	국회의원	국회	국회의원	한준호	건물	배우자	창고	제주특별자치도 제주시 도두이동 건물 33.75㎡ 중 11.25㎡	405	0		287		118	가액변동
202603	5276	BCQ55105	국회의원	국회	국회의원	한준호	건물	배우자	창고	제주특별자치도 제주시 도두이동 건물 49.80㎡ 중 16.60㎡	4830	0		3412		1418	가액변동
202603	5277	BCQ55105	국회의원	국회	국회의원	한준호	건물	장녀	아파트(전세(임차)권)	경기도 고양시 덕양구 행신동 소만마을7단지아파트 건물0.00㎡ (건물 59.04㎡ 감소)	10000	0		10000		0	계약만료
202603	5278	BCQ55105	국회의원	국회	국회의원	한준호	부동산에 관한 규정이 준용되는 권리와 자동차·건설기계·선박 및 항공기	배우자	자동차	2018년식 모닝 배기량(998cc)	3632	0		0		3632	가액변동없음
202603	5279	BCQ55105	국회의원	국회	국회의원	한준호	예금	본인		(주)KEB하나은행 4,798(564 증가), 농협은행 3,589(989증가), 삼성생명보험 48,431(2,349 증가), 삼성증권 53,중소기업은행 647(32 증가)	53584	4004		70		57518	급여저축 및 생활비 지출
202603	5280	BCQ55105	국회의원	국회	국회의원	한준호	예금	배우자		(주)KEB하나은행 13, (주)카카오페이증권 0(56 감소), AIA생명보험주식회사 1,935(277 증가), 농협은행 7,568(6,227 증가), 농협중앙회 2,558(132 증가),동양생명보험 26,729(1,933 증가),메리츠화재해상보험(보험) 16,642(2,075 증가), 신한라이프생명보험 0(5,952 감소), 악사(AXA)손해보험 0(334 감소), 주식회사 카카오뱅크 1,566(634 증가),중소기업은행 2,878(1,002 증가), 토스뱅크(주) 187(187 증가), 토스증권(주) 6,530(6,530 증가),  하나손해보험(주) 306(131 증가), 한국교직원공제회 175,272(26,324 증가), 한화생명보험주식회사 26,785,한화손해보험 712(712 증가)	229859	46208		6386		269681	급여저축 및 생활비 지출
202603	5281	BCQ55105	국회의원	국회	국회의원	한준호	예금	장남		(주)KEB하나은행 50, (주)카카오페이증권 4(3 증가),국민은행 4,213(3,613 증가), 농협은행 6,200(900 증가),농협중앙회 38(900 감소), 주식회사 카카오뱅크 0(169 감소), 중소기업은행 3,600(3,000 증가), 토스뱅크(주) 34(34 증가), 토스증권(주) 2(2 증가)	7658	7552		1069		14141	급여저축 및 생활비 지출
202603	5282	BCQ55105	국회의원	국회	국회의원	한준호	예금	차남		농협은행 6,500(1,200 증가), 농협중앙회 3,623(450 증가)	8473	1650		0		10123	급여저축 및 생활비 지출
202603	5283	BCQ55105	국회의원	국회	국회의원	한준호	예금	장녀		(주)KEB하나은행 50, 농협은행 6,500(1,200 증가),농협중앙회 679(1,200 감소), 주식회사 카카오뱅크 76(50 증가)	7255	1273		1223		7305	급여저축 및 생활비 지출
202603	5284	BCQ55105	국회의원	국회	국회의원	한준호	정치자금법에 따른 정치자금의 수입 및 지출을 위한 예금계좌의 예금	본인		농협은행 136,990(74,822 증가)	62168	74822		0		136990	후원금 증가
202603	5285	BCQ55105	국회의원	국회	국회의원	한준호	채권	본인		사인간채권	50000	0		0		50000	만기일 미도래
202603	5286	BCQ55105	국회의원	국회	국회의원	한준호	채무	본인	금융채무	농협은행 23,131(13,739 감소)	36870	0		13739		23131	예금 및 월급으로 상환
202603	5287	BCQ55105	국회의원	국회	국회의원	한준호	채무	배우자	금융채무	공무원연금공단 56,589(6,000 감소), 농협은행 85,470(9,240 감소), 한국교직원공제회 90,000(28,235감소)	275534	0		43475		232059	예금 및 월급으로 상환
202603	5288	BCQ55105	국회의원	국회	국회의원	한준호	고지거부 및 등록제외사항	부		고지거부	0	0		0		0	독립생계유지
202603	5289	Q918403D	국회의원	국회	국회의원	한지아	토지	배우자	임야	전북특별자치도 김제시 금구면 선암리 산 137-1번지23,839.00㎡ 중 5,959.75㎡	34924	476		0		35400	가액변동
202603	5290	Q918403D	국회의원	국회	국회의원	한지아	토지	배우자	임야	전북특별자치도 김제시 만경읍 송상리 203-4번지 674.00㎡중 337.00㎡	3252	43		0		3295	가액변동
202603	5291	Q918403D	국회의원	국회	국회의원	한지아	건물	본인	근린생활시설	서울특별시 양천구 신정동 대지 392.00㎡ 중 98.00㎡ 건물234.27㎡ 중 58.56㎡	413896	8153		0		422049	가액변동
202603	5292	Q918403D	국회의원	국회	국회의원	한지아	건물	본인	아파트	서울특별시 서초구 서초동 삼풍아파트 건물 163.81㎡ 중81.90㎡	1263500	50000		0		1313500	가액변동
202603	5293	Q918403D	국회의원	국회	국회의원	한지아	건물	본인	근린생활시설	서울특별시 서초구 서초동 대지 47.04㎡ 중 23.52㎡ 건물224.94㎡ 중 112.47㎡ (대지 지분면적 23.52㎡ 증가, 건물 지분면적 112.47㎡ 증가)	0	1275000	1275000	0		1275000	신규매입
202603	5294	Q918403D	국회의원	국회	국회의원	한지아	건물	배우자	아파트	서울특별시 서초구 서초동 삼풍아파트 건물 163.81㎡ 중81.90㎡	1263500	50000		0		1313500	가액변동
202603	5295	Q918403D	국회의원	국회	국회의원	한지아	건물	배우자	근린생활시설	서울특별시 서초구 서초동 대지 47.04㎡ 중 23.52㎡ 건물224.94㎡ 중 112.47㎡ (대지 지분면적 23.52㎡ 증가, 건물 지분면적 112.47㎡ 증가)	0	1275000	1275000	0		1275000	신규매입
202603	5296	Q918403D	국회의원	국회	국회의원	한지아	부동산에 관한 규정이 준용되는 권리와 자동차·건설기계·선박 및 항공기	배우자	자동차	2025년식 G80 배기량(2,497cc)	65894	0		12104		53790	가액변동
202603	5297	Q918403D	국회의원	국회	국회의원	한지아	예금	본인		(주)카카오페이증권 234(234 증가), 농협은행 4,599(866 감소), 메리츠화재해상보험(보험) 7,763(856 증가), 신한은행 1,724(13,017 감소), 우리은행157,810(1,273,369 감소), 중소기업은행 242(1 증가)	1458533	143404		1429565		172372	급여 저축 및 생활비 지출 등
202603	5298	Q918403D	국회의원	국회	국회의원	한지아	예금	배우자		(주)KB손해보험 59,364(3,958 증가), SBI저축은행 44,000, 메리츠화재해상보험(보험) 10,275(937 증가), 삼성증권 25,257(153,515 감소), 신용협동조합중앙회 4,440(360 증가), 우리은행 603,983(417,515 감소),한국교직원공제회 159,076(24,635 증가)	1447535	640891		1182031		906395	급여 저축 및 생활비 지출 등
202603	5299	Q918403D	국회의원	국회	국회의원	한지아	예금	장남		(주)KEB하나은행 14,569, 삼성증권 238(495 감소),신한은행 580, 토스뱅크(주) 418(418 증가)	15882	418		495		15805	급여 저축 및 생활비 지출 등
202603	5300	Q918403D	국회의원	국회	국회의원	한지아	예금	장녀		(주)KEB하나은행 13,904, 국민은행 18(18 증가), 삼성증권846(108 증가), 신한은행 1,743(1 증가), 토스뱅크(주)586(586 증가)	16384	713		0		17097	급여 저축 및 생활비 지출 등
202603	5301	Q918403D	국회의원	국회	국회의원	한지아	정치자금법에 따른 정치자금의 수입 및 지출을 위한 예금계좌의 예금	본인		농협은행 53,251(21,921 증가)	31330	21921		0		53251	정치 후원금 증가
202603	5302	Q918403D	국회의원	국회	국회의원	한지아	증권	배우자	상장주식	LG에너지솔루션 10주, LG화학 25주, 마이크로소프트 4주, 메타플랫폼스 37주, 버진갤럭틱홀딩스 2주, 애플 20주(20주 증가), 엔비디아 220주(100주 증가), 테슬라18주, 한화갤러리아 304주, 한화갤러리아우 2주, 한화솔루션 269주, 한화솔루션우 1주, 현대차2우B 10주	85945	52795		8		138732	매매 및 평가액 변동
202603	5303	Q918403D	국회의원	국회	국회의원	한지아	증권	장남	상장주식	마이크로소프트 20주, 애플 2주(2주 증가), 엔비디아400주, 월트디즈니 19주, 텔라닥헬스 19주	96688	29113		70		125731	매매 및 평가액 변동
202603	5304	Q918403D	국회의원	국회	국회의원	한지아	증권	장녀	상장주식	마이크로소프트 20주, 엔비디아 400주, 월트디즈니 19주,텔라닥헬스 19주	96688	28330		70		124948	매매 및 평가액 변동
202603	5305	Q918403D	국회의원	국회	국회의원	한지아	채무	본인	건물임대채무	서울특별시 서초구 서초동 임대보증금 증가	0	50000		0		50000	신규추가
202603	5306	Q918403D	국회의원	국회	국회의원	한지아	채무	본인	건물임대채무	서울특별시 양천구 신정동 임대보증금	16250	0		0		16250	변동없음
202603	5307	Q918403D	국회의원	국회	국회의원	한지아	채무	배우자	금융채무	우리은행 532,000(532,000 증가)	0	532000		0		532000	근린생활시설 매입
202603	5308	Q918403D	국회의원	국회	국회의원	한지아	채무	배우자	건물임대채무	서울특별시 서초구 서초동 임대보증금 증가	0	50000		0		50000	신규추가
202603	5309	Q918403D	국회의원	국회	국회의원	한지아	고지거부 및 등록제외사항	부		고지거부	0	0		0		0	독립생계유지
202603	5310	Q918403D	국회의원	국회	국회의원	한지아	고지거부 및 등록제외사항	모		고지거부	0	0		0		0	독립생계유지
202603	5311	T4I4862D	국회의원	국회	국회의원	한창민	건물	배우자	아파트	대전광역시 동구 용운동 삼정하이츠타운 건물 72.42㎡	83800	0		700		83100	가액변동
202603	5312	T4I4862D	국회의원	국회	국회의원	한창민	건물	배우자	복합건물(주택+ 상가)(전세(임차)권)	대전광역시 동구 성남동 건물 148.83㎡	30000	0		0		30000	변동사항 없음
202603	5313	T4I4862D	국회의원	국회	국회의원	한창민	예금	본인		(주)KEB하나은행 17,176(9,624 증가), 국민은행 928(383증가), 농협은행 19,778(1,868 감소), 농협중앙회 1,삼성화재해상보험 6,072(742 증가), 우리은행 9, 우체국0(49 감소)	35132	14957		6125		43964	급여 등 수입의 증가 및 생활비 등 지출의 증가, 예금 및 보험의 신규 가입 및 기존 계약 철회
202603	5314	T4I4862D	국회의원	국회	국회의원	한창민	예금	배우자		(주)KB손해보험 400(2,350 감소), (주)KEB하나은행 31,241(7,706 증가), DB손해보험(주) 12,780(2,012증가), 농협은행 1, 롯데손해보험 32,151(5,945 증가),메리츠화재해상보험(보험) 2,056(188 증가)	65128	16251		2750		78629	급여 등 수입의 증가 및 생활비 등 지출의 증가, 예금 및 보험의 신규 가입 및 기존 계약 철회
202603	5315	T4I4862D	국회의원	국회	국회의원	한창민	예금	모		농협중앙회 3, 새마을금고중앙회 5,584(5,449 증가),우체국 841(1 증가)	978	5450		0		6428	급여 등 수입의 증가 및 생활비 등 지출의 증가, 예금 및 보험의 신규 가입 및 기존 계약 철회
202603	5316	T4I4862D	국회의원	국회	국회의원	한창민	정치자금법에 따른 정치자금의 수입 및 지출을 위한 예금계좌의 예금	본인		농협은행 181,055(73,803 증가)	107252	73803		0		181055	정치후원금으로 인한 정치자금 증가
202603	5317	T4I4862D	국회의원	국회	국회의원	한창민	채무	본인	금융채무	(주)KEB하나은행 8,436(10,681 감소), 농협은행 50,000	69117	0		10681		58436	금융채무 상환
202603	5318	T4I4862D	국회의원	국회	국회의원	한창민	채무	배우자	금융채무	(주)KEB하나은행 141,859(32,418 감소), 메리츠캐피탈 9,272(9,272 증가), 메리츠화재해상보험(보험) 1,000	175277	9272		32418		152131	금융채무 상환 및 신규 금융채무 설정
202603	5319	HHB5652A	국회의원	국회	국회의원	허성무	토지	본인	전	경상남도 창원시 마산합포구 진전면 양촌리 693번지387.00㎡	32353	194		0		32547	
202603	5320	HHB5652A	국회의원	국회	국회의원	허성무	건물	본인	아파트(전세(임차)권)	서울특별시 마포구 상암동 상암 월드컵파크 4단지 건물441.16㎡	680000	0		0		680000	
202603	5321	HHB5652A	국회의원	국회	국회의원	허성무	건물	본인	아파트	경상남도 창원시 성산구 상남동 대동아파트 건물 132.18㎡	317000	0		4000		313000	
202603	5322	HHB5652A	국회의원	국회	국회의원	허성무	건물	본인	근린생활시설	경상남도 창원시 성산구 상남동 상남프라자 대지 65.70㎡건물 297.53㎡	444252	0		5858		438394	
202603	5323	HHB5652A	국회의원	국회	국회의원	허성무	건물	본인	교육연구 및복지시설	경상남도 창원시 성산구 상남동 상남프라자 대지 65.70㎡건물 297.53㎡	424735	0		5160		419575	
202603	5324	HHB5652A	국회의원	국회	국회의원	허성무	건물	본인	근린생활시설	경상남도 창원시 성산구 상남동 상남프라자 대지 65.70㎡건물 297.53㎡	427802	0		5160		422642	
202603	5325	HHB5652A	국회의원	국회	국회의원	허성무	부동산에 관한 규정이 준용되는 권리와 자동차·건설기계·선박 및 항공기	본인	자동차	2015년식 아슬란G300 배기량(2,999cc)	696	5504		0		6200	
202603	5326	HHB5652A	국회의원	국회	국회의원	허성무	부동산에 관한 규정이 준용되는 권리와 자동차·건설기계·선박 및 항공기	장남	자동차	2020년식 QM6 배기량(1,997cc)	1375	10505		0		11880	
202603	5327	HHB5652A	국회의원	국회	국회의원	허성무	예금	본인		(주)KB손해보험 48,697(42,231 감소), (주)KEB하나은행 206,969(1,861 증가), AIA생명보험주식회사 27,976,DB생명보험(주) 7,116(5,136 감소), 경남은행 37(24증가), 국민은행 107, 농협은행 7,602(1,590 감소), 농협중앙회 1,234(1,234 증가), 신한라이프생명보험 57,782(63,284 감소), 신한은행 160,797(104,734 증가),에이비엘생명보험 6,000(6,000 증가), 하나증권 4,한국투자증권 1	522710	115683		114071		524322	급여저축 및 생활비 지출 등
202603	5328	HHB5652A	국회의원	국회	국회의원	허성무	예금	배우자		(주)KEB하나은행 124,749(47,682 증가),BNP파리바카디프생명보험 0(20,000 감소), 경남은행 274(200 감소), 농협생명보험 5,206, 새마을금고중앙회20,000(20,000 감소), 신용협동조합중앙회 30,105(1 증가), 에이비엘생명보험 50,000, 주식회사 아이엠라이프생명보험 30,000, 하나증권 14,782(14,734증가), 현대해상화재보험 6,968(1,178 증가)	258689	183913		160518		282084	급여저축 및 생활비 지출 등
202603	5329	HHB5652A	국회의원	국회	국회의원	허성무	예금	장남		(주)KB손해보험 0(430 감소), (주)KEB하나은행 5,000,경남은행 2, 농협은행 23,809(7,919 증가), 주식회사카카오뱅크 12,584(7,584 증가), 토스뱅크(주) 10(590 감소), 토스증권(주) 303(1,212 감소)	28437	20994		7723		41708	급여저축 및 생활비 지출 등
202603	5330	HHB5652A	국회의원	국회	국회의원	허성무	예금	장녀		(주)KEB하나은행 1,000(2 감소), 경남은행 0(225 감소),국민은행 6,003(423 증가), 주식회사 카카오뱅크 100(745감소), 케이뱅크 1, 토스뱅크(주) 308(8 증가),한화손해보험 0(11,400 감소)	19353	771		12712		7412	급여저축 및 생활비 지출 등
202603	5331	HHB5652A	국회의원	국회	국회의원	허성무	정치자금법에 따른 정치자금의 수입 및 지출을 위한 예금계좌의 예금	본인		경남은행 184,664(118,978 증가)	65686	118978		0		184664	정치자금 후원금 입금으로 인한 증가
202603	5332	HHB5652A	국회의원	국회	국회의원	허성무	증권	배우자	상장주식	DGB금융지주 0주(410주 감소), GS우 130주(130주 증가), LG화학 0주(4주 감소), 기업은행 455주(153주 감소), 삼성전자 0주(180주 감소), 현대차우 20주(20주 증가)	22641	19905		22641		19905	매매
202603	5333	HHB5652A	국회의원	국회	국회의원	허성무	채무	본인	금융채무	신한은행 300,000	300000	0		0		300000	
202603	5334	HHB5652A	국회의원	국회	국회의원	허성무	채무	본인	건물임대채무	경상남도 창원시 성산구 상남동 상남프라자 3건임대보증금	180000	0		0		180000	
202603	5335	HHB5652A	국회의원	국회	국회의원	허성무	가상자산	장남		가스 0.00283259개, 에이피이앤에프티112,066.29807692개	0	0		0		0	변동 없음
202603	5336	FU53642G	국회의원	국회	국회의원	허영	토지	본인	대지	강원특별자치도 춘천시 조양동 6-392번지 11.00㎡ 중5.50㎡	1785	0		0		1785	가액변동 없음
202603	5337	FU53642G	국회의원	국회	국회의원	허영	토지	배우자	대지	강원특별자치도 춘천시 조양동 6-392번지 11.00㎡ 중5.50㎡	1785	0		0		1785	가액변동 없음
202603	5338	FU53642G	국회의원	국회	국회의원	허영	토지	부	대지	강원특별자치도 양구군 양구읍 상리 206-91번지 216.00㎡	102889	1392		0		104281	가액변동
202603	5339	FU53642G	국회의원	국회	국회의원	허영	토지	부	대지	강원특별자치도 양구군 양구읍 상리 605-11번지 188.40㎡	45687	1017		0		46704	가액변동
202603	5340	FU53642G	국회의원	국회	국회의원	허영	토지	부	대지	강원특별자치도 양구군 양구읍 상리 605-12번지 263.00㎡	65776	1446		0		67222	가액변동
202603	5341	FU53642G	국회의원	국회	국회의원	허영	토지	부	대지	강원특별자치도 양구군 양구읍 상리 605-17번지 262.60㎡	65676	1444		0		67120	가액변동
202603	5342	FU53642G	국회의원	국회	국회의원	허영	건물	본인	근린생활시설(전세(임차)권)	강원특별자치도 춘천시 퇴계동 동 소재지 2층우측(도로기준) 건물 154.00㎡	20000	0		0		20000	변동 없음
202603	5343	FU53642G	국회의원	국회	국회의원	허영	건물	본인	복합건물(주택+상가)	강원특별자치도 춘천시 조양동 대지 253.00㎡ 중 126.50㎡건물 457.10㎡ 중 228.55㎡	593215	0		0		593215	가액변동 없음
202603	5344	FU53642G	국회의원	국회	국회의원	허영	건물	배우자	복합건물(주택+상가)	강원특별자치도 춘천시 조양동 대지 253.00㎡ 중 126.50㎡건물 457.10㎡ 중 228.55㎡	593215	0		0		593215	가액변동 없음
202603	5345	FU53642G	국회의원	국회	국회의원	허영	건물	모	단독주택	강원특별자치도 양구군 양구읍 상리 건물 194.35㎡	58110	0		3392		54718	가액변동
202603	5346	FU53642G	국회의원	국회	국회의원	허영	부동산에 관한 규정이 준용되는 권리와 자동차·건설기계·선박 및 항공기	본인	자동차	2013년식 K3 배기량(1,591cc)	1150	0		25		1125	가액변동
202603	5347	FU53642G	국회의원	국회	국회의원	허영	부동산에 관한 규정이 준용되는 권리와 자동차·건설기계·선박 및 항공기	본인	자동차	2022년식 GV70 배기량(2,497cc)	409	0		64		345	가액변동
202603	5348	FU53642G	국회의원	국회	국회의원	허영	부동산에 관한 규정이 준용되는 권리와 자동차·건설기계·선박 및 항공기	배우자	자동차	2013년식 K3 배기량(1,591cc)	1120	5		0		1125	가액변동
202603	5349	FU53642G	국회의원	국회	국회의원	허영	부동산에 관한 규정이 준용되는 권리와 자동차·건설기계·선박 및 항공기	배우자	자동차	2022년식 GV70 배기량(2,497cc)	40481	0		6277		34204	가액변동
202603	5350	FU53642G	국회의원	국회	국회의원	허영	예금	본인		(주)KB손해보험 1,375(300 증가), (주)KEB하나은행 22,농협은행 7,026(8,834 감소), 삼성생명보험 60,603(2,950증가), 신용협동조합중앙회 70, 신한은행 21, 주식회사카카오뱅크 35(60 감소), 케이디비생명보험 16,550(1,602 증가)	89744	5109		9151		85702	급여저축 및 생활자금 변동
202603	5351	FU53642G	국회의원	국회	국회의원	허영	예금	배우자		DB손해보험(주) 0(1,014 감소), MG손해보험(주) 0(8,182 감소), 교보생명보험 9,940(954 증가), 롯데손해보험 326(301 증가), 메리츠화재해상보험(보험) 1,015(554증가), 미래에셋증권 6, 삼성생명보험 50,923(2,272감소), 삼성증권 33, 새마을금고중앙회 41(4,212 감소),신용협동조합중앙회 70,066(5,543 감소), 신한라이프생명보험 78,662(6,089 증가), 신한은행 4,790(14,980 감소), 신한투자증권 15, 예별손해보험9,036(9,036 증가), 주식회사 카카오뱅크 166(166 증가), 한화생명보험주식회사 27,612(5,526 증가), 흥국생명보험 22,475(1,595 증가), 흥국화재해상보험(주) 0(3,564감소)	290652	45276		60822		275106	급여저축 및 생활자금 변동
202603	5352	FU53642G	국회의원	국회	국회의원	허영	예금	부		농협은행 4,743(1,806 증가), 농협중앙회 44,135(1,643증가), 새마을금고중앙회 3,236(80 증가)	48585	46021		42492		52114	급여저축 및 생활자금 변동
202603	5353	FU53642G	국회의원	국회	국회의원	허영	예금	모		농협손해보험 400(400 증가), 농협중앙회 143,835(4,013 감소), 산림조합중앙회 40,000, 삼성화재해상보험 8,107(1,308 증가), 새마을금고중앙회 3,238(79 증가),신용협동조합중앙회 99(4 증가), 우체국 22,439(1,002감소)	221342	179476		182700		218118	급여저축 및 생활자금 변동
202603	5354	FU53642G	국회의원	국회	국회의원	허영	예금	장남		롯데손해보험 1,656(1,429 증가), 신한은행 7(458 감소)	692	1429		458		1663	급여저축 및 생활자금 변동
202603	5355	FU53642G	국회의원	국회	국회의원	허영	예금	장녀		농협중앙회 123(123 증가), 스탠다드차타드은행 18,신한은행 320, 한화손해보험 1,490(1,280 증가)	548	1403		0		1951	급여저축 및 생활자금 변동
202603	5356	FU53642G	국회의원	국회	국회의원	허영	정치자금법에 따른 정치자금의 수입 및 지출을 위한 예금계좌의 예금	본인		농협은행 208,464(84,275 증가)	124189	84275		0		208464	후원금 변동
202603	5357	FU53642G	국회의원	국회	국회의원	허영	증권	배우자	상장주식	흥국화재 37주	135	0		3		132	평가액 변동
202603	5358	FU53642G	국회의원	국회	국회의원	허영	채권	본인		사인간채권	65080	0		0		65080	변동 없음
202603	5359	FU53642G	국회의원	국회	국회의원	허영	채무	본인	건물임대채무	강원특별자치도 춘천시 조양동 임대보증금	159500	5000		5000		159500	임대차 계약 변경
202603	5360	FU53642G	국회의원	국회	국회의원	허영	채무	배우자	금융채무	새마을금고중앙회 400,000, 신한라이프생명보험1,000(1,000 증가)	400000	1000		0		401000	생활자금
202603	5361	FU53642G	국회의원	국회	국회의원	허영	채무	배우자	건물임대채무	강원특별자치도 춘천시 조양동 임대보증금	159500	5000		5000		159500	임대차 계약 변경
202603	5362	VCP96419	국회의원	국회	국회의원	허종식	토지	모	전	전라남도 완도군 군외면 당인리 15-5번지 84.00㎡	490	4		0		494	
202603	5363	VCP96419	국회의원	국회	국회의원	허종식	토지	모	전	전라남도 완도군 군외면 당인리 15-6번지 208.00㎡	1214	11		0		1225	
202603	5364	VCP96419	국회의원	국회	국회의원	허종식	토지	모	전	전라남도 완도군 군외면 당인리 92-6번지 1,415.00㎡	9706	71		0		9777	
202603	5365	VCP96419	국회의원	국회	국회의원	허종식	건물	본인	아파트	인천광역시 미추홀구 주안동 휴먼빌아파트 건물 84.97㎡	159000	2000		0		161000	
202603	5366	VCP96419	국회의원	국회	국회의원	허종식	건물	모	단독주택	전라남도 완도군 군외면 당인리 대지 298.00㎡ 건물103.10㎡	10000	500		0		10500	
202603	5367	VCP96419	국회의원	국회	국회의원	허종식	부동산에 관한 규정이 준용되는 권리와 자동차·건설기계·선박 및 항공기	본인	자동차	2009년식 NF소나타 배기량(1,997cc)	2390	0		420		1970	
202603	5368	VCP96419	국회의원	국회	국회의원	허종식	부동산에 관한 규정이 준용되는 권리와 자동차·건설기계·선박 및 항공기	본인	자동차	2019년식 코란도 배기량(1,497cc)	9850	0		1260		8590	
202603	5369	VCP96419	국회의원	국회	국회의원	허종식	예금	본인		(주)KEB하나은행 648,571(81,638 증가), DB생명보험(주) 2,858(1,806 증가), 국민은행 136, 농협은행 5,동양생명보험 32,768, 새마을금고중앙회 51, 우리은행 5	600950	83444		0		684394	근로소득 및 사업소득
202603	5370	VCP96419	국회의원	국회	국회의원	허종식	예금	모		농협중앙회 2,876(750 증가), 우체국 11,462(7,669 증가)	5919	8844		425		14338	근로소득 및 사업소득
202603	5371	VCP96419	국회의원	국회	국회의원	허종식	예금	차남		(주)KEB하나은행 5,570(350 증가), NH투자증권 43,134(43,134 증가), 동양생명보험 10,566,메리츠화재해상보험(보험) 7,283(583 증가), 신한은행 402(545 감소), 신한저축은행 5,000(77,003 감소),신한투자증권 0(14 감소), 우리은행 1, 한화손해보험160(160 증가)	105451	44227		77562		72116	근로소득 및 사업소득
202603	5372	VCP96419	국회의원	국회	국회의원	허종식	정치자금법에 따른 정치자금의 수입 및 지출을 위한 예금계좌의 예금	본인		새마을금고중앙회 27,012(16,962 증가)	10050	16962		0		27012	후원금 증가
202603	5373	VCP96419	국회의원	국회	국회의원	허종식	고지거부 및 등록제외사항	장남		고지거부	0	0		0		0	독립생계유지
202603	5374	5MD4184K	국회의원	국회	국회의원	홍기원	토지	모	임야	전라남도 나주시 다도면 신동리 26-1번지 1,066.00㎡	6854	11		0		6865	가액변동
202603	5375	5MD4184K	국회의원	국회	국회의원	홍기원	건물	본인	아파트(전세(임차)권)	경기도 평택시 서정동 평택 롯데캐슬 건물 118.31㎡	262500	0		0		262500	
202603	5376	5MD4184K	국회의원	국회	국회의원	홍기원	건물	본인	상가(전세(임차)권)	경기도 평택시 서정동 건물 274.00㎡ 중 83.00㎡	20000	0		0		20000	
202603	5377	5MD4184K	국회의원	국회	국회의원	홍기원	건물	배우자	아파트	경기도 과천시 별양동 건물 84.96㎡	1215000	0		0		1215000	
202603	5378	5MD4184K	국회의원	국회	국회의원	홍기원	건물	모	아파트	서울특별시 성동구 행당동 신동아아파트 건물 76.41㎡	515000	69000		0		584000	가액변동
202603	5379	5MD4184K	국회의원	국회	국회의원	홍기원	부동산에 관한 규정이 준용되는 권리와 자동차·건설기계·선박 및 항공기	본인	자동차	2017년식 그랜저 배기량(2,400cc)	12760	0		1670		11090	가액변동
202603	5380	5MD4184K	국회의원	국회	국회의원	홍기원	예금	본인		(주)DB저축은행 7, 농협은행 226,271(51,437 증가), 새마을금고중앙회 6,664(9 증가), 신용협동조합중앙회 12,983(7,240 증가), 신용협동조합중앙회 신용공제사업부6,153(10,884 감소), 신한투자증권 5	204281	178812		131010		252083	입출금 및 적금
202603	5381	5MD4184K	국회의원	국회	국회의원	홍기원	예금	배우자		국민은행 0(50 감소), 농협은행 154,726(40,651 증가),수협은행 51,626(1,626 증가), 우리은행 38,742(13,608증가), 중소기업은행 63	189322	191885		136050		245157	입출금 및 적금
202603	5382	5MD4184K	국회의원	국회	국회의원	홍기원	예금	모		새마을금고중앙회 40,000(40,000 증가), 신한은행13,018(32,265 감소)	45283	52735		45000		53018	입출금 및 적금
202603	5383	5MD4184K	국회의원	국회	국회의원	홍기원	정치자금법에 따른 정치자금의 수입 및 지출을 위한 예금계좌의 예금	본인		농협은행 65,160(2,127 감소)	67287	0		2127		65160	의정활동 지출
202603	5384	5MD4184K	국회의원	국회	국회의원	홍기원	채권	본인		사인간채권	10000	0		0		10000	
202603	5385	5MD4184K	국회의원	국회	국회의원	홍기원	채무	배우자	건물임대채무	경기도 과천시 별양동 임대보증금	100000	0		0		100000	
202603	5386	5MD4184K	국회의원	국회	국회의원	홍기원	고지거부 및 등록제외사항	장남		고지거부	0	0		0		0	독립생계유지
202603	5387	5MD4184K	국회의원	국회	국회의원	홍기원	고지거부 및 등록제외사항	장녀		고지거부	58807	0		58807		0	독립생계유지
202603	5388	RJH6314D	국회의원	국회	국회의원	황명선	건물	본인	아파트	충청남도 논산시 내동 리벤하임아파트 건물 84.59㎡	210000	0		4000		206000	
202603	5389	RJH6314D	국회의원	국회	국회의원	황명선	건물	장녀	아파트(전세(임차)권)	서울특별시 서대문구 충정로3가 더스타일하우스디센트럴건물 36.20㎡ 중 18.10㎡	38600	0		0		38600	
202603	5390	RJH6314D	국회의원	국회	국회의원	황명선	부동산에 관한 규정이 준용되는 권리와 자동차·건설기계·선박 및 항공기	배우자	자동차	2008년식 제네시스 330 배기량(3,342cc)	5000	0		1320		3680	
202603	5391	RJH6314D	국회의원	국회	국회의원	황명선	예금	본인		국민은행 442(12 증가), 농협은행 38,635(7,253 감소),신용협동조합중앙회 12, 신한라이프생명보험 33,800(925 감소), 신한은행 28, 우리은행 607(173 증가), 우체국 29,069(14,913 증가), 흥국화재해상보험(주) 7,612(407증가)	102878	16355		9028		110205	급여저축 및 생활비 지출 등
202603	5392	RJH6314D	국회의원	국회	국회의원	황명선	예금	배우자		DB손해보험(주) 10,764(896 증가), 국민은행 5,749(5,703증가), 부국증권 3, 삼성화재해상보험 929(203 증가), 신한라이프생명보험 32,565(1,453 증가), 씨티은행 4,001(7,625 감소), 에이스아메리칸화재해상보험3,389(410 증가), 주식회사 카카오뱅크 45,130(13,700 증가), 토스증권(주) 5(5 증가), 현대해상화재보험 11,815(1,818 증가), 흥국화재해상보험(주) 7,572(567증가)	104792	24771		7641		121922	급여저축 및 생활비 지출 등
202603	5393	RJH6314D	국회의원	국회	국회의원	황명선	예금	장녀		(주)카카오페이증권 41(39 증가), 농협은행 576(7 증가),새마을금고중앙회 148(1 증가), 우리은행 4,887(2,863 증가), 주식회사 카카오뱅크 14(1 증가), 한국투자증권 7	2762	4661		1750		5673	급여저축 및 생활비 지출 등
202603	5394	RJH6314D	국회의원	국회	국회의원	황명선	예금	차녀		(주)카카오페이증권 0(4 감소), 국민은행 97(97 증가),농협은행 521, 새마을금고중앙회 4,537(4 증가), 우리은행11,205(8,403 증가), 주식회사 카카오뱅크 1,439(834 증가), 토스뱅크(주) 0(2 감소)	8467	9813		481		17799	급여저축 및 생활비 지출 등
202603	5395	RJH6314D	국회의원	국회	국회의원	황명선	정치자금법에 따른 정치자금의 수입 및 지출을 위한 예금계좌의 예금	본인		우체국 84,708(9,746 증가)	74962	9746		0		84708	후원금 증가
202603	5396	RJH6314D	국회의원	국회	국회의원	황명선	증권	장녀	상장주식	쇼피파이 0주(0.03046주 감소), 테슬라 0주(0.006417주감소)	7	0		7		0	매도
202603	5397	RJH6314D	국회의원	국회	국회의원	황명선	증권	차녀	상장주식	휴림로봇 0주(1주 감소)	1	0		1		0	매도
202603	5398	RJH6314D	국회의원	국회	국회의원	황명선	채무	본인	금융채무	우리은행 31,562(2,979 감소)	34541	0		2979		31562	
202603	5399	0YT3774N	국회의원	국회	국회의원	황운하	건물	본인	아파트	서울특별시 강동구 암사동 프라이어팰리스 건물 84.99㎡	773000	78000		0		851000	공시가격 변동
202603	5400	0YT3774N	국회의원	국회	국회의원	황운하	건물	본인	아파트(전세(임차)권)	대전광역시 중구 오류동 삼성아파트 건물 84.94㎡	20000	0		0		20000	변동없음
202603	5401	0YT3774N	국회의원	국회	국회의원	황운하	부동산에 관한 규정이 준용되는 권리와 자동차·건설기계·선박 및 항공기	본인	자동차	2023년식 그랜저 하이브리드 배기량(1,598cc)	30390	0		3688		26702	가액변동
202603	5402	0YT3774N	국회의원	국회	국회의원	황운하	예금	본인		(주)KEB하나은행 65, KB증권 78,417(78,417 증가),국민은행 161,422(10,564 감소), 농협은행 28,761(32,164감소), 농협중앙회 13(5 증가), 미래에셋생명보험 1(17,999 감소), 삼성생명보험 14,520, 삼성증권4,271(4,259 증가), 삼성화재해상보험 33,095(3,982증가), 신용협동조합중앙회 410(6 증가), 신한라이프생명보험 28,548, 신한은행 263, 주식회사카카오뱅크 20(385 감소), 하나생명보험 1,653(40,347 감소), 한국투자증권 1, 한화생명보험주식회사 8,179(1,821 감소), 한화투자증권 13, 흥국생명보험19,390(4,610 감소)	400263	164016		185237		379042	급여저축 및 생활비 지출
202603	5403	0YT3774N	국회의원	국회	국회의원	황운하	예금	배우자		(주)KEB하나은행 9,811(3,755 감소), 미래에셋증권 0(3,019 감소), 삼성생명보험 49,798(293 증가), 삼성증권101(2 증가), 삼성화재해상보험 430(120 증가), 우리은행8,353(4,891 감소), 토스증권(주) 6,139(6,139 증가),한국산업은행 446(2,555 감소), 한화손해보험 294(294증가), 한화투자증권 164	82908	16687		24059		75536	급여저축 및 생활비 지출
202603	5404	0YT3774N	국회의원	국회	국회의원	황운하	정치자금법에 따른 정치자금의 수입 및 지출을 위한 예금계좌의 예금	본인		농협은행 112,982(44,506 증가)	68476	44506		0		112982	의정활동 수입 및 지출로 인한 변동
202603	5405	0YT3774N	국회의원	국회	국회의원	황운하	증권	배우자	상장주식	애플 0주(0.00535주 감소)	2	0		2		0	
202603	5406	T6A6557F	국회의원	국회	국회의원	황정아	토지	부	전	전라남도 여수시 남면 안도리 118번지 1,388.00㎡	4802	153		0		4955	
202603	5407	T6A6557F	국회의원	국회	국회의원	황정아	토지	부	전	전라남도 여수시 남면 안도리 119번지 387.00㎡	1339	42		0		1381	
202603	5408	T6A6557F	국회의원	국회	국회의원	황정아	토지	부	전	전라남도 여수시 남면 안도리 189번지 664.00㎡	3639	105		0		3744	
202603	5409	T6A6557F	국회의원	국회	국회의원	황정아	토지	부	임야	전라남도 여수시 남면 안도리 191-1번지 4,493.00㎡	22600	718		0		23318	
202603	5410	T6A6557F	국회의원	국회	국회의원	황정아	토지	부	전	전라남도 여수시 남면 안도리 827번지 112.00㎡	2957	33		0		2990	
202603	5411	T6A6557F	국회의원	국회	국회의원	황정아	토지	부	전	전라남도 여수시 남면 안도리 190번지 582.00㎡	3189	93		0		3282	
202603	5412	T6A6557F	국회의원	국회	국회의원	황정아	건물	본인	아파트	대전광역시 서구 둔산동 국화아파트 건물 0.00㎡ 중 0.00㎡ (건물 총면적 165.60㎡ 감소, 지분면적 82.80㎡ 감소)	343500	0		343500	500000	0	
202603	5413	T6A6557F	국회의원	국회	국회의원	황정아	건물	본인	아파트	대전광역시 유성구 송강동 송강마을아파트 건물 0.00㎡ 중 0.00㎡ (건물 총면적 49.50㎡ 감소, 지분면적 24.75㎡감소)	41500	0		41500	33100	0	
202603	5414	T6A6557F	국회의원	국회	국회의원	황정아	건물	본인	사무실(전세(임차)권)	대전광역시 유성구 지족동 옥타브상가 건물 143.37㎡	30000	0		0		30000	
202603	5415	T6A6557F	국회의원	국회	국회의원	황정아	건물	본인	아파트	대전광역시 유성구 지족동 반석마을아파트3단지 건물113.96㎡ 중 56.98㎡ (건물 총면적 113.96㎡ 증가, 지분면적 56.98㎡ 증가)	0	354500	354500	0		354500	
202603	5416	T6A6557F	국회의원	국회	국회의원	황정아	건물	배우자	아파트	대전광역시 서구 둔산동 국화아파트 건물 0.00㎡ 중 0.00㎡ (건물 총면적 165.60㎡ 감소, 지분면적 82.80㎡ 감소)	343500	0		343500	500000	0	
202603	5417	T6A6557F	국회의원	국회	국회의원	황정아	건물	배우자	아파트	대전광역시 유성구 송강동 송강마을아파트 건물 0.00㎡ 중 0.00㎡ (건물 총면적 49.50㎡ 감소, 지분면적 24.75㎡감소)	41500	0		41500	33100	0	
202603	5418	T6A6557F	국회의원	국회	국회의원	황정아	건물	배우자	아파트	대전광역시 유성구 지족동 반석마을아파트3단지 건물113.96㎡ 중 56.98㎡ (건물 총면적 113.96㎡ 증가, 지분면적 56.98㎡ 증가)	0	354500	354500	0		354500	
202603	5419	T6A6557F	국회의원	국회	국회의원	황정아	건물	부	아파트	대전광역시 유성구 송강동 송강마을아파트 건물 49.50㎡중 49.50㎡ (건물 총면적 49.50㎡ 증가, 지분면적 49.50㎡ 증가)	0	66200		0		66200	
202603	5420	T6A6557F	국회의원	국회	국회의원	황정아	부동산에 관한 규정이 준용되는 권리와 자동차·건설기계·선박 및 항공기	본인	자동차	2020년식 모델3 Long Range 배기량(0cc)	34230	0		8150		26080	
202603	5421	T6A6557F	국회의원	국회	국회의원	황정아	부동산에 관한 규정이 준용되는 권리와 자동차·건설기계·선박 및 항공기	본인	자동차	2015년식 싼타페 2.0(2 WD) 배기량(1,995cc)	4400	0		895		3505	
202603	5422	T6A6557F	국회의원	국회	국회의원	황정아	부동산에 관한 규정이 준용되는 권리와 자동차·건설기계·선박 및 항공기	배우자	자동차	2017년식 쏘나타 뉴라이즈 2.0 배기량(1,998cc)	10630	0		1920		8710	
202603	5423	T6A6557F	국회의원	국회	국회의원	황정아	부동산에 관한 규정이 준용되는 권리와 자동차·건설기계·선박 및 항공기	배우자	자동차	2015년식 싼타페 2.0(2 WD) 배기량(1,995cc)	4400	0		895		3505	
202603	5424	T6A6557F	국회의원	국회	국회의원	황정아	예금	본인		(주)KB손해보험 20,585(1,763 증가), (주)카카오페이증권 12(91 감소), 국민은행 13,642(2,351 감소), 농협은행18,970(18,970 증가), 농협중앙회 13, 미래에셋증권458,439(100,442 증가), 삼성증권 3, 새마을금고중앙회101(1 증가), 신한라이프생명보험 25,169(142 증가), 주식회사 카카오뱅크 55,319(3,799 증가), 케이뱅크 94,776(21,966 감소), 한국투자증권 252,274(70,453증가), 한화생명보험주식회사 10,140, 한화손해보험 15,572(1,981 증가), 현대해상화재보험 7,449(469 증가)	798852	338483		164871		972464	주택판매 대금 및 ETF평가액 증가
202603	5425	T6A6557F	국회의원	국회	국회의원	황정아	예금	배우자		(주)카카오페이증권 13,855(12,703 증가), KB증권 0(1,289 감소), 국민은행 166(41 감소), 미래에셋증권564,068(204,276 증가), 삼성증권 0(105 감소), 신한은행102(237 감소), 우리은행 293(293 증가), 주식회사 카카오뱅크 54,402(46,064 증가), 중소기업은행 3,000(8,000 감소), 케이뱅크 80,039(38,577 증가),토스뱅크(주) 37,994(21,827 증가), 토스증권(주) 15,425(22,533 감소), 한국투자증권 424,689(209,419증가), 한화생명보험주식회사 24,312, 현대해상화재보험 2,012(356 증가), 흥국화재해상보험(주) 16,383(1,249증가)	734181	643772		141213		1236740	주택판매 대금 및 ETF평가액 증가
202603	5426	T6A6557F	국회의원	국회	국회의원	황정아	예금	부		(주)KB손해보험 417(522 감소), DB손해보험(주) 438(238증가), 국민은행 9, 농협중앙회 9,776(5,427 증가), 미래에셋증권 69,933(9,810 증가), 삼성화재해상보험 840(120 증가), 새마을금고중앙회 216(2 증가), 신용협동조합중앙회 18,401(4,673 감소), 신한은행 10,851	100479	32941		22539		110881	주택판매 대금 및 ETF평가액 증가
202603	5427	T6A6557F	국회의원	국회	국회의원	황정아	정치자금법에 따른 정치자금의 수입 및 지출을 위한 예금계좌의 예금	본인		농협은행 326,524(183,617 증가)	142907	202587		18970		326524	후원금의 증가
202603	5428	T6A6557F	국회의원	국회	국회의원	황정아	증권	본인	회사채	엘지디스플레이44-1(녹) 0주	3060	0		3060		0	보유채권의 만기회수
202603	5429	T6A6557F	국회의원	국회	국회의원	황정아	증권	배우자	금융채	복리맞춤채권(1석7조통장) 0주	8000	0		8000		0	보유채권의 만기회수
202603	5430	T6A6557F	국회의원	국회	국회의원	황정아	증권	배우자	회사채	BNK금융조건부(상)8 0주, 한국전력1121 0주,한국전력1189 0주	11257	0		11257		0	보유채권의 만기회수
202603	5431	T6A6557F	국회의원	국회	국회의원	황정아	증권	배우자	기타(채권)	외화RP(USD)(개인수시형) 0주	0	1440		0		1440	보유채권의 만기회수
202603	5432	T6A6557F	국회의원	국회	국회의원	황정아	증권	부	상장주식	SK아이이테크놀로지 1주	22	3		0		25	보유채권의 만기회수
202603	5433	T6A6557F	국회의원	국회	국회의원	황정아	채무	배우자	금융채무	삼성화재해상보험 0(46,150 감소), 우리은행267,425(267,425 증가)	46150	267425		46150		267425	신규 주택담보대출 실행
202603	5434	0VU8517U	국회의원	국회	국회의원	황희	건물	본인	상가(전세(임차)권)	서울특별시 양천구 목동 대한민국예술인센터 5층 일부건물 153.36㎡	20000	0		0		20000	변동없음
202603	5435	0VU8517U	국회의원	국회	국회의원	황희	건물	배우자	아파트(전세(임차)권)	서울특별시 양천구 목동 목동신시가지아파트6단지 건물95.03㎡	400000	0		0		400000	변동없음
202603	5436	0VU8517U	국회의원	국회	국회의원	황희	부동산에 관한 규정이 준용되는 권리와 자동차·건설기계·선박 및 항공기	배우자	자동차	2017년식 G80 배기량(3,342cc)	12989	181		0		13170	가액변동
202603	5437	0VU8517U	국회의원	국회	국회의원	황희	예금	본인		(주)KEB하나은행 87, DB손해보험(주) 58(58 증가),국민은행 979, 농협은행 901(7,324 감소),새마을금고중앙회 30, 스탠다드차타드은행 1,신용협동조합중앙회 211(4 증가), 한국투자증권 33,흥국화재해상보험(주) 1,425(1,425 증가)	9562	1487		7324		3725	급여저축 및 생활비지출 등
202603	5438	0VU8517U	국회의원	국회	국회의원	황희	예금	배우자		(주)KEB하나은행 251, DB손해보험(주) 56(56 증가),KB라이프생명보험 11,088, KB증권 8, 국민은행227,244(5,082 증가), 농협은행 37,메리츠화재해상보험(보험) 5,941(927 증가),새마을금고중앙회 30, 신용협동조합중앙회 50, 신한은행10,024(1,318 증가), 흥국화재해상보험(주) 831(831 증가)	247346	8253		39		255560	급여저축 및 생활비지출 등
202603	5439	0VU8517U	국회의원	국회	국회의원	황희	예금	장녀		Wells fargo Bank 10,966(8,180 증가), 국민은행34,708(952 증가)	36542	9171		39		45674	급여저축 및 생활비지출 등
202603	5440	0VU8517U	국회의원	국회	국회의원	황희	정치자금법에 따른 정치자금의 수입 및 지출을 위한 예금계좌의 예금	본인		농협은행 69,306(9,888 감소)	79194	0		9888		69306	후원회기부금 및 의정활동 지출
202603	5441	0VU8517U	국회의원	국회	국회의원	황희	채무	배우자		사인간채무	70000	0		0		70000	변동없음
202603	5442	0VU8517U	국회의원	국회	국회의원	황희	고지거부 및 등록제외사항	부		고지거부	0	0		0		0	기타
202603	5443		국회사무처	국회	국회사무총장	김민기	건물	배우자	아파트(전세(임차)권)	경기도 용인시 기흥구 상하동 지석마을 그대가 크레던스건물 84.79㎡	250000	0		0		250000	변동없음
202603	5444		국회사무처	국회	국회사무총장	김민기	건물	장남	아파트(전세(임차)권)	경기도 성남시 수정구 창곡동 성남위례 LH36단지 건물0.00㎡ (건물 14.98㎡ 감소)	10840	0		10840		0	임대차 계약 해지
202603	5445		국회사무처	국회	국회사무총장	김민기	부동산에 관한 규정이 준용되는 권리와 자동차·건설기계·선박 및 항공기	본인	자동차	2002년식 소렌토TLX 배기량(2,498cc)	1070	0		110		960	가액변동
202603	5446		국회사무처	국회	국회사무총장	김민기	부동산에 관한 규정이 준용되는 권리와 자동차·건설기계·선박 및 항공기	배우자	자동차	2021년식 G80 2.5T 배기량(2,497cc)	36310	0		1080		35230	가액변동
202603	5447		국회사무처	국회	국회사무총장	김민기	예금	본인		국민은행 3,751, 농협은행 10, 농협중앙회 1,750(1,147감소), 신한은행 123, 씨티은행 98(3 증가), 우리은행 49(2 증가)	6923	5		1147		5781	예금 및 보험납입액 증가 등
202603	5448		국회사무처	국회	국회사무총장	김민기	예금	배우자		DB손해보험(주) 34,632(3,311 증가), 교보생명보험 88,012(1,256 증가), 국민은행 4,103(137 감소),농협중앙회 7,029(6,701 증가), 삼성생명보험 117,712(6,993 증가), 신한은행 588(560 증가),에이스아메리칸화재해상보험 4,148(465 증가),한화손해보험 11,669(1,740 증가)	247004	21026		137		267893	예금 및 보험납입액 증가 등
202603	5449		국회사무처	국회	국회사무총장	김민기	예금	장남		국민은행 4,552(1 증가), 농협은행 6,300(6,300 증가), 농협중앙회 19,061(18,835 증가), 삼성생명보험 2,924(2,924 증가), 우리은행 105, 주식회사 카카오뱅크70, 중소기업은행 236(41 감소), 한화손해보험6,590(1,621 증가)	10198	30980		1340		39838	예금 및 보험납입액 증가 등
202603	5450		국회사무처	국회	국회사무총장	김민기	예금	차남		국민은행 2,158(866 감소), 토스증권(주) 0(3 감소),한화손해보험 6,112(1,505 증가)	7634	1725		1089		8270	예금 및 보험납입액 증가 등
202603	5451		국회사무처	국회	국회사무총장	김민기	채무	본인	금융채무	농협중앙회 78,763(2,978 감소)	81741	0		2978		78763	채무 일부 상환
202603	5452		국회사무처	국회	국회사무총장	김민기	가상자산	장남		가스 0개(0.00000154개 감소), 네오 0개(0.00017916개감소), 리플 0개(0.09개 감소), 맵프로토콜 0개(0.00001121개 감소), 미스블록 0개(0.00018204개감소), 바나나톡 0개(0.00018204개 감소), 보라 0개(0.00005435개 감소), 브라더뮤직플랫폼0개(1.33131027개 감소), 비트코인골드 0개(0.00059634개 감소), 시리얼 0개(0.00005143개 감소), 오르빗체인 0개(0.00015232개 감소), 위드 0개(1.6744392개 감소),이더리움 0개(0.00002934개 감소), 이더리움클래식 0개(0.00008106개 감소), 이더리움페어 0개(0.00012934개 감소), 이더리움피오더블유 0개(0.00012934개 감소), 체인링크 0개(0.00000172개 감소), 카이아 0개(0.00008876개 감소), 파일코인 0개(0.00117146개감소)	0	0		0		0	거래소 탈퇴에 따른 소멸
202603	5453		국회사무처	국회	국회사무총장	김민기	고지거부 및 등록제외사항	모		고지거부	0	0		0		0	독립생계유지
202603	5454		국회사무처	국회	입법차장	진선희	건물	본인	아파트(전세(임차)권)	서울특별시 서대문구 북아현동 이편한세상신촌 건물114.39㎡	950000	0		0		950000	
202603	5455		국회사무처	국회	입법차장	진선희	건물	배우자	오피스텔	충청남도 홍성군 홍북면 신경리 빌앤더스오피스텔 대지34.32㎡ 건물 92.88㎡	166038	0		445		165593	가액변동
202603	5456		국회사무처	국회	입법차장	진선희	건물	배우자	오피스텔	서울특별시 강남구 논현동 대지 6.80㎡ 건물 72.84㎡	2620000	0		0		2620000	
202603	5457		국회사무처	국회	입법차장	진선희	부동산에 관한 규정이 준용되는 권리와 자동차·건설기계·선박 및 항공기	본인	자동차	2020년식 그랜저 IG 배기량(2,500cc)	25050	0		2870		22180	가액변동
202603	5458		국회사무처	국회	입법차장	진선희	예금	본인		KB라이프생명보험 28,746(257 증가), KB증권 49,311(39,956 증가), 농협생명보험 0(2,540 감소),농협은행 81,327(16,167 증가), 삼성생명보험 47,382,엔에이치저축은행(주) 15, 토스뱅크(주) 10,280(4,276 증가), 한국산업은행 115,382(43,382 증가), 한국투자증권 0(208 감소)	231153	206037		104747		332443	급여 저축 및 주식 매도 등
202603	5459		국회사무처	국회	입법차장	진선희	예금	배우자		농협은행 36, 삼성생명보험 32,581(286 증가), 삼성증권97,454(97,437 증가), 신한은행 121,290(86,288 증가),토스뱅크(주) 4,389(18,498 감소), 한국산업은행 115,711(40,711 증가)	165237	299976		93752		371461	급여 저축 및 주식 매도 등
202603	5460		국회사무처	국회	입법차장	진선희	예금	장녀		DISCOVER 14,754(1,564 감소), 신한은행 11,789(3,507증가), 신한투자증권 6,005(6,005 증가)	24600	16005		8057		32548	급여 저축 및 주식 매도 등
202603	5461		국회사무처	국회	입법차장	진선희	증권	본인	상장주식	삼성전기 0주(3주 감소), 신세계 0주(10주 감소),현대건설 0주(60주 감소)	3225	0		3225		0	매도 및 평가액 변동
202603	5462		국회사무처	국회	입법차장	진선희	증권	배우자	상장주식	삼성전자 2,000주, 현대차 100주(40주 증가)	119120	150330		0		269450	매도 및 평가액 변동
202603	5463		국회사무처	국회	입법차장	진선희	증권	배우자	비상장주식	주식회사 모다 9,000주	4500	0		0		4500	매도 및 평가액 변동
202603	5464		국회사무처	국회	입법차장	진선희	증권	배우자	기타(채권)	DGB캐피탈69-3 0주(26,895,000주 감소),씨제이프레시웨이11 0주(150,391,000주 감소)	177286	0		177286		0	매도 및 평가액 변동
202603	5465		국회사무처	국회	입법차장	진선희	채무	본인	금융채무	공무원연금공단 17,119, 농협은행 65,000(63,510 감소)	145629	0		63510		82119	급여 등으로 상환
202603	5466		국회사무처	국회	입법차장	진선희	채무	배우자		사인간채무	150000	0		0		150000	
202603	5467		국회사무처	국회	입법차장	진선희	채무	배우자	금융채무	신한은행 1,005,000	1005000	0		0		1005000	
202603	5468		국회사무처	국회	입법차장	진선희	채무	배우자	건물임대채무	서울특별시 강남구 논현동 임대보증금	100000	0		0		100000	
202603	5469		국회사무처	국회	입법차장	진선희	채무	배우자	건물임대채무	충청남도 홍성군 홍북면 신경리 빌앤더스오피스텔임대보증금	10000	0		0		10000	
202603	5470		국회사무처	국회	입법차장	진선희	고지거부 및 등록제외사항	부		고지거부	0	0		0		0	독립생계유지
202603	5471		국회사무처	국회	입법차장	진선희	고지거부 및 등록제외사항	모		고지거부	0	0		0		0	독립생계유지
202603	5472		국회사무처	국회	사무차장	박태형	토지	본인	공장용지	경기도 포천시 어룡동 281-2번지 3,930.00㎡ 중1,119.56㎡	288286	4031		0		292317	가액변동
202603	5473		국회사무처	국회	사무차장	박태형	토지	본인	공장용지	경기도 포천시 어룡동 281-5번지 2,540.00㎡ 중1,052.33㎡	282445	3893		0		286338	가액변동
202603	5474		국회사무처	국회	사무차장	박태형	토지	배우자	공장용지	경기도 포천시 어룡동 281-2번지 3,930.00㎡ 중 845.44㎡	217700	3044		0		220744	가액변동
202603	5475		국회사무처	국회	사무차장	박태형	토지	배우자	공장용지	경기도 포천시 어룡동 281-5번지 2,540.00㎡ 중 776.47㎡	208404	2873		0		211277	가액변동
202603	5476		국회사무처	국회	사무차장	박태형	토지	배우자	전	경기도 포천시 어룡동 196-1번지 2,304.00㎡ 중1,152.00㎡	164390	346		0		164736	가액변동
202603	5477		국회사무처	국회	사무차장	박태형	토지	배우자	전	경기도 포천시 어룡동 196-2번지 304.00㎡ 중 152.00㎡	21690	46		0		21736	가액변동
202603	5478		국회사무처	국회	사무차장	박태형	건물	본인	복합건물(주택+상가)	경기도 하남시 망월동 대지 264.10㎡ 중 132.05㎡ 건물494.95㎡ 중 247.48㎡	1100000	0		0		1100000	
202603	5479		국회사무처	국회	사무차장	박태형	건물	배우자	복합건물(주택+상가)	경기도 하남시 망월동 대지 264.10㎡ 중 132.05㎡ 건물494.95㎡ 중 247.47㎡	1100000	0		0		1100000	
202603	5480		국회사무처	국회	사무차장	박태형	건물	배우자	공장	경기도 포천시 어룡동 건물 1,901.16㎡ 중 950.58㎡	65392	742		0		66134	가액변동
202603	5481		국회사무처	국회	사무차장	박태형	부동산에 관한 규정이 준용되는 권리와 자동차·건설기계·선박 및 항공기	본인	자동차	2014년식 X3 배기량(2,000cc)	13200	0		1810		11390	가액변동
202603	5482		국회사무처	국회	사무차장	박태형	부동산에 관한 규정이 준용되는 권리와 자동차·건설기계·선박 및 항공기	본인	자동차	2016년식 아반떼 AD 배기량(1,600cc)	6390	0		650		5740	가액변동
202603	5483		국회사무처	국회	사무차장	박태형	예금	본인		(주)KEB하나은행 50, Bank of America 6,877(1,261 감소), 교보생명보험 28,200, 국민은행 100(1,150 감소),농협은행 66(3,580 감소), 롯데손해보험 5,184(841 증가), 메리츠화재해상보험(보험) 536(536 증가), 미래에셋증권 431,156(97,273 증가), 삼성증권 43(23 증가),새마을금고중앙회 20, 신한라이프생명보험 28,512(2,066 증가), 신한은행 50(1,800 감소), 주식회사 아이엠라이프생명보험 175,900(17,700 증가), 주식회사 카카오뱅크 40(40 증가), 중소기업중앙회 46,540(6,000 증가), 케이뱅크 1,610(5,390 감소), 한화손해보험 6,381(1,049 증가), 흥국화재해상보험(주) 25,032(3,341증가)	640609	282054		166366		756297	전세보증금증가분 및 소득 저축 등
202603	5484		국회사무처	국회	사무차장	박태형	예금	배우자		(주)KB손해보험 42(42 증가), (주)KEB하나은행 220(86증가), DB손해보험(주) 10(10 증가), NH투자증권 101(1증가), SBI저축은행 1, 교보생명보험 24,864, 미래에셋증권 163,760(27,905 증가), 삼성생명보험 31,101(2,239 증가), 신한은행 4,970(3,191 증가),주식회사 카카오뱅크 1,370(16 감소), 중소기업중앙회 33,950(6,000 증가), 현대해상화재보험 45,648(2,640감소)	269219	43577		6759		306037	전세보증금증가분 및 소득 저축 등
202603	5485		국회사무처	국회	사무차장	박태형	예금	장녀		Bank of America 5,864(3,182 감소), KB증권 176(27 증가), SBI저축은행 59,164(1,548 감소), 국민은행 0(77 감소),농협은행 803(501 증가), 미래에셋증권 9,043(4,221 증가), 우리은행 0(6,000 감소), 주식회사 아이엠라이프생명보험 24,900(3,600 증가)	102408	16801		19259		99950	전세보증금증가분 및 소득 저축 등
202603	5486		국회사무처	국회	사무차장	박태형	채무	본인	금융채무	농협은행 11,125(11,125 증가)	0	11125		0		11125	마이너스통장
202603	5487		국회사무처	국회	사무차장	박태형	채무	본인	건물임대채무	경기도 하남시 망월동 임대보증금 증가	695000	147500		115000		727500	전세보증금 증액
202603	5488		국회사무처	국회	사무차장	박태형	채무	배우자	건물임대채무	경기도 포천시 어룡동 임대보증금	35000	0		0		35000	
202603	5489		국회사무처	국회	사무차장	박태형	채무	배우자	건물임대채무	경기도 하남시 망월동 임대보증금 증가	695000	147500		115000		727500	전세보증금 증액
202603	5490		국회사무처	국회	사무차장	박태형	고지거부 및 등록제외사항	모		고지거부	0	0		0		0	독립생계유지
202603	5491		국회사무처	국회	의장비서실장	조오섭	건물	배우자	아파트	광주광역시 북구 문흥동 금호타운 건물 84.84㎡	143000	0		0		143000	가액변동 없음
202603	5492		국회사무처	국회	의장비서실장	조오섭	건물	장녀	오피스텔(전세( 임차)권)	서울특별시 동대문구 장안동 프라하임 장안 Ⅱ 대지574.80㎡ 건물 59.28㎡ (대지 574.80㎡ 증가, 건물 59.28㎡ 증가)	0	10000		0		10000	신규 전세(임대)권 설정
202603	5493		국회사무처	국회	의장비서실장	조오섭	부동산에 관한 규정이 준용되는 권리와 자동차·건설기계·선박 및 항공기	배우자	자동차	2011년식 쏘렌토 배기량(1,998cc) 감소	6370	0		6370	6000	0	매도
202603	5494		국회사무처	국회	의장비서실장	조오섭	부동산에 관한 규정이 준용되는 권리와 자동차·건설기계·선박 및 항공기	배우자	자동차	2017년식 G80 배기량(3,342cc) 증가	0	14790	14790	0		14790	추가 신고
202603	5495		국회사무처	국회	의장비서실장	조오섭	현금	본인		현금 감소	30000	0		20000		10000	생활비 지출
202603	5496		국회사무처	국회	의장비서실장	조오섭	예금	본인		광주은행 926(174 증가), 국민은행 10, 농협은행 2,농협중앙회 13, 삼성화재해상보험 48,368(4,755 감소), 새마을금고중앙회 159(2,898 감소), 신용협동조합중앙회 63(1 증가), 신한은행 6,454(6,305 증가)	57168	13181		14354		55995	급여 저축 및 대출 상환
202603	5497		국회사무처	국회	의장비서실장	조오섭	예금	배우자		광주은행 6, 농협생명보험 0(11,742 감소), 농협중앙회18,572(15,542 증가), 삼성생명보험 35,507(910 감소),새마을금고중앙회 31,684(1,468 증가), 신용협동조합중앙회 41,213(1,151 증가), 신한은행 153(119 증가)	121507	22144		16516		127135	급여 저축 및 대출 상환
202603	5498		국회사무처	국회	의장비서실장	조오섭	예금	장녀		광주은행 0(9 감소), 새마을금고중앙회 400(400 증가), 신한은행 118(118 증가), 우리은행 6(6 증가), 주식회사 카카오뱅크 11,109(11,109 증가), 현대해상화재보험120(120 증가)	9	11753		9		11753	급여 저축 및 대출 상환
202603	5499		국회사무처	국회	의장비서실장	조오섭	채무	배우자	금융채무	신한은행 9,149	9149	0		0		9149	
202603	5500		국회사무처	국회	의장비서실장	조오섭	채무	장녀	금융채무	롯데캐피탈 11,000(11,000 증가), 주식회사 카카오뱅크0(2,265 감소)	2265	11000		2265		11000	임대 보증금 위한 대출 신규
202603	5501		국회사무처	국회	의장비서실장	조오섭	가상자산	장녀		테더 99개(99개 증가)	0	143		0		143	매입
202603	5502		국회사무처	국회	의장비서실장	조오섭	고지거부 및 등록제외사항	장남		고지거부	0	0		0		0	독립생계유지
202603	5503		국회사무처	국회	수석전문위원	김상수	건물	본인	아파트	서울특별시 송파구 신천동 장미아파트 건물 82.45㎡ 중41.23㎡	665000	119095		0		784095	
202603	5504		국회사무처	국회	수석전문위원	김상수	건물	본인	아파트	서울특별시 송파구 잠실동 리센츠아파트 건물 85.00㎡ 중42.50㎡	823000	118610		0		941610	
202603	5505		국회사무처	국회	수석전문위원	김상수	건물	본인	아파트(전세(임차)권)	서울특별시 마포구 신공덕동 펜트라우스 건물 115.04㎡ 중57.52㎡	550000	0		0		550000	
202603	5506		국회사무처	국회	수석전문위원	김상수	건물	배우자	아파트	서울특별시 송파구 신천동 장미아파트 건물 82.45㎡ 중41.22㎡	665000	118905		0		783905	
202603	5507		국회사무처	국회	수석전문위원	김상수	건물	배우자	아파트	서울특별시 송파구 잠실동 리센츠아파트 건물 85.00㎡ 중42.50㎡	823000	118610		0		941610	
202603	5508		국회사무처	국회	수석전문위원	김상수	건물	배우자	아파트(전세(임차)권)	서울특별시 마포구 신공덕동 펜트라우스 건물 115.04㎡ 중57.52㎡	550000	0		0		550000	
202603	5509		국회사무처	국회	수석전문위원	김상수	부동산에 관한 규정이 준용되는 권리와 자동차·건설기계·선박 및 항공기	배우자	자동차	2019년식 E300 배기량(1,991cc)	30940	0		4500		26440	
202603	5510		국회사무처	국회	수석전문위원	김상수	부동산에 관한 규정이 준용되는 권리와 자동차·건설기계·선박 및 항공기	배우자	자동차	2022년식 The New S450 4Matic L 배기량(2,999cc)	106700	0		15890		90810	
202603	5511		국회사무처	국회	수석전문위원	김상수	예금	본인		(주)KEB하나은행 1,212(112 증가), DB생명보험(주) 16,080(670 증가), 국민은행 16,280(6,228 증가),농협생명보험 38,420(4,080 증가), 농협은행 30,800(1,991 증가), 롯데손해보험 5,205(628 증가),메리츠화재해상보험(보험) 1,347(951 증가), 우리은행 5,주식회사 카카오뱅크 563(98 감소)	95350	15069		507		109912	급여저축
202603	5512		국회사무처	국회	수석전문위원	김상수	예금	배우자		(주)KEB하나은행 12,473(1,373 증가), DB생명보험(주) 10,547, 농협생명보험 38,420(4,080 증가), 농협은행37(16,343 감소), 삼성생명보험 18,682(1,045 증가),업비트 1, 우리은행 50(50 증가)	90005	6548		16343		80210	급여저축
202603	5513		국회사무처	국회	수석전문위원	김상수	예금	장남		(주)KEB하나은행 1,013(1,010 증가), 농협은행 130,삼성증권 0(4 감소), 우리은행 35(35 증가)	137	1045		4		1178	급여저축
202603	5514		국회사무처	국회	수석전문위원	김상수	예금	장녀		우리은행 5,218, 주식회사 카카오뱅크 1,514(1,511 증가)	5221	1511		0		6732	급여저축
202603	5515		국회사무처	국회	수석전문위원	김상수	증권	장남	상장주식	VCI글로벌 0주(85주 감소)	229	0		229		0	매도
202603	5516		국회사무처	국회	수석전문위원	김상수	채무	본인	금융채무	농협은행 169,893(108,067 증가)	61826	108067		0		169893	
202603	5517		국회사무처	국회	수석전문위원	김상수	채무	본인	건물임대채무	서울특별시 송파구 잠실동 리센츠아파트 임대보증금	650000	0		0		650000	
202603	5518		국회사무처	국회	수석전문위원	김상수	채무	본인	건물임대채무	서울특별시 송파구 신천동 장미아파트 임대보증금	275000	0		0		275000	
202603	5519		국회사무처	국회	수석전문위원	김상수	채무	배우자	건물임대채무	서울특별시 송파구 신천동 장미아파트 임대보증금	275000	0		0		275000	
202603	5520		국회사무처	국회	수석전문위원	김상수	채무	배우자	건물임대채무	서울특별시 송파구 잠실동 리센츠아파트 임대보증금	650000	0		0		650000	
202603	5521		국회사무처	국회	수석전문위원	김상수	가상자산	장남		엑스알피(리플) 0.0000007개(0.0000007개 증가), 테더0.00000005개(0.00000005개 증가)	0	0		0		0	신규매입
202603	5522		국회사무처	국회	수석전문위원	김상수	고지거부 및 등록제외사항	부		고지거부	0	0		0		0	독립생계유지
202603	5523		국회사무처	국회	수석전문위원	김상수	고지거부 및 등록제외사항	모		고지거부	0	0		0		0	독립생계유지
202603	5524		국회사무처	국회	수석전문위원	심정희	건물	본인	다세대주택	서울특별시 강서구 화곡동 우성테마빌 건물 59.88㎡	280000	0		0		280000	가액변동 없음
202603	5525		국회사무처	국회	수석전문위원	심정희	건물	본인	아파트(전세(임차)권)	서울특별시 영등포구 신길동 신길센트럴자이아파트 건물59.98㎡	650000	0		0		650000	변동 없음
202603	5526		국회사무처	국회	수석전문위원	심정희	부동산에 관한 규정이 준용되는 권리와 자동차·건설기계·선박 및 항공기	본인	자동차	2024년식 E200 배기량(1,999cc)	58250	0		0		58250	가액변동 없음
202603	5527		국회사무처	국회	수석전문위원	심정희	예금	본인		NH농협캐피탈 7,202(4,191 증가), 국민은행 582(566 증가), 농협생명보험 54,060(3,060 증가), 농협은행 45,088(53,773 감소), 미래에셋증권 12,937(4,108 증가),삼성생명보험 92,100(2,100 증가), 신한은행 1,206(1,516감소), 신한투자증권 6, 우체국 146(89 감소),웰컴저축은행 40,740(11,390 감소), 전북은행 102(83 감소), 케이뱅크 0(23,892 감소)	330887	33256		109974		254169	대출금 마련 등 감소
202603	5528		국회사무처	국회	수석전문위원	심정희	예금	모		농협은행 24,618(6,707 증가)	17911	6707		0		24618	대출금 마련 등 감소
202603	5529		국회사무처	국회	수석전문위원	심정희	증권	본인	상장주식	도요타자동차 0주(100주 감소), 로보쓰리에이아이6,804주	3607	0		2315		1292	증권 매각
202603	5530		국회사무처	국회	수석전문위원	심정희	증권	본인	비상장주식	메를로랩 7,462주, 크루셜텍 27주	3758	0		0		3758	증권 매각
202603	5531		국회사무처	국회	수석전문위원	심정희	증권	본인	기타(채권)	부동산담보연계투자 3주(1주 감소)	20000	0		5000		15000	증권 매각
202603	5532		국회사무처	국회	수석전문위원	심정희	채무	본인	금융채무	신한은행 150,000(120,000 감소)	270000	0		120000		150000	대출금 감액연장
202603	5533		국회사무처	국회	수석전문위원	정명호	토지	본인	답	경상북도 예천군 용문면 구계리 141-1번지 2,922.00㎡	52304	1169		0		53473	
202603	5534		국회사무처	국회	수석전문위원	정명호	토지	배우자	도로	경상남도 창원시 마산합포구 상남동 11-9번지 0.00㎡ 중 0.00㎡ (총면적 99.00㎡ 감소, 지분면적 16.50㎡ 감소)	8199	0		8199	40672	0	
202603	5535		국회사무처	국회	수석전문위원	정명호	건물	본인	아파트(전세(임차)권)	서울특별시 강서구 마곡동 마곡엠밸리7단지 건물 114.00㎡	635000	0		0		635000	
202603	5536		국회사무처	국회	수석전문위원	정명호	건물	모	단독주택	경상북도 예천군 용문면 구계리 대지 288.00㎡ 건물58.30㎡	7670	150		0		7820	
202603	5537		국회사무처	국회	수석전문위원	정명호	부동산에 관한 규정이 준용되는 권리와 자동차·건설기계·선박 및 항공기	본인	자동차	2020년식 그랜저 배기량(2,497cc)	18930	0		1990		16940	
202603	5538		국회사무처	국회	수석전문위원	정명호	예금	본인		국민은행 6,688(133 증가), 농협생명보험 74,850(4,200 증가), 농협은행 211,661(80,403 증가), 동양생명보험 3,096, 새마을금고중앙회 30,056(9,730 증가)	231885	218736		124270		326351	월급 저축 및 토지수용 보상금
202603	5539		국회사무처	국회	수석전문위원	정명호	예금	배우자		(주)KEB하나은행 28,648(12,839 증가), 국민은행 24,농협은행 23,186(10 증가), 농협중앙회 30,031(30,031 증가), 신한은행 52,524(2,171 증가), 우리은행 31,352(1,299 증가), 키움증권 679(679 증가)	119415	112519		65490		166444	월급 저축 및 토지수용 보상금
202603	5540		국회사무처	국회	수석전문위원	정명호	예금	모		농협중앙회 126,627(10,231 증가)	116396	110231		100000		126627	월급 저축 및 토지수용 보상금
202603	5541		국회사무처	국회	수석전문위원	정명호	예금	장남		신한은행 21,268(708 증가), 우리은행 16,349(3,376 증가)	33533	24084		20000		37617	월급 저축 및 토지수용 보상금
202603	5542		국회사무처	국회	수석전문위원	정명호	증권	배우자	상장주식	에스케이하이닉스보통주 1주(1주 증가), 핑거130주(130주 증가)	0	1952		0		1952	주식 취득
202603	5543		국회사무처	국회	수석전문위원	정명호	채무	본인	금융채무	농협은행 9,205(2,820 증가)	6385	2820		0		9205	
202603	5544		국회사무처	국회	수석전문위원	최병권	건물	본인	오피스텔(전세(임차)권)	서울특별시 영등포구 여의도동 여의도파라곤 건물 73.46㎡	800000	0		0		800000	
202603	5545		국회사무처	국회	수석전문위원	최병권	부동산에 관한 규정이 준용되는 권리와 자동차·건설기계·선박 및 항공기	본인	자동차	2017년식 G80 배기량(3,342cc)	18610	0		2330		16280	
202603	5546		국회사무처	국회	수석전문위원	최병권	부동산에 관한 규정이 준용되는 권리와 자동차·건설기계·선박 및 항공기	배우자	자동차	2021년식 산타페 배기량(2,500cc)	31000	0		3000		28000	
202603	5547		국회사무처	국회	수석전문위원	최병권	예금	본인		(주)카카오페이증권 7, 국민은행 6,131(131 증가),농협생명보험 0(28,850 감소), 농협은행 8,966(4,438 감소), 메트라이프생명보험 18,261(18,261 증가), 삼성생명보험 6,360, 새마을금고중앙회 1,582(51 증가),신한은행 4, 업비트 7(7 증가), 주식회사 카카오뱅크 89(80 증가), 케이뱅크 50(50 감소), 코인원 0(39 감소)	56304	19822		34669		41457	일부 보험계약 해지로 감소
202603	5548		국회사무처	국회	수석전문위원	최병권	예금	배우자		농협은행 2,663, 동양생명보험 9,918(537 증가)	12044	887		350		12581	일부 보험계약 해지로 감소
202603	5549		국회사무처	국회	수석전문위원	최병권	예금	장녀		농협은행 53(53 증가)	0	53		0		53	일부 보험계약 해지로 감소
202603	5550		국회사무처	국회	수석전문위원	최병권	채무	본인	금융채무	공무원연금공단 34,030(34,030 증가), 농협은행687,665(6,272 감소)	693937	34030		6272		721695	
202603	5551		국회사무처	국회	수석전문위원	최병권	채무	배우자	금융채무	농협은행 140,057(31,325 증가)	108732	31325		0		140057	
202603	5552		국회사무처	국회	수석전문위원	최병권	회원권	본인	헬스	Soo Fitness & spa	28000	0		0		28000	
202603	5553		국회사무처	국회	수석전문위원	최병권	회원권	본인	콘도미니엄	리솜리조트 감소	38500	0		38500	13200	0	
202603	5554		국회사무처	국회	수석전문위원	최병권	가상자산	본인		리플 13,442.12224638개(12,442.12224638개 증가), 솔라나 75.36328555개(75.36328555개 증가), 스테픈 67,161.72061498개(67,161.72061498개 증가), 시바이누236,396,248.56937253개(236,396,248.56937253개 증가), 엑스알피(리플) 10.84236864개(10.84236864개 증가),월드코인 7.7275405개, 이더리움 0.01882175개	3186	51247		31		54402	회원권 거래 예금 등으로 매입
202603	5555		국회사무처	국회	수석전문위원	최선영	건물	본인	아파트	서울특별시 서초구 잠원동 롯데캐슬갤럭시 건물 132.16㎡중 66.08㎡	1102500	0		0		1102500	
202603	5556		국회사무처	국회	수석전문위원	최선영	건물	배우자	아파트	서울특별시 서초구 잠원동 롯데캐슬갤럭시 건물 132.16㎡중 66.08㎡	1102500	0		0		1102500	
202603	5557		국회사무처	국회	수석전문위원	최선영	예금	본인		교보생명보험 15,180, 국민은행 0(3,513 감소),농협생명보험 36,000, 농협은행 29,800(4,600 증가), 미래에셋증권 3,420(2,316 증가), 삼성생명보험 25,891(3,726 감소), 새마을금고중앙회 134, 신한은행17,010(859 증가), 주식회사 카카오뱅크 263(334 감소)	127496	9830		9628		127698	급여 저축 증가 등
202603	5558		국회사무처	국회	수석전문위원	최선영	예금	배우자		(주)KEB하나은행 164(32 감소), NH투자증권 2, 국민은행6, 농협생명보험 61,380(1,548 증가), 농협은행81,876(20,161 증가), 농협중앙회 4,338(1,123 감소),삼성화재해상보험 60(19 증가), 새마을금고중앙회 130,신한은행 400(300 증가), 우리은행 50, 우체국 231(22 증가)	127742	67345		46450		148637	급여 저축 증가 등
202603	5559		국회사무처	국회	수석전문위원	최선영	예금	장남		농협은행 6, 신한은행 408(309 증가), 우리은행 10,토스뱅크(주) 8(8 증가)	115	317		0		432	급여 저축 증가 등
202603	5560		국회사무처	국회	수석전문위원	최선영	증권	본인	상장주식	LIG넥스원 27주(6주 감소), POSCO홀딩스 4주(2주 감소), STX엔진 0주(20주 감소), 나우로보틱스 54주(54주 증가), 두산에너빌리티 15주(5주 증가), 서비스나우 0.43628주(0.43628주 증가), 카카오페이 16주(16주증가), 티씨케이 0주(9주 감소)	21466	2472		8195		15743	평가액 변동 및 신규 매입
202603	5561		국회사무처	국회	수석전문위원	최선영	채권	배우자		사인간채권	20000	0		0		20000	
202603	5562		국회사무처	국회	수석전문위원	최선영	채무	본인	금융채무	농협은행 1,357(10,772 감소), 신한은행 84,957(4,634감소)	101720	0		15406		86314	채무변제
202603	5563		국회사무처	국회	수석전문위원	최선영	채무	배우자	금융채무	농협은행 224,174(40,944 감소)	265118	0		40944		224174	채무변제
202603	5564		국회사무처	국회	수석전문위원	최선영	고지거부 및 등록제외사항	모		고지거부	0	0		0		0	독립생계유지
202603	5565		국회사무처	국회	수석전문위원	이복우	토지	배우자	도로	울산광역시 중구 남외동 460-44번지 446.00㎡ 중 2.12㎡ (총면적 446.00㎡ 증가, 지분면적 2.12㎡ 증가)	0	1366		0		1366	배우자 모친 사망 따른 공유지분 상속
202603	5566		국회사무처	국회	수석전문위원	이복우	토지	모	전	경상북도 경주시 외동읍 냉천리 534-1번지 3,970.00㎡	194530	2382		0		196912	가액 변동
202603	5567		국회사무처	국회	수석전문위원	이복우	건물	본인	아파트	서울특별시 강남구 수서동 강남데시앙포레 건물 57.47㎡(건물 57.47㎡ 증가)	0	1400000	1400000	0		1400000	주택 취득, 공유 지분
202603	5568		국회사무처	국회	수석전문위원	이복우	건물	배우자	아파트(전세(임차)권)	서울특별시 강남구 대치동 대치삼성아파트 건물 0.00㎡(건물 124.00㎡ 감소)	1700000	0		1700000		0	전세임차 종료
202603	5569		국회사무처	국회	수석전문위원	이복우	건물	배우자	상가(전세(임차)권)	서울특별시 동대문구 청량리동 미주상가 건물 0.00㎡(건물 180.00㎡ 감소)	30000	0		30000		0	상가임차 종료
202603	5570		국회사무처	국회	수석전문위원	이복우	건물	배우자	아파트	서울특별시 강남구 수서동 강남데시앙포레 건물 57.47㎡(건물 57.47㎡ 증가)	0	1400000	1400000	0		1400000	주택 취득, 공유 지분
202603	5571		국회사무처	국회	수석전문위원	이복우	건물	배우자	상가(전세(임차)권)	서울특별시 송파구 가락동 소석빌딩 4층 건물 164.00㎡(건물 164.00㎡ 증가)	0	50000		0		50000	상가임차
202603	5572		국회사무처	국회	수석전문위원	이복우	건물	모	단독주택	경상북도 경주시 외동읍 냉천리 대지 767.00㎡ 건물83.39㎡	104000	1000		0		105000	가액 변동
202603	5573		국회사무처	국회	수석전문위원	이복우	부동산에 관한 규정이 준용되는 권리와 자동차·건설기계·선박 및 항공기	본인	자동차	2019년식 팰리세이드 배기량(2,198cc)	24500	0		2220		22280	가액 변동
202603	5574		국회사무처	국회	수석전문위원	이복우	부동산에 관한 규정이 준용되는 권리와 자동차·건설기계·선박 및 항공기	배우자	자동차	2022년식 gv70 배기량(2,497cc)	40860	0		6310		34550	가액 변동
202603	5575		국회사무처	국회	수석전문위원	이복우	예금	본인		국민은행 8(1 감소), 농협생명보험 93,550(10,200 증가),농협은행 42,533(533 증가), 동양생명보험 29,376(653증가), 메리츠화재해상보험(보험) 17,503,신한라이프생명보험 12,000(12,000 증가), 신한은행 0(8 감소), 주식회사 카카오뱅크 0(5 감소), 중소기업은행 1(1 감소), 한국투자증권 62,200(10,045 증가), 흥국화재해상보험(주) 2,640(812 증가)	225583	47843		13615		259811	예금 및 보험료 납입액 증가
202603	5576		국회사무처	국회	수석전문위원	이복우	예금	배우자		(주)KEB하나은행 50(64 감소), 국민은행 0(40 감소),농협생명보험 0(75,553 감소), 농협은행 2,473(2,442 증가), 동양생명보험 19,788(363 증가), 메리츠화재해상보험(보험) 14,730(488 증가), 빗썸 44(44 증가), 스탠다드차타드은행 837(837 증가), 신한라이프생명보험 117,336(55,460 증가), 우리투자증권 9,900(9,900 증가), 중소기업은행 1,517(1,226 감소),케이뱅크 83,368(83,333 증가), 키움증권 26,218(1,232감소), 토스뱅크(주) 0(3,160 감소), 하나증권 1(1 증가), 한국투자증권 86,328(16,260 감소), 흥국생명보험 21,166(1,753 증가), 흥국화재해상보험(주) 1,498(461 증가)	327707	183991		126444		385254	예금 및 보험료 납입액 증가
202603	5577		국회사무처	국회	수석전문위원	이복우	예금	모		농협중앙회 7,068(6,393 감소)	13461	0		6393		7068	예금 및 보험료 납입액 증가
202603	5578		국회사무처	국회	수석전문위원	이복우	예금	장남		국민은행 3,026(118 증가), 한국투자증권 9,615(6,532증가)	5991	6772		122		12641	예금 및 보험료 납입액 증가
202603	5579		국회사무처	국회	수석전문위원	이복우	예금	장녀		국민은행 3,674(310 증가), 업비트 30(30 증가),한국투자증권 669(1,114 감소)	5147	431		1205		4373	예금 및 보험료 납입액 증가
202603	5580		국회사무처	국회	수석전문위원	이복우	예금	차녀		국민은행 1,860(240 증가), 한국투자증권 5,070(2,958증가)	3732	3198		0		6930	예금 및 보험료 납입액 증가
202603	5581		국회사무처	국회	수석전문위원	이복우	증권	본인	상장주식	NH투자증권우 1주(39주 감소), SK바이오사이언스 188주(12주 증가), 기업은행 0주(5주 감소), 동화약품311주, 맥쿼리인프라 1,213주(30주 증가), 삼성SDI 8주, 삼성전자우 146주(188주 감소), 카카오게임즈 10주(50주 감소), 카카오뱅크 1주(12주 감소), 핌스 780주	43189	1486		3778		40897	일부 매도 및 평가액 변동
202603	5582		국회사무처	국회	수석전문위원	이복우	증권	배우자	상장주식	HD현대중공업 0주(6주 감소), LG보통주 0주(3주 감소), NAVER보통주 0주(4주 감소), SK텔레콤 0주(24주 감소), SK텔레콤보통주 0주(4주 감소), 델타에어라인스 1주(1주 증가), 마이크로소프트 1주(1주 증가), 맥쿼리인프라 0주(600주 감소), 머크 2주(2주 증가), 삼성전자1우선주0주(5주 감소), 삼성전자우 0주(200주 감소), 아이온큐31.005127주(29.005127주 증가), 알파벳A0.000555주(8.999445주 감소), 엔비디아 1주(1주 증가), 우리금융지주 0주(78주 감소), 우리금융지주보통주 0주(1주 감소), 코카콜라 0주(41주 감소), 테슬라1주(14주 감소), 하나금융지주 0주(30주 감소),현대자동차2우선주(신형) 0주(1주 감소), 현대차2우B 0주(20주 감소)	41170	3234		40403		4001	일부 매도 및 평가액 변동
202603	5583		국회사무처	국회	수석전문위원	이복우	증권	배우자	금융채	애큐온캐피탈168(지) 0주	2994	0		2994		0	일부 매도 및 평가액 변동
202603	5584		국회사무처	국회	수석전문위원	이복우	증권	배우자	비상장주식	그래핀스퀘어주식회사 200주	773	135		0		908	일부 매도 및 평가액 변동
202603	5585		국회사무처	국회	수석전문위원	이복우	증권	장남	상장주식	HD현대중공업 0주(2주 감소), 맥쿼리인프라 0주(40주 감소), 삼성전자우 0주(60주 감소), 우리금융지주 0주(1주 감소), 하나금융지주 0주(1주 감소), 현대차2우B 0주(2주감소)	4033	0		4033		0	일부 매도 및 평가액 변동
202603	5586		국회사무처	국회	수석전문위원	이복우	증권	장녀	상장주식	HD현대중공업 0주(1주 감소), 맥쿼리인프라 0주(10주 감소), 삼성전자우 0주(30주 감소), 현대차2우B 0주(1주감소)	1874	0		1874		0	일부 매도 및 평가액 변동
202603	5587		국회사무처	국회	수석전문위원	이복우	증권	차녀	상장주식	HD현대중공업 0주(1주 감소), 맥쿼리인프라 60주(53주 증가), 삼성전자우 0주(50주 감소), 현대차2우B 0주(1주감소)	2727	601		2653		675	일부 매도 및 평가액 변동
202603	5588		국회사무처	국회	수석전문위원	이복우	채무	본인	금융채무	농협은행 379,100(317,922 증가)	61178	379100		61178		379100	주택 매입 담보대출
202603	5589		국회사무처	국회	수석전문위원	이복우	채무	배우자	금융채무	(주)KEB하나은행 100,000(100,000 증가), 농협은행486,000(486,000 증가)	0	586000		0		586000	주택 매입 담보대출
202603	5590		국회사무처	국회	수석전문위원	이복우	채무	장녀	금융채무	국민은행 2,900	2900	0		0		2900	개인용 대출
202603	5591		국회사무처	국회	수석전문위원	이복우	가상자산	배우자		도지코인 3,424.17763253개(2,605.64595743개 증가), 디스체인 0.0119개, 비트코인 0.00632574개(0.00230816개 증가), 솔라나 2.3139941개(0.51430928개 증가), 이더리움 0.14429173개(0.05449965개 증가),이더리움피오더블유 0.0119개, 포인트 0개(444개 감소)	1904	659		90		2473	매도 및 매입자산 가액 변동
202603	5592		국회사무처	국회	수석전문위원	최용훈	토지	본인	답	전북특별자치도 완주군 구이면 덕천리 1478-11번지3,006.00㎡	121743	1202		0		122945	가액변동(상속)
202603	5593		국회사무처	국회	수석전문위원	최용훈	토지	본인	답	전북특별자치도 부안군 계화면 계화리 2232-3번지4,981.70㎡	81202	497		0		81699	가액변동(상속)
202603	5594		국회사무처	국회	수석전문위원	최용훈	건물	본인	아파트(전세(임차)권)	서울특별시 강남구 일원동 상록 스타힐스 건물 0.00㎡(건물 59.92㎡ 감소)	119040	0		119040		0	계약 종료
202603	5595		국회사무처	국회	수석전문위원	최용훈	건물	본인	아파트(전세(임차)권)	서울특별시 강남구 일원동 건물 59.92㎡ (건물 59.92㎡증가)	0	124990		0		124990	신규 전세
202603	5596		국회사무처	국회	수석전문위원	최용훈	건물	장녀	다가구주택(전세(임차)권)	서울특별시 강남구 대치동 건물 44.00㎡ (건물 44.00㎡증가)	0	100000		0		100000	신규 전세
202603	5597		국회사무처	국회	수석전문위원	최용훈	부동산에 관한 규정이 준용되는 권리와 자동차·건설기계·선박 및 항공기	본인	자동차	2016년식 쏘렌토 배기량(2,200cc)	10520	0		1040		9480	가액 변동
202603	5598		국회사무처	국회	수석전문위원	최용훈	현금	본인		현금	14000	0		0		14000	
202603	5599		국회사무처	국회	수석전문위원	최용훈	예금	본인		농협은행 0(3,382 감소), 동양생명보험 9,420, 삼성화재해상보험 200(120 증가), 새마을금고중앙회 2,017(17 증가), 우리은행 76,082(29,361 증가),푸본현대생명보험주식회사 35,292, 현대해상화재보험17,789(670 증가), 흥국생명보험 4,884	118898	30249		3463		145684	근로소득 저축, 보험 가입 등
202603	5600		국회사무처	국회	수석전문위원	최용훈	예금	배우자		(주)KB손해보험 11,713(1,645 증가), (주)KEB하나은행 60(10 증가), AIA생명보험주식회사 27,937(1,210 증가),KB증권 0(500 감소), 동양생명보험 5,169(12,838 감소),삼성생명보험 41,080, 삼성증권 27,201(24,716 증가),신용협동조합중앙회 17,200(2,400 증가), 신한은행 0(705 감소), 우리은행 128,703(31,949 증가), 주식회사 카카오뱅크 0(140 감소), 현대해상화재보험 5,591(381 증가)	216526	94814		46686		264654	근로소득 저축, 보험 가입 등
202603	5601		국회사무처	국회	수석전문위원	최용훈	예금	장남		우리은행 0(1,540 감소), 키움증권 0(35 감소)	1575	0		1575		0	근로소득 저축, 보험 가입 등
202603	5602		국회사무처	국회	수석전문위원	최용훈	예금	차남		우리은행 0(750 감소), 키움증권 0(270 감소)	1020	0		1020		0	근로소득 저축, 보험 가입 등
202603	5603		국회사무처	국회	수석전문위원	최용훈	예금	장녀		우리은행 12,409(4,203 증가)	8206	5699		1496		12409	근로소득 저축, 보험 가입 등
202603	5604		국회사무처	국회	수석전문위원	최용훈	예금	차녀		(주)KEB하나은행 0(25 감소), 우리은행 0(1,681 감소)	1706	0		1706		0	근로소득 저축, 보험 가입 등
202603	5605		국회사무처	국회	수석전문위원	최용훈	증권	본인	상장주식	SK바이오팜 5,446주(1,601주 증가), 녹십자보통주 0주(18주 감소), 삼양홀딩스보통주 0주(840주 감소), 삼천당제약 5,200주(4,332주 감소), 오스코텍 8,000주(2,560주 감소), 유한양행 1,800주(1,440주감소), 카카오게임즈 0주(220주 감소), 코맥스 1,369주,하이텍팜 17,560주(10,907주 증가)	2645942	570876		550307		2666511	증권시장 호전에 따른 보유종목 재평가
202603	5606		국회사무처	국회	수석전문위원	최용훈	증권	본인	비상장주식	두나무 120주	22752	1647		0		24399	증권시장 호전에 따른 보유종목 재평가
202603	5607		국회사무처	국회	수석전문위원	최용훈	증권	배우자	상장주식	LG에너지솔루션 0주(1주 감소), 노머스 3,871주(3,871주 증가), 대주전자재료 1,510주(1,510주 증가), 브루커 2,200주(2,200주 증가), 상상인 0주(200주 감소), 상신이디피 2,120주(3주 증가), 센서뷰 0주(418주 감소), 셀바스AI 1,500주(1,500주 증가), 씨앤지하이테크 1,650주(1,650주 증가), 엔지스테크널러지 0주(320주 감소), 오파스넷 11,546주(11,546주 증가), 우리금융지주보통주 4,770주(436주 증가), 유니온바이오메트릭스 18,262주(18,262주 증가), 펄어비스 1,150주(1,150주 증가), 플루언스에너지 4,750주(4,750주 증가), 한화솔루션 1,870주(1,870주증가)	84338	855564		17725		922177	증권시장 호전에 따른 보유종목 재평가
202603	5608		국회사무처	국회	수석전문위원	최용훈	채권	본인		사인간채권	30000	30000		30000		30000	
202603	5609		국회사무처	국회	수석전문위원	최용훈	채무	본인		사인간채무 감소	30000	0		30000		0	채무관계 소멸
202603	5610		국회사무처	국회	수석전문위원	최용훈	채무	본인	금융채무	농협은행 77,742(78,329 감소), 우리은행 0(20,300 감소)	176371	0		98629		77742	금융채무 일부 상환
202603	5611		국회사무처	국회	수석전문위원	최용훈	채무	배우자	금융채무	(주)KEB하나은행 0(104,701 감소), 우리은행 0(29,339감소), 한국증권금융 0(11,914 감소)	145954	0		145954		0	금융채무 전액 상환
202603	5612		국회사무처	국회	수석전문위원	최용훈	고지거부 및 등록제외사항	모		고지거부	0	0		0		0	독립생계유지
202603	5613		국회사무처	국회	수석전문위원	송수환	토지	본인	임야	울산광역시 울주군 언양읍 반송리 산 61번지 57,684.00㎡중 11,536.80㎡	61837	49954		0		111791	공시지가 반영
202603	5614		국회사무처	국회	수석전문위원	송수환	토지	본인	임야	울산광역시 울주군 언양읍 반송리 산 61-1번지 35.00㎡ 중7.00㎡	31	32		0		63	공시지가 반영
202603	5615		국회사무처	국회	수석전문위원	송수환	건물	본인	오피스텔	서울특별시 영등포구 양평동5가 에듀시티에비앙 건물42.85㎡	450000	0		0		450000	매매가 유지
202603	5616		국회사무처	국회	수석전문위원	송수환	부동산에 관한 규정이 준용되는 권리와 자동차·건설기계·선박 및 항공기	본인	자동차	2017년식 소나타 배기량(2,000cc)	10280	0		810		9470	감가상각 반영
202603	5617		국회사무처	국회	수석전문위원	송수환	예금	본인		NH투자증권 86,170(17,323 증가), 농협은행 45,688(5,513증가), 삼성생명보험 25,448, 새마을금고중앙회 51(1 증가), 우리은행 34(14 감소), 주식회사 카카오뱅크 114(100 증가), 케이뱅크 31(10 증가)	134603	22947		14		157536	예적금 추가납입 및 증권가액변동 등에 따른 잔액변동
202603	5618		국회사무처	국회	수석전문위원	송수환	채무	본인	금융채무	공무원연금공단 62,890(11,280 증가), 농협은행10,500(47,188 감소)	109298	12530		48438		73390	대출 일부상환 등에 따른 잔액변동
202603	5619		국회사무처	국회	수석전문위원	송수환	고지거부 및 등록제외사항	부		고지거부	0	0		0		0	타인부양
202603	5620		국회사무처	국회	수석전문위원	송수환	고지거부 및 등록제외사항	모		고지거부	0	0		0		0	타인부양
202603	5621		국회사무처	국회	수석전문위원	정순임	토지	배우자	답	경상북도 포항시 북구 흥해읍 초곡리 185번지 577.00㎡	54700	518		0		55218	가액변동
202603	5622		국회사무처	국회	수석전문위원	정순임	토지	배우자	임야	경상북도 포항시 북구 흥해읍 초곡리 252-1번지 123.00㎡중 15.00㎡	1131	13		0		1144	가액변동
202603	5623		국회사무처	국회	수석전문위원	정순임	토지	배우자	임야	경상북도 포항시 북구 흥해읍 초곡리 252번지 912.00㎡ 중114.00㎡	8596	102		0		8698	가액변동
202603	5624		국회사무처	국회	수석전문위원	정순임	토지	배우자	전	경상북도 포항시 북구 흥해읍 초곡리 257번지 2,460.00㎡중 351.00㎡	29624	351		0		29975	가액변동
202603	5625		국회사무처	국회	수석전문위원	정순임	토지	배우자	답	경상북도 포항시 북구 흥해읍 초곡리 264번지 469.00㎡ 중67.00㎡	5494	67		0		5561	가액변동
202603	5626		국회사무처	국회	수석전문위원	정순임	토지	배우자	답	경상북도 포항시 북구 흥해읍 초곡리 290번지 3,094.00㎡	174502	4640		0		179142	가액변동
202603	5627		국회사무처	국회	수석전문위원	정순임	토지	배우자	답	경상북도 포항시 북구 흥해읍 초곡리 291번지 324.00㎡	15325	421		0		15746	가액변동
202603	5628		국회사무처	국회	수석전문위원	정순임	건물	본인	오피스텔	서울특별시 강남구 역삼동 대지 1,374.20㎡ 중 4.20㎡ 건물23.87㎡	250000	0		0		250000	변동없음
202603	5629		국회사무처	국회	수석전문위원	정순임	건물	본인	오피스텔(전세( 임차)권)	서울특별시 영등포구 영등포동3가 산타모니카 대지 0.00㎡ 중 0.00㎡건물 0.00㎡ (대지 지분면적 5.00㎡ 감소, 건물29.71㎡ 감소)	300000	0		300000		0	계약기간만료, 전세보증금반환
202603	5630		국회사무처	국회	수석전문위원	정순임	건물	배우자	아파트	서울특별시 강남구 삼성동 래미안삼성2차 건물 84.92㎡	1583000	110000		0		1693000	가액변동
202603	5631		국회사무처	국회	수석전문위원	정순임	건물	차남	다세대주택(전세(임차)권)	경기도 부천시 원미구 역곡동 대지 163.40㎡ 중 11.03㎡건물 21.68㎡	10000	0		0		10000	변동없음
202603	5632		국회사무처	국회	수석전문위원	정순임	부동산에 관한 규정이 준용되는 권리와 자동차·건설기계·선박 및 항공기	배우자	자동차	2025년식 S450 4MATIC 배기량(2,998cc) 증가	0	180000	180000	0		180000	
202603	5633		국회사무처	국회	수석전문위원	정순임	예금	본인		KB라이프생명보험 19,248, NH투자증권 47(33 증가),광주은행 50,000, 농협생명보험 48,000(3,000 증가),농협은행 357,021(278,968 증가), 미래에셋증권 1, 삼성증권 1,035,740(547,535 증가), 삼성화재해상보험 26,493(1,154 증가), 새마을금고중앙회 133(4 증가),수협은행 3,530(92,794 감소), 신한은행 48,349(16,349증가), 아이엠뱅크 25,500(17,500 증가), 토스뱅크(주) 75,000(36,000 증가), 한국투자증권 3(2 감소)	881318	962744		154997		1689065	만기 또는 신규 가입
202603	5634		국회사무처	국회	수석전문위원	정순임	예금	배우자		KB라이프생명보험 34,524, 삼성증권 1,988,487(1,183,109증가), 새마을금고중앙회 544,638(630,779 감소), 우리은행 1,560(994 증가), 토스뱅크(주) 87,037(36,014증가), 한국투자증권 1	2066909	1969379		1380041		2656247	만기 또는 신규 가입
202603	5635		국회사무처	국회	수석전문위원	정순임	예금	모		농협중앙회 41,390(7,078 증가)	34312	26385		19307		41390	만기 또는 신규 가입
202603	5636		국회사무처	국회	수석전문위원	정순임	예금	장남		국민은행 0(1 감소), 농협은행 6,950(600 증가),미래에셋증권 14(136 감소), 삼성증권 365,908(274,958 증가), 새마을금고중앙회 33,756(27,443 증가), 신한은행 0(1,200 감소), 주식회사 카카오뱅크 476(218 증가)	105222	303956		2074		407104	만기 또는 신규 가입
202603	5637		국회사무처	국회	수석전문위원	정순임	예금	차남		농협은행 6,961(600 증가), 삼성증권 432,249(308,780증가), 주식회사 카카오뱅크 94(9 감소)	129933	309469		98		439304	만기 또는 신규 가입
202603	5638		국회사무처	국회	수석전문위원	정순임	증권	본인	상장주식	SK아이이테크놀로지 1주, 삼성SDI 17주(2주 증가), 서원 50주, 오픈도어테크놀로지스 0주(5,000주 감소),유니티소프트웨어 0주(100주 감소)	18932	872		15143		4661	매도 또는 가액변동, 자사주 성과급 배당으로 인한 취득
202603	5639		국회사무처	국회	수석전문위원	정순임	증권	본인	회사채	BNK금융조건부(상)8 0주(49,251,000주 감소), DGBFG조건부(상)3(신종-영구-5콜) 0주(49,265,000주 감소), KB금융조건부(상)3-2 0주(49,067,000주 감소),KB금융조건부(상)6-1 0주(177,690,000주 감소)	325273	0		325273		0	매도 또는 가액변동, 자사주 성과급 배당으로 인한 취득
202603	5640		국회사무처	국회	수석전문위원	정순임	증권	배우자	상장주식	삼성전자 866주(866주 증가)	0	103833		0		103833	매도 또는 가액변동, 자사주 성과급 배당으로 인한 취득
202603	5641		국회사무처	국회	수석전문위원	정순임	증권	장남	상장주식	삼성SDI 0주(20주 감소), 오픈도어테크놀로지스 0주(3,488주 감소), 유니티소프트웨어 0주(70주 감소)	15521	0		15521		0	매도 또는 가액변동, 자사주 성과급 배당으로 인한 취득
202603	5642		국회사무처	국회	수석전문위원	정순임	증권	차남	상장주식	삼성SDI 0주(10주 감소)	2475	0		2475		0	매도 또는 가액변동, 자사주 성과급 배당으로 인한 취득
202603	5643		국회사무처	국회	수석전문위원	정순임	채권	본인		사인간채권	10000	0		0		10000	
202603	5644		국회사무처	국회	수석전문위원	정순임	채무	본인	금융채무	공무원연금공단 18,938(1,350 감소)	20288	0		1350		18938	
202603	5645		국회사무처	국회	수석전문위원	정순임	채무	본인	건물임대채무	서울특별시 강남구 역삼동 임대보증금	10000	0		0		10000	
202603	5646		국회사무처	국회	수석전문위원	정순임	채무	배우자	금융채무	새마을금고중앙회 0(30,000 감소)	30000	0		30000		0	
202603	5647		국회사무처	국회	수석전문위원	정순임	채무	배우자	건물임대채무	서울특별시 강남구 삼성동 래미안삼성2차 임대보증금 감소	700000	0		700000		0	
202603	5648		국회사무처	국회	수석전문위원	정순임	채무	차남		사인간채무	10000	0		0		10000	
202603	5649		국회사무처	국회	수석전문위원	정순임	가상자산	배우자		비트코인 0.18425104개(0.18425104개 증가), 이더리움12.22007955개(12.22007955개 증가)	0	76613		0		76613	신규 취득
202603	5650		국회사무처	국회	수석전문위원	박재유	건물	본인	아파트	서울특별시 서초구 방배동 브라운스톤방배 건물 114.65㎡중 57.33㎡	739500	0		8000		731500	평가가액 변동
202603	5651		국회사무처	국회	수석전문위원	박재유	건물	본인	아파트(전세(임차)권)	경기도 시흥시 능곡동 신일해피트리아파트 건물 107.25㎡	470000	0		0		470000	변동없음
202603	5652		국회사무처	국회	수석전문위원	박재유	건물	배우자	아파트	서울특별시 서초구 방배동 브라운스톤방배 건물 114.65㎡중 57.32㎡	739500	0		8000		731500	평가가액 변동
202603	5653		국회사무처	국회	수석전문위원	박재유	건물	모	아파트	경기도 남양주시 다산동 플루리움 건물 134.87㎡	427000	10000		0		437000	평가가액 변동
202603	5654		국회사무처	국회	수석전문위원	박재유	건물	모	아파트	경기도 남양주시 다산동 플루리움 건물 162.45㎡	479000	10000		0		489000	평가가액 변동
202603	5655		국회사무처	국회	수석전문위원	박재유	건물	모	상가	경기도 의정부시 장암동 장암2단지주공아파트 건물41.80㎡	130000	0		0		130000	변동없음
202603	5656		국회사무처	국회	수석전문위원	박재유	건물	모	상가	서울특별시 광진구 구의동 구의동현대2단지 건물 49.86㎡	420000	0		0		420000	변동없음
202603	5657		국회사무처	국회	수석전문위원	박재유	건물	장남	단독주택(전세(임차)권)	서울특별시 관악구 신림동 건물 18.00㎡	120000	0		0		120000	변동없음
202603	5658		국회사무처	국회	수석전문위원	박재유	건물	차남	오피스텔(전세(임차)권)	서울특별시 관악구 봉천동 동도오피스텔 건물 12.00㎡	10000	0		0		10000	변동없음
202603	5659		국회사무처	국회	수석전문위원	박재유	건물	차남	아파트	경기도 안양시 동안구 비산동 평촌자이아이파크 건물45.58㎡ (건물 45.58㎡ 증가)	0	285000	285000	0		285000	신규 매입
202603	5660		국회사무처	국회	수석전문위원	박재유	부동산에 관한 규정이 준용되는 권리와 자동차·건설기계·선박 및 항공기	본인	자동차	2020년식 더뉴그랜저 2.5 배기량(2,490cc)	23400	0		1591		21809	평가가액 변동
202603	5661		국회사무처	국회	수석전문위원	박재유	부동산에 관한 규정이 준용되는 권리와 자동차·건설기계·선박 및 항공기	배우자	자동차	2010년식 뉴SM5(신형) 2.0 배기량(1,998cc) 감소	3000	0		3000		0	폐차 처분
202603	5662		국회사무처	국회	수석전문위원	박재유	부동산에 관한 규정이 준용되는 권리와 자동차·건설기계·선박 및 항공기	배우자	자동차	2020년식 더뉴그랜저 2.5 배기량(2,490cc)	240	0		10		230	평가가액 변동
202603	5663		국회사무처	국회	수석전문위원	박재유	부동산에 관한 규정이 준용되는 권리와 자동차·건설기계·선박 및 항공기	배우자	자동차	2022년식 220i 배기량(1,998cc)	31670	0		4260		27410	평가가액 변동
202603	5664		국회사무처	국회	수석전문위원	박재유	예금	본인		(주)KEB하나은행 2, 국민은행 10, 농협은행 280(31,319감소), 삼성생명보험 6,726(7,135 감소), 신한은행 9	45481	183		38637		7027	생활비 절약에 따른 변동
202603	5665		국회사무처	국회	수석전문위원	박재유	예금	배우자		AIA생명보험주식회사 6,942(356 증가), 국민은행 4,삼성생명보험 382, 우체국 18,814(2,271 증가), 주식회사카카오뱅크 0(91 감소), 한국교직원공제회 47,052(3,625 증가)	67033	6252		91		73194	생활비 절약에 따른 변동
202603	5666		국회사무처	국회	수석전문위원	박재유	예금	모		농협은행 41(18 증가), 새마을금고중앙회 40,061(9,972 증가), 신한은행 26,032(9,408 증가), 우체국14,778(3,769 증가)	57745	63787		40620		80912	생활비 절약에 따른 변동
202603	5667		국회사무처	국회	수석전문위원	박재유	예금	장남		신한은행 1,638, 주식회사 카카오뱅크 24	1662	0		0		1662	생활비 절약에 따른 변동
202603	5668		국회사무처	국회	수석전문위원	박재유	예금	차남		(주)카카오페이증권 8(8 증가), KB증권 154(1,317 감소),우리은행 1, 주식회사 카카오뱅크 31, 중소기업은행7,450(6,619 증가)	2334	6627		1317		7644	생활비 절약에 따른 변동
202603	5669		국회사무처	국회	수석전문위원	박재유	증권	장남	상장주식	엔비디아 4.938968주(4.938968주 증가)	0	1321		0		1321	주식 매입 및 매도에 따른 차익
202603	5670		국회사무처	국회	수석전문위원	박재유	증권	차남	상장주식	GE베르노바 0주(1주 감소), 알파벳C 6주(6주 증가), 애플0주(5주 감소)	2323	2701		2323		2701	주식 매입 및 매도에 따른 차익
202603	5671		국회사무처	국회	수석전문위원	박재유	채무	본인	금융채무	농협은행 150,348(120,348 증가)	30000	150348		30000		150348	차남 주택 매입 비용 증여를 위한 대출
202603	5672		국회사무처	국회	수석전문위원	박재유	채무	본인	건물임대채무	서울특별시 서초구 방배동 브라운스톤방배 임대보증금	550000	0		0		550000	변동없음
202603	5673		국회사무처	국회	수석전문위원	박재유	채무	배우자	금융채무	AIA생명보험주식회사 1,830, 공무원연금공단31,596(8,310 감소), 농협은행 94,419(8,245 감소),롯데캐피탈 0(41,642 감소), 삼성생명보험 4,500, 삼성카드 20,000(20,000 증가), 한국교직원공제회 45,800(45,800 증가)	190542	69511		61908		198145	일부 상환 및 추가 대출
202603	5674		국회사무처	국회	수석전문위원	박재유	채무	배우자	건물임대채무	서울특별시 서초구 방배동 브라운스톤방배 임대보증금	550000	0		0		550000	변동없음
202603	5675		국회사무처	국회	수석전문위원	박재유	채무	모	건물임대채무	경기도 남양주시 다산동 플루리움 임대보증금	420000	0		0		420000	변동없음
202603	5676		국회사무처	국회	수석전문위원	박재유	채무	모	건물임대채무	경기도 의정부시 장암동 장암2단지주공아파트 임대보증금	12000	0		0		12000	변동없음
202603	5677		국회사무처	국회	수석전문위원	박재유	채무	모	건물임대채무	서울특별시 광진구 구의동 구의동현대2단지 임대보증금	50000	0		0		50000	변동없음
202603	5678		국회사무처	국회	수석전문위원	박재유	채무	장남	금융채무	주식회사 카카오뱅크 100,923	100923	0		0		100923	변동없음
202603	5679		국회사무처	국회	수석전문위원	이정은	건물	본인	아파트	서울특별시 서초구 잠원동 롯데캐슬갤럭시 건물 132.16㎡중 66.08㎡	1080000	22500		0		1102500	가액변동
202603	5680		국회사무처	국회	수석전문위원	이정은	건물	배우자	아파트	서울특별시 서초구 잠원동 롯데캐슬갤럭시 건물 132.16㎡중 66.08㎡	1080000	22500		0		1102500	가액변동
202603	5681		국회사무처	국회	수석전문위원	이정은	예금	본인		(주)KEB하나은행 164(6 증가), NH투자증권 2, 국민은행 6, 농협생명보험 61,380(3,095 증가), 농협은행 81,876(16,836 증가), 농협중앙회 4,338(1,316 감소),삼성화재해상보험 60(38 증가), 새마을금고중앙회 130(4 증가), 신한은행 400(400 증가), 우리은행 50(50 증가),우체국 231(22 증가)	129502	68885		49750		148637	급여 저축 증가 등
202603	5682		국회사무처	국회	수석전문위원	이정은	예금	배우자		교보생명보험 15,180, 국민은행 0(3,513 감소),농협생명보험 36,000, 농협은행 29,800(6,400 증가), 미래에셋증권 3,420(3,003 증가), 삼성생명보험 25,891(3,612 감소), 새마을금고중앙회 134(4 증가), 신한은행 17,010(8,450 증가), 주식회사 카카오뱅크 263(540 감소)	117506	18085		7893		127698	급여 저축 증가 등
202603	5683		국회사무처	국회	수석전문위원	이정은	예금	장남		농협은행 6, 신한은행 408(258 증가), 우리은행 10,토스뱅크(주) 8(342 감소)	516	258		342		432	급여 저축 증가 등
202603	5684		국회사무처	국회	수석전문위원	이정은	증권	배우자	상장주식	LIG넥스원 27주(23주 감소), POSCO홀딩스 4주(4주 증가), 나우로보틱스 54주(54주 증가), 두산에너빌리티 15주(15주 증가), 서비스나우 0.43628주(0.43628주증가), 카카오페이 16주(16주 증가)	11025	4718		0		15743	가액변동 및 신규매입
202603	5685		국회사무처	국회	수석전문위원	이정은	채권	본인		사인간채권	20000	0		0		20000	
202603	5686		국회사무처	국회	수석전문위원	이정은	채무	본인	금융채무	농협은행 224,174(76,292 감소)	300466	0		76292		224174	채무변제
202603	5687		국회사무처	국회	수석전문위원	이정은	채무	배우자	금융채무	농협은행 1,357(772 감소), 신한은행 84,957(10,074 감소)	97160	0		10846		86314	채무변제
202603	5688		국회사무처	국회	수석전문위원	이정은	고지거부 및 등록제외사항	부		고지거부	0	0		0		0	독립생계유지
202603	5689		국회사무처	국회	수석전문위원	이정은	고지거부 및 등록제외사항	모		고지거부	0	0		0		0	독립생계유지
202603	5690		국회사무처	국회	수석전문위원	박희석	건물	본인	복합건물(주택+상가)	서울특별시 송파구 마천동 대지 176.00㎡ 중 88.00㎡ 건물416.40㎡ 중 208.20㎡	590145	24475		0		614620	
202603	5691		국회사무처	국회	수석전문위원	박희석	건물	본인	다세대주택	서울특별시 서초구 방배동 방배동다세대 대지 40.20㎡ 중20.10㎡ 건물 40.20㎡ 중 20.10㎡	430000	0		0		430000	
202603	5692		국회사무처	국회	수석전문위원	박희석	건물	본인	아파트(전세(임차)권)	경기도 고양시 덕양구 덕은동 DMC 디에트르 한강 건물85.00㎡	610000	0		0		610000	
202603	5693		국회사무처	국회	수석전문위원	박희석	건물	배우자	복합건물(주택+상가)	서울특별시 송파구 마천동 대지 176.00㎡ 중 88.00㎡ 건물416.40㎡ 중 208.20㎡	590145	24475		0		614620	
202603	5694		국회사무처	국회	수석전문위원	박희석	건물	배우자	다세대주택	서울특별시 서초구 방배동 방배동다세대 대지 40.20㎡ 중20.10㎡ 건물 40.20㎡ 중 20.10㎡	430000	0		0		430000	
202603	5695		국회사무처	국회	수석전문위원	박희석	건물	배우자	공장	서울특별시 구로구 구로동 우림이비지센터1차 대지34.94㎡ 건물 136.49㎡	532800	11468		0		544268	
202603	5696		국회사무처	국회	수석전문위원	박희석	부동산에 관한 규정이 준용되는 권리와 자동차·건설기계·선박 및 항공기	본인	자동차	2024년식 GV70 배기량(2,497cc)	53000	0		8570		44430	
202603	5697		국회사무처	국회	수석전문위원	박희석	예금	본인		(주)KEB하나은행 39,472(12,012 증가), 교보생명보험 17,238(10,392 감소), 농협은행 34,359(19,067 증가),우리은행 1, 우체국 1,672(521 증가),한화생명보험주식회사 40,720(4,080 증가)	108174	36634		11346		133462	봉급, 임대료수입, 주식 매도 차액 등으로 저축 증가
202603	5698		국회사무처	국회	수석전문위원	박희석	예금	배우자		(주)KEB하나은행 10, 미래에셋증권 1, 삼성생명보험90,118(4,607 증가), 삼성증권 22(613 감소), 신한은행231,812(107,736 증가), 주식회사 카카오뱅크 53(95 감소), 케이뱅크 8,679(811 증가), 한국투자증권 27,756(18,656 증가), 한화생명보험주식회사40,720(4,080 증가), 한화손해보험 32,310(2,228 증가)	294071	238123		100713		431481	봉급, 임대료수입, 주식 매도 차액 등으로 저축 증가
202603	5699		국회사무처	국회	수석전문위원	박희석	예금	장남		KB증권 117(89 증가), 국민은행 3,975(2,529 증가),신한은행 23,791(1,222 증가), 우리은행 20, 중소기업은행2,600(2,400 증가), 토스증권(주) 9,901(9,867 증가)	24297	17225		1118		40404	봉급, 임대료수입, 주식 매도 차액 등으로 저축 증가
202603	5700		국회사무처	국회	수석전문위원	박희석	증권	본인	비상장주식	제론셀베인 35,000주(31,500주 증가)	17500	0		0		17500	주식 매도 등으로 평가액 감소
202603	5701		국회사무처	국회	수석전문위원	박희석	증권	배우자	상장주식	DB하이텍 0주(92주 감소), 뉴프렉스 100주, 마이크로투나노 25주, 모트렉스 0주(280주 감소), 바이오톡스텍 100주, 삼성전자 109주(141주 감소), 세경하이테크 0주(499주 감소), 셀트리온 2주, 스코넥 0주(260주 감소), 아나패스 0주(1주 감소), 알에스오토메이션 0주(20주 감소), 에브리봇 40주, 에스비비테크 0주(50주 감소), 엘앤에프 5주, 이엔에프테크놀로지 0주(20주 감소), 코스모화학 0주(142주 감소), 풍원정밀 0주(1주 감소), 한성기업0주(601주 감소)	33122	387		17693		15816	주식 매도 등으로 평가액 감소
202603	5702		국회사무처	국회	수석전문위원	박희석	증권	장남	상장주식	랩코프홀딩스 3주(3주 증가), 로켓랩 0주(9주 감소), 루시드 0주(50주 감소), 마이크로소프트 2주(2주 증가), 알파벳A 5주(5주 증가), 애플 0주(1.000948주 감소), 엔비디아 1주(1주 증가), 일라이릴리 2주(2주 증가), 조비에비에이션 0주(10주 감소), 코카콜라 24주(24주 증가), 코히런트 4주(4주 증가), 팔란티어 0주(1주 감소),화이자 0주(1주 감소)	1197	11528		1197		11528	주식 매도 등으로 평가액 감소
202603	5703		국회사무처	국회	수석전문위원	박희석	채무	본인	금융채무	공무원연금공단 26,630	26630	0		0		26630	
202603	5704		국회사무처	국회	수석전문위원	박희석	채무	본인	건물임대채무	서울특별시 송파구 마천동 임대보증금	45000	0		0		45000	
202603	5705		국회사무처	국회	수석전문위원	박희석	채무	배우자	건물임대채무	서울특별시 구로구 구로동 우림이비지센터1차 임대보증금	24000	0		0		24000	
202603	5706		국회사무처	국회	수석전문위원	박희석	채무	배우자	건물임대채무	서울특별시 송파구 마천동 임대보증금	45000	0		0		45000	
202603	5707		국회사무처	국회	수석전문위원	박희석	가상자산	배우자		리플 521.894781개, 비트코인 0.00004394개, 송버드78.8583014개, 엑스코어 1.3011개	1608	0		184		1424	가상자산 가격하락 등으로 감소
202603	5708		국회사무처	국회	수석전문위원	박희석	고지거부 및 등록제외사항	부		고지거부	0	0		0		0	타인부양
202603	5709		국회사무처	국회	수석전문위원	박희석	고지거부 및 등록제외사항	모		고지거부	0	0		0		0	타인부양
202603	5710		국회사무처	국회	수석전문위원	이지민	건물	본인	아파트	서울특별시 송파구 잠실동 잠실엘스 건물 59.96㎡	1500000	26000		0		1526000	공시가격 상승
202603	5711		국회사무처	국회	수석전문위원	이지민	부동산에 관한 규정이 준용되는 권리와 자동차·건설기계·선박 및 항공기	본인	자동차	2018년식 그랜저IG 배기량(2,359cc)	12880	0		1420		11460	가액변동
202603	5712		국회사무처	국회	수석전문위원	이지민	예금	본인		KB라이프생명보험 54,338(2,488 증가), 농협은행 401,502(59,673 증가), 미래에셋증권 14,510(9,334 증가),삼성생명보험 22,104, 삼성증권 13,949(379 증가), 신한은행 60,000(20,000 증가), 우리은행 44,195(11,508 증가),주식회사 카카오뱅크 216(2 증가), 키움증권 416(40 증가)	507806	281896		178472		611230	근로소득 저축 및 이자 발생
202603	5713		국회사무처	국회	수석전문위원	이지민	증권	본인	상장주식	NAVER보통주 2주, 삼성전자보통주 29주	1939	2023		0		3962	주가 상승
202603	5714		국회사무처	국회	수석전문위원	이지민	고지거부 및 등록제외사항	부		고지거부	0	0		0		0	기타
202603	5715		국회사무처	국회	수석전문위원	이지민	고지거부 및 등록제외사항	모		고지거부	0	0		0		0	타인부양
202603	5716		국회사무처	국회	수석전문위원	신항진	건물	본인	오피스텔(전세(임차)권)	서울특별시 영등포구 당산동 노들리안 오피스텔1 건물29.80㎡	140000	0		0		140000	변동없음
202603	5717		국회사무처	국회	수석전문위원	신항진	건물	모	아파트	광주광역시 남구 송하동 삼익아파트 건물 75.15㎡ (건물0.02㎡ 감소)	115000	0		0		115000	변동없음
202603	5718		국회사무처	국회	수석전문위원	신항진	건물	장남	단독주택(전세(임차)권)	경기도 안성시 공도읍 마정리 뉴그린 대지 571.00㎡ 건물455.42㎡	5000	0		0		5000	변동없음
202603	5719		국회사무처	국회	수석전문위원	신항진	부동산에 관한 규정이 준용되는 권리와 자동차·건설기계·선박 및 항공기	본인	자동차	2015년식 아베오 배기량(1,400cc)	4110	0		1588		2522	가액변동
202603	5720		국회사무처	국회	수석전문위원	신항진	예금	본인		(주)KEB하나은행 5(3 감소), NH투자증권 113,222(113,222증가), SBI저축은행 0(46,856 감소), 농협생명보험 0(58,450 감소), 농협은행 5,713(23,636 감소),미래에셋증권 4, 케이뱅크 86,712(86,712 증가),토스뱅크(주) 8, 토스증권(주) 8,510(8,510 증가),한국투자증권 10,072(10,072 증가)	134675	219717		130146		224246	소득 등 불입, 인출 및 해지 등
202603	5721		국회사무처	국회	수석전문위원	신항진	예금	모		광주은행 11(37 감소), 새마을금고중앙회 121,164(5,086증가)	116126	116132		111083		121175	소득 등 불입, 인출 및 해지 등
202603	5722		국회사무처	국회	수석전문위원	신항진	예금	장남		국민은행 25(21 증가), 미래에셋증권 1,150(1,775 감소),신한은행 1, 우리은행 16,280(5,137 증가), 주식회사카카오뱅크 249(128 증가), 케이뱅크 0(1 감소),토스뱅크(주) 4,291(3,142 증가)	15344	8428		1776		21996	소득 등 불입, 인출 및 해지 등
202603	5723		국회사무처	국회	수석전문위원	신항진	증권	본인	상장주식	애플 0.001306주(0.001306주 증가)	0	0		0		0	매입 및 매도 등
202603	5724		국회사무처	국회	수석전문위원	신항진	증권	본인	기타(채권)	ISA특판RP(e)-24시간 0주	0	10042		0		10042	매입 및 매도 등
202603	5725		국회사무처	국회	수석전문위원	신항진	증권	장남	상장주식	NAVER 8주(8주 증가), 카카오 22주(22주 증가),한국항공우주 0주(10주 감소)	549	3262		549		3262	매입 및 매도 등
202603	5726		국회사무처	국회	수석전문위원	신항진	채무	장남	금융채무	미래에셋증권 30(30 증가)	0	30		0		30	신규 발생
202603	5727		국회사무처	국회	수석전문위원	신항진	가상자산	장남		니어프로토콜 128.99509043개, 디센트럴랜드 196.15746214개, 베이직어텐션토큰 2,389.62120866개,비트코인 0.3049586개(0.01040908개 증가), 샌드박스 1,963.80469146개, 소다엑스4,785.96674825개(4,785.96674825개 증가), 스택스854.45110089개(301.47736757개 증가), 아이씨제트1,134.1906504개, 아이콘 0개(4,785.96674825개 감소),온톨로지가스 2,007.96878634개, 이더리움 0.86192598개(0.29518775개 증가), 이더리움클래식11.5565077개(13.75994799개 감소), 체인링크0개(55.32044326개 감소)	53518	1281		9269		45530	매도, 매입 등
202603	5728		국회사무처	국회	수석전문위원	곽현준	토지	본인	답	경기도 이천시 모가면 산내리 41-2번지 2,387.00㎡ 중795.70㎡	21563	80		0		21643	가액변동
202603	5729		국회사무처	국회	수석전문위원	곽현준	토지	본인	전	경기도 이천시 모가면 산내리 49-1번지 71.00㎡ 중 23.70㎡	901	1		0		902	
202603	5730		국회사무처	국회	수석전문위원	곽현준	토지	본인	대지	경기도 이천시 모가면 산내리 49번지 650.00㎡ 중 162.50㎡	14056	0		0		14056	
202603	5731		국회사무처	국회	수석전문위원	곽현준	건물	본인	아파트	인천광역시 중구 운서동 영종어울림1차 건물 126.28㎡	244000	0		0		244000	
202603	5732		국회사무처	국회	수석전문위원	곽현준	건물	본인	다세대주택(전세(임차)권)	서울특별시 서초구 내곡동 대지 81.90㎡ 건물 245.80㎡	400000	20000		0		420000	전세보증금 증가
202603	5733		국회사무처	국회	수석전문위원	곽현준	예금	본인		(주)KB손해보험 2,988(432 증가), HSBC은행 0(200 감소),KB라이프생명보험 2,436(2,436 증가), SK증권 16,152(5,211 증가), 농협생명보험 4,212, 농협은행17,978(112 감소), 동양생명보험 72,048(6,761 증가),삼성생명보험 339,688(13,996 증가), 새마을금고중앙회 6,438(69 증가), 신한은행 3,130(242 증가), 주식회사 카카오뱅크 15,906(9,870 증가), 현대해상화재보험 279(279 증가)	442271	39297		313		481255	급여저축
202603	5734		국회사무처	국회	수석전문위원	곽현준	예금	장녀		(주)KEB하나은행 6,730(460 증가), ING 23,472(23,472증가), SK증권 1,441(30 증가), 농협은행 22, 삼성생명보험 38,150(4,200 증가), 신한은행 55,470(17,688 증가)	79435	45850		0		125285	급여저축
202603	5735		국회사무처	국회	수석전문위원	곽현준	채무	본인	건물임대채무	인천광역시 중구 운서동 영종어울림1차 임대보증금	180000	0		0		180000	
202603	5736		국회사무처	국회	수석전문위원	곽현준	고지거부 및 등록제외사항	부		고지거부	0	0		0		0	독립생계유지
202603	5737		국회사무처	국회	수석전문위원	곽현준	고지거부 및 등록제외사항	모		고지거부	0	0		0		0	독립생계유지
202603	5738		국회사무처	국회	수석전문위원	김건오	건물	본인	아파트	서울특별시 양천구 목동 목동신시가지1 건물 98.08㎡ 중49.04㎡	697500	69500		0		767000	
202603	5739		국회사무처	국회	수석전문위원	김건오	건물	배우자	아파트	서울특별시 양천구 목동 목동신시가지1 건물 98.08㎡ 중49.04㎡	697500	69500		0		767000	
202603	5740		국회사무처	국회	수석전문위원	김건오	부동산에 관한 규정이 준용되는 권리와 자동차·건설기계·선박 및 항공기	본인	자동차	2011년식 제네시스 배기량(3,778cc)	12610	0		1000		11610	
202603	5741		국회사무처	국회	수석전문위원	김건오	예금	본인		(주)KEB하나은행 13(220 감소), (주)비엔케이저축은행 0(491 감소), NH투자증권 5, 국민은행 0(246 감소), 농협생명보험 71,004(5,886 감소), 농협손해보험 2,197(353 증가), 농협은행 12,155(546 감소),미래에셋증권 814,606(321,952 증가), 삼성생명보험 33,318, 삼성화재해상보험 250(3,298 감소), 우리은행 1,주식회사 카카오뱅크 9(1 감소)	621941	405473		93856		933558	예금 및 보험 수익 및 납입 증가
202603	5742		국회사무처	국회	수석전문위원	김건오	예금	배우자		농협생명보험 83,302(4,526 증가), 농협은행 697(16 감소), 미래에셋증권 118,761(61,147 증가), 삼성생명보험 21,960(488 증가), 에이비엘생명보험 5,472, 주식회사 카카오뱅크 653(266 증가), 한국교직원공제회 182,022(18,823 증가), 한화투자증권11	327644	85250		16		412878	예금 및 보험 수익 및 납입 증가
202603	5743		국회사무처	국회	수석전문위원	김건오	예금	장남		(주)KEB하나은행 0(2,000 감소), 국민은행 1,048(4,501 감소), 농협은행 4,898(1,105 증가), 미래에셋증권29,000(29,000 증가)	11342	30200		6596		34946	예금 및 보험 수익 및 납입 증가
202603	5744		국회사무처	국회	수석전문위원	김건오	예금	차남		(주)KEB하나은행 7(7 증가), 국민은행 2(2 증가),농협은행 3,600(1,200 증가)	2400	1209		0		3609	예금 및 보험 수익 및 납입 증가
202603	5745		국회사무처	국회	수석전문위원	김건오	증권	본인	상장주식	SK이노베이션 0주(31주 감소), 삼성전자 245주(48주 감소)	19059	13777		3472		29364	주가 상승 및 매도
202603	5746		국회사무처	국회	수석전문위원	김건오	증권	본인	기타(채권)	온라인전용수시RP(USD) 1주(1주 증가)	0	43		0		43	주가 상승 및 매도
202603	5747		국회사무처	국회	수석전문위원	김건오	고지거부 및 등록제외사항	부		고지거부	0	0		0		0	독립생계유지
202603	5748		국회사무처	국회	수석전문위원	김건오	고지거부 및 등록제외사항	모		고지거부	0	0		0		0	독립생계유지
202603	5749		국회사무처	국회	수석전문위원	이옥순	토지	부	전	전라남도 완도군 청산면 양중리 86번지 1,091.00㎡ 중364.00㎡	359	12		0		371	가액변동
202603	5750		국회사무처	국회	수석전문위원	이옥순	건물	본인	아파트	경기도 안양시 동안구 비산동 평촌자이아이파크 건물84.99㎡	561000	20000		0		581000	가액변동
202603	5751		국회사무처	국회	수석전문위원	이옥순	부동산에 관한 규정이 준용되는 권리와 자동차·건설기계·선박 및 항공기	본인	자동차	2015년식 K3 배기량(1,591cc)	5200	0		710		4490	감가삼각 적용
202603	5752		국회사무처	국회	수석전문위원	이옥순	예금	본인		AIA생명보험주식회사 6,396(54 증가), KB라이프생명보험 38,688, NH투자증권 118,107(28,267 증가), SBI저축은행49,000, 국민은행 79,803(33,284 증가), 농협은행57,319(47,402 증가), 미래에셋증권 329,684(123,885증가), 삼성생명보험 16,744, 새마을금고중앙회 5,133(132 증가), 신용협동조합중앙회 331(13 증가),우리은행 20, 한국투자증권 21(1 증가)	468208	233539		501		701246	예금 증가 및 ETF 수익률 증가 등
202603	5753		국회사무처	국회	수석전문위원	이옥순	예금	부		새마을금고중앙회 59,482(205 증가)	59277	56205		56000		59482	예금 증가 및 ETF 수익률 증가 등
202603	5754		국회사무처	국회	수석전문위원	이옥순	예금	모		국민은행 2, 새마을금고중앙회 51,041(29 감소), 우리은행51(700 감소)	51823	50000		50729		51094	예금 증가 및 ETF 수익률 증가 등
202603	5755		국회사무처	국회	수석전문위원	이옥순	증권	본인	상장주식	SK하이닉스 31주(28주 감소), 삼성전자 74주(205주 감소)	25102	9921		5970		29053	주식 보유 수 감소 및 주가 상승
202603	5756		국회사무처	국회	수석전문위원	이옥순	채권	본인		사인간채권 감소	126000	0		1000		125000	채권액 일부 환수
202603	5757		국회사무처	국회	수석전문위원	이신우	토지	모	전	경기도 이천시 백사면 경사리 562번지 724.00㎡	62500	0		17829		44671	
202603	5758		국회사무처	국회	수석전문위원	이신우	건물	본인	복합건물(주택+ 상가)(전세(임차)권)	서울특별시 영등포구 여의도동 롯데캐슬엠파이어 건물 107.58㎡	700000	55000		0		755000	
202603	5759		국회사무처	국회	수석전문위원	이신우	건물	모	오피스텔	서울특별시 강남구 삼성동 LG 선릉에클라트 B 대지 36.35㎡건물 36.35㎡	400000	0		0		400000	
202603	5760		국회사무처	국회	수석전문위원	이신우	부동산에 관한 규정이 준용되는 권리와 자동차·건설기계·선박 및 항공기	본인	자동차	2011년식 라브4 배기량(2,494cc)	4950	0		590		4360	
202603	5761		국회사무처	국회	수석전문위원	이신우	예금	본인		DB손해보험(주) 522(261 증가), KB라이프생명보험 24,380(947 증가), NH투자증권 654,830(210,611 증가),국민은행 6,687(133 증가), 농협생명보험 31,129(17,498 감소), 농협은행 1,329(10,388 감소), 미래에셋생명보험 23,514(1,142 증가), 삼성생명보험 6,480,신한라이프생명보험 44,826(3,600 증가), 주식회사 카카오뱅크 3(3 증가), 한국투자증권 8(1 증가)	604896	217605		28793		793708	보유 주식 매도 후 ETF 투자 확대 등
202603	5762		국회사무처	국회	수석전문위원	이신우	예금	배우자		(주)KEB하나은행 1,726(81 증가), (주)카카오페이증권 227(220 증가), KB증권 301,971(216,287 증가),신한라이프생명보험 11,860(420 증가)	98776	217008		0		315784	보유 주식 매도 후 ETF 투자 확대 등
202603	5763		국회사무처	국회	수석전문위원	이신우	예금	모		(주)DB저축은행 0(31,000 감소), (주)KEB하나은행 38(475감소), SBI저축은행 0(48,000 감소), 국민은행 1,124(448 증가), 삼성증권 982(9 증가), 상호저축은행중앙회 108,500(80,000 증가), 한국투자증권 6,813(1,314 증가)	115161	110731		108435		117457	보유 주식 매도 후 ETF 투자 확대 등
202603	5764		국회사무처	국회	수석전문위원	이신우	예금	장남		NH투자증권 22,885(22,885 증가), 농협은행 6,780(1,200증가), 토스뱅크(주) 122(89 증가)	5613	24174		0		29787	보유 주식 매도 후 ETF 투자 확대 등
202603	5765		국회사무처	국회	수석전문위원	이신우	예금	장녀		(주)KEB하나은행 623(950 감소), NH투자증권27,067(27,067 증가), 농협은행 6,782(1,200 증가)	7155	28267		950		34472	보유 주식 매도 후 ETF 투자 확대 등
202603	5766		국회사무처	국회	수석전문위원	이신우	증권	본인	상장주식	LG디스플레이 0주(400주 감소), TeladocHealth 50주, 다올투자증권 0주(640주 감소), 미래에셋증권 0주(420주 감소), 웹젠 0주(300주 감소), 한솔제지 350주	16839	0		13429		3410	본인 주식 매도, 배우자 주식 신규 취득, 배우자 종전 비상장주식 전량 매도
202603	5767		국회사무처	국회	수석전문위원	이신우	증권	본인	지방채	경남지역개발20-01 0주, 제주지역개발20-02 0주,창원지역개발20-03 0주	23297	0		23297		0	본인 주식 매도, 배우자 주식 신규 취득, 배우자 종전 비상장주식 전량 매도
202603	5768		국회사무처	국회	수석전문위원	이신우	증권	본인	기타(채권)	발행어음 0주	249926	0		249926		0	본인 주식 매도, 배우자 주식 신규 취득, 배우자 종전 비상장주식 전량 매도
202603	5769		국회사무처	국회	수석전문위원	이신우	증권	배우자	상장주식	LG에너지솔루션 1주, 엘지씨엔에스보통주3,000주(3,000주 증가)	348	184568		348		184568	본인 주식 매도, 배우자 주식 신규 취득, 배우자 종전 비상장주식 전량 매도
202603	5770		국회사무처	국회	수석전문위원	이신우	증권	배우자	비상장주식	(주)엘지씨엔에스 0주(2,307주 감소)	66377	0		66377		0	본인 주식 매도, 배우자 주식 신규 취득, 배우자 종전 비상장주식 전량 매도
202603	5771		국회사무처	국회	수석전문위원	이신우	증권	장녀	상장주식	LG에너지솔루션 2주	696	41		0		737	본인 주식 매도, 배우자 주식 신규 취득, 배우자 종전 비상장주식 전량 매도
202603	5772		국회사무처	국회	수석전문위원	이신우	채권	본인		사인간채권 감소	100000	0		10000		90000	
202603	5773		국회사무처	국회	수석전문위원	이신우	채무	본인	금융채무	공무원연금공단 5,280	5280	0		0		5280	
202603	5774		국회사무처	국회	수석전문위원	천우정	건물	본인	아파트	서울특별시 강동구 상일동 명일중앙하이츠아파트 건물84.23㎡ 중 42.11㎡	525000	60000		0		585000	가액변동
202603	5775		국회사무처	국회	수석전문위원	천우정	건물	본인	아파트	서울특별시 서초구 서초동 롯데캐슬클래식아파트 건물74.30㎡ 중 37.15㎡	687500	135000		0		822500	가액변동
202603	5776		국회사무처	국회	수석전문위원	천우정	건물	배우자	아파트	서울특별시 강동구 상일동 명일중앙하이츠아파트 건물84.23㎡ 중 42.11㎡	525000	60000		0		585000	가액변동
202603	5777		국회사무처	국회	수석전문위원	천우정	건물	배우자	아파트	서울특별시 서초구 서초동 롯데캐슬클래식아파트 건물74.30㎡ 중 37.15㎡	687500	135000		0		822500	가액변동
202603	5778		국회사무처	국회	수석전문위원	천우정	건물	배우자	아파트(전세(임차)권)	경기도 고양시 일산동구 식사동 위시티블루밍5단지 건물101.90㎡	400000	20000		0		420000	전세보증금 인상
202603	5779		국회사무처	국회	수석전문위원	천우정	건물	장녀	오피스텔(전세(임차)권)	경상북도 경주시 석장동 노블하우스I 건물 43.20㎡	22000	0		5000		17000	전세보증금 일부 받음
202603	5780		국회사무처	국회	수석전문위원	천우정	부동산에 관한 규정이 준용되는 권리와 자동차·건설기계·선박 및 항공기	본인	자동차	2014년식 아제라 배기량(3,300cc)	10800	0		920		9880	감가상각
202603	5781		국회사무처	국회	수석전문위원	천우정	예금	본인		농협은행 5,491(11,247 감소), 빗썸 0(10 감소)	16748	0		11257		5491	전세보증금 및 급여저축 등
202603	5782		국회사무처	국회	수석전문위원	천우정	예금	배우자		AIA생명보험주식회사 3,095(464 증가), DB손해보험(주) 1,150(31 감소), 교보생명보험 1,740(298 증가), 농협은행0(6 감소), 메리츠종금증권 7,809(7,809 증가), 토스뱅크(주) 4(4,604 감소), 한국투자증권 60,412(60,412 증가)	9868	69751		5409		74210	전세보증금 및 급여저축 등
202603	5783		국회사무처	국회	수석전문위원	천우정	예금	모		농협중앙회 6,471(3,358 증가), 삼성증권 17,새마을금고중앙회 5,664(3,664 증가), 신한은행 15,아이엠뱅크 278(707 감소)	6130	11422		5107		12445	전세보증금 및 급여저축 등
202603	5784		국회사무처	국회	수석전문위원	천우정	예금	장남		DB손해보험(주) 2,308(321 증가), 국민은행 0(11 감소),토스뱅크(주) 2,579(2,478 증가)	2099	2799		11		4887	전세보증금 및 급여저축 등
202603	5785		국회사무처	국회	수석전문위원	천우정	예금	장녀		(주)KEB하나은행 0(7 감소), 신한은행 20, 주식회사카카오뱅크 0(1 감소), 토스뱅크(주) 82(39 감소)	149	0		47		102	전세보증금 및 급여저축 등
202603	5786		국회사무처	국회	수석전문위원	천우정	증권	배우자	상장주식	미쓰비시UFJ파이낸셜그룹(ADR) 2주(2주 증가)	0	45		0		45	신규
202603	5787		국회사무처	국회	수석전문위원	천우정	증권	배우자	회사채	롯데지주10-2 0주, 삼성증권15-2(녹) 0주,한국서부발전48-2 0주	0	115553		0		115553	신규
202603	5788		국회사무처	국회	수석전문위원	천우정	증권	장남	상장주식	노무라홀딩스(ADR) 10주(10주 증가),미쓰비시UFJ파이낸셜(ADR) 10주(10주 증가)	0	347		0		347	신규
202603	5789		국회사무처	국회	수석전문위원	천우정	채무	본인	금융채무	공무원연금공단 59,349(32,570 감소), 농협은행0(101,000 감소), 현대해상화재보험 0(121,008 감소)	313927	7430		262008		59349	전세보증금 및 급여저축 등을 통해 상환
202603	5790		국회사무처	국회	수석전문위원	천우정	채무	본인	건물임대채무	서울특별시 서초구 서초동 롯데캐슬클래식아파트임대보증금 증가	400000	525000		400000		525000	계약 변동
202603	5791		국회사무처	국회	수석전문위원	천우정	채무	본인	건물임대채무	서울특별시 강동구 상일동 명일중앙하이츠아파트임대보증금 증가	205000	30000		0		235000	계약 변동
202603	5792		국회사무처	국회	수석전문위원	천우정	채무	배우자	건물임대채무	서울특별시 강동구 상일동 명일중앙하이츠아파트임대보증금 증가	205000	30000		0		235000	계약 변동
202603	5793		국회사무처	국회	수석전문위원	천우정	채무	배우자	건물임대채무	서울특별시 서초구 서초동 롯데캐슬클래식아파트임대보증금 증가	400000	525000		400000		525000	계약 변동
202603	5794		국회사무처	국회	수석비서관	곽현	토지	배우자	답	충청남도 홍성군 장곡면 대현리 645번지 2,456.20㎡	34141	245		0		34386	가액변동
202603	5795		국회사무처	국회	수석비서관	곽현	건물	배우자	아파트	경기도 수원시 영통구 영통동 청명마을주공(아) 건물59.99㎡	248000	9000		0		257000	가액변동
202603	5796		국회사무처	국회	수석비서관	곽현	건물	부	단독주택	전라남도 신안군 자은면 유천리 대지 393.00㎡ 건물48.00㎡	35000	0		0		35000	변동없음
202603	5797		국회사무처	국회	수석비서관	곽현	건물	모	단독주택	충청남도 홍성군 장곡면 상송리 대지 301.00㎡ 건물91.57㎡	10000	0		0		10000	변동없음
202603	5798		국회사무처	국회	수석비서관	곽현	부동산에 관한 규정이 준용되는 권리와 자동차·건설기계·선박 및 항공기	본인	자동차	2017년식 코란도스포츠 배기량(2,157cc)	12950	0		6990		5960	가액변동
202603	5799		국회사무처	국회	수석비서관	곽현	예금	본인		(주)카카오페이증권 0(80 감소), KB라이프생명보험 91,773(7,071 증가), KB증권 0(5 감소), KCGI자산운용16,989(9,342 증가), NH투자증권 8, 국민은행 5, 농협은행204(372 감소), 농협중앙회 109(28 증가), 삼성화재해상보험 4,290(568 증가), 악사(AXA)손해보험 918(315 증가), 주식회사 카카오뱅크 130(130 증가),토스증권(주) 0(4 감소), 한국투자증권 21,397(11,179 증가), 현대해상화재보험 6,532(606 증가)	113577	29323		545		142355	정기예금, 보험납입 등으로 증가
202603	5800		국회사무처	국회	수석비서관	곽현	예금	배우자		(주)KEB하나은행 334(5 감소), DB손해보험(주) 0(575 감소), KB라이프생명보험 83,423(5,738 증가), KCGI자산운용 17,754(7,404 증가), NH투자증권 81(2증가), 국민은행 301(321 감소), 농협손해보험 600(4,800감소), 농협은행 0(300 감소), 농협중앙회 23,571(4,526 감소), 빗썸 21(19 증가), 삼성증권 184(10 증가), 신용협동조합중앙회 11, 신한은행 406,악사(AXA)손해보험 1,547(238 증가), 우리은행 17, 우체국823(1 증가), 주식회사 카카오뱅크 1,297(5,297 감소),토스뱅크(주) 741(353 증가), 한국투자증권 11(1 증가)	133180	23218		25276		131122	정기예금, 보험납입 등으로 증가
202603	5801		국회사무처	국회	수석비서관	곽현	예금	부		DB손해보험(주) 1,550(600 증가), NH투자증권 65(65증가), 농협중앙회 26,019(23,981 감소), 우체국 357(144증가), 한양증권 1	51164	26828		50000		27992	정기예금, 보험납입 등으로 증가
202603	5802		국회사무처	국회	수석비서관	곽현	예금	모		(주)KEB하나은행 3, 농협은행 14, 농협중앙회40,175(2,095 감소), 신한은행 55(29 증가), 우체국2,935(559 증가)	44689	37600		39107		43182	정기예금, 보험납입 등으로 증가
202603	5803		국회사무처	국회	수석비서관	곽현	예금	차남		토스뱅크(주) 2(1,510 감소)	1512	1		1511		2	정기예금, 보험납입 등으로 증가
202603	5804		국회사무처	국회	수석비서관	곽현	증권	본인	상장주식	SK바이오사이언스 100주, 금양 114주, 금양보통주 231주, 기아 80주(80주 증가), 기아보통주 100주(80주 증가), 바이젠셀 2주, 삼성전자 28주(28주 증가), 삼성전자보통주 200주(200주 증가), 애플 0주(1주 감소), 에스케이바이오사이언스보통주 100주, 엔비디아 70주(65주 증가), 카카오 200주, 카카오보통주 300주, 포스코퓨처엠보통주 30주, 포스코홀딩스보통주 20주(10주증가)	46665	80868		4707		122826	신규 주식취득, 주가 상승으로 변동
202603	5805		국회사무처	국회	수석비서관	곽현	증권	배우자	상장주식	LG에너지솔루션 1주, SK아이이테크놀로지 1주, SK하이닉스 4주, 동원F&B 0주(5주 감소), 동원산업 4주(4주 증가), 비욘드미트 2주, 삼성전자 5주, 오성첨단소재 70주, 젬백스 32주(32주 증가), 카카오 7주, 카카오뱅크 3주, 카카오페이 3주, 한국항공우주 1주	2057	3647		164		5540	신규 주식취득, 주가 상승으로 변동
202603	5806		국회사무처	국회	수석비서관	곽현	증권	부	상장주식	삼성전자 357주(357주 증가)	0	42804		0		42804	신규 주식취득, 주가 상승으로 변동
202603	5807		국회사무처	국회	수석비서관	곽현	채무	본인	금융채무	KB라이프생명보험 19,000(19,000 증가), 농협은행 11,000(3,851 감소), 주식회사 카카오뱅크 0(2,840 감소),토스뱅크(주) 56,320(1,680 감소)	75691	19000		8371		86320	대출증가로 채무증가
202603	5808		국회사무처	국회	수석비서관	곽현	채무	부	금융채무	농협중앙회 20,000(20,000 증가)	0	20000		0		20000	신규대출로 채무증가
202603	5809		국회사무처	국회	수석비서관	곽현	가상자산	배우자		도지코인 1,909.091개, 디스체인 0.2개, 비트코인 0.2703개, 비트코인캐시 0.6개, 솔라나 12개, 수이443.78698225개(443.78698225개 증가), 아발란체 10개, 엑스알피(리플) 539.21568628개(539.21568628개 증가),월드코인 45.45454546개, 이더리움 1.75998089개,이더리움클래식 0.0188개, 이더리움피오더블유 0.2개, 체인링크 19.00153059개	52384	2523		6480		48427	가액변동에 따른 감소
202603	5810		국회사무처	국회	수석비서관	곽현	고지거부 및 등록제외사항	장남		고지거부	6152	0		6152		0	독립생계유지
202603	5811		국회사무처	국회	수석비서관	이원정	건물	본인	다세대주택	경기도 과천시 문원동 한울빌라 대지 242.00㎡ 중 7.80㎡건물 64.50㎡	390000	0		0		390000	
202603	5812		국회사무처	국회	수석비서관	이원정	건물	모	단독주택	부산광역시 사하구 감천동 건물 47.26㎡	30200	200		0		30400	
202603	5813		국회사무처	국회	수석비서관	이원정	건물	장녀	다세대주택(전세(임차)권)	서울특별시 영등포구 당산동 휴브리지2 건물 17.40㎡	10000	0		0		10000	
202603	5814		국회사무처	국회	수석비서관	이원정	건물	차녀	다세대주택(전세(임차)권)	경상남도 진주시 칠암동 시티하우스 건물 16.10㎡	5000	0		0		5000	
202603	5815		국회사무처	국회	수석비서관	이원정	부동산에 관한 규정이 준용되는 권리와 자동차·건설기계·선박 및 항공기	본인	자동차	2016년식 카렌스 배기량(1,999cc)	5160	0		1100		4060	
202603	5816		국회사무처	국회	수석비서관	이원정	예금	본인		(주)KEB하나은행 570(444 증가), (주)카카오페이증권 360(73 증가), 국민은행 7,779(2,628 증가), 농협은행59,418(28,706 증가), 부산은행 7, 새마을금고중앙회 102,우체국 5,727(3,121 감소), 키움증권 1, 하나증권 442(9 증가)	45667	46870		18131		74406	급여 저축
202603	5817		국회사무처	국회	수석비서관	이원정	예금	배우자		국민은행 4,097(1,774 증가), 농협은행 30,000, 농협중앙회 19,288(6,052 증가), 새마을금고중앙회 79,853(18,922 증가), 아이엠증권 58(1 증가), 우리은행5, 우체국 68,330(8,114 감소), 유안타증권 506(161 증가),현대해상화재보험 1,591(1,273 증가)	183659	119682		99613		203728	급여 저축
202603	5818		국회사무처	국회	수석비서관	이원정	예금	모		부산은행 146(250 감소), 새마을금고중앙회 4,914(1,315감소)	6625	0		1565		5060	급여 저축
202603	5819		국회사무처	국회	수석비서관	이원정	예금	장녀		(주)KEB하나은행 7, (주)카카오페이증권 242(184 증가),국민은행 78(1,460 감소), 농협은행 9,304(4,232 증가),새마을금고중앙회 1,626(1,626 증가), 신한은행 19,우체국 9,612(9,612 증가), 주식회사 카카오뱅크 9(4 감소), 한국투자증권 254(254 증가)	6707	15908		1464		21151	급여 저축
202603	5820		국회사무처	국회	수석비서관	이원정	예금	차녀		국민은행 7(7 증가), 농협은행 3,060(244 증가), 농협중앙회 18(204 감소), 빗썸 6(6 증가), 주식회사카카오뱅크 2(1 감소)	3041	273		221		3093	급여 저축
202603	5821		국회사무처	국회	수석비서관	이원정	증권	배우자	상장주식	대한항공보통주 0주(244주 감소)	5514	0		5514		0	매도
202603	5822		국회사무처	국회	수석비서관	이원정	채무	차녀	금융채무	농협은행 2,700(2,700 증가), 신한은행 5,600(5,600 증가)	0	8300		0		8300	
202603	5823		국회사무처	국회	수석비서관	이원정	가상자산	차녀		누사이퍼 31.7451453개(31.7451453개 증가), 메디블록 0.00000061개(0.00000061개 증가), 볼타0.03602132개(0.03602132개 증가), 비토르토큰201.72459233개(201.72459233개 증가), 세럼2.43679502개(2.43679502개 증가), 소폰17.36111111개(17.36111111개 증가), 스택스0.00000019개(0.00000019개 증가), 썬더코어204.04224224개(204.04224224개 증가), 아이큐0.00078404개(0.00078404개 증가), 알파쿼크0.4105547개(0.4105547개 증가), 에이피아이쓰리1.9969278개(1.9969278개 증가), 에이피이앤에프티0.00000044개(0.00000044개 증가), 자이온3.5119개(3.5119개 증가), 테더0.00000149개(0.00000149개 증가), 파이버스2,700.72851755개(2,700.72851755개 증가), 픽셀30개(30개 증가), 히포프로토콜 0.1111개(0.1111개 증가)	0	2163		0		2163	가상자산 투자
202603	5824		국회사무처	국회	수석비서관	박태서	건물	본인	아파트	경기도 과천시 원문동 과천 위버필드 건물 99.67㎡	1375000	190000		0		1565000	
202603	5825		국회사무처	국회	수석비서관	박태서	부동산에 관한 규정이 준용되는 권리와 자동차·건설기계·선박 및 항공기	본인	자동차	2022년식 520i 배기량(1,998cc)	46000	0		6000		40000	
202603	5826		국회사무처	국회	수석비서관	박태서	예금	본인		DB손해보험(주) 169(169 증가), KB증권 8,143(8,143증가), 미래에셋생명보험 64,200(5,000 증가), 신한은행 1,202(6,563 감소), 신한투자증권 2, 우리은행 1,현대해상화재보험 88,119(5,519 증가)	149568	20031		7763		161836	생활비 지출 등
202603	5827		국회사무처	국회	수석비서관	박태서	예금	배우자		(주)KEB하나은행 0(341 감소), 국민은행 5,미래에셋생명보험 59, 신한은행 1,656(61 감소)	2122	20		422		1720	생활비 지출 등
202603	5828		국회사무처	국회	수석비서관	박태서	예금	모		농협중앙회 1,784(53,321 감소), 삼성생명보험 5,400,수협중앙회 772(771 증가)	60506	2544		55094		7956	생활비 지출 등
202603	5829		국회사무처	국회	수석비서관	박태서	예금	장녀		(주)KEB하나은행 811(458 증가), 신한은행 0(5 감소),우리은행 547(1,086 감소)	1991	458		1091		1358	생활비 지출 등
202603	5830		국회사무처	국회	수석비서관	박태서	증권	본인	상장주식	인스코비 0주(60,473주 감소), 질경이 10,031주	99138	13491		91616		21013	주식 매도
202603	5831		국회사무처	국회	수석비서관	박태서	증권	장녀	상장주식	AT&T 0.071856주, 삼성중공업 1주, 워너브로스디스커버리0.017383주	13	13		0		26	주식 매도
202603	5832		국회사무처	국회	수석비서관	박태서	채무	본인	금융채무	미래에셋생명보험 30,950(37,000 감소), 신한은행 265,784(11,039 증가), 현대해상화재보험 0(51,700 감소)	374395	16082		93743		296734	
202603	5833		국회사무처	국회	수석비서관	박태서	고지거부 및 등록제외사항	부		등록제외	74979	0		74979		0	사망
202603	5834		국회사무처	국회	수석비서관	전재현	토지	부	임야	전라남도 신안군 암태면 신석리 산 58번지 56,523.00㎡	53810	0		0		53810	
202603	5835		국회사무처	국회	수석비서관	전재현	건물	부	아파트	경기도 고양시 덕양구 행신동 소만마을 성원아파트 건물59.34㎡	380000	0		0		380000	
202603	5836		국회사무처	국회	수석비서관	전재현	부동산에 관한 규정이 준용되는 권리와 자동차·건설기계·선박 및 항공기	본인	자동차	2020년식 팰리세이드 배기량(3,800cc)	19130	0		130		19000	가액변동
202603	5837		국회사무처	국회	수석비서관	전재현	예금	본인		(주)KB손해보험 415(62 증가), 국민은행 3(36 감소),농협손해보험 5,173(767 증가), 농협은행 3,027(1,653 감소), 동양생명보험 13,693(215 증가), 주식회사 카카오뱅크 30(50 감소), 케이뱅크 0(186 감소)	23222	2197		3078		22341	생활비 지출
202603	5838		국회사무처	국회	수석비서관	전재현	예금	부		(주)KEB하나은행 525(3,219 감소), 국민은행 1,073(986증가), 농협중앙회 5,738(2,208 증가)	7361	3194		3219		7336	생활비 지출
202603	5839		국회사무처	국회	수석비서관	전재현	예금	모		(주)KEB하나은행 19, 국민은행 6,175(1,200 감소),동양생명보험 23,716(380 증가), 메리츠화재해상보험(보험) 27,714(390 증가), 우체국 2,333(1 증가)	60386	783		1212		59957	생활비 지출
202603	5840		국회사무처	국회	수석비서관	전재현	증권	본인	상장주식	시프트업 2주	82	0		11		71	주가 하락
202603	5841		국회사무처	국회	수석비서관	전재현	채무	본인	금융채무	케이뱅크 0(4,312 감소), 토스뱅크(주) 119,832(5,458감소)	129602	0		9770		119832	일부상환
202603	5842		국회사무처	국회	수석비서관	김연광	토지	본인	임야	경상북도 상주시 낙동면 구잠리 산 98번지 54,318.00㎡	67989	5883		0		73872	
202603	5843		국회사무처	국회	수석비서관	김연광	토지	본인	전	경상북도 상주시 낙동면 내곡리 263-1번지 3,977.00㎡	52099	3579		0		55678	
202603	5844		국회사무처	국회	수석비서관	김연광	토지	본인	대지	경상북도 상주시 낙동면 내곡리 263번지 912.00㎡	18058	2006		0		20064	
202603	5845		국회사무처	국회	수석비서관	김연광	토지	본인	전	경상북도 상주시 낙동면 내곡리 287번지 327.00㎡	1517	134		0		1651	
202603	5846		국회사무처	국회	수석비서관	김연광	토지	본인	대지	경상북도 상주시 낙동면 내곡리 357-10번지 128.00㎡	1034	81		0		1115	
202603	5847		국회사무처	국회	수석비서관	김연광	토지	본인	대지	경상북도 상주시 낙동면 내곡리 357-11번지 181.00㎡	4290	434		0		4724	
202603	5848		국회사무처	국회	수석비서관	김연광	토지	본인	대지	경상북도 상주시 낙동면 내곡리 357-2번지 734.00㎡	17396	1761		0		19157	
202603	5849		국회사무처	국회	수석비서관	김연광	토지	본인	대지	경상북도 상주시 낙동면 내곡리 357-9번지 394.00㎡	9338	945		0		10283	
202603	5850		국회사무처	국회	수석비서관	김연광	토지	본인	대지	경상북도 상주시 낙동면 내곡리 357번지 2,294.00㎡	56203	4359		0		60562	
202603	5851		국회사무처	국회	수석비서관	김연광	토지	본인	임야	경상북도 상주시 낙동면 내곡리 산 9번지 14,678.00㎡	22604	0		0		22604	
202603	5852		국회사무처	국회	수석비서관	김연광	토지	본인	전	경상북도 상주시 낙동면 화산리 884번지 664.00㎡	7968	266		0		8234	
202603	5853		국회사무처	국회	수석비서관	김연광	토지	본인	임야	경상북도 상주시 낙동면 화산리 산 51번지 31,339.00㎡	376068	12535		0		388603	
202603	5854		국회사무처	국회	수석비서관	김연광	토지	배우자	대지	인천광역시 부평구 산곡동 142-3번지 33,696.00㎡	49280	0		0		49280	
202603	5855		국회사무처	국회	수석비서관	김연광	건물	본인	단독주택	경상북도 상주시 낙동면 내곡리 건물 78.00㎡	29100	3300		0		32400	
202603	5856		국회사무처	국회	수석비서관	김연광	건물	본인	아파트	인천광역시 부평구 산곡동 뉴서울아파트 건물 84.90㎡(건물 24.10㎡ 감소)	230000	0		0		230000	
202603	5857		국회사무처	국회	수석비서관	김연광	건물	배우자	아파트	경기도 고양시 일산동구 마두동 강촌마을7단지아파트 건물123.76㎡	653000	0		106000		547000	
202603	5858		국회사무처	국회	수석비서관	김연광	건물	배우자	오피스텔	서울특별시 서대문구 대현동 건물 33.80㎡	180000	0		0		180000	
202603	5859		국회사무처	국회	수석비서관	김연광	건물	배우자	근린생활시설	인천광역시 부평구 산곡동 경남아파트 상가 건물 28.70㎡	27000	0		0		27000	
202603	5860		국회사무처	국회	수석비서관	김연광	건물	배우자	아파트	Corporal Kennedy strees. Bonyside New York 건물 80.00㎡	560000	0		0		560000	
202603	5861		국회사무처	국회	수석비서관	김연광	부동산에 관한 규정이 준용되는 권리와 자동차·건설기계·선박 및 항공기	본인	자동차	2021년식 레이 배기량(998cc) 증가	0	8980		0		8980	매입
202603	5862		국회사무처	국회	수석비서관	김연광	예금	본인		농협은행 114(147 감소), 미래에셋증권 6,새마을금고중앙회 69, 신용협동조합중앙회 52, 우리은행231,491(69,198 증가), 현대해상화재보험 450(318 증가)	162813	219516		150147		232182	급여 등 소득증가
202603	5863		국회사무처	국회	수석비서관	김연광	예금	배우자		신한은행 501(1 증가), 우리은행 4,564(3,065 증가)	1999	3066		0		5065	급여 등 소득증가
202603	5864		국회사무처	국회	수석비서관	김연광	예금	장남		새마을금고중앙회 51, 신한은행 37	88	0		0		88	급여 등 소득증가
202603	5865		국회사무처	국회	수석비서관	김연광	예금	장녀		새마을금고중앙회 11	11	0		0		11	급여 등 소득증가
202603	5866		국회사무처	국회	수석비서관	김연광	채무	본인	금융채무	KB캐피탈 0(1,611 감소)	1611	0		1611		0	
202603	5867		국회사무처	국회	수석비서관	김연광	채무	배우자	건물임대채무	경기도 고양시 일산동구 마두동 강촌마을7단지아파트임대보증금	100000	0		0		100000	
202603	5868		국회사무처	국회	수석비서관	김연광	채무	배우자	건물임대채무	서울특별시 서대문구 대현동 임대보증금	30000	0		0		30000	
202603	5869		국회사무처	국회	정책연구위원	김종수	건물	본인	아파트(분양권)	경기도 양주시 덕계동 대광로제비앙 건물 71.00㎡	460000	0		0		460000	
202603	5870		국회사무처	국회	정책연구위원	김종수	부동산에 관한 규정이 준용되는 권리와 자동차·건설기계·선박 및 항공기	본인	자동차	2019년식 코나ev 배기량(2,000cc)	30000	0		5000		25000	
202603	5871		국회사무처	국회	정책연구위원	김종수	예금	본인		(주)카카오페이증권 125(125 증가), DB손해보험(주) 18,342(899 증가), 국민은행 3, 농협은행 77,929(2,274증가), 메리츠화재해상보험(보험) 6,347(907 증가), 삼성생명보험 36,000, 새마을금고중앙회 224(409 감소),스탠다드차타드은행 4, 신한라이프생명보험 23,958(1,666증가), 신한은행 4, 주식회사 카카오뱅크 2,652(1,760증가), 중소기업은행 51, 토스뱅크(주) 16(16 증가)	158417	23996		16758		165655	급여 수입
202603	5872		국회사무처	국회	정책연구위원	김종수	예금	배우자		(주)카카오페이증권 418(418 증가), DB손해보험(주) 4,288(3,840 감소), KB증권 172(163 증가), 농협은행5,905(2,087 증가), 라이나생명보험 5,881(513 증가), 메리츠화재해상보험(보험) 0(3,004 감소), 삼성생명보험 19,937(1,905 증가), 삼성화재해상보험 6,008(404 증가),신한은행 1, 우리은행 6, 주식회사 카카오뱅크 30,토스뱅크(주) 12(12 증가)	44000	7366		8708		42658	급여 수입
202603	5873		국회사무처	국회	정책연구위원	김종수	예금	장녀		(주)카카오페이증권 14(14 증가), DB손해보험(주) 260(120 증가), NH투자증권 2,762(1,608 증가), 국민은행0(14 감소), 농협은행 199(198 증가), 수협은행5,000(5,000 감소), 신한은행 5,820(1,200 증가),주식회사 카카오뱅크 5,662(5,626 증가), 토스뱅크(주) 2,197(113 증가), 토스증권(주) 749(749 증가)	18049	16457		11843		22663	급여 수입
202603	5874		국회사무처	국회	정책연구위원	김종수	증권	본인	상장주식	애플 0.6321주(0.6321주 증가), 엔비디아0.388주(0.388주 증가)	0	349		0		349	주식 가격 하락
202603	5875		국회사무처	국회	정책연구위원	김종수	증권	배우자	상장주식	CJ제일제당 3주(3주 증가), 현대로템 0주(13주 감소)	646	624		646		624	주식 가격 하락
202603	5876		국회사무처	국회	정책연구위원	김종수	증권	장녀	상장주식	METAPLATFORMSCLAORD 2주(2주 증가), SK하이닉스 0주(7주감소), 넥슨게임즈 40주(40주 증가), 넷플릭스 0.255266주(0.255266주 증가), 마이크로소프트0.060055주(0.060055주 증가), 삼성에스디에스 7주(7주 증가), 삼성전자 0주(35주 감소), 스타벅스 0.309319주(0.309319주 증가), 아마존0.059244주(0.059244주 증가), 알파벳A0.096997주(0.096997주 증가), 애플0.105963주(0.105963주 증가), 엔비디아0.157785주(0.157785주 증가), 테슬라0.059395주(0.059395주 증가), 팔란티어0.075877주(0.075877주 증가), 현대로템 0주(20주 감소), 현대제철 0주(40주 감소)	4915	3905		4915		3905	주식 가격 하락
202603	5877		국회사무처	국회	정책연구위원	김종수	채무	본인	금융채무	새마을금고중앙회 307,875(16,001 감소)	323876	0		16001		307875	
202603	5878		국회사무처	국회	정책연구위원	김종수	채무	배우자	금융채무	삼성생명보험 4,130	4130	0		0		4130	
202603	5879		국회사무처	국회	정책연구위원	김철빈	건물	본인	아파트	강원특별자치도 춘천시 온의동 춘천센트럴파크푸르지오건물 84.90㎡ 중 42.45㎡	175000	0		0		175000	
202603	5880		국회사무처	국회	정책연구위원	김철빈	건물	배우자	아파트	강원특별자치도 춘천시 온의동 춘천센트럴파크푸르지오건물 84.90㎡ 중 42.45㎡	175000	0		0		175000	
202603	5881		국회사무처	국회	정책연구위원	김철빈	부동산에 관한 규정이 준용되는 권리와 자동차·건설기계·선박 및 항공기	배우자	자동차	2018년식 그랜저IG 배기량(2,400cc) 감소	20000	0		20000	20000	0	
202603	5882		국회사무처	국회	정책연구위원	김철빈	예금	본인		농협생명보험 8,082, 농협은행 32,762(44,834 감소),메트라이프생명보험 83,755(24,084 증가), 새마을금고중앙회 62,433(3,200 증가), 주식회사 카카오뱅크 188(1 증가), 키움증권 48(5 증가),하나손해보험(주) 943(68 증가)	205687	27790		45266		188211	예금 및 보험으로 인한 증가  아파트 분양 예약금 지급으로 인한 감소
202603	5883		국회사무처	국회	정책연구위원	김철빈	예금	배우자		(주)KB손해보험 65,068(1,425 증가), 농협생명보험 6,650(5,434 증가), 농협은행 6,243(916 감소),메트라이프생명보험 2,035(2,035 증가), 삼성생명보험 30,782(504 증가), 삼성화재해상보험 32,202, 새마을금고중앙회 365,954(10,232 감소), 수협은행 1,548, 신용협동조합중앙회 12,479, 신한은행 8, 주식회사 카카오뱅크 4,793(1,605 감소), 하나손해보험(주) 1,065(185 증가), 한국교직원공제회 166,367(6,857증가), 한화생명보험주식회사 4,124	695631	40998		37311		699318	예금 및 보험으로 인한 증가  아파트 분양 예약금 지급으로 인한 감소
202603	5884		국회사무처	국회	정책연구위원	김철빈	예금	모		농협중앙회 39, 신용협동조합중앙회 2(2 증가), 신한은행110, 우체국 5,848(5,676 증가)	321	5678		0		5999	예금 및 보험으로 인한 증가  아파트 분양 예약금 지급으로 인한 감소
202603	5885		국회사무처	국회	정책연구위원	김철빈	예금	장녀		농협은행 17,059(1,212 증가)	15847	1212		0		17059	예금 및 보험으로 인한 증가  아파트 분양 예약금 지급으로 인한 감소
202603	5886		국회사무처	국회	정책연구위원	김철빈	증권	본인	상장주식	한화오션보통주 260주	30264	0		728		29536	주가하락에 따른 손실
202603	5887		국회사무처	국회	정책연구위원	김철빈	채무	본인	금융채무	메트라이프생명보험 11,000(11,000 증가),새마을금고중앙회 44,570(44,570 증가)	0	55570		0		55570	
202603	5888		국회사무처	국회	정책연구위원	김철빈	채무	배우자	금융채무	농협은행 0(4,576 감소)	4576	0		4576		0	
202603	5889		국회사무처	국회	정책연구위원	정의찬	토지	모	대지	전라남도 해남군 북일면 신월리 187-14번지 95.00㎡	5121	0		0		5121	
202603	5890		국회사무처	국회	정책연구위원	정의찬	토지	모	대지	전라남도 해남군 북일면 신월리 187-4번지 322.00㎡ 중322.00㎡	16422	0		0		16422	
202603	5891		국회사무처	국회	정책연구위원	정의찬	토지	모	답	전라남도 해남군 북일면 흥촌리 1550-9번지 2,949.00㎡	21705	0		0		21705	
202603	5892		국회사무처	국회	정책연구위원	정의찬	토지	모	임야	전라남도 해남군 북일면 흥촌리 산 76번지 4,364.00㎡	4181	0		0		4181	
202603	5893		국회사무처	국회	정책연구위원	정의찬	토지	모	전	전라남도 해남군 현산면 만안리 409번지 3,088.00㎡ 중1,029.33㎡	5630	0		0		5630	
202603	5894		국회사무처	국회	정책연구위원	정의찬	건물	본인	사무실(전세(임차)권)	전라남도 해남군 해남읍 해리 건물 120.00㎡	10000	0		0		10000	
202603	5895		국회사무처	국회	정책연구위원	정의찬	건물	배우자	아파트(전세(임차)권)	광주광역시 남구 주월동 양우 내안애 프레스티지 건물84.89㎡	50000	0		0		50000	
202603	5896		국회사무처	국회	정책연구위원	정의찬	건물	모	복합건물(주택+상가)	전라남도 해남군 북일면 신월리 건물 125.60㎡	6242	0		0		6242	
202603	5897		국회사무처	국회	정책연구위원	정의찬	부동산에 관한 규정이 준용되는 권리와 자동차·건설기계·선박 및 항공기	본인	자동차	2020년식 K7 배기량(2,497cc)	17360	0		1440		15920	
202603	5898		국회사무처	국회	정책연구위원	정의찬	부동산에 관한 규정이 준용되는 권리와 자동차·건설기계·선박 및 항공기	배우자	자동차	2020년식 k5 배기량(1,999cc)	14480	0		2000		12480	
202603	5899		국회사무처	국회	정책연구위원	정의찬	현금	본인		현금	50000	0		0		50000	
202603	5900		국회사무처	국회	정책연구위원	정의찬	예금	본인		(주)KB손해보험 8,708(723 증가), NH투자증권 236(1증가), 국민은행 334(168 감소), 농협은행 44,700(2,536 증가), 메리츠화재해상보험(보험) 2,959(222 증가), 새마을금고중앙회 243, 신한라이프생명보험 5,934(240 증가), 우체국 172(1 증가), 중소기업은행 211(62 증가), 하나생명보험 5,152(135 증가), 한화생명보험주식회사 11,059(2,226 증가), 한화손해보험 3,412(751 증가),흥국화재해상보험(주) 25,794(1,245 증가)	100940	8142		168		108914	예금 및 생활비 지출
202603	5901		국회사무처	국회	정책연구위원	정의찬	예금	배우자		(주)카카오페이증권 0(79 감소), 광주은행 908(881 증가),농협은행 1,150, 농협중앙회 11, 미래에셋생명보험13,180(295 증가), 신한라이프생명보험 2,458(388 증가),한화손해보험 11,181(773 증가)	26630	2337		79		28888	예금 및 생활비 지출
202603	5902		국회사무처	국회	정책연구위원	정의찬	예금	모		국민은행 9, 농협은행 5, 농협중앙회 62,686(10,012 증가),삼성생명보험 0(31,248 감소), 우체국 149,현대해상화재보험 9,000	93085	32301		53537		71849	예금 및 생활비 지출
202603	5903		국회사무처	국회	정책연구위원	정의찬	예금	장남		국민은행 15(15 증가), 농협은행 600(2 감소), 주식회사카카오뱅크 47(47 증가)	602	62		2		662	예금 및 생활비 지출
202603	5904		국회사무처	국회	정책연구위원	정의찬	예금	장녀		농협은행 650, 농협중앙회 634(1,367 감소), 신한은행 4(9감소), 토스뱅크(주) 1,129(829 증가)	2964	1762		2309		2417	예금 및 생활비 지출
202603	5905		국회사무처	국회	정책연구위원	정의찬	증권	배우자	상장주식	NAVER보통주 0주(1주 감소), 제이와이피엔터테인먼트 2주(2주 증가), 콜마비앤에이치 1주(1주 증가), 콜마홀딩스보통주 25주(8주 증가), 한컴위드 34주(34주 증가), 한화시스템보통주 0주(5주 감소), 한화오션보통주0주(11주 감소)	1714	306		1477		543	가액 변동
202603	5906		국회사무처	국회	정책연구위원	정의찬	채무	본인	금융채무	국민은행 30,000, 하나생명보험 2,000,흥국화재해상보험(주) 4,000(4,000 증가)	32000	34000		30000		36000	
202603	5907		국회사무처	국회	정책연구위원	홍지숙	건물	본인	아파트	서울특별시 동작구 흑석동 흑석리버파크자이 건물 84.94㎡중 46.72㎡	558250	65450		0		623700	
202603	5908		국회사무처	국회	정책연구위원	홍지숙	건물	배우자	아파트	서울특별시 동작구 흑석동 흑석리버파크자이 건물 84.94㎡중 38.22㎡	456750	53550		0		510300	
202603	5909		국회사무처	국회	정책연구위원	홍지숙	부동산에 관한 규정이 준용되는 권리와 자동차·건설기계·선박 및 항공기	본인	자동차	2013년식 아반떼 배기량(1,591cc)	3600	0		860		2740	
202603	5910		국회사무처	국회	정책연구위원	홍지숙	부동산에 관한 규정이 준용되는 권리와 자동차·건설기계·선박 및 항공기	배우자	자동차	2024년식 싼타페 하이브리드 배기량(1,598cc)	47850	0		9400		38450	
202603	5911		국회사무처	국회	정책연구위원	홍지숙	예금	본인		(주)KEB하나은행 1, DB손해보험(주) 5,323,KB라이프생명보험 21,404(1,057 증가), KB증권 590,농협은행 7,963(5,456 증가), 라이나생명보험 3,388(478증가), 신한투자증권 977(977 증가), 우리은행 2,876(557 증가), 유안타증권 3, 주식회사 카카오뱅크 575(460 감소), 처브라이프생명 29,920(1,320 증가), 토스뱅크(주) 3,한국투자증권 41,657(19,236 증가)	86059	29598		977		114680	저축 및 보험금납부
202603	5912		국회사무처	국회	정책연구위원	홍지숙	예금	배우자		(주)KEB하나은행 0(334 감소), NH투자증권 79,973(7,334감소), 교보증권 9, 국민은행 0(22 감소), 농협은행 7,640(240 증가), 스탠다드차타드은행 187(239 감소),신한투자증권 1,991(1,991 증가), 우리은행 0(2 감소),우체국 6,060, 전북은행 1,343, 중소기업은행 0(511 감소),키움증권 25,648(31,517 감소), 하나증권 58(1 증가),한국투자증권 5,653(5,653 증가)	160636	50384		82458		128562	저축 및 보험금납부
202603	5913		국회사무처	국회	정책연구위원	홍지숙	예금	장남		국민은행 0(50 감소), 농협은행 3,174(681 감소),우리은행 12(50 감소), 주식회사 카카오뱅크 18,토스증권(주) 15,362(2,654 증가)	16693	2659		786		18566	저축 및 보험금납부
202603	5914		국회사무처	국회	정책연구위원	홍지숙	예금	장녀		(주)KEB하나은행 13,358(6,288 증가),(주)카카오페이증권 16(11 감소), 농협은행 5,333(1,756 증가), 주식회사 카카오뱅크 100(100 증가), 토스증권(주) 14(8 증가), 현대해상화재보험 5,937(928 증가)	15689	12392		3323		24758	저축 및 보험금납부
202603	5915		국회사무처	국회	정책연구위원	홍지숙	증권	본인	상장주식	두산에너빌리티 31주(90주 감소), 삼성전자 35주(10주 감소), 씨메스 30주(30주 증가), 아모레G 60주, 카카오 10주, 카카오페이 2주, 한국타이어앤테크놀로지 30주	7351	4231		0		11582	예금, 급여로 주식 매수, 랩상품 가입 및 주가 상승
202603	5916		국회사무처	국회	정책연구위원	홍지숙	증권	배우자	상장주식	HD한국조선해양 12주(12주 증가), HD현대마린엔진 60주(60주 증가), HD현대중공업 10주(10주 증가), LG이노텍보통주 21주(21주 증가), NAVER보통주 0주(20주 감소), SK하이닉스 17주(17주 증가), 기아보통주 42주(42주 증가), 다원시스 0주(1주 감소), 두산에너빌리티 25주(25주 증가), 바이오다인 0주(1주 감소), 보로노이 0주(1주 감소), 삼성전자 86주(86주 증가), 에이치비솔루션 0주(200주 감소), 에코프로 26주(26주 증가), 일동제약보통주 38주(38주 증가), 카페24 0주(1주 감소), 펌텍코리아 15주(15주 증가), 하이브 7주(7주 증가), 하이브보통주 16주(16주 증가), 한화시스템보통주 0주(1주 감소), 한화엔진 84주(84주증가), 현대모비스보통주 15주(15주 증가)	4679	70806		4679		70806	예금, 급여로 주식 매수, 랩상품 가입 및 주가 상승
202603	5917		국회사무처	국회	정책연구위원	홍지숙	증권	장녀	상장주식	NAVER보통주 0주(1주 감소), 나이키 1주, 서울옥션 2주,애플 2주, 에어비앤비 1주	1253	45		220		1078	예금, 급여로 주식 매수, 랩상품 가입 및 주가 상승
202603	5918		국회사무처	국회	정책연구위원	홍지숙	채무	본인		사인간채무	50000	0		0		50000	
202603	5919		국회사무처	국회	정책연구위원	홍지숙	채무	본인	금융채무	농협은행 0(17,008 감소), 우리은행 174,228(47,334 감소)	238570	0		64342		174228	
202603	5920		국회사무처	국회	정책연구위원	홍지숙	채무	배우자	금융채무	농협은행 10,505(3,096 감소)	13601	0		3096		10505	
202603	5921		국회사무처	국회	정책연구위원	홍지숙	고지거부 및 등록제외사항	모		고지거부	0	0		0		0	타인부양
202603	5922		국회사무처	국회	정책연구위원	이성원	토지	본인	대지	서울특별시 성북구 장위동 30-14번지 89.00㎡ 중 0.89㎡	5030	0		0		5030	
202603	5923		국회사무처	국회	정책연구위원	이성원	토지	배우자	대지	서울특별시 성북구 장위동 30-14번지 89.00㎡ 중 88.11㎡	497970	0		0		497970	
202603	5924		국회사무처	국회	정책연구위원	이성원	토지	부	답	경상북도 상주시 화서면 금산리 669-6번지 2,303.00㎡ 중383.83㎡	6909	0		0		6909	
202603	5925		국회사무처	국회	정책연구위원	이성원	토지	부	답	경상북도 상주시 화서면 상용리 353번지 1,021.00㎡ 중170.00㎡	2720	0		0		2720	
202603	5926		국회사무처	국회	정책연구위원	이성원	토지	부	답	경상북도 상주시 화서면 상용리 354번지 1,167.00㎡ 중194.50㎡	3054	0		0		3054	
202603	5927		국회사무처	국회	정책연구위원	이성원	건물	본인	아파트	서울특별시 마포구 염리동 마포자이 건물 113.80㎡ 중56.90㎡	706000	0		0		706000	
202603	5928		국회사무처	국회	정책연구위원	이성원	건물	본인	연립주택	인천광역시 부평구 부평동 건물 35.25㎡ 중 17.62㎡	173450	0		0		173450	
202603	5929		국회사무처	국회	정책연구위원	이성원	건물	배우자	연립주택	인천광역시 부평구 부평동 건물 35.25㎡ 중 17.62㎡	173450	0		0		173450	
202603	5930		국회사무처	국회	정책연구위원	이성원	건물	배우자	아파트	서울특별시 마포구 염리동 마포자이 건물 113.80㎡ 중56.90㎡	706000	0		0		706000	
202603	5931		국회사무처	국회	정책연구위원	이성원	건물	모	아파트	세종특별자치시 도담동 도램마을14단지 건물 100.02㎡	494000	0		0		494000	
202603	5932		국회사무처	국회	정책연구위원	이성원	부동산에 관한 규정이 준용되는 권리와 자동차·건설기계·선박 및 항공기	본인	자동차	2025년식 E200 배기량(1,999cc) 증가	0	37500	31500	0		37500	
202603	5933		국회사무처	국회	정책연구위원	이성원	부동산에 관한 규정이 준용되는 권리와 자동차·건설기계·선박 및 항공기	배우자	자동차	2014년식 Passat2.0TDI 배기량(1,968cc)	5000	0		1000		4000	
202603	5934		국회사무처	국회	정책연구위원	이성원	부동산에 관한 규정이 준용되는 권리와 자동차·건설기계·선박 및 항공기	배우자	자동차	2025년식 E200 배기량(1,999cc) 증가	0	37500	31500	0		37500	
202603	5935		국회사무처	국회	정책연구위원	이성원	부동산에 관한 규정이 준용되는 권리와 자동차·건설기계·선박 및 항공기	부	자동차	2006년식 그랜져 배기량(2,500cc) 감소	700	0		700		0	
202603	5936		국회사무처	국회	정책연구위원	이성원	예금	본인		AIA생명보험주식회사 5,368(122 증가), 국민은행 5, 농협은행 12(4 감소), 메리츠화재해상보험(보험) 10,707(474 증가), 신한은행 235(36 증가), 업비트0(18,306 감소), 주식회사 카카오뱅크 29,385(7,653감소), 한국투자증권 1,241(142 증가)	72142	1145		26334		46953	차량 구입 등
202603	5937		국회사무처	국회	정책연구위원	이성원	예금	배우자		(주)KEB하나은행 100(100 증가), AIA생명보험주식회사 6,920(158 증가), 메리츠화재해상보험(보험) 12,416(438 증가), 신한은행 20, 업비트 5(339 감소), 주식회사 카카오뱅크 305(122 증가), 한국투자증권 17(1 증가)	19303	819		339		19783	차량 구입 등
202603	5938		국회사무처	국회	정책연구위원	이성원	예금	부		(주)KEB하나은행 656(656 증가), 신용협동조합중앙회 159, 신한은행 2,177(1,070 감소), 우리은행 59,현대해상화재보험 245(76 증가)	3634	732		1070		3296	차량 구입 등
202603	5939		국회사무처	국회	정책연구위원	이성원	예금	모		(주)KEB하나은행 6,194(6,194 증가),AIA생명보험주식회사 21,166(1,488 증가), 국민은행 5,농협중앙회 10, 롯데손해보험 4,870(157 증가),새마을금고중앙회 97, 스탠다드차타드은행 41, 신용협동조합중앙회 265(124 증가), 신한라이프생명보험 1,050(114 증가), 신한은행 56(68 감소), 유안타증권 80,유화증권 6	25831	8077		68		33840	차량 구입 등
202603	5940		국회사무처	국회	정책연구위원	이성원	예금	장남		NH투자증권 6(6 증가), 농협은행 2,050(150 증가),수협은행 383, 한국투자증권 879(273 증가)	2889	429		0		3318	차량 구입 등
202603	5941		국회사무처	국회	정책연구위원	이성원	예금	차남		농협은행 2,060(150 증가), 삼성증권 47, 한국투자증권1,595(327 증가)	3225	477		0		3702	차량 구입 등
202603	5942		국회사무처	국회	정책연구위원	이성원	증권	본인	상장주식	GS글로벌 1주, HD현대인프라코어 18주, IBM 0.76979주, LG생활건강 6주, TYM 1주, 넷플릭스 5.97113주(5.374017주 증가), 노바백스 0.497125주, 록히드마틴 0.250532주, 명신산업 10주, 모더나 0.279213주, 삼성전자 0주(20주 감소), 씨젠 4주, 아르고블록체인(ADR) 0주(91주 감소), 아마존닷컴 0.950224주, 아메리칸엑스프레스 0.48321주, 암젠 0.400265주, 애브비 0.775856주, 애플 0.413597주,일라이릴리 0.012505주, 카카오페이 2주, 테슬라 0.499845주, 팬오션 18주, 페라리 0.192606주, 화이자21주, 효성티앤씨 3주	8149	358		1999		6508	가액변동
202603	5943		국회사무처	국회	정책연구위원	이성원	증권	배우자	상장주식	나이키B 0.009524주, 리얼티인컴 0.013828주, 알파벳A0.004593주	3	1		1		3	가액변동
202603	5944		국회사무처	국회	정책연구위원	이성원	증권	장남	상장주식	다산네트웍스 0주(10주 감소), 대한항공 0주(4주 감소), 두산에너빌리티 0주(1주 감소), 슈어소프트테크 2주(2주 증가), 알파벳C 1주(1주 증가), 애플 0주(0.01007주 감소), 에스와이스틸텍 0주(9주 감소), 에코플라스틱 0주(20주 감소), 엔비디아 1주, 제이피모간체이스 0주(0.126737주 감소), 카카오 0주(1주 감소), 코인베이스글로벌 0.066008주, 코카콜라 1주, 테슬라 1주(1주 증가), 헤클라마이닝 0주(1주 감소), 현대차 0주(1주 감소)	1031	1138		670		1499	가액변동
202603	5945		국회사무처	국회	정책연구위원	이성원	증권	차남	상장주식	빌리지팜스인터내셔널 0주(17주 감소), 퀄컴0주(0.116348주 감소), 테슬라 0주(0.192533주 감소)	176	0		176		0	가액변동
202603	5946		국회사무처	국회	정책연구위원	이성원	채무	배우자	금융채무	(주)KEB하나은행 278,259(1,903 감소), 농협중앙회 47,520(47,520 증가), 우리은행 39,955(59,716 감소)	379833	47520		61619		365734	
202603	5947		국회사무처	국회	정책연구위원	이성원	채무	모	금융채무	AIA생명보험주식회사 900, 롯데손해보험 960,삼성생명보험 246,768(1,030 감소)	249658	0		1030		248628	
202603	5948		국회사무처	국회	정책연구위원	이성원	가상자산	배우자		비트코인 0.00226229개(0.00226229개 증가)	0	291		0		291	매입
202603	5949		국회사무처	국회	법제실장	장지원	건물	본인	아파트(전세(임차)권)	서울특별시 양천구 목동 한신청구아파트 건물 84.77㎡	890000	0		0		890000	
202603	5950		국회사무처	국회	법제실장	장지원	건물	배우자	아파트	서울특별시 구로구 고척동 대우 건물 84.99㎡	409000	4000		0		413000	공시가격 상승
202603	5951		국회사무처	국회	법제실장	장지원	건물	장남	다가구주택(전세(임차)권)	서울특별시 성북구 안암동5가 건물 17.00㎡ (건물 17.00㎡증가)	0	10000		0		10000	신규 임대차 계약
202603	5952		국회사무처	국회	법제실장	장지원	부동산에 관한 규정이 준용되는 권리와 자동차·건설기계·선박 및 항공기	본인	자동차	2021년식 G80 배기량(2,497cc)	31590	0		1170		30420	감가상각
202603	5953		국회사무처	국회	법제실장	장지원	부동산에 관한 규정이 준용되는 권리와 자동차·건설기계·선박 및 항공기	본인	자동차	2016년식 스포티지 배기량(1,995cc)	9280	0		1420		7860	감가상각
202603	5954		국회사무처	국회	법제실장	장지원	예금	본인		NH투자증권 3, 국민은행 1, 농협생명보험 62,164(3,000증가), 농협은행 130,817(47,547 증가), 삼성증권 685(667 증가), 상호저축은행중앙회 126,147(43,511 감소), 새마을금고중앙회 91,357(54,345 증가), 우체국 7,512(210 증가), 웰컴저축은행 10, 주식회사 카카오뱅크2,400(1,200 증가), 현대해상화재보험 0(5,698 감소)	363336	160774		103014		421096	본인 및 가족 급여 저축, 예금이자 등
202603	5955		국회사무처	국회	법제실장	장지원	예금	배우자		DB생명보험(주) 8,506, 농협생명보험 66,112(4,008증가), 농협은행 126,208(69,919 증가), 삼성증권 10(10 증가), 상호저축은행중앙회 40,796(54,860 감소), 새마을금고중앙회 70,131(23,013 증가),한국교직원공제회 113,924(22,796 증가)	360801	211260		146374		425687	본인 및 가족 급여 저축, 예금이자 등
202603	5956		국회사무처	국회	법제실장	장지원	예금	장남		(주)KEB하나은행 0(100 감소), 농협은행 20,400(240 증가), 업비트 1(1 증가), 주식회사 카카오뱅크 112(85 감소), 중소기업은행 0(20 감소), 토스뱅크(주) 6,650(6,650 증가), 토스증권(주) 2,962(2,961 증가)	20478	9852		205		30125	본인 및 가족 급여 저축, 예금이자 등
202603	5957		국회사무처	국회	법제실장	장지원	예금	차남		농협은행 19,400(240 증가), 신한은행 133(68 증가),토스뱅크(주) 1,174(1,174 증가)	19225	1482		0		20707	본인 및 가족 급여 저축, 예금이자 등
202603	5958		국회사무처	국회	법제실장	장지원	증권	본인	상장주식	솔루엠 1,164주(735주 증가), 알테오젠 0주(20주 감소)	14431	11069		6190		19310	매매
202603	5959		국회사무처	국회	법제실장	장지원	증권	배우자	상장주식	한미반도체 15주	1237	674		0		1911	매매
202603	5960		국회사무처	국회	법제실장	장지원	증권	장남	상장주식	LG에너지솔루션보통주 11주(11주 증가), 알테오젠0주(8주 감소)	2476	4053		2476		4053	매매
202603	5961		국회사무처	국회	법제실장	장지원	채무	본인	금융채무	공무원연금공단 12,921(6,517 증가)	6404	6517		0		12921	학자금
202603	5962		국회사무처	국회	법제실장	장지원	채무	배우자	금융채무	공무원연금공단 6,517(6,517 증가)	0	6517		0		6517	학자금
202603	5963		국회사무처	국회	법제실장	장지원	채무	배우자	건물임대채무	서울특별시 구로구 고척동 대우 임대보증금 감소	100000	0		10000		90000	임대차 계약 수정
202603	5964		국회사무처	국회	법제실장	장지원	가상자산	장남		도지코인 6,916.95674654개(6,916.95674654개 증가)	0	1239		0		1239	구매
202603	5965		국회사무처	국회	법제실장	장지원	고지거부 및 등록제외사항	부		고지거부	0	0		0		0	기타
202603	5966		국회사무처	국회	국회세종의사당추진단장	공춘택	건물	본인	아파트	서울특별시 강서구 마곡동 마곡힐스테이트 건물 84.94㎡중 42.45㎡	423000	0		0		423000	
202603	5967		국회사무처	국회	국회세종의사당추진단장	공춘택	건물	본인	아파트(전세(임차)권)	서울특별시 강서구 염창동 강변코아루 건물 114.78㎡	700000	0		0		700000	
202603	5968		국회사무처	국회	국회세종의사당추진단장	공춘택	건물	배우자	아파트	서울특별시 강서구 마곡동 마곡힐스테이트 건물 84.94㎡중 42.49㎡	423000	0		0		423000	
202603	5969		국회사무처	국회	국회세종의사당추진단장	공춘택	부동산에 관한 규정이 준용되는 권리와 자동차·건설기계·선박 및 항공기	본인	자동차	2018년식 트래버스 배기량(3,600cc)	18000	0		1000		17000	가액변동
202603	5970		국회사무처	국회	국회세종의사당추진단장	공춘택	예금	본인		AIA생명보험주식회사 35,744(823 증가), DB손해보험(주) 146(42 증가), 농협은행 13,584(1,711 증가), 대신증권59(1 증가), 부산은행 35(35 증가), 새마을금고중앙회7,220(1,800 증가), 신한은행 9, 우리은행 5(57 감소),한화손해보험 67(19 증가)	52495	4431		57		56869	급여저축
202603	5971		국회사무처	국회	국회세종의사당추진단장	공춘택	예금	배우자		(주)KEB하나은행 6(27 감소), (주)카카오페이증권 0(6 감소), KB라이프생명보험 31,715(748 증가), 경남은행 22(19 증가), 국민은행 12(139 감소), 농협중앙회 0(1감소), 신용협동조합중앙회 3, 신한투자증권 0(10 감소),우리은행 1,414(1,302 증가), 전북은행 4(4 증가), 주식회사 카카오뱅크 27(27 증가), 케이뱅크 13(106 감소), 현대해상화재보험 35,525(1,558 증가)	65372	3770		401		68741	급여저축
202603	5972		국회사무처	국회	국회세종의사당추진단장	공춘택	예금	모		국민은행 15, 농협중앙회 4,748(2,350 증가)	2413	2350		0		4763	
202603	5973		국회사무처	국회	국회세종의사당추진단장	공춘택	예금	차남		토스뱅크(주) 210(190 증가)	20	200		10		210	
202603	5974		국회사무처	국회	국회세종의사당추진단장	공춘택	증권	배우자	상장주식	대한항공보통주 0주(4주 감소), 카카오보통주 0주(3주감소)	274	0		274		0	전량매도
202603	5975		국회사무처	국회	국회세종의사당추진단장	공춘택	채무	본인	금융채무	(주)KEB하나은행 21,904(59 감소), AIA생명보험주식회사 10,000(600 증가), 공무원연금공단 0(1,333 감소),농협은행 407,831(95 감소), 부산은행 5,000(5,000 증가), 주식회사 카카오뱅크 2,960(11 증가)	443571	5611		1487		447695	
202603	5976		국회사무처	국회	국회세종의사당추진단장	공춘택	채무	본인	건물임대채무	서울특별시 강서구 마곡동 마곡힐스테이트 임대보증금	730000	0		0		730000	
202603	5977		국회사무처	국회	국회세종의사당추진단장	공춘택	채무	배우자	금융채무	(주)KEB하나은행 3,000, KB라이프생명보험 10,445,경남은행 106,000(2,442 감소), 우리은행 0(6,664 감소), 전북은행 13,232(4,855 감소), 주식회사 카카오뱅크 11,135(1,408 감소), 케이뱅크 26,530(9,551 감소),현대해상화재보험 8,230(430 증가)	203062	430		24920		178572	
202603	5978		국회사무처	국회	관리관	박철호	건물	본인	아파트(전세(임차)권)	서울특별시 동작구 흑석동 흑석한강푸르지오 건물 0.00㎡(건물 109.00㎡ 감소)	180000	0		180000		0	임대차 계약 종료
202603	5979		국회사무처	국회	관리관	박철호	건물	본인	단독주택	서울특별시 종로구 이화동 대지 0.00㎡ 건물 0.00㎡ (대지169.80㎡ 감소, 건물 82.08㎡ 감소)	1680000	0		1680000	2208650	0	매도
202603	5980		국회사무처	국회	관리관	박철호	건물	본인	아파트(전세(임차)권)	서울특별시 마포구 아현동 마포래미안푸르지오 건물113.00㎡ (건물 113.00㎡ 증가)	0	200000		0		200000	신규 임대차 계약
202603	5981		국회사무처	국회	관리관	박철호	부동산에 관한 규정이 준용되는 권리와 자동차·건설기계·선박 및 항공기	본인	자동차	2022년식 GLS400d 4MATIC 배기량(2,925cc) 증가	0	78930	70000	0		78930	매입
202603	5982		국회사무처	국회	관리관	박철호	예금	본인		(주)KEB하나은행 5, 국민은행 785(1 증가), 동양생명보험4,580, 삼성증권 35,258(14,372 증가), 새마을금고중앙회32,512(25,388 증가), 신한라이프생명보험 47,895(2,040증가), 신한은행 61,330(41,146 증가), 중소기업은행 31,083(5,642 증가), 토스뱅크(주) 14,461(14,460 증가),현대해상화재보험 11,503(299 증가)	136064	105245		1897		239412	부동산 매도대금 및 급여 저축
202603	5983		국회사무처	국회	관리관	박철호	예금	배우자		(주)KEB하나은행 1,511(2 증가), 국민은행 371(1 증가),농협은행 92, 농협중앙회 1, 동양생명보험 3,246,새마을금고중앙회 1,928, 스탠다드차타드은행 6,우리은행 1,521(1 증가)	8672	4		0		8676	부동산 매도대금 및 급여 저축
202603	5984		국회사무처	국회	관리관	박철호	예금	장남		(주)KEB하나은행 12,326(1,768 증가), 신한은행 80	10638	1800		32		12406	부동산 매도대금 및 급여 저축
202603	5985		국회사무처	국회	관리관	박철호	예금	장녀		(주)KEB하나은행 13,157(1,801 증가), 토스뱅크(주)451(402 증가)	11405	2203		0		13608	부동산 매도대금 및 급여 저축
202603	5986		국회사무처	국회	관리관	박철호	증권	본인	상장주식	POSCO홀딩스 100주, 에코프로비엠 56주, 제주반도체 76주, 지노믹트리 935주, 카카오페이 213주(213주 증가), 툴젠 48주, 포스코퓨처엠 154주(19주 증가), 하림 617주, 한화에어로스페이스 385주(30주 증가),한화인더스트리얼솔루션즈 393주	202375	287859		0		490234	주식가액 상승, 일부 주식 매입 및 유상증자 참여
202603	5987		국회사무처	국회	관리관	박철호	증권	본인	비상장주식	LS전선 229주(209주 감소)	21878	3563		0		25441	주식가액 상승, 일부 주식 매입 및 유상증자 참여
202603	5988		국회사무처	국회	관리관	박철호	채무	본인		사인간채무 감소	668000	0		668000		0	부동산 매입시 차입금 상환
202603	5989		국회사무처	국회	관리관	박철호	채무	본인	금융채무	신한은행 0(840,156 감소)	840156	0		840156		0	부동산 매입시 차입금 상환
202603	5990		국회도서관	국회	국회도서관장	황정근	토지	본인	답	경상북도 예천군 은풍면 송월리 486번지 5,306.00㎡	59427	530		0		59957	공시지가상승
202603	5991		국회도서관	국회	국회도서관장	황정근	토지	본인	임야	경상북도 울릉군 울릉읍 사동리 485번지 3,871.00㎡	9871	0		0		9871	
202603	5992		국회도서관	국회	국회도서관장	황정근	건물	본인	복합건물(주택+상가)	경기도 부천시 소사구 옥길동 이노타워 건물 54.46㎡	695000	0		0		695000	
202603	5993		국회도서관	국회	국회도서관장	황정근	건물	본인	아파트(분양권)	서울특별시 강남구 개포동 디에이치퍼스티어아이파크건물 85.00㎡	1128000	0		0		1128000	선입주 보존등기 미필로 분양가 기준
202603	5994		국회도서관	국회	국회도서관장	황정근	건물	본인	단독주택	경상북도 예천군 호명읍 오천리 대지 506.80㎡ 중 72.40㎡ 건물 150.54㎡ 중 21.50㎡ (대지 지분면적 72.40㎡ 증가,건물 지분면적 21.50㎡ 증가)	0	14714		0		14714	상속
202603	5995		국회도서관	국회	국회도서관장	황정근	건물	본인	아파트	서울특별시 노원구 중계동 무지개아파트 건물 59.26㎡ 중8.46㎡ (건물 총면적 59.26㎡ 증가, 지분면적 8.46㎡ 증가)	0	46000		0		46000	상속
202603	5996		국회도서관	국회	국회도서관장	황정근	건물	배우자	아파트	서울특별시 강남구 도곡동 삼성래미안아파트 건물122.81㎡	2018000	160000		0		2178000	공시가격증가
202603	5997		국회도서관	국회	국회도서관장	황정근	건물	배우자	오피스텔	인천광역시 미추홀구 학익동 인하아리스타 건물 21.07㎡	110000	0		0		110000	
202603	5998		국회도서관	국회	국회도서관장	황정근	건물	배우자	복합건물(주택+ 상가)	인천광역시 미추홀구 학익동 인하아리스타 건물 40.89㎡	794000	0		0		794000	
202603	5999		국회도서관	국회	국회도서관장	황정근	건물	배우자	복합건물(주택+상가)	경기도 부천시 소사구 옥길동 이노타워 건물 76.03㎡	925550	0		0		925550	
202603	6000		국회도서관	국회	국회도서관장	황정근	부동산에 관한 규정이 준용되는 권리와 자동차·건설기계·선박 및 항공기	배우자	자동차	2016년식 SM3 배기량(1,598cc)	5300	0		0		5300	
202603	6001		국회도서관	국회	국회도서관장	황정근	부동산에 관한 규정이 준용되는 권리와 자동차·건설기계·선박 및 항공기	배우자	자동차	2016년식 ES300h 배기량(2,494cc)	11780	0		0		11780	
202603	6002		국회도서관	국회	국회도서관장	황정근	현금	본인		현금	30000	0		0		30000	
202603	6003		국회도서관	국회	국회도서관장	황정근	예금	본인		(주)KEB하나은행 115,243(63,197 증가), 국민은행 11,농협은행 408(1 증가), 대신증권 904(16 증가), 미래에셋증권 130,900(24,698 증가), 삼성생명보험 0(31,068 감소), 삼성증권 131(2 증가), 신한은행 164(22감소), 한화생명보험주식회사 120,000	310937	88761		31937		367761	봉급저축, 국민연금, 연금보험, 배당금
202603	6004		국회도서관	국회	국회도서관장	황정근	예금	배우자		(주)카카오페이증권 107(750 감소), 국민은행 11,526(407감소), 대신증권 2, 미래에셋증권 261,160(102,587 증가),삼성생명보험 82,500(18,000 증가), 수협중앙회 0(80,000 감소), 신한은행 17,786(26,762 감소), 신한투자증권 2,509(47 증가), 주식회사 카카오뱅크 660(660 증가),하나증권 2(63 감소), 한국교직원공제회 255,032(29,419증가)	588553	238857		196126		631284	봉급저축, 국민연금, 연금보험, 배당금
202603	6005		국회도서관	국회	국회도서관장	황정근	예금	장남		(주)KEB하나은행 7, 미래에셋증권 0(78,125 감소), 빗썸0(10 감소), 신한은행 41(3,759 감소), 중소기업은행 0(73 감소), 토스뱅크(주) 1,264(1,346 감소), 토스증권(주) 33,206(33,206 증가)	84625	33247		83354		34518	봉급저축, 국민연금, 연금보험, 배당금
202603	6006		국회도서관	국회	국회도서관장	황정근	증권	본인	상장주식	마이크로소프트 198주, 브로드컴 80주(80주 증가), 아마존닷컴 705주, 알파벳A 135주(135주 증가), 애플 300주(302주 감소), 엔비디아 1,000주(1,000주 감소)	966463	121214		231783		855894	매매 기타 거래 및 평가액변동
202603	6007		국회도서관	국회	국회도서관장	황정근	증권	배우자	상장주식	LG에너지솔루션 1주, 마이크로소프트 477주(26주 증가), 버크셔해서웨이B 30주(30주 증가), 브로드컴 235주(235주 증가), 삼성물산 12주, 삼성전자 265주(265주 증가), 신한지주 0주(478주 감소), 아마존닷컴 1,060주, 알파벳A 368주(368주 증가), 애플 650주(524주 감소), 엔비디아2,150주(1,000주 증가), 코인베이스글로벌 55주(55주증가)	1304980	763888		201386		1867482	매매 기타 거래 및 평가액변동
202603	6008		국회도서관	국회	국회도서관장	황정근	증권	배우자	기타(채권)	미래에셋증권 0주, 에스와이플러스제일차300,000,000주(300,000,000주 증가)	0	336578		0		336578	매매 기타 거래 및 평가액변동
202603	6009		국회도서관	국회	국회도서관장	황정근	채권	본인		사인간채권	250000	0		0		250000	
202603	6010		국회도서관	국회	국회도서관장	황정근	채무	본인	금융채무	한화생명보험주식회사 50,000	50000	0		0		50000	
202603	6011		국회도서관	국회	국회도서관장	황정근	채무	본인	건물임대채무	경기도 부천시 소사구 옥길동 이노타워 임대보증금 증가	0	10000		0		10000	신규 임대계약
202603	6012		국회도서관	국회	국회도서관장	황정근	채무	본인	기타	사인간채무	100000	0		0		100000	
202603	6013		국회도서관	국회	국회도서관장	황정근	채무	배우자	건물임대채무	경기도 부천시 소사구 옥길동 이노타워 임대보증금 증가	0	20000		0		20000	신규 임대계약
202603	6014		국회도서관	국회	국회도서관장	황정근	채무	배우자	건물임대채무	인천광역시 미추홀구 학익동 인하아리스타 2건 임대보증금	55000	0		0		55000	
202603	6015		국회도서관	국회	국회도서관장	황정근	채무	장남	금융채무	상호저축은행중앙회 0(93,849 감소), 신한은행 0(3,774감소)	97623	0		97623		0	
202603	6016		국회도서관	국회	국회도서관장	황정근	회원권	본인	헬스	호텔신라 반트	42000	0		0		42000	
202603	6017		국회도서관	국회	국회도서관장	황정근	회원권	배우자	헬스	호텔신라 반트	34000	0		0		34000	
202603	6018		국회도서관	국회	국회도서관장	황정근	가상자산	장남		볼타 0.00002288개(0.00002288개 증가), 비트코인 0.00014086개, 솔라나 0.00001886개, 이더리움클래식4,800.39805409개(3,800.09696135개 증가), 이더제로0.00296378개	37533	45103		1		82635	봉급 저축으로 구입
202603	6019		국회도서관	국회	국회도서관장	황정근	고지거부 및 등록제외사항	모		등록제외	316175	0		316175		0	사망
202603	6020		국회도서관	국회	의회정보실장	현은희	건물	본인	아파트	서울특별시 영등포구 양평동3가 현대6 건물 84.94㎡	657000	19000		0		676000	
202603	6021		국회도서관	국회	의회정보실장	현은희	건물	배우자	단독주택(전세(임차)권)	경기도 부천시 원미구 도당동 건물 85.00㎡	70000	0		0		70000	
202603	6022		국회도서관	국회	의회정보실장	현은희	건물	장남	아파트(전세(임차)권)	서울특별시 영등포구 문래동2가 남성맨션아파트 건물82.48㎡ (건물 82.48㎡ 증가)	0	60000		0		60000	
202603	6023		국회도서관	국회	의회정보실장	현은희	부동산에 관한 규정이 준용되는 권리와 자동차·건설기계·선박 및 항공기	장남	자동차	2021년식 스팅어 배기량(2,497cc) 증가	0	20440	15000	0		20440	
202603	6024		국회도서관	국회	의회정보실장	현은희	부동산에 관한 규정이 준용되는 권리와 자동차·건설기계·선박 및 항공기	차남	자동차	2025년식 GV70 배기량(2,497cc) 증가	0	46760	46760	0		46760	
202603	6025		국회도서관	국회	의회정보실장	현은희	예금	본인		KB라이프생명보험 38,767(178 증가), 농협은행 157,370(72,000 증가), 메리츠종금증권 3,311(3,311증가), 새마을금고중앙회 35,166(30,488 감소), 신한은행 337,093(8,071 증가), 케이디비생명보험 0(30,000 감소)	548635	331692		308620		571707	근로 및 금융소득 증가
202603	6026		국회도서관	국회	의회정보실장	현은희	예금	배우자		(주)카카오페이증권 1, 교보생명보험 4,467(3,105 감소),농협은행 1,151(4,865 감소), 농협중앙회 26,174(473 감소), 미래에셋증권 68,331(68,269 증가), 신용협동조합중앙회 110, 유안타증권 2,현대해상화재보험 27,382(3,427 증가)	64365	73115		9862		127618	근로 및 금융소득 증가
202603	6027		국회도서관	국회	의회정보실장	현은희	예금	장남		DB손해보험(주) 31(31 증가), 국민은행 4, 농협은행27,060(8,378 감소), 신용협동조합중앙회 280(92 증가), 신한은행 3, 우리은행 98(2 감소), 주식회사 카카오뱅크 124(119 감소), 한국투자증권 0(66 감소)	36042	11471		19913		27600	근로 및 금융소득 증가
202603	6028		국회도서관	국회	의회정보실장	현은희	예금	차남		(주)카카오페이증권 57(57 증가), 국민은행 65(2 증가),농협은행 11,875(3,000 증가), 신한은행 3,982(2,543감소), 업비트 2(3,333 감소), 토스뱅크(주) 2(2 증가), 푸본현대생명보험주식회사 420(240 증가), 한국투자증권 9,777(4,137 증가), 현대차증권 393(351 증가)	24660	7789		5876		26573	근로 및 금융소득 증가
202603	6029		국회도서관	국회	의회정보실장	현은희	증권	본인	상장주식	서클인터넷그 10주(10주 증가), 현대차 18주(18주 증가)	0	6474		0		6474	매도,매수 및 평가액 변동
202603	6030		국회도서관	국회	의회정보실장	현은희	증권	배우자	상장주식	동원금속 0주(3,000주 감소), 라파스 0주(93주 감소), 예스티 0주(186주 감소), 현대ADM 510주(510주 증가)	8923	1213		8923		1213	매도,매수 및 평가액 변동
202603	6031		국회도서관	국회	의회정보실장	현은희	증권	배우자	비상장주식	(주)케이아이코퍼레이션 18,000주, (주)케이티앤씨175,000주, (주)플레이투 큐어 10,000주	581700	0		443800		137900	매도,매수 및 평가액 변동
202603	6032		국회도서관	국회	의회정보실장	현은희	증권	장남	상장주식	삼성전자 0주(10주 감소), 엔비디아 0주(10주 감소)	2506	0		2506		0	매도,매수 및 평가액 변동
202603	6033		국회도서관	국회	의회정보실장	현은희	증권	차남	상장주식	SK하이닉스 0주(5주 감소), 기아 31주(31주 증가), 메타플랫폼스(페이스북) 1주(1주 증가), 비욘드미트 400주(400주 증가), 삼성전자 0주(17주 감소), 서클인터넷그룹 11주(11주 증가), 아모레G 0주(2주 감소), 애플 0.0022주(0.0022주 증가), 에스디생명공학 247주, 엔씨소프트 0주(2주 감소), 오라클 6주(6주 증가), 제타글로벌홀딩스 0주(78주 감소), 카카오 27주(27주 증가), 한올바이오파마 10주(10주 증가), 한화솔루션 17주(17주 증가), 현대차 35주(6주 증가), 현대차우20주(20주 증가)	10513	19832		5090		25255	매도,매수 및 평가액 변동
202603	6034		국회도서관	국회	의회정보실장	현은희	채무	배우자	금융채무	농협은행 10,731(6,735 증가), 우리카드 43,452(43,452증가)	3996	50187		0		54183	
202603	6035		국회도서관	국회	의회정보실장	현은희	가상자산	차남		플로우 71.39898477개	74	0		63		11	평가 손익
202603	6036		국회도서관	국회	법률정보실장	허병조	토지	본인	임야	경상북도 영주시 단산면 구구리 산 22-3번지 72,364.00㎡중 1,447.28㎡	1311	0		0		1311	
202603	6037		국회도서관	국회	법률정보실장	허병조	토지	배우자	임야	서울특별시 구로구 궁동 산 1-65번지 3,300.00㎡ 중330.00㎡	40000	0		5515		34485	
202603	6038		국회도서관	국회	법률정보실장	허병조	건물	본인	복합건물(주택+상가)	서울특별시 양천구 신정동 목동중앙하이츠펠리시티 건물100.00㎡ 중 50.00㎡	500000	0		0		500000	
202603	6039		국회도서관	국회	법률정보실장	허병조	건물	본인	복합건물(주택+ 상가)(전세(임차)권)	서울특별시 양천구 신정동 양천시장주상복합 건물 99.00㎡	370000	0		0		370000	
202603	6040		국회도서관	국회	법률정보실장	허병조	건물	배우자	복합건물(주택+상가)	서울특별시 양천구 신정동 목동중앙하이츠펠리시티 건물100.00㎡	445000	0		0		445000	
202603	6041		국회도서관	국회	법률정보실장	허병조	건물	모	다세대주택(전세(임차)권)	서울특별시 양천구 목동 대지 104.00㎡ 중 4.00㎡ 건물104.00㎡	80000	0		0		80000	
202603	6042		국회도서관	국회	법률정보실장	허병조	예금	본인		KB증권 39,579(51,250 감소), NH투자증권 84,954(23,811증가), 국민은행 11,854(566 감소), 농협은행 75,953(10,518 증가), 미래에셋증권 0(46 감소), 빗썸0(29,308 감소), 삼성생명보험 3,146(12 증가), 새마을금고중앙회 0(1,351 감소), 신한라이프생명보험 15,616(338 증가), 중소기업은행 156(2 증가),현대해상화재보험 5,104(58 증가)	284144	77730		125512		236362	생활비 사용 등
202603	6043		국회도서관	국회	법률정보실장	허병조	예금	배우자		(주)카카오페이증권 0(2 감소), 국민은행 42,565(6,391 감소), 빗썸 3,007(3,007 증가), 삼성화재해상보험 11,881, 상호저축은행중앙회 68,579(18,258 증가),신한투자증권 9,849(9,849 증가), 유안타증권 0(386감소), 중소기업은행 840(10 증가), 키움증권 1,567(4증가), 푸본현대생명보험주식회사 26,042,현대해상화재보험 922(217 증가)	140686	32770		8204		165252	생활비 사용 등
202603	6044		국회도서관	국회	법률정보실장	허병조	예금	모		국민은행 8,283(2,011 증가), 농협은행 5,600, 신한은행6,009(1,827 증가)	16054	3838		0		19892	생활비 사용 등
202603	6045		국회도서관	국회	법률정보실장	허병조	예금	장남		(주)KEB하나은행 1, KB증권 2,701(399 증가), 국민은행4,108(437 감소), 농협은행 9,588, 현대해상화재보험179(53 증가)	16562	3357		3342		16577	생활비 사용 등
202603	6046		국회도서관	국회	법률정보실장	허병조	예금	장녀		국민은행 815(657 증가), 농협은행 9,711(200 감소),토스뱅크(주) 8(350 감소)	10427	6742		6635		10534	생활비 사용 등
202603	6047		국회도서관	국회	법률정보실장	허병조	증권	본인	상장주식	HD현대중공업 3주(3주 증가), USA레어어스 150주(150주 증가), 그래디언트 0주(300주 감소), 리게티컴퓨팅 400주(400주 증가), 브로드컴 23.252862주(16.143103주증가), 삼성전자 108주(88주 증가), 아마존닷컴 0주(6.228087주 감소), 알파벳A 19.508468주(11.106255주증가), 애플 22.573687주(15.812856주 증가), 엔비디아 54.973027주(45.20182주 증가), 카카오뱅크 300주,코카콜라 0주(19.383735주 감소), 테슬라 27.881899주(19.436064주 증가), 팔란티어테크61.996369주(46.324374주 증가), 호텔신라 705주(46주감소)	71463	91346		17509		145300	주가 상승, 예적금에서 주식으로 이전
202603	6048		국회도서관	국회	법률정보실장	허병조	증권	본인	금융채	IBK굴리기통장(장기중금채) 0주, 단기중금채 0주	61977	31481		30996		62462	주가 상승, 예적금에서 주식으로 이전
202603	6049		국회도서관	국회	법률정보실장	허병조	증권	본인	기타(채권)	발행어음 0주	6082	0		6082		0	주가 상승, 예적금에서 주식으로 이전
202603	6050		국회도서관	국회	법률정보실장	허병조	증권	배우자	상장주식	리게티컴퓨팅 7주(7주 증가), 애플 2주(2주 증가), 엔비디아 2주(1.801주 증가), 카카오 1주(1주 증가),테슬라 1주(1주 증가), 호텔신라보통주 30주	1566	2242		228		3580	주가 상승, 예적금에서 주식으로 이전
202603	6051		국회도서관	국회	법률정보실장	허병조	증권	배우자	금융채	IBK굴리기통장(장기금융채) 0주, 단기중금채 0주	50208	41180		50208		41180	주가 상승, 예적금에서 주식으로 이전
202603	6052		국회도서관	국회	법률정보실장	허병조	채무	본인	건물임대채무	서울특별시 양천구 신정동 목동중앙하이츠펠리시티임대보증금	700000	0		0		700000	
202603	6053		국회도서관	국회	법률정보실장	허병조	가상자산	본인		너보스 141.16318464개(141.16318464개 증가), 도지코인 4,640.86636489개(854.84675227개 감소), 블루핀8.52272727개, 비트코인 0.25068516개(0.25068516개증가), 소폰 9.69932104개(9.69932104개 증가), 시바이누 87,880개(8,700,960.84498635개 감소), 엑스알피(리플)2,487.33602101개(2,108.87386927개 감소), 엑스테리오2.17391304개, 이더리움 2.09081752개(2.09081752개증가), 카이버네트워크 0.19011406개(0.19011406개 증가)	15748	42630		9449		48929	추가 매입
202603	6054		국회도서관	국회	법률정보실장	허병조	가상자산	배우자		비트코인 0.0124073개(0.0124073개 증가)	0	1597		0		1597	추가 매입
202603	6055		국회예산정책처	국회	예산정책처장	지동하	건물	본인	아파트	서울특별시 강남구 대치동 래미안대치팰리스 건물 84.98㎡중 42.49㎡	1073626	149874		0		1223500	가액변동
202603	6056		국회예산정책처	국회	예산정책처장	지동하	건물	배우자	아파트	서울특별시 강남구 대치동 래미안대치팰리스 건물 84.98㎡중 42.49㎡	1073626	149874		0		1223500	가액변동
202603	6057		국회예산정책처	국회	예산정책처장	지동하	부동산에 관한 규정이 준용되는 권리와 자동차·건설기계·선박 및 항공기	본인	자동차	2014년식 아제라 배기량(3,300cc)	8200	0		1170		7030	가액변동
202603	6058		국회예산정책처	국회	예산정책처장	지동하	예금	본인		농협은행 87,530(12,314 증가), 삼성생명보험 36,000(1,800 증가), 삼성증권 216,156(115,007 증가),신한라이프생명보험 53,136(7,212 감소), 우체국81,243(4,127 증가)	348029	187547		61511		474065	만기, 재가입 및 투자수익 등
202603	6059		국회예산정책처	국회	예산정책처장	지동하	예금	배우자		(주)카카오페이증권 49(31 증가), NH투자증권 19,602(16,534 증가), SK증권 1(13 감소), 농협은행98,509(40,209 증가), 농협중앙회 0(31,155 감소),삼성증권 43,903(16,060 증가), 신한라이프생명보험 20,655, 우체국 108,810(5,205 증가), 주식회사카카오뱅크 390(390 증가), 코인원 4(4 증가),토스뱅크(주) 0(7 감소), 한국투자증권 67(306 감소),한화생명보험주식회사 21,417(815 증가)	265640	127874		80107		313407	만기, 재가입 및 투자수익 등
202603	6060		국회예산정책처	국회	예산정책처장	지동하	예금	장녀		(주)KEB하나은행 57(57 증가), 농협은행 57,303(5,297감소), 우리은행 23(72 감소), 한국산업은행 370(74 증가)	62991	25131		30369		57753	만기, 재가입 및 투자수익 등
202603	6061		국회예산정책처	국회	예산정책처장	지동하	예금	차녀		NH투자증권 2(51 감소), 농협은행 54,913(42,509 증가),삼성증권 8,051(8,051 증가)	12457	58586		8077		62966	만기, 재가입 및 투자수익 등
202603	6062		국회예산정책처	국회	예산정책처장	지동하	증권	본인	상장주식	S-Oil 0주(200주 감소), 노보노디스크ADR 300주(300주 증가)	11460	22048		11460		22048	주식매각 및 매입 등
202603	6063		국회예산정책처	국회	예산정책처장	지동하	증권	배우자	상장주식	AT&T 0주(13.658749주 감소), AT&TORD 2주(2주 증가),삼성전자 0주(10주 감소), 삼성전자우 0주(71주 감소), 알파벳A 0.08877주(0.08877주 증가), 엔비디아 2.308094주(2.308094주 증가), 옥시덴털페트롤리움 60주(2주 증가), 워너브로스디스커버리 0주(3.104671주 감소), 제이알글로벌리츠 32주(7주 증가), 카카오 0주(2주 감소)	8630	739		4984		4385	주식매각 및 매입 등
202603	6064		국회예산정책처	국회	예산정책처장	지동하	증권	차녀	상장주식	삼성전자우 0주(7주 감소)	335	0		335		0	주식매각 및 매입 등
202603	6065		국회예산정책처	국회	예산정책처장	지동하	채권	장녀		사인간채권	10000	0		0		10000	계약 연장
202603	6066		국회예산정책처	국회	예산정책처장	지동하	가상자산	배우자		비트코인 0.00020355개(0.00020355개 증가)	0	26		0		26	매입
202603	6067		국회예산정책처	국회	예산정책처장	지동하	고지거부 및 등록제외사항	부		고지거부	0	0		0		0	독립생계유지
202603	6068		국회예산정책처	국회	예산정책처장	지동하	고지거부 및 등록제외사항	모		고지거부	0	0		0		0	독립생계유지
202603	6069		국회예산정책처	국회	예산분석실장	김경호	토지	부	전	충청남도 예산군 예산읍 석양리 122-4번지 1,826.00㎡(1,826.00㎡ 증가)	0	137498		0		137498	신규등록
202603	6070		국회예산정책처	국회	예산분석실장	김경호	토지	부	대지	충청남도 예산군 예산읍 석양리 123-2번지 332.00㎡(332.00㎡ 증가)	0	34993		0		34993	신규등록
202603	6071		국회예산정책처	국회	예산분석실장	김경호	토지	부	전	충청남도 예산군 예산읍 석양리 258-1번지 780.00㎡(780.00㎡ 증가)	0	52962		0		52962	신규등록
202603	6072		국회예산정책처	국회	예산분석실장	김경호	토지	부	답	충청남도 예산군 오가면 분천리 415-1번지 2,059.00㎡(2,059.00㎡ 증가)	0	41180		0		41180	신규등록
202603	6073		국회예산정책처	국회	예산분석실장	김경호	토지	부	전	충청남도 예산군 오가면 오촌리 462-5번지 1,889.00㎡(1,889.00㎡ 증가)	0	34758		0		34758	신규등록
202603	6074		국회예산정책처	국회	예산분석실장	김경호	토지	부	답	충청남도 예산군 예산읍 석양리 122-1번지 657.00㎡ 중 69.00㎡ (총면적 657.00㎡ 증가, 지분면적 69.00㎡ 증가)	0	5527		0		5527	신규등록
202603	6075		국회예산정책처	국회	예산분석실장	김경호	건물	본인	아파트	서울특별시 양천구 목동 목동신시가지아파트2단지 건물95.22㎡ 중 47.61㎡	664500	67500		0		732000	가액변동
202603	6076		국회예산정책처	국회	예산분석실장	김경호	건물	배우자	아파트	서울특별시 양천구 목동 목동신시가지아파트2단지 건물95.22㎡ 중 47.61㎡	664500	67500		0		732000	가액변동
202603	6077		국회예산정책처	국회	예산분석실장	김경호	건물	부	단독주택	충청남도 예산군 예산읍 석양리 건물 94.02㎡ (건물94.02㎡ 증가)	0	38800		0		38800	신규등록
202603	6078		국회예산정책처	국회	예산분석실장	김경호	부동산에 관한 규정이 준용되는 권리와 자동차·건설기계·선박 및 항공기	본인	자동차	2020년식 그랜져 배기량(2,497cc)	10500	0		755		9745	감가상각
202603	6079		국회예산정책처	국회	예산분석실장	김경호	부동산에 관한 규정이 준용되는 권리와 자동차·건설기계·선박 및 항공기	배우자	자동차	2020년식 그랜져 배기량(2,497cc)	10500	0		755		9745	감가상각
202603	6080		국회예산정책처	국회	예산분석실장	김경호	예금	본인		KB라이프생명보험 50,379(2,145 증가), 농협은행 24,220(6,200 증가), 주식회사 카카오뱅크 61, 케이뱅크48(27 증가), 한화생명보험주식회사 2,853	69189	8372		0		77561	급여저축 등
202603	6081		국회예산정책처	국회	예산분석실장	김경호	예금	배우자		KB라이프생명보험 15,318(571 증가), 국민은행 28,신한은행 1,129(533 증가), 주식회사 카카오뱅크 26(64 감소), 한화생명보험주식회사 5,309(161 증가)	20609	1265		64		21810	급여저축 등
202603	6082		국회예산정책처	국회	예산분석실장	김경호	예금	부		(주)KEB하나은행 1(1 증가), 농협중앙회 80,749(80,749증가)	0	80750		0		80750	급여저축 등
202603	6083		국회예산정책처	국회	예산분석실장	김경호	예금	장녀		국민은행 4,010, 신한은행 366(791 감소), 우리은행 36(36증가)	5167	36		791		4412	급여저축 등
202603	6084		국회예산정책처	국회	예산분석실장	김경호	예금	차녀		국민은행 5,680(1,000 증가)	4680	1000		0		5680	급여저축 등
202603	6085		국회예산정책처	국회	예산분석실장	김경호	증권	배우자	비상장주식	(주)더퍼블리카 1,200주(1,200주 증가), 주식회사더퍼블리카 0주(22,222주 감소)	369151	18553		369151		18553	백지신탁
202603	6086		국회예산정책처	국회	예산분석실장	김경호	채권	배우자		사인간채권 증가	250000	50000		0		300000	추가 대여
202603	6087		국회예산정책처	국회	예산분석실장	김경호	채무	본인	금융채무	농협은행 27,679(20,778 감소), 케이뱅크 378,738(20,565감소)	447760	0		41343		406417	일부상환
202603	6088		국회예산정책처	국회	예산분석실장	김경호	채무	배우자		사인간채무 감소	70000	0		70000		0	전액상환
202603	6089		국회예산정책처	국회	예산분석실장	김경호	채무	배우자	금융채무	토스뱅크(주) 27,920(5,759 감소)	33679	0		5759		27920	일부상환
202603	6090		국회예산정책처	국회	예산분석실장	김경호	채무	부	기타	한국농어촌공사 증가	0	271803		0		271803	신규등록
202603	6091		국회예산정책처	국회	예산분석실장	김경호	합명·합자·유한회사 출자지분	배우자	출자	스파크 개인투자조합3호, 출자가액: 10,000천원,지분비율: 1.75%, 연간매출액: 1천원	10000	0		0		10000	변동없음
202603	6092		국회입법조사처	국회	입법조사처장	이관후	건물	본인	아파트(전세(임차)권)	서울특별시 송파구 오금동 삼성아파트 건물 0.00㎡ (건물73.59㎡ 감소)	407500	0		407500		0	전세권 소멸
202603	6093		국회입법조사처	국회	입법조사처장	이관후	건물	배우자	아파트	서울특별시 강남구 대치동 테헤란로대우아이빌 건물58.93㎡ 중 58.93㎡ (건물 지분면적29.01㎡ 증가)	491000	11000		0		502000	상속
202603	6094		국회입법조사처	국회	입법조사처장	이관후	건물	배우자	아파트	경기도 하남시 덕풍동 덕풍쌍용 건물 114.98㎡ (건물114.98㎡ 증가)	0	410000		0		410000	상속
202603	6095		국회입법조사처	국회	입법조사처장	이관후	건물	배우자	아파트(전세(임차)권)	서울특별시 강동구 둔촌동 올림픽파크포레온 건물109.99㎡ (건물 109.99㎡ 증가)	0	1500000		0		1500000	전세권 계약
202603	6096		국회입법조사처	국회	입법조사처장	이관후	건물	모	아파트	전라남도 목포시 옥암동 우미오션빌 건물 103.59㎡	187000	0		0		187000	
202603	6097		국회입법조사처	국회	입법조사처장	이관후	부동산에 관한 규정이 준용되는 권리와 자동차·건설기계·선박 및 항공기	본인	자동차	2022년식 GV70 배기량(2,497cc)	40270	0		8250		32020	감가상각
202603	6098		국회입법조사처	국회	입법조사처장	이관후	부동산에 관한 규정이 준용되는 권리와 자동차·건설기계·선박 및 항공기	부	자동차	2016년식 K7 배기량(2,359cc)	8750	0		190		8560	감가상각
202603	6099		국회입법조사처	국회	입법조사처장	이관후	예금	본인		(주)KEB하나은행 500, (주)카카오페이증권 0(6 감소),국민은행 5,201(33,172 감소), 농협은행 120,230(98,070증가), 농협중앙회 10, 미래에셋증권 202(17 증가),삼성생명보험 9,331(1,226 증가), 신한은행 458(56 감소),주식회사 카카오뱅크 60, 한화생명보험주식회사 5,844,현대해상화재보험 5,468(566 증가)	80659	101079		34434		147304	예금 등
202603	6100		국회입법조사처	국회	입법조사처장	이관후	예금	배우자		(주)KEB하나은행 26,880(18,664 증가), 미래에셋증권 3,삼성생명보험 20,774(1,316 증가), 유안타증권 61(1 증가)	27737	19981		0		47718	예금 등
202603	6101		국회입법조사처	국회	입법조사처장	이관후	예금	부		(주)KB손해보험 108(108 증가), 농협은행 326(212 증가), 농협중앙회 24,499(8,210 증가), 새마을금고중앙회41,200(12,100 증가)	45503	63672		43042		66133	예금 등
202603	6102		국회입법조사처	국회	입법조사처장	이관후	예금	모		(주)KEB하나은행 84, NH투자증권 1, 농협생명보험 2,232,농협은행 5,267(2,733 증가), 농협중앙회 16,288(5,537 증가), 새마을금고중앙회 108,000(1,567 증가), 신용협동조합중앙회 125,901(11,421 감소), 우체국 10,380, 한화생명보험주식회사 13,320	283057	251320		252904		281473	예금 등
202603	6103		국회입법조사처	국회	입법조사처장	이관후	예금	장남		(주)KEB하나은행 12,000, 국민은행 12,993(11 증가)	24982	11		0		24993	예금 등
202603	6104		국회입법조사처	국회	입법조사처장	이관후	증권	본인	상장주식	녹십자 1주(1주 증가), 빌리언스 271주(271주 증가), 현대건설 24주(24주 증가)	0	1921		0		1921	보유주식 추가
202603	6105		국회입법조사처	국회	입법조사처장	이관후	채무	배우자	건물임대채무	경기도 하남시 덕풍동 덕풍쌍용 임대보증금 증가	0	80000		0		80000	임차보증금
202603	6106		국회입법조사처	국회	입법조사처장	이관후	채무	배우자	건물임대채무	서울특별시 강남구 대치동 테헤란로대우아이빌임대보증금	10000	0		0		10000	임차보증금
202603	6107		국회입법조사처	국회	경제산업조사실장	김종훈	토지	본인	공장용지	경기도 용인시 처인구 포곡읍 신원리 46-2번지 18.00㎡ 중9.00㎡	2278	2277		0		4555	공시지가 변동
202603	6108		국회입법조사처	국회	경제산업조사실장	김종훈	토지	배우자	공장용지	경기도 용인시 처인구 포곡읍 신원리 46-2번지 18.00㎡ 중9.00㎡	2278	2277		0		4555	공시지가 변동
202603	6109		국회입법조사처	국회	경제산업조사실장	김종훈	건물	본인	아파트	서울특별시 송파구 잠실동 아시아선수촌아파트 건물151.01㎡ 중 75.50㎡	1438404	0		0		1438404	
202603	6110		국회입법조사처	국회	경제산업조사실장	김종훈	건물	본인	상가	경기도 성남시 중원구 여수동 대지 392.70㎡ 중 196.35㎡건물 822.08㎡ 중 411.04㎡	1518828	0		0		1518828	
202603	6111		국회입법조사처	국회	경제산업조사실장	김종훈	건물	본인	공장	경기도 용인시 처인구 포곡읍 신원리 대지 1,254.00㎡ 중627.00㎡ 건물 360.90㎡ 중 180.45㎡	579250	0		0		579250	
202603	6112		국회입법조사처	국회	경제산업조사실장	김종훈	건물	배우자	아파트	서울특별시 송파구 잠실동 아시아선수촌아파트 건물151.01㎡ 중 75.50㎡	1438404	0		0		1438404	
202603	6113		국회입법조사처	국회	경제산업조사실장	김종훈	건물	배우자	상가	경기도 성남시 중원구 여수동 대지 392.70㎡ 중 196.35㎡건물 822.08㎡ 중 411.04㎡	1518828	0		0		1518828	
202603	6114		국회입법조사처	국회	경제산업조사실장	김종훈	건물	배우자	공장	경기도 용인시 처인구 포곡읍 신원리 대지 1,254.00㎡ 중627.00㎡ 건물 360.90㎡ 중 180.45㎡	579250	0		0		579250	
202603	6115		국회입법조사처	국회	경제산업조사실장	김종훈	부동산에 관한 규정이 준용되는 권리와 자동차·건설기계·선박 및 항공기	배우자	자동차	2013년식 Venza 배기량(3,500cc)	6830	0		250		6580	
202603	6116		국회입법조사처	국회	경제산업조사실장	김종훈	부동산에 관한 규정이 준용되는 권리와 자동차·건설기계·선박 및 항공기	배우자	자동차	2016년식 E300 배기량(1,991cc)	16560	0		740		15820	
202603	6117		국회입법조사처	국회	경제산업조사실장	김종훈	부동산에 관한 규정이 준용되는 권리와 자동차·건설기계·선박 및 항공기	모	자동차	2011년식 아반떼(AVANTE) 배기량(1,591cc) 증가	0	2660	4000	0		2660	
202603	6118		국회입법조사처	국회	경제산업조사실장	김종훈	예금	본인		우리은행 8,815(7,617 증가)	1198	7617		0		8815	급여 저축 등
202603	6119		국회입법조사처	국회	경제산업조사실장	김종훈	예금	배우자		(주)KEB하나은행 9,557(536 증가), 농협은행 64(286 감소), 농협중앙회 27,442(16,401 증가), 신용협동조합중앙회 11,950(11,950 증가), 신한은행 43,503(3,349 증가),주식회사 카카오뱅크 333(1,007 감소)	61906	47352		16409		92849	급여 저축 등
202603	6120		국회입법조사처	국회	경제산업조사실장	김종훈	예금	모		(주)KEB하나은행 7,304(2,072 감소), 국민은행 4,329(1,000 감소), 농협은행 507(15 증가), 농협중앙회7,542(7,542 증가), 신한은행 11	15208	8607		4122		19693	급여 저축 등
202603	6121		국회입법조사처	국회	경제산업조사실장	김종훈	예금	장남		(주)KEB하나은행 9,238(535 감소), 국민은행 3,006(2,002증가), 중소기업은행 3,615(2,413 증가)	11979	5115		1235		15859	급여 저축 등
202603	6122		국회입법조사처	국회	경제산업조사실장	김종훈	예금	차남		(주)KEB하나은행 8,259(1,106 증가), 신한은행 30(19증가)	7164	1125		0		8289	급여 저축 등
202603	6123		국회입법조사처	국회	경제산업조사실장	김종훈	예금	삼남		(주)KEB하나은행 8,489(1,106 증가), 신한은행 42(139감소)	7564	1106		139		8531	급여 저축 등
202603	6124		국회입법조사처	국회	경제산업조사실장	김종훈	채무	배우자	금융채무	(주)KEB하나은행 500,000, 농협중앙회 500,000,신용협동조합중앙회 900,000(900,000 증가)	1000000	900000		0		1900000	신규 금융채무
202603	6125		국회입법조사처	국회	경제산업조사실장	김종훈	채무	배우자	건물임대채무	경기도 용인시 처인구 포곡읍 신원리 임대보증금 증가	0	40000		0		40000	
202603	6126		국회입법조사처	국회	경제산업조사실장	김종훈	채무	배우자	건물임대채무	경기도 성남시 중원구 여수동 임대보증금	290000	0		0		290000	
202603	6127		국회입법조사처	국회	경제산업조사실장	김종훈	회원권	배우자	콘도미니엄	대명리조트 설악	19000	0		0		19000	
